
Running Job 1 of 1 nbo7_interface.in
qchem nbo7_interface.in_22360.0 /scratch/shannon.houck/qchem22360/ 1
/sw/qchem/release/7.0.0/exe/qcprog.exe_s nbo7_interface.in_22360.0 /scratch/shannon.houck/qchem22360/
                  Welcome to Q-Chem
     A Quantum Leap Into The Future Of Chemistry


 Q-Chem 7.0, Q-Chem, Inc., Pleasanton, CA (2026)

 License issued to: Q-Chem (site)

 S. Adibnia,  B. Alam,  B. J. Albrecht,  A. Aldossary,  E. Alguire,  
 J. H. Andersen,  A. D. Andres,  J. E. Arias-Martinez,  A. Aspuru-Guzik,  
 V. Athavale,  K. Begam,  A. Behn,  A. T. Bell,  N. Bellonzi,  Y. A. Bernard,  
 E. J. Berquist,  N. A. Besley,  R. Bi,  N. Bogo,  C. Brandt,  K. Bravaya,  
 D. R. Broderick,  B. R. Brooks,  H. G. A. Burton,  S. Camps,  A. Carreras,  
 K. Carter-Fenk,  D. Casanova,  J.-D. Chai,  A. Chakraborty,  R. Chakraborty,  
 J. Chen,  M. Chen,  T. Chen,  A. D. Chien,  M. Chow,  K. D. Closser,  
 V. Cofer-Shabica,  M. P. Coons,  S. Coriani,  S. J. Cotton,  C. J. Cramer,  
 G. Cserey,  L. Cunha,  A. L. Dempwolff,  J. Deng,  A. E. DePrince III,  
 J. D. DiCenso,  J. Dickinson,  M. Diedenhofen,  H. Dinh,  
 R. A. DiStasio Jr.,  L. B. Dittmer,  H. Do,  W. Dou,  A. Dreuw,  S. Ehlert,  
 E. Epifanovsky,  P.-T. Fang,  S. Faraji,  S. Fatehi,  Q. Feng,  X. Feng,  
 A. Ferino-Pérez,  J. Fetherolf,  S. Folkestad,  A. Fonlon,  Fošević,  
 T. Friedhoff,  T. Froitzheim,  T. R. Furlani,  A. Ganeshram,  B. Ganoe,  
 T. Gao,  S. M. Garner,  A. T. B. Gilbert,  P. M. W. Gill,  M. Gimferrer,  
 G. Giudetti,  W. A. Goddard III,  M. Goldey,  J. Gomes,  R. Goudy,  M. Gray,  
 S. Grimme,  S. Gulania,  A. O. Gunina,  J. A. Gyamfi,  S. Hammes-Schiffer,  
 F. Hampe,  P. H. P. Harbach,  A. W. Hauser,  M. Head-Gordon,  
 T. Head-Gordon,  W. J. Hehre,  J. M. Herbert,  M. F. Herbst,  M. Hodecker,  
 Z. C. Holden,  S. Houck,  C. Hsu,  X. Huang,  K. Hui,  B. C. Huynh,  
 K. Ikeda,  M. Ivanov,  L. D. Jacobson,  T. Jagau,  S. Jana,  N. K. Jayadev,  
 H. Ji,  H. Jiang,  Y. Jiang,  Z. Jin,  Y. Jung,  Á. Jász,  B. Kaduk,  
 L. de Kam,  R. Kang,  K. Khistyaev,  J. Kim,  L. Kim,  G. Kis,  N. Kissing,  
 A. Klamt,  J. H. Koh,  E. Kolodzeiski,  J. Kong,  D. Kosenkov,  
 T. Kowalczyk,  C. M. Krauter,  A. I. Krylov,  K. Kue,  T. Kus,  J. Kussmann,  
 I. Ladjánszki,  D. S. Lambrecht,  A. Landau,  C. W. Lander,  A. W. Lange,  
 K. U. Lao,  H. Laqua,  K. V. Lawler,  J. Lee,  D. Lefrancois,  S. Lehtola,  
 J. Leitner,  D. S. Levine,  C. Li,  R. Li,  S. Li,  T. E. Li,  X. Li,  
 Y.-P. Li,  J. Liang,  H.-H. Lin,  Y.-S. Lin,  H. Ling,  F. Liu,  J. Liu,  
 K.-Y. Liu,  X. Liu,  A. Luenser,  C. Malbon,  A. Mandal,  A. Manjanath,  
 P. U. Manohar,  E. Mansoor,  S. F. Manzer,  S.-P. Mao,  Y. Mao,  
 N. Mardirossian,  A. V. Marenich,  T. Markovich,  F. Matz,  S. A. Maurer,  
 S. May,  L. McCaslin,  C. W. McCurdy,  A. McIsaac,  P. F. McLaughlin,  
 J.-M. Mewes,  S. A. Mewes,  R. E. Moorby,  S. Moradi,  J. Morgenstein,  
 M. Mostafanejad,  M. Mukherjee,  A. Muller,  C. J. Mundy,  K. D. Nanda,  
 M. G. Navas,  M. Neal,  J. B. Neaton,  T. Neudecker,  A. Ni,  C. Ochsenfeld,  
 A. K. Ojha,  Q. Ou,  E. Paenurk,  G. Paran,  J. A. Parkhill,  
 V. Parravicini,  R. L. Patterson,  S. K. Paul,  Z. Pei,  D. Picconi,  
 F. Plasser,  P. Pokhilko,  J. Pottecher,  S. Prager,  E. I. Proynov,  
 A. F. Pérez,  S. Quiton,  H. Ram,  E. Ramos-Cordoba,  B. Rana,  A. E. Rask,  
 V. A. Rassolov,  D. R. Rehn,  H. Ren,  A. Rettig,  R. M. Richard,  
 P. J. Robinson,  E. Rossomme,  S. Roy,  Á. Rák,  P. Salvador,  P. Samal,  
 T. Scheele,  P. E. Schneider,  T. K. Schramm,  N. Sergueev,  Y. Shao,  
 S. M. Sharada,  M. Sharma,  H. Shen,  Y. Shen,  A. Singh,  W. Skomorowski,  
 L. Slipchenko,  S. Smiga,  R. P. Steele,  C. J. Stein,  A. J. Sterling,  
 Y. Su,  Y.-C. Su,  J. E. Subotnik,  E. J. Sundstrom,  J. Talbot,  Z. Tao,  
 H.-H. Teh,  J. Thirman,  A. J. W. Thom,  C. Titeca,  N. V. Tkachenko,  
 A. Tkatchenko,  R. Tomann,  G. J. Tornai,  D. G. Truhlar,  H.-Y. Tsai,  
 T. Tsuchimochi,  N. M. Tubman,  C. Utku,  S. P. Veccham,  M. L. Vidal,  
 C. Villot,  T. V. Voorhis,  O. Vydrov,  E. Wang,  Z. Wang,  J. Wenzel,  
 T. A. Wesolowski,  K. B. Whaley,  A. F. White,  J. Witek,  J. Wong,  H. Wu,  
 A. Yamada,  C.-H. Yang,  K. Yao,  S. Yeganeh,  J. T. Yi,  S. R. Yost,  
 Q. Yu,  F. Zeller,  I. Y. Zhang,  J. Zhang,  X. Zhang,  Y. Zhang,  Z. Zhang,  
 C. Zhao,  T. Zhao,  Y. Zhu,  P. Zimmerman,  D. Zuev

 Additional authors since Version 6.4.0: 
 H. Aksu,  F. Ballesteros,  C. Chakravarty,  A. M. Clark,  Y. Kim,  
 Q. Nguyen,  X. Pan,  R. Stein,  J. A. Tan,  M. G. S. Weiss,  R. Weiss,  
 M. Wormit,  Y. Wu

 Contributors to earlier versions of Q-Chem not listed above: 
 R. D. Adamson,  B. Austin,  R. Baer,  J. Baker,  D. Barton,  G. J. O. Beran,  
 K. Brandhorst,  K. Bravaya,  S. T. Brown,  E. F. C. Byrd,  
 A. K. Chakraborty,  G. K. L. Chan,  C.-M. Chang,  Y. Chen,  C.-L. Cheng,  
 S. H. Chien,  D. M. Chipman,  D. L. Crittenden,  H. Dachsel,  S. Dasgupta,  
 R. J. Doerksen,  B. Dunietz,  A. D. Dutoi,  R. G. Edgar,  J. Fosso-Tande,  
 L. Fusti-Molnar,  Z. Gan,  J. Gayvert,  Q. Ge,  D. Ghosh,  A. Ghysels,  
 G. Gidofalvi,  A. Golubeva-Zadorozhnaya,  J. Gonthier,  
 C. E. González-Espinoza,  M. S. Gordon,  S. R. Gwaltney,  D. Hait,  
 M. Hanson-Heine,  G. Hawkins,  J. E. Herr,  A. Heyden,  S. Hirata,  
 E. G. Hohenstein,  P. Horn,  I. Kaliman,  G. Kedziora,  F. J. Keil,  
 C. Kelley,  R. Z. Khaliullin,  J. Kim,  R. A. King,  P. Klunzinger,  
 Z. Koczor-Benda,  P. P. Korambath,  S. Kotaru,  L. Koulias,  A. Kunitsa,  
 W. Kurlancheek,  J. Kussmann,  S. Kähler,  D. S. Lambrecht,  A. Laurent,  
 A. M. Lee,  M. S. Lee,  S. V. Levchenko,  X. Li,  W. Liang,  M. Liebenthal,  
 C. Y. Lin,  D. Liotard,  E. Livshits,  R. C. Lochan,  M. Loipersberger,  
 I. Lotan,  H. Ma,  L. A. Martinez-Martinez,  P. E. Maslen,  S. Mason,  
 N. J. Mayhall,  S. C. McKenzie,  M. F. S. J. Menger,  P. Morgante,  
 A. F. Morrison,  J. W. Mullinax,  N. Nair,  D. Neuhauser,  E. Neuscamman,  
 C. M. Oana,  R. Olivares-Amaya,  R. Olson,  D. P. O'Neill,  
 K. J. Oosterbaan,  K. Paice,  A. C. Paul,  T. M. Perrine,  B. Peters,  
 R. Peverati,  P. A. Pieniazek,  S. Prasad,  A. Prociuk,  Y. M. Rhee,  
 J. Ritchie,  F. Rob,  M. A. Rohrdanz,  E. Rosta,  N. J. Russ,  
 H. F. Schaefer III,  M. Scheurer,  M. W. Schmidt,  M. Schneider,  
 N. E. Schultz,  S. Sharma,  N. Shenvi,  C. D. Sherrill,  A. C. Simmonett,  
 D. W. Small,  A. Sodt,  T. Stein,  D. Stuck,  K. S. Thanthiriwatte,  
 V. Vanovschi,  M. H. Vera,  L. Vogt,  F. Wang,  T. Wang,  A. Warshel,  
 M. A. Watson,  M. de Wergifosse,  C. F. Williams,  J. Witte,  
 H. L. Woodcock III,  Q. Wu,  X. Xu,  J. Yang,  Z.-Q. You,  A. Zech,  
 W. Zhang,  Y. Zhao

   Please cite Q-Chem as follows:
  "Software for the frontiers of quantum chemistry:
   An overview of developments in the Q-Chem 5 package"
   J. Chem. Phys. 155, 084801 (2021)
   https://doi.org/10.1063/5.0055522 (open access)

 Q-Chem 7.0.0 for Intel X86 EM64T Linux

 Parts of Q-Chem use Armadillo 12.8.2 (Cortisol Injector).
 http://arma.sourceforge.net/

 Q-Chem begins on Wed Jul 29 11:20:07 2026  

 Host: coreman6
0

 Scratch files written to /scratch/shannon.houck/qchem22360//
 Executable: /sw/qchem/release/7.0.0/exe/qcprog.exe_s
 Number of threads = 1
 Jul426 |scratch|qcdevops|jenkins|workspace|build_RNUM -1
 Processing $rem in /sw/qchem/release/7.0.0/config/preferences:
 Processing $rem in /hfnas/home/shannon.houck/.qchemrc:

 Checking the input file for inconsistencies... 	...done.

--------------------------------------------------------------
User input:
--------------------------------------------------------------
$molecule
   0 1
 C       -1.4152533224   0.2302217854   0.0000000000
 C        1.4152533224  -0.2302217854   0.0000000000
 C       -0.4951331558   1.3144608674   0.0000000000
 C        0.4951331558  -1.3144608674   0.0000000000
 C        0.8894090436   1.0909493743   0.0000000000
 C       -0.8894090436  -1.0909493743   0.0000000000
 H       -0.8795511985   2.3437343748   0.0000000000
 H        0.8795511985  -2.3437343748   0.0000000000
 H        1.5779041557   1.9450061275   0.0000000000
 H       -1.5779041557  -1.9450061275   0.0000000000
 C        2.8845844962  -0.5210893778   0.0000000000
 C       -2.8845844962   0.5210893778   0.0000000000
 H        3.1403356810  -1.5919605685   0.0000000000
 H       -3.1403356810   1.5919605685   0.0000000000
 C        3.8800428103   0.3822535424   0.0000000000
 C       -3.8800428103  -0.3822535424   0.0000000000
 H        3.6946765858   1.4624389570   0.0000000000
 H       -3.6946765858  -1.4624389570   0.0000000000
 H        4.9316453546   0.0711049543   0.0000000000
 H       -4.9316453546  -0.0711049543   0.0000000000
$end

$rem
   METHOD           b3lyp
   BASIS            sto-3g
   NBO              1
   NBO_EXTERNAL     true
$end

--------------------------------------------------------------
 ----------------------------------------------------------------
             Standard Nuclear Orientation (Angstroms)
    I     Atom           X                Y                Z
 ----------------------------------------------------------------
    1      C       1.4130874143     0.2431624904     0.0000000000
    2      C      -1.4130874143    -0.2431624904    -0.0000000000
    3      C       0.4830843885     1.3189365745     0.0000000000
    4      C      -0.4830843885    -1.3189365745    -0.0000000000
    5      C      -0.8993545914     1.0827651191     0.0000000000
    6      C       0.8993545914    -1.0827651191    -0.0000000000
    7      H       0.8580679199     2.3516846249     0.0000000000
    8      H      -0.8580679199    -2.3516846249    -0.0000000000
    9      H      -1.5956359656     1.9304860077     0.0000000000
   10      H       1.5956359656    -1.9304860077    -0.0000000000
   11      C      -2.8796954734    -0.5474630906    -0.0000000000
   12      C       2.8796954734     0.5474630906     0.0000000000
   13      H      -3.1256368923    -1.6206297105    -0.0000000000
   14      H       3.1256368923     1.6206297105     0.0000000000
   15      C      -3.8833781934     0.3467330199     0.0000000000
   16      C       3.8833781934    -0.3467330199    -0.0000000000
   17      H      -3.7079040184     1.4285694128     0.0000000000
   18      H       3.7079040184    -1.4285694128    -0.0000000000
   19      H      -4.9320895300     0.0259747190     0.0000000000
   20      H       4.9320895300    -0.0259747190    -0.0000000000
 ----------------------------------------------------------------
 Molecular Point Group                 C2h   NOp =  4
 Largest Abelian Subgroup              C2h   NOp =  4
 Nuclear Repulsion Energy =         445.93698006 hartrees
 There are       35 alpha and       35 beta electrons
 Requested basis set is STO-3G
 There are 30 shells and 60 basis functions

 Total QAlloc Memory Limit   8000 MB
 Mega-Array Size       188 MB
 MEM_STATIC part       192 MB

 A cutoff of  1.0D-09 yielded    379 shell pairs
 There are      1687 function pairs
 Start forming overlap matrix
 Smallest overlap matrix eigenvalue = 1.81E-01

 Scale SEOQF with 1.000000e-01/1.000000e-01/1.000000e+00

 Standard Electronic Orientation quadrupole field applied
 Nucleus-field energy     =     0.0000000199 hartrees
 Guess from superposition of atomic densities
 Warning:  Energy on first SCF cycle will be non-variational
 SAD guess density has 70.000000 electrons

 -----------------------------------------------------------------------
  General SCF calculation program by
  Eric Jon Sundstrom, Paul Horn, Yuezhi Mao, Dmitri Zuev, Alec White,
  David Stuck, Shaama M.S., Shane Yost, Joonho Lee, David Small,
  Daniel Levine, Susi Lehtola, Hugh Burton, Evgeny Epifanovsky,
  Bang C. Huynh
 -----------------------------------------------------------------------
 Exchange:     0.2000 Hartree-Fock + 0.0800 Slater + 0.7200 B88
 Correlation:  0.1900 VWN1RPA + 0.8100 LYP
 Using SG-1 standard quadrature grid
 A restricted SCF calculation will be
 performed using DIIS
 SCF converges when DIIS error is below 1.0e-05
 User-specified cutoff of 10e-9
 used for neglect of 2-electron integrals.
 A cutoff of 10e-9
 used for neglect of overlap integrals.
 Incremental Fock algorithm is on at the start.
 ---------------------------------------
  Cycle       Energy         DIIS error
 ---------------------------------------
    1    -381.8041227596      1.36e-01  
    2    -382.3012971022      3.18e-03  
    3    -382.3005598165      3.66e-03  
    4    -382.3075586498      1.14e-03  
    5    -382.3082257077      3.69e-04  
    6    -382.3082982501      3.75e-05  
    7    -382.3082991369      3.72e-06  Convergence criterion met
 ---------------------------------------
 SCF time:   CPU 1.43s  wall 2.00s 
 SCF   energy =  -382.30829914
 Total energy =  -382.30829914

 Q-Chem warning in module 0, line  204:

 Quadrupole field failed to resolve orbital degeneracies.


 Q-Chem warning in module 0, line  204:

 Quadrupole field failed to resolve orbital degeneracies.

 Integrated density by DFT XC:
   Number of electrons = 70
   Numerical integral  =    69.999961096080
   Relative error      =     0.0000555770 %
 
 --------------------------------------------------------------
             Orbital Energies (a.u.) and Symmetries
 --------------------------------------------------------------
 
 Alpha MOs, Restricted
 -- Occupied --                  
-10.020 -10.020 -10.008 -10.008 -10.007 -10.007 -10.006 -10.006
  1 Bu    1 Ag    2 Bu    2 Ag    3 Ag    3 Bu    4 Bu    4 Ag                 
 -9.992  -9.992  -0.809  -0.754  -0.718  -0.700  -0.667  -0.589
  5 Bu    5 Ag    6 Ag    6 Bu    7 Ag    7 Bu    8 Bu    8 Ag                 
 -0.559  -0.531  -0.510  -0.458  -0.439  -0.411  -0.398  -0.396
  9 Ag    9 Bu   10 Ag   11 Ag   10 Bu   11 Bu   12 Bu   12 Ag                 
 -0.374  -0.351  -0.347  -0.324  -0.311  -0.293  -0.287  -0.263
 13 Bu   14 Bu   13 Ag    1 Au   15 Bu   14 Ag   15 Ag    1 Bg                 
 -0.212  -0.195  -0.153
  2 Au    2 Bg    3 Bg                                                         
 -- Virtual --                   
  0.038   0.090   0.111   0.182   0.272   0.332   0.341   0.380
  3 Au    4 Au    4 Bg    5 Au    5 Bg   16 Ag   16 Bu   17 Bu                 
  0.381   0.410   0.411   0.426   0.439   0.454   0.478   0.526
 17 Ag   18 Ag   18 Bu   19 Bu   19 Ag   20 Bu   20 Ag   21 Ag                 
  0.546   0.576   0.598   0.625   0.640   0.683   0.717   0.779
 21 Bu   22 Ag   22 Bu   23 Bu   23 Ag   24 Ag   24 Bu   25 Ag                 
  0.794
 25 Bu                                                                         
 
 Beta MOs, Restricted
 -- Occupied --                  
-10.020 -10.020 -10.008 -10.008 -10.007 -10.007 -10.006 -10.006
  1 Bu    1 Ag    2 Bu    2 Ag    3 Ag    3 Bu    4 Bu    4 Ag                 
 -9.992  -9.992  -0.809  -0.754  -0.718  -0.700  -0.667  -0.589
  5 Bu    5 Ag    6 Ag    6 Bu    7 Ag    7 Bu    8 Bu    8 Ag                 
 -0.559  -0.531  -0.510  -0.458  -0.439  -0.411  -0.398  -0.396
  9 Ag    9 Bu   10 Ag   11 Ag   10 Bu   11 Bu   12 Bu   12 Ag                 
 -0.374  -0.351  -0.347  -0.324  -0.311  -0.293  -0.287  -0.263
 13 Bu   14 Bu   13 Ag    1 Au   15 Bu   14 Ag   15 Ag    1 Bg                 
 -0.212  -0.195  -0.153
  2 Au    2 Bg    3 Bg                                                         
 -- Virtual --                   
  0.038   0.090   0.111   0.182   0.272   0.332   0.341   0.380
  3 Au    4 Au    4 Bg    5 Au    5 Bg   16 Ag   16 Bu   17 Bu                 
  0.381   0.410   0.411   0.426   0.439   0.454   0.478   0.526
 17 Ag   18 Ag   18 Bu   19 Bu   19 Ag   20 Bu   20 Ag   21 Ag                 
  0.546   0.576   0.598   0.625   0.640   0.683   0.717   0.779
 21 Bu   22 Ag   22 Bu   23 Bu   23 Ag   24 Ag   24 Bu   25 Ag                 
  0.794
 25 Bu                                                                         
 --------------------------------------------------------------
 
          Ground-State Mulliken Net Atomic Charges

     Atom                 Charge (a.u.)
  ----------------------------------------
      1 C                    -0.004404
      2 C                    -0.004404
      3 C                    -0.076723
      4 C                    -0.076723
      5 C                    -0.077110
      6 C                    -0.077110
      7 H                     0.077992
      8 H                     0.077992
      9 H                     0.079315
     10 H                     0.079315
     11 C                    -0.076369
     12 C                    -0.076369
     13 H                     0.076696
     14 H                     0.076696
     15 C                    -0.154806
     16 C                    -0.154806
     17 H                     0.076111
     18 H                     0.076111
     19 H                     0.079297
     20 H                     0.079297
  ----------------------------------------
  Sum of atomic charges =     0.000000

 -----------------------------------------------------------------
                    Cartesian Multipole Moments
 -----------------------------------------------------------------
    Charge (ESU x 10^10)
                 0.0000
    Dipole Moment (Debye)
         X       0.0000      Y       0.0000      Z      -0.0000
       Tot       0.0000
    Quadrupole Moments (Debye-Ang)
        XX     -50.7270     XY       0.0874     YY     -50.2325
        XZ       0.0000     YZ       0.0000     ZZ     -58.6265
    Octopole Moments (Debye-Ang^2)
       XXX      -0.0000    XXY       0.0000    XYY      -0.0000
       YYY       0.0000    XXZ       0.0000    XYZ      -0.0000
       YYZ      -0.0000    XZZ       0.0000    YZZ       0.0000
       ZZZ      -0.0000
    Hexadecapole Moments (Debye-Ang^3)
      XXXX   -1859.8316   XXXY       7.2349   XXYY    -367.7969
      XYYY       1.6060   YYYY    -330.1054   XXXZ      -0.0000
      XXYZ       0.0000   XYYZ       0.0000   YYYZ      -0.0000
      XXZZ    -367.2652   XYZZ      -0.0182   YYZZ     -72.2260
      XZZZ       0.0000   YZZZ      -0.0000   ZZZZ     -47.6128
 -----------------------------------------------------------------

 Begin NBO analysis for the ground state 

 External NBO calculation is requested
 (Requires separate installation of the NBO6 or NBO7 program)
 i=           1 atno=           6 znuc=           6
 i=           2 atno=           6 znuc=           6
 i=           3 atno=           6 znuc=           6
 i=           4 atno=           6 znuc=           6
 i=           5 atno=           6 znuc=           6
 i=           6 atno=           6 znuc=           6
 i=           7 atno=           1 znuc=           1
 i=           8 atno=           1 znuc=           1
 i=           9 atno=           1 znuc=           1
 i=          10 atno=           1 znuc=           1
 i=          11 atno=           6 znuc=           6
 i=          12 atno=           6 znuc=           6
 i=          13 atno=           1 znuc=           1
 i=          14 atno=           1 znuc=           1
 i=          15 atno=           6 znuc=           6
 i=          16 atno=           6 znuc=           6
 i=          17 atno=           1 znuc=           1
 i=          18 atno=           1 znuc=           1
 i=          19 atno=           1 znuc=           1
 i=          20 atno=           1 znuc=           1
 Carts
             1             2             3             4             5
    1    2.67034820   -2.67034820    0.91289719   -0.91289719   -1.69953387
    2    0.45951051   -0.45951051    2.49242890   -2.49242890    2.04612953
    3    0.00000000   -0.00000000    0.00000000   -0.00000000    0.00000000
             6             7             8             9            10
    1    1.69953387    1.62151337   -1.62151337   -3.01531497    3.01531497
    2   -2.04612953    4.44403987   -4.44403987    3.64808984   -3.64808984
    3   -0.00000000    0.00000000   -0.00000000    0.00000000   -0.00000000
            11            12            13            14            15
    1   -5.44183577    5.44183577   -5.90659769    5.90659769   -7.33852122
    2   -1.03455530    1.03455530   -3.06254630    3.06254630    0.65523045
    3   -0.00000000    0.00000000   -0.00000000    0.00000000    0.00000000
            16            17            18            19            20
    1    7.33852122   -7.00692309    7.00692309   -9.32029843    9.32029843
    2   -0.65523045    2.69960494   -2.69960494    0.04908511   -0.04908511
    3   -0.00000000    0.00000000   -0.00000000    0.00000000   -0.00000000
 Carts
             1             2             3             4             5
    1    1.41308741   -1.41308741    0.48308439   -0.48308439   -0.89935459
    2    0.24316249   -0.24316249    1.31893657   -1.31893657    1.08276512
    3    0.00000000   -0.00000000    0.00000000   -0.00000000    0.00000000
             6             7             8             9            10
    1    0.89935459    0.85806792   -0.85806792   -1.59563597    1.59563597
    2   -1.08276512    2.35168462   -2.35168462    1.93048601   -1.93048601
    3   -0.00000000    0.00000000   -0.00000000    0.00000000   -0.00000000
            11            12            13            14            15
    1   -2.87969547    2.87969547   -3.12563689    3.12563689   -3.88337819
    2   -0.54746309    0.54746309   -1.62062971    1.62062971    0.34673302
    3   -0.00000000    0.00000000   -0.00000000    0.00000000    0.00000000
            16            17            18            19            20
    1    3.88337819   -3.70790402    3.70790402   -4.93208953    4.93208953
    2   -0.34673302    1.42856941   -1.42856941    0.02597472   -0.02597472
    3   -0.00000000    0.00000000   -0.00000000    0.00000000   -0.00000000
 Sao
             1             2             3             4             5
    1    1.00000000    0.24836239   -0.00000000   -0.00000000   -0.00000000
    2    0.24836239    1.00000000    0.00000000   -0.00000000   -0.00000000
    3   -0.00000000    0.00000000    1.00000000    0.00000000    0.00000000
    4   -0.00000000   -0.00000000    0.00000000    1.00000000    0.00000000
    5   -0.00000000   -0.00000000    0.00000000    0.00000000    1.00000000
    6    0.00000000    0.00030276   -0.00081355   -0.00014000   -0.00000000
    7    0.00030276    0.02186953   -0.03521716   -0.00606013   -0.00000000
    8    0.00081355    0.03521716   -0.05258866   -0.01048072   -0.00000000
    9    0.00014000    0.00606013   -0.01048072    0.00651430   -0.00000000
   10    0.00000000    0.00000000   -0.00000000   -0.00000000    0.00831781
   11    0.00000058    0.03557116   -0.03859451    0.04464391    0.00000000
   12    0.03557116    0.35371036   -0.24843607    0.28737657    0.00000000
   13    0.03859451    0.24843607   -0.02268376    0.26296659    0.00000000
   14   -0.04464391   -0.28737657    0.26296659   -0.09953469   -0.00000000
   15   -0.00000000   -0.00000000    0.00000000   -0.00000000    0.20464995
   16    0.00000000    0.00158642   -0.00286518   -0.00236039   -0.00000000
   17    0.00158642    0.05618845   -0.06444408   -0.05309015   -0.00000000
   18    0.00286518    0.06444408   -0.05805799   -0.06703021   -0.00000000
   19    0.00236039    0.05309015   -0.06703021   -0.03191325   -0.00000000
   20    0.00000000    0.00000000   -0.00000000   -0.00000000    0.02330739
   21    0.00000000    0.00156648   -0.00345016    0.00125268    0.00000000
   22    0.00156648    0.05577902   -0.07797649    0.02831174    0.00000000
   23    0.00345016    0.07797649   -0.09685022    0.04355858    0.00000000
   24   -0.00125268   -0.02831174    0.04355858    0.00730398   -0.00000000
   25   -0.00000000   -0.00000000    0.00000000   -0.00000000    0.02311925
   26    0.00000058    0.03557691   -0.02132396   -0.05503645   -0.00000000
   27    0.03557691    0.35374323   -0.13725112   -0.35424065   -0.00000000
   28    0.02132396    0.13725112    0.13529495   -0.17906747   -0.00000000
   29    0.05503645    0.35424065   -0.17906747   -0.25749235   -0.00000000
   30    0.00000000    0.00000000   -0.00000000   -0.00000000    0.20467494
   31    0.00509264    0.09300772   -0.03072102    0.11670934    0.00000000
   32    0.00007985    0.00590153   -0.00648355   -0.00740761   -0.00000000
   33    0.00007948    0.00588415   -0.00856264    0.00480202    0.00000000
   34    0.00508021    0.09284480    0.01008444   -0.12007780   -0.00000000
   35    0.00000000    0.00000008   -0.00000035   -0.00000006   -0.00000000
   36    0.00000008    0.00025963   -0.00056576   -0.00010420   -0.00000000
   37    0.00000035    0.00056576   -0.00116483   -0.00022991   -0.00000000
   38    0.00000006    0.00010420   -0.00022991    0.00004113   -0.00000000
   39    0.00000000    0.00000000   -0.00000000   -0.00000000    0.00008348
   40    0.00000014    0.02955007    0.04826145    0.01001357    0.00000000
   41    0.02955007    0.31760622    0.34464797    0.07150962    0.00000000
   42   -0.04826145   -0.34464797   -0.29935045   -0.09902406   -0.00000000
   43   -0.01001357   -0.07150962   -0.09902406    0.15736009   -0.00000000
   44   -0.00000000   -0.00000000   -0.00000000   -0.00000000    0.17790619
   45    0.00000007    0.00008155   -0.00016237   -0.00006667   -0.00000000
   46    0.00486942    0.09006701    0.09143956    0.07354824    0.00000000
   47    0.00000000    0.00000000   -0.00000000    0.00000000    0.00000000
   48    0.00000000    0.00000715   -0.00001894    0.00000037    0.00000000
   49    0.00000000    0.00001894   -0.00004805    0.00000098    0.00000000
   50   -0.00000000   -0.00000037    0.00000098    0.00000223   -0.00000000
   51   -0.00000000   -0.00000000    0.00000000   -0.00000000    0.00000225
   52    0.00000000    0.00115883    0.00272496   -0.00065071   -0.00000000
   53    0.00115883    0.04688354    0.06914498   -0.01651154   -0.00000000
   54   -0.00272496   -0.06914498   -0.09253678    0.02665418    0.00000000
   55    0.00065071    0.01651154    0.02665418    0.01271734   -0.00000000
   56    0.00000000    0.00000000    0.00000000   -0.00000000    0.01908225
   57    0.00000001    0.00002394   -0.00005338    0.00001236    0.00000000
   58    0.00074066    0.02467967    0.02981712   -0.02172123   -0.00000000
   59    0.00000000    0.00000031   -0.00000084   -0.00000003    0.00000000
   60    0.00005752    0.00480794    0.00810868   -0.00062016   -0.00000000
             6             7             8             9            10
    1    0.00000000    0.00030276    0.00081355    0.00014000    0.00000000
    2    0.00030276    0.02186953    0.03521716    0.00606013    0.00000000
    3   -0.00081355   -0.03521716   -0.05258866   -0.01048072   -0.00000000
    4   -0.00014000   -0.00606013   -0.01048072    0.00651430   -0.00000000
    5   -0.00000000   -0.00000000   -0.00000000   -0.00000000    0.00831781
    6    1.00000000    0.24836239    0.00000000    0.00000000    0.00000000
    7    0.24836239    1.00000000    0.00000000    0.00000000    0.00000000
    8    0.00000000    0.00000000    1.00000000    0.00000000    0.00000000
    9    0.00000000    0.00000000    0.00000000    1.00000000    0.00000000
   10    0.00000000    0.00000000    0.00000000    0.00000000    1.00000000
   11    0.00000000    0.00158642    0.00286518    0.00236039    0.00000000
   12    0.00158642    0.05618845    0.06444408    0.05309015    0.00000000
   13   -0.00286518   -0.06444408   -0.05805799   -0.06703021   -0.00000000
   14   -0.00236039   -0.05309015   -0.06703021   -0.03191325   -0.00000000
   15   -0.00000000   -0.00000000   -0.00000000   -0.00000000    0.02330739
   16    0.00000058    0.03557116    0.03859451   -0.04464391   -0.00000000
   17    0.03557116    0.35371036    0.24843607   -0.28737657   -0.00000000
   18   -0.03859451   -0.24843607   -0.02268376    0.26296659    0.00000000
   19    0.04464391    0.28737657    0.26296659   -0.09953469   -0.00000000
   20    0.00000000    0.00000000    0.00000000   -0.00000000    0.20464995
   21    0.00000058    0.03557691    0.02132396    0.05503645    0.00000000
   22    0.03557691    0.35374323    0.13725112    0.35424065    0.00000000
   23   -0.02132396   -0.13725112    0.13529495   -0.17906747   -0.00000000
   24   -0.05503645   -0.35424065   -0.17906747   -0.25749235   -0.00000000
   25   -0.00000000   -0.00000000   -0.00000000   -0.00000000    0.20467494
   26    0.00000000    0.00156648    0.00345016   -0.00125268   -0.00000000
   27    0.00156648    0.05577902    0.07797649   -0.02831174   -0.00000000
   28   -0.00345016   -0.07797649   -0.09685022    0.04355858    0.00000000
   29    0.00125268    0.02831174    0.04355858    0.00730398   -0.00000000
   30    0.00000000    0.00000000    0.00000000   -0.00000000    0.02311925
   31    0.00007985    0.00590153    0.00648355    0.00740761    0.00000000
   32    0.00509264    0.09300772    0.03072102   -0.11670934   -0.00000000
   33    0.00508021    0.09284480   -0.01008444    0.12007780    0.00000000
   34    0.00007948    0.00588415    0.00856264   -0.00480202   -0.00000000
   35    0.00000014    0.02955007   -0.04826145   -0.01001357   -0.00000000
   36    0.02955007    0.31760622   -0.34464797   -0.07150962   -0.00000000
   37    0.04826145    0.34464797   -0.29935045   -0.09902406   -0.00000000
   38    0.01001357    0.07150962   -0.09902406    0.15736009   -0.00000000
   39    0.00000000    0.00000000   -0.00000000   -0.00000000    0.17790619
   40    0.00000000    0.00000008    0.00000035    0.00000006    0.00000000
   41    0.00000008    0.00025963    0.00056576    0.00010420    0.00000000
   42   -0.00000035   -0.00056576   -0.00116483   -0.00022991   -0.00000000
   43   -0.00000006   -0.00010420   -0.00022991    0.00004113   -0.00000000
   44   -0.00000000   -0.00000000   -0.00000000   -0.00000000    0.00008348
   45    0.00486942    0.09006701   -0.09143956   -0.07354824   -0.00000000
   46    0.00000007    0.00008155    0.00016237    0.00006667    0.00000000
   47    0.00000000    0.00115883   -0.00272496    0.00065071    0.00000000
   48    0.00115883    0.04688354   -0.06914498    0.01651154    0.00000000
   49    0.00272496    0.06914498   -0.09253678    0.02665418    0.00000000
   50   -0.00065071   -0.01651154    0.02665418    0.01271734   -0.00000000
   51   -0.00000000   -0.00000000    0.00000000   -0.00000000    0.01908225
   52    0.00000000    0.00000000    0.00000000   -0.00000000   -0.00000000
   53    0.00000000    0.00000715    0.00001894   -0.00000037   -0.00000000
   54   -0.00000000   -0.00001894   -0.00004805    0.00000098    0.00000000
   55    0.00000000    0.00000037    0.00000098    0.00000223   -0.00000000
   56    0.00000000    0.00000000    0.00000000   -0.00000000    0.00000225
   57    0.00074066    0.02467967   -0.02981712    0.02172123    0.00000000
   58    0.00000001    0.00002394    0.00005338   -0.00001236   -0.00000000
   59    0.00005752    0.00480794   -0.00810868    0.00062016    0.00000000
   60    0.00000000    0.00000031    0.00000084    0.00000003   -0.00000000
            11            12            13            14            15
    1    0.00000058    0.03557116    0.03859451   -0.04464391   -0.00000000
    2    0.03557116    0.35371036    0.24843607   -0.28737657   -0.00000000
    3   -0.03859451   -0.24843607   -0.02268376    0.26296659    0.00000000
    4    0.04464391    0.28737657    0.26296659   -0.09953469   -0.00000000
    5    0.00000000    0.00000000    0.00000000   -0.00000000    0.20464995
    6    0.00000000    0.00158642   -0.00286518   -0.00236039   -0.00000000
    7    0.00158642    0.05618845   -0.06444408   -0.05309015   -0.00000000
    8    0.00286518    0.06444408   -0.05805799   -0.06703021   -0.00000000
    9    0.00236039    0.05309015   -0.06703021   -0.03191325   -0.00000000
   10    0.00000000    0.00000000   -0.00000000   -0.00000000    0.02330739
   11    1.00000000    0.24836239   -0.00000000   -0.00000000   -0.00000000
   12    0.24836239    1.00000000   -0.00000000   -0.00000000    0.00000000
   13   -0.00000000   -0.00000000    1.00000000    0.00000000    0.00000000
   14   -0.00000000   -0.00000000    0.00000000    1.00000000    0.00000000
   15   -0.00000000    0.00000000    0.00000000    0.00000000    1.00000000
   16    0.00000000    0.00038919   -0.00035757   -0.00097626   -0.00000000
   17    0.00038919    0.02519185   -0.01397666   -0.03815965   -0.00000000
   18    0.00035757    0.01397666    0.00133611   -0.02280835   -0.00000000
   19    0.00097626    0.03815965   -0.02280835   -0.05258220   -0.00000000
   20    0.00000000    0.00000000   -0.00000000   -0.00000000    0.00969008
   21    0.00000082    0.03728873   -0.06094564   -0.01041176   -0.00000000
   22    0.03728873    0.36341080   -0.38147120   -0.06516932   -0.00000000
   23    0.06094564    0.38147120   -0.31252042   -0.08962014   -0.00000000
   24    0.01041176    0.06516932   -0.08962014    0.19676422   -0.00000000
   25    0.00000000    0.00000000   -0.00000000   -0.00000000    0.21207464
   26    0.00000000    0.00170373    0.00067563   -0.00389810   -0.00000000
   27    0.00170373    0.05855625    0.01478950   -0.08532909   -0.00000000
   28   -0.00067563   -0.01478950    0.02028157    0.02375795    0.00000000
   29    0.00389810    0.08532909    0.02375795   -0.11267389   -0.00000000
   30    0.00000000    0.00000000    0.00000000   -0.00000000    0.02439937
   31    0.06102075    0.48574940    0.15844993    0.43638944    0.00000000
   32    0.00001119    0.00175463   -0.00108704   -0.00297515   -0.00000000
   33    0.00527184    0.09534609   -0.11831200    0.03480682    0.00000000
   34    0.00008438    0.00610906    0.00329309   -0.00961810   -0.00000000
   35    0.00000000    0.00000212   -0.00000675   -0.00000375   -0.00000000
   36    0.00000212    0.00144485   -0.00252299   -0.00140030   -0.00000000
   37    0.00000675    0.00252299   -0.00404571   -0.00251193   -0.00000000
   38    0.00000375    0.00140030   -0.00251193   -0.00091401   -0.00000000
   39    0.00000000    0.00000000   -0.00000000   -0.00000000    0.00048016
   40    0.00000000    0.00126083    0.00287677   -0.00092604   -0.00000000
   41    0.00126083    0.04921442    0.07065840   -0.02274507   -0.00000000
   42   -0.00287677   -0.07065840   -0.09107062    0.03579585    0.00000000
   43    0.00092604    0.02274507    0.03579585    0.00860777   -0.00000000
   44    0.00000000    0.00000000    0.00000000   -0.00000000    0.02013052
   45    0.00000027    0.00018766   -0.00029950   -0.00024397   -0.00000000
   46    0.00131509    0.03623779    0.05193023    0.00592874    0.00000000
   47    0.00000000    0.00000004   -0.00000017   -0.00000004   -0.00000000
   48    0.00000004    0.00017692   -0.00039095   -0.00008705   -0.00000000
   49    0.00000017    0.00039095   -0.00081630   -0.00019436   -0.00000000
   50    0.00000004    0.00008705   -0.00019436    0.00001336   -0.00000000
   51    0.00000000    0.00000000   -0.00000000   -0.00000000    0.00005663
   52    0.00000000    0.00000298    0.00000963   -0.00000472   -0.00000000
   53    0.00000298    0.00173815    0.00308024   -0.00150889   -0.00000000
   54   -0.00000963   -0.00308024   -0.00503902    0.00275288    0.00000000
   55    0.00000472    0.00150889    0.00275288   -0.00076782   -0.00000000
   56    0.00000000    0.00000000    0.00000000   -0.00000000    0.00058071
   57    0.00000294    0.00077915   -0.00147753    0.00003865    0.00000000
   58    0.00000237    0.00068401    0.00099537   -0.00084804   -0.00000000
   59    0.00000000    0.00000753   -0.00001767   -0.00000422   -0.00000000
   60    0.00000028    0.00019170    0.00037729   -0.00011405   -0.00000000
            16            17            18            19            20
    1    0.00000000    0.00158642    0.00286518    0.00236039    0.00000000
    2    0.00158642    0.05618845    0.06444408    0.05309015    0.00000000
    3   -0.00286518   -0.06444408   -0.05805799   -0.06703021   -0.00000000
    4   -0.00236039   -0.05309015   -0.06703021   -0.03191325   -0.00000000
    5   -0.00000000   -0.00000000   -0.00000000   -0.00000000    0.02330739
    6    0.00000058    0.03557116   -0.03859451    0.04464391    0.00000000
    7    0.03557116    0.35371036   -0.24843607    0.28737657    0.00000000
    8    0.03859451    0.24843607   -0.02268376    0.26296659    0.00000000
    9   -0.04464391   -0.28737657    0.26296659   -0.09953469   -0.00000000
   10   -0.00000000   -0.00000000    0.00000000   -0.00000000    0.20464995
   11    0.00000000    0.00038919    0.00035757    0.00097626    0.00000000
   12    0.00038919    0.02519185    0.01397666    0.03815965    0.00000000
   13   -0.00035757   -0.01397666    0.00133611   -0.02280835   -0.00000000
   14   -0.00097626   -0.03815965   -0.02280835   -0.05258220   -0.00000000
   15   -0.00000000   -0.00000000   -0.00000000   -0.00000000    0.00969008
   16    1.00000000    0.24836239    0.00000000    0.00000000    0.00000000
   17    0.24836239    1.00000000    0.00000000    0.00000000   -0.00000000
   18    0.00000000    0.00000000    1.00000000    0.00000000    0.00000000
   19    0.00000000    0.00000000    0.00000000    1.00000000    0.00000000
   20    0.00000000   -0.00000000    0.00000000    0.00000000    1.00000000
   21    0.00000000    0.00170373   -0.00067563    0.00389810    0.00000000
   22    0.00170373    0.05855625   -0.01478950    0.08532909    0.00000000
   23    0.00067563    0.01478950    0.02028157    0.02375795    0.00000000
   24   -0.00389810   -0.08532909    0.02375795   -0.11267389   -0.00000000
   25   -0.00000000   -0.00000000    0.00000000   -0.00000000    0.02439937
   26    0.00000082    0.03728873    0.06094564    0.01041176    0.00000000
   27    0.03728873    0.36341080    0.38147120    0.06516932    0.00000000
   28   -0.06094564   -0.38147120   -0.31252042   -0.08962014   -0.00000000
   29   -0.01041176   -0.06516932   -0.08962014    0.19676422   -0.00000000
   30   -0.00000000   -0.00000000   -0.00000000   -0.00000000    0.21207464
   31    0.00001119    0.00175463    0.00108704    0.00297515    0.00000000
   32    0.06102075    0.48574940   -0.15844993   -0.43638944   -0.00000000
   33    0.00008438    0.00610906   -0.00329309    0.00961810    0.00000000
   34    0.00527184    0.09534609    0.11831200   -0.03480682   -0.00000000
   35    0.00000000    0.00126083   -0.00287677    0.00092604    0.00000000
   36    0.00126083    0.04921442   -0.07065840    0.02274507    0.00000000
   37    0.00287677    0.07065840   -0.09107062    0.03579585    0.00000000
   38   -0.00092604   -0.02274507    0.03579585    0.00860777   -0.00000000
   39   -0.00000000   -0.00000000    0.00000000   -0.00000000    0.02013052
   40    0.00000000    0.00000212    0.00000675    0.00000375    0.00000000
   41    0.00000212    0.00144485    0.00252299    0.00140030    0.00000000
   42   -0.00000675   -0.00252299   -0.00404571   -0.00251193   -0.00000000
   43   -0.00000375   -0.00140030   -0.00251193   -0.00091401   -0.00000000
   44   -0.00000000   -0.00000000   -0.00000000   -0.00000000    0.00048016
   45    0.00131509    0.03623779   -0.05193023   -0.00592874   -0.00000000
   46    0.00000027    0.00018766    0.00029950    0.00024397    0.00000000
   47    0.00000000    0.00000298   -0.00000963    0.00000472    0.00000000
   48    0.00000298    0.00173815   -0.00308024    0.00150889    0.00000000
   49    0.00000963    0.00308024   -0.00503902    0.00275288    0.00000000
   50   -0.00000472   -0.00150889    0.00275288   -0.00076782   -0.00000000
   51   -0.00000000   -0.00000000    0.00000000   -0.00000000    0.00058071
   52    0.00000000    0.00000004    0.00000017    0.00000004    0.00000000
   53    0.00000004    0.00017692    0.00039095    0.00008705    0.00000000
   54   -0.00000017   -0.00039095   -0.00081630   -0.00019436   -0.00000000
   55   -0.00000004   -0.00008705   -0.00019436    0.00001336   -0.00000000
   56   -0.00000000   -0.00000000   -0.00000000   -0.00000000    0.00005663
   57    0.00000237    0.00068401   -0.00099537    0.00084804    0.00000000
   58    0.00000294    0.00077915    0.00147753   -0.00003865   -0.00000000
   59    0.00000028    0.00019170   -0.00037729    0.00011405    0.00000000
   60    0.00000000    0.00000753    0.00001767    0.00000422    0.00000000
            21            22            23            24            25
    1    0.00000000    0.00156648    0.00345016   -0.00125268   -0.00000000
    2    0.00156648    0.05577902    0.07797649   -0.02831174   -0.00000000
    3   -0.00345016   -0.07797649   -0.09685022    0.04355858    0.00000000
    4    0.00125268    0.02831174    0.04355858    0.00730398   -0.00000000
    5    0.00000000    0.00000000    0.00000000   -0.00000000    0.02311925
    6    0.00000058    0.03557691   -0.02132396   -0.05503645   -0.00000000
    7    0.03557691    0.35374323   -0.13725112   -0.35424065   -0.00000000
    8    0.02132396    0.13725112    0.13529495   -0.17906747   -0.00000000
    9    0.05503645    0.35424065   -0.17906747   -0.25749235   -0.00000000
   10    0.00000000    0.00000000   -0.00000000   -0.00000000    0.20467494
   11    0.00000082    0.03728873    0.06094564    0.01041176    0.00000000
   12    0.03728873    0.36341080    0.38147120    0.06516932    0.00000000
   13   -0.06094564   -0.38147120   -0.31252042   -0.08962014   -0.00000000
   14   -0.01041176   -0.06516932   -0.08962014    0.19676422   -0.00000000
   15   -0.00000000   -0.00000000   -0.00000000   -0.00000000    0.21207464
   16    0.00000000    0.00170373    0.00067563   -0.00389810   -0.00000000
   17    0.00170373    0.05855625    0.01478950   -0.08532909   -0.00000000
   18   -0.00067563   -0.01478950    0.02028157    0.02375795    0.00000000
   19    0.00389810    0.08532909    0.02375795   -0.11267389   -0.00000000
   20    0.00000000    0.00000000    0.00000000   -0.00000000    0.02439937
   21    1.00000000    0.24836239   -0.00000000   -0.00000000    0.00000000
   22    0.24836239    1.00000000    0.00000000    0.00000000    0.00000000
   23   -0.00000000    0.00000000    1.00000000   -0.00000000   -0.00000000
   24   -0.00000000    0.00000000   -0.00000000    1.00000000    0.00000000
   25    0.00000000    0.00000000   -0.00000000    0.00000000    1.00000000
   26    0.00000000    0.00037959    0.00064926   -0.00078166   -0.00000000
   27    0.00037959    0.02483930    0.02563581   -0.03086387   -0.00000000
   28   -0.00064926   -0.02563581   -0.01895117    0.03430576    0.00000000
   29    0.00078166    0.03086387    0.03430576   -0.03175842   -0.00000000
   30    0.00000000    0.00000000    0.00000000   -0.00000000    0.00954350
   31    0.00526063    0.09520041    0.09985342    0.07209761    0.00000000
   32    0.00008435    0.00610765    0.00012218   -0.01016332   -0.00000000
   33    0.06126405    0.48672619   -0.29504718    0.35921923    0.00000000
   34    0.00001099    0.00173453    0.00199841   -0.00241352   -0.00000000
   35    0.00000000    0.00105093   -0.00198081   -0.00163062   -0.00000000
   36    0.00105093    0.04432483   -0.05220325   -0.04297402   -0.00000000
   37    0.00198081    0.05220325   -0.04924536   -0.05530705   -0.00000000
   38    0.00163062    0.04297402   -0.05530705   -0.02758949   -0.00000000
   39    0.00000000    0.00000000   -0.00000000   -0.00000000    0.01793960
   40    0.00000000    0.00000250    0.00000898   -0.00000127   -0.00000000
   41    0.00000250    0.00158230    0.00311049   -0.00044060   -0.00000000
   42   -0.00000898   -0.00311049   -0.00576091    0.00089071    0.00000000
   43    0.00000127    0.00044060    0.00089071    0.00040102   -0.00000000
   44    0.00000000    0.00000000    0.00000000   -0.00000000    0.00052718
   45    0.00006428    0.00515279   -0.00551474   -0.00669659   -0.00000000
   46    0.00000552    0.00114126    0.00209701    0.00028023    0.00000000
   47    0.00000000    0.00012010   -0.00034061   -0.00008401   -0.00000000
   48    0.00012010    0.01304826   -0.02162878   -0.00533490   -0.00000000
   49    0.00034061    0.02162878   -0.03331899   -0.00939814   -0.00000000
   50    0.00008401    0.00533490   -0.00939814    0.00246486   -0.00000000
   51    0.00000000    0.00000000   -0.00000000   -0.00000000    0.00478298
   52    0.00000000    0.00000000    0.00000000   -0.00000000   -0.00000000
   53    0.00000000    0.00002499    0.00005993   -0.00001791   -0.00000000
   54   -0.00000000   -0.00005993   -0.00013643    0.00004314    0.00000000
   55    0.00000000    0.00001791    0.00004314   -0.00000500   -0.00000000
   56    0.00000000    0.00000000    0.00000000   -0.00000000    0.00000789
   57    0.00076401    0.02519237   -0.03730615    0.00459334    0.00000000
   58    0.00000001    0.00002475    0.00004965   -0.00002706   -0.00000000
   59    0.00000329    0.00083477   -0.00152551   -0.00039976   -0.00000000
   60    0.00000000    0.00000176    0.00000443   -0.00000084   -0.00000000
            26            27            28            29            30
    1    0.00000058    0.03557691    0.02132396    0.05503645    0.00000000
    2    0.03557691    0.35374323    0.13725112    0.35424065    0.00000000
    3   -0.02132396   -0.13725112    0.13529495   -0.17906747   -0.00000000
    4   -0.05503645   -0.35424065   -0.17906747   -0.25749235   -0.00000000
    5   -0.00000000   -0.00000000   -0.00000000   -0.00000000    0.20467494
    6    0.00000000    0.00156648   -0.00345016    0.00125268    0.00000000
    7    0.00156648    0.05577902   -0.07797649    0.02831174    0.00000000
    8    0.00345016    0.07797649   -0.09685022    0.04355858    0.00000000
    9   -0.00125268   -0.02831174    0.04355858    0.00730398   -0.00000000
   10   -0.00000000   -0.00000000    0.00000000   -0.00000000    0.02311925
   11    0.00000000    0.00170373   -0.00067563    0.00389810    0.00000000
   12    0.00170373    0.05855625   -0.01478950    0.08532909    0.00000000
   13    0.00067563    0.01478950    0.02028157    0.02375795    0.00000000
   14   -0.00389810   -0.08532909    0.02375795   -0.11267389   -0.00000000
   15   -0.00000000   -0.00000000    0.00000000   -0.00000000    0.02439937
   16    0.00000082    0.03728873   -0.06094564   -0.01041176   -0.00000000
   17    0.03728873    0.36341080   -0.38147120   -0.06516932   -0.00000000
   18    0.06094564    0.38147120   -0.31252042   -0.08962014   -0.00000000
   19    0.01041176    0.06516932   -0.08962014    0.19676422   -0.00000000
   20    0.00000000    0.00000000   -0.00000000   -0.00000000    0.21207464
   21    0.00000000    0.00037959   -0.00064926    0.00078166    0.00000000
   22    0.00037959    0.02483930   -0.02563581    0.03086387    0.00000000
   23    0.00064926    0.02563581   -0.01895117    0.03430576    0.00000000
   24   -0.00078166   -0.03086387    0.03430576   -0.03175842   -0.00000000
   25   -0.00000000   -0.00000000    0.00000000   -0.00000000    0.00954350
   26    1.00000000    0.24836239    0.00000000    0.00000000   -0.00000000
   27    0.24836239    1.00000000   -0.00000000   -0.00000000   -0.00000000
   28    0.00000000   -0.00000000    1.00000000   -0.00000000   -0.00000000
   29    0.00000000   -0.00000000   -0.00000000    1.00000000    0.00000000
   30   -0.00000000   -0.00000000   -0.00000000    0.00000000    1.00000000
   31    0.00008435    0.00610765   -0.00012218    0.01016332    0.00000000
   32    0.00526063    0.09520041   -0.09985342   -0.07209761   -0.00000000
   33    0.00001099    0.00173453   -0.00199841    0.00241352    0.00000000
   34    0.06126405    0.48672619    0.29504718   -0.35921923   -0.00000000
   35    0.00000000    0.00000250   -0.00000898    0.00000127    0.00000000
   36    0.00000250    0.00158230   -0.00311049    0.00044060    0.00000000
   37    0.00000898    0.00311049   -0.00576091    0.00089071    0.00000000
   38   -0.00000127   -0.00044060    0.00089071    0.00040102   -0.00000000
   39   -0.00000000   -0.00000000    0.00000000   -0.00000000    0.00052718
   40    0.00000000    0.00105093    0.00198081    0.00163062    0.00000000
   41    0.00105093    0.04432483    0.05220325    0.04297402    0.00000000
   42   -0.00198081   -0.05220325   -0.04924536   -0.05530705   -0.00000000
   43   -0.00163062   -0.04297402   -0.05530705   -0.02758949   -0.00000000
   44   -0.00000000   -0.00000000   -0.00000000   -0.00000000    0.01793960
   45    0.00000552    0.00114126   -0.00209701   -0.00028023   -0.00000000
   46    0.00006428    0.00515279    0.00551474    0.00669659    0.00000000
   47    0.00000000    0.00000000   -0.00000000    0.00000000    0.00000000
   48    0.00000000    0.00002499   -0.00005993    0.00001791    0.00000000
   49    0.00000000    0.00005993   -0.00013643    0.00004314    0.00000000
   50   -0.00000000   -0.00001791    0.00004314   -0.00000500   -0.00000000
   51   -0.00000000   -0.00000000    0.00000000   -0.00000000    0.00000789
   52    0.00000000    0.00012010    0.00034061    0.00008401    0.00000000
   53    0.00012010    0.01304826    0.02162878    0.00533490    0.00000000
   54   -0.00034061   -0.02162878   -0.03331899   -0.00939814   -0.00000000
   55   -0.00008401   -0.00533490   -0.00939814    0.00246486   -0.00000000
   56   -0.00000000   -0.00000000   -0.00000000   -0.00000000    0.00478298
   57    0.00000001    0.00002475   -0.00004965    0.00002706    0.00000000
   58    0.00076401    0.02519237    0.03730615   -0.00459334   -0.00000000
   59    0.00000000    0.00000176   -0.00000443    0.00000084    0.00000000
   60    0.00000329    0.00083477    0.00152551    0.00039976    0.00000000
            31            32            33            34            35
    1    0.00509264    0.00007985    0.00007948    0.00508021    0.00000000
    2    0.09300772    0.00590153    0.00588415    0.09284480    0.00000008
    3   -0.03072102   -0.00648355   -0.00856264    0.01008444   -0.00000035
    4    0.11670934   -0.00740761    0.00480202   -0.12007780   -0.00000006
    5    0.00000000   -0.00000000    0.00000000   -0.00000000   -0.00000000
    6    0.00007985    0.00509264    0.00508021    0.00007948    0.00000014
    7    0.00590153    0.09300772    0.09284480    0.00588415    0.02955007
    8    0.00648355    0.03072102   -0.01008444    0.00856264   -0.04826145
    9    0.00740761   -0.11670934    0.12007780   -0.00480202   -0.01001357
   10    0.00000000   -0.00000000    0.00000000   -0.00000000   -0.00000000
   11    0.06102075    0.00001119    0.00527184    0.00008438    0.00000000
   12    0.48574940    0.00175463    0.09534609    0.00610906    0.00000212
   13    0.15844993   -0.00108704   -0.11831200    0.00329309   -0.00000675
   14    0.43638944   -0.00297515    0.03480682   -0.00961810   -0.00000375
   15    0.00000000   -0.00000000    0.00000000   -0.00000000   -0.00000000
   16    0.00001119    0.06102075    0.00008438    0.00527184    0.00000000
   17    0.00175463    0.48574940    0.00610906    0.09534609    0.00126083
   18    0.00108704   -0.15844993   -0.00329309    0.11831200   -0.00287677
   19    0.00297515   -0.43638944    0.00961810   -0.03480682    0.00092604
   20    0.00000000   -0.00000000    0.00000000   -0.00000000    0.00000000
   21    0.00526063    0.00008435    0.06126405    0.00001099    0.00000000
   22    0.09520041    0.00610765    0.48672619    0.00173453    0.00105093
   23    0.09985342    0.00012218   -0.29504718    0.00199841   -0.00198081
   24    0.07209761   -0.01016332    0.35921923   -0.00241352   -0.00163062
   25    0.00000000   -0.00000000    0.00000000   -0.00000000   -0.00000000
   26    0.00008435    0.00526063    0.00001099    0.06126405    0.00000000
   27    0.00610765    0.09520041    0.00173453    0.48672619    0.00000250
   28   -0.00012218   -0.09985342   -0.00199841    0.29504718   -0.00000898
   29    0.01016332   -0.07209761    0.00241352   -0.35921923    0.00000127
   30    0.00000000   -0.00000000    0.00000000   -0.00000000    0.00000000
   31    1.00000000    0.00010566    0.05049355    0.00071247    0.00000018
   32    0.00010566    1.00000000    0.00071247    0.05049355    0.00112513
   33    0.05049355    0.00071247    1.00000000    0.00010487    0.00086755
   34    0.00071247    0.05049355    0.00010487    1.00000000    0.00000023
   35    0.00000018    0.00112513    0.00086755    0.00000023    1.00000000
   36    0.00014665    0.03261995    0.02741237    0.00017046    0.24836239
   37    0.00024176    0.03546058    0.01867569    0.00033702    0.00000000
   38    0.00018752   -0.03164715    0.03603993   -0.00010415   -0.00000000
   39    0.00000000   -0.00000000    0.00000000   -0.00000000   -0.00000000
   40    0.00112513    0.00000018    0.00000023    0.00086755    0.00000000
   41    0.03261995    0.00014665    0.00017046    0.02741237    0.00000000
   42   -0.03546058   -0.00024176   -0.00033702   -0.01867569   -0.00000000
   43    0.03164715   -0.00018752    0.00010415   -0.03603993   -0.00000000
   44    0.00000000   -0.00000000    0.00000000   -0.00000000   -0.00000000
   45    0.00001429    0.06152633    0.00247869    0.00024029    0.06069831
   46    0.06152633    0.00001429    0.00024029    0.00247869    0.00000000
   47    0.00000002    0.00000570    0.00089160    0.00000000    0.00000224
   48    0.00003531    0.00116395    0.02791633    0.00000177    0.04283571
   49    0.00007303    0.00160831    0.03393167    0.00000420    0.05303932
   50    0.00003088   -0.00143453    0.02349014   -0.00000175   -0.04725353
   51    0.00000000   -0.00000000    0.00000000   -0.00000000   -0.00000000
   52    0.00000570    0.00000002    0.00000000    0.00089160    0.00000000
   53    0.00116395    0.00003531    0.00000177    0.02791633    0.00000000
   54   -0.00160831   -0.00007303   -0.00000420   -0.03393167   -0.00000000
   55    0.00143453   -0.00003088    0.00000175   -0.02349014   -0.00000000
   56    0.00000000   -0.00000000    0.00000000   -0.00000000    0.00000000
   57    0.00029688    0.00023842    0.08943585    0.00000137    0.00560597
   58    0.00023842    0.00029688    0.00000137    0.08943585    0.00000000
   59    0.00000158    0.00025053    0.00263748    0.00000016    0.00577179
   60    0.00025053    0.00000158    0.00000016    0.00263748    0.00000000
            36            37            38            39            40
    1    0.00000008    0.00000035    0.00000006    0.00000000    0.00000014
    2    0.00025963    0.00056576    0.00010420    0.00000000    0.02955007
    3   -0.00056576   -0.00116483   -0.00022991   -0.00000000    0.04826145
    4   -0.00010420   -0.00022991    0.00004113   -0.00000000    0.01001357
    5   -0.00000000   -0.00000000   -0.00000000    0.00008348    0.00000000
    6    0.02955007    0.04826145    0.01001357    0.00000000    0.00000000
    7    0.31760622    0.34464797    0.07150962    0.00000000    0.00000008
    8   -0.34464797   -0.29935045   -0.09902406   -0.00000000    0.00000035
    9   -0.07150962   -0.09902406    0.15736009   -0.00000000    0.00000006
   10   -0.00000000   -0.00000000   -0.00000000    0.17790619    0.00000000
   11    0.00000212    0.00000675    0.00000375    0.00000000    0.00000000
   12    0.00144485    0.00252299    0.00140030    0.00000000    0.00126083
   13   -0.00252299   -0.00404571   -0.00251193   -0.00000000    0.00287677
   14   -0.00140030   -0.00251193   -0.00091401   -0.00000000   -0.00092604
   15   -0.00000000   -0.00000000   -0.00000000    0.00048016   -0.00000000
   16    0.00126083    0.00287677   -0.00092604   -0.00000000    0.00000000
   17    0.04921442    0.07065840   -0.02274507   -0.00000000    0.00000212
   18   -0.07065840   -0.09107062    0.03579585    0.00000000    0.00000675
   19    0.02274507    0.03579585    0.00860777   -0.00000000    0.00000375
   20    0.00000000    0.00000000   -0.00000000    0.02013052    0.00000000
   21    0.00105093    0.00198081    0.00163062    0.00000000    0.00000000
   22    0.04432483    0.05220325    0.04297402    0.00000000    0.00000250
   23   -0.05220325   -0.04924536   -0.05530705   -0.00000000    0.00000898
   24   -0.04297402   -0.05530705   -0.02758949   -0.00000000   -0.00000127
   25   -0.00000000   -0.00000000   -0.00000000    0.01793960   -0.00000000
   26    0.00000250    0.00000898   -0.00000127   -0.00000000    0.00000000
   27    0.00158230    0.00311049   -0.00044060   -0.00000000    0.00105093
   28   -0.00311049   -0.00576091    0.00089071    0.00000000    0.00198081
   29    0.00044060    0.00089071    0.00040102   -0.00000000    0.00163062
   30    0.00000000    0.00000000   -0.00000000    0.00052718    0.00000000
   31    0.00014665    0.00024176    0.00018752    0.00000000    0.00112513
   32    0.03261995    0.03546058   -0.03164715   -0.00000000    0.00000018
   33    0.02741237    0.01867569    0.03603993    0.00000000    0.00000023
   34    0.00017046    0.00033702   -0.00010415   -0.00000000    0.00086755
   35    0.24836239    0.00000000   -0.00000000   -0.00000000    0.00000000
   36    1.00000000    0.00000000    0.00000000    0.00000000    0.00000000
   37    0.00000000    1.00000000    0.00000000    0.00000000    0.00000000
   38    0.00000000    0.00000000    1.00000000    0.00000000    0.00000000
   39    0.00000000    0.00000000    0.00000000    1.00000000    0.00000000
   40    0.00000000    0.00000000    0.00000000    0.00000000    1.00000000
   41    0.00000058    0.00000168    0.00000032    0.00000000    0.24836239
   42   -0.00000168   -0.00000465   -0.00000092   -0.00000000   -0.00000000
   43   -0.00000032   -0.00000092    0.00000001   -0.00000000    0.00000000
   44   -0.00000000   -0.00000000   -0.00000000    0.00000018    0.00000000
   45    0.48445013   -0.10353249   -0.45176456   -0.00000000    0.00000000
   46    0.00000026    0.00000068    0.00000025    0.00000000    0.06069831
   47    0.04283571   -0.05303932    0.04725353    0.00000000    0.00000000
   48    0.39315374   -0.30450598    0.27128898    0.00000000    0.00000000
   49    0.30450598   -0.07880688    0.28000918    0.00000000    0.00000000
   50   -0.27128898    0.28000918   -0.01397740   -0.00000000    0.00000000
   51   -0.00000000    0.00000000   -0.00000000    0.23548701   -0.00000000
   52    0.00000000    0.00000000    0.00000000   -0.00000000    0.00000224
   53    0.00000001    0.00000002    0.00000000   -0.00000000    0.04283571
   54   -0.00000002   -0.00000007   -0.00000000    0.00000000   -0.05303932
   55   -0.00000000   -0.00000000    0.00000000    0.00000000    0.04725353
   56    0.00000000    0.00000000    0.00000000    0.00000000    0.00000000
   57    0.09965603   -0.04954183    0.11820242    0.00000000    0.00000000
   58    0.00000008    0.00000023   -0.00000003   -0.00000000    0.00560597
   59    0.10177199   -0.12571270    0.03512406    0.00000000    0.00000000
   60    0.00000000    0.00000000    0.00000000   -0.00000000    0.00577179
            41            42            43            44            45
    1    0.02955007   -0.04826145   -0.01001357   -0.00000000    0.00000007
    2    0.31760622   -0.34464797   -0.07150962   -0.00000000    0.00008155
    3    0.34464797   -0.29935045   -0.09902406   -0.00000000   -0.00016237
    4    0.07150962   -0.09902406    0.15736009   -0.00000000   -0.00006667
    5    0.00000000   -0.00000000   -0.00000000    0.17790619   -0.00000000
    6    0.00000008   -0.00000035   -0.00000006   -0.00000000    0.00486942
    7    0.00025963   -0.00056576   -0.00010420   -0.00000000    0.09006701
    8    0.00056576   -0.00116483   -0.00022991   -0.00000000   -0.09143956
    9    0.00010420   -0.00022991    0.00004113   -0.00000000   -0.07354824
   10    0.00000000   -0.00000000   -0.00000000    0.00008348   -0.00000000
   11    0.00126083   -0.00287677    0.00092604    0.00000000    0.00000027
   12    0.04921442   -0.07065840    0.02274507    0.00000000    0.00018766
   13    0.07065840   -0.09107062    0.03579585    0.00000000   -0.00029950
   14   -0.02274507    0.03579585    0.00860777   -0.00000000   -0.00024397
   15   -0.00000000    0.00000000   -0.00000000    0.02013052   -0.00000000
   16    0.00000212   -0.00000675   -0.00000375   -0.00000000    0.00131509
   17    0.00144485   -0.00252299   -0.00140030   -0.00000000    0.03623779
   18    0.00252299   -0.00404571   -0.00251193   -0.00000000   -0.05193023
   19    0.00140030   -0.00251193   -0.00091401   -0.00000000   -0.00592874
   20    0.00000000   -0.00000000   -0.00000000    0.00048016   -0.00000000
   21    0.00000250   -0.00000898    0.00000127    0.00000000    0.00006428
   22    0.00158230   -0.00311049    0.00044060    0.00000000    0.00515279
   23    0.00311049   -0.00576091    0.00089071    0.00000000   -0.00551474
   24   -0.00044060    0.00089071    0.00040102   -0.00000000   -0.00669659
   25   -0.00000000    0.00000000   -0.00000000    0.00052718   -0.00000000
   26    0.00105093   -0.00198081   -0.00163062   -0.00000000    0.00000552
   27    0.04432483   -0.05220325   -0.04297402   -0.00000000    0.00114126
   28    0.05220325   -0.04924536   -0.05530705   -0.00000000   -0.00209701
   29    0.04297402   -0.05530705   -0.02758949   -0.00000000   -0.00028023
   30    0.00000000   -0.00000000   -0.00000000    0.01793960   -0.00000000
   31    0.03261995   -0.03546058    0.03164715    0.00000000    0.00001429
   32    0.00014665   -0.00024176   -0.00018752   -0.00000000    0.06152633
   33    0.00017046   -0.00033702    0.00010415    0.00000000    0.00247869
   34    0.02741237   -0.01867569   -0.03603993   -0.00000000    0.00024029
   35    0.00000000   -0.00000000   -0.00000000   -0.00000000    0.06069831
   36    0.00000058   -0.00000168   -0.00000032   -0.00000000    0.48445013
   37    0.00000168   -0.00000465   -0.00000092   -0.00000000   -0.10353249
   38    0.00000032   -0.00000092    0.00000001   -0.00000000   -0.45176456
   39    0.00000000   -0.00000000   -0.00000000    0.00000018   -0.00000000
   40    0.24836239   -0.00000000    0.00000000    0.00000000    0.00000000
   41    1.00000000   -0.00000000    0.00000000   -0.00000000    0.00000026
   42   -0.00000000    1.00000000    0.00000000    0.00000000   -0.00000068
   43    0.00000000    0.00000000    1.00000000    0.00000000   -0.00000025
   44   -0.00000000    0.00000000    0.00000000    1.00000000   -0.00000000
   45    0.00000026   -0.00000068   -0.00000025   -0.00000000    1.00000000
   46    0.48445013    0.10353249    0.45176456    0.00000000    0.00000006
   47    0.00000000   -0.00000000   -0.00000000    0.00000000    0.00610975
   48    0.00000001   -0.00000002   -0.00000000    0.00000000    0.10603984
   49    0.00000002   -0.00000007   -0.00000000    0.00000000    0.04861749
   50    0.00000000   -0.00000000    0.00000000    0.00000000   -0.12622809
   51   -0.00000000    0.00000000    0.00000000    0.00000000   -0.00000000
   52    0.04283571    0.05303932   -0.04725353   -0.00000000    0.00000000
   53    0.39315374    0.30450598   -0.27128898   -0.00000000    0.00000001
   54   -0.30450598   -0.07880688    0.28000918    0.00000000   -0.00000003
   55    0.27128898    0.28000918   -0.01397740   -0.00000000   -0.00000000
   56    0.00000000    0.00000000   -0.00000000    0.23548701   -0.00000000
   57    0.00000008   -0.00000023    0.00000003    0.00000000    0.01461636
   58    0.09965603    0.04954183   -0.11820242   -0.00000000    0.00000015
   59    0.00000000   -0.00000000   -0.00000000    0.00000000    0.05493263
   60    0.10177199    0.12571270   -0.03512406   -0.00000000    0.00000000
            46            47            48            49            50
    1    0.00486942    0.00000000    0.00000000    0.00000000   -0.00000000
    2    0.09006701    0.00000000    0.00000715    0.00001894   -0.00000037
    3    0.09143956   -0.00000000   -0.00001894   -0.00004805    0.00000098
    4    0.07354824    0.00000000    0.00000037    0.00000098    0.00000223
    5    0.00000000    0.00000000    0.00000000    0.00000000   -0.00000000
    6    0.00000007    0.00000000    0.00115883    0.00272496   -0.00065071
    7    0.00008155    0.00115883    0.04688354    0.06914498   -0.01651154
    8    0.00016237   -0.00272496   -0.06914498   -0.09253678    0.02665418
    9    0.00006667    0.00065071    0.01651154    0.02665418    0.01271734
   10    0.00000000    0.00000000    0.00000000    0.00000000   -0.00000000
   11    0.00131509    0.00000000    0.00000004    0.00000017    0.00000004
   12    0.03623779    0.00000004    0.00017692    0.00039095    0.00008705
   13    0.05193023   -0.00000017   -0.00039095   -0.00081630   -0.00019436
   14    0.00592874   -0.00000004   -0.00008705   -0.00019436    0.00001336
   15    0.00000000   -0.00000000   -0.00000000   -0.00000000   -0.00000000
   16    0.00000027    0.00000000    0.00000298    0.00000963   -0.00000472
   17    0.00018766    0.00000298    0.00173815    0.00308024   -0.00150889
   18    0.00029950   -0.00000963   -0.00308024   -0.00503902    0.00275288
   19    0.00024397    0.00000472    0.00150889    0.00275288   -0.00076782
   20    0.00000000    0.00000000    0.00000000    0.00000000   -0.00000000
   21    0.00000552    0.00000000    0.00012010    0.00034061    0.00008401
   22    0.00114126    0.00012010    0.01304826    0.02162878    0.00533490
   23    0.00209701   -0.00034061   -0.02162878   -0.03331899   -0.00939814
   24    0.00028023   -0.00008401   -0.00533490   -0.00939814    0.00246486
   25    0.00000000   -0.00000000   -0.00000000   -0.00000000   -0.00000000
   26    0.00006428    0.00000000    0.00000000    0.00000000   -0.00000000
   27    0.00515279    0.00000000    0.00002499    0.00005993   -0.00001791
   28    0.00551474   -0.00000000   -0.00005993   -0.00013643    0.00004314
   29    0.00669659    0.00000000    0.00001791    0.00004314   -0.00000500
   30    0.00000000    0.00000000    0.00000000    0.00000000   -0.00000000
   31    0.06152633    0.00000002    0.00003531    0.00007303    0.00003088
   32    0.00001429    0.00000570    0.00116395    0.00160831   -0.00143453
   33    0.00024029    0.00089160    0.02791633    0.03393167    0.02349014
   34    0.00247869    0.00000000    0.00000177    0.00000420   -0.00000175
   35    0.00000000    0.00000224    0.04283571    0.05303932   -0.04725353
   36    0.00000026    0.04283571    0.39315374    0.30450598   -0.27128898
   37    0.00000068   -0.05303932   -0.30450598   -0.07880688    0.28000918
   38    0.00000025    0.04725353    0.27128898    0.28000918   -0.01397740
   39    0.00000000    0.00000000    0.00000000    0.00000000   -0.00000000
   40    0.06069831    0.00000000    0.00000000    0.00000000    0.00000000
   41    0.48445013    0.00000000    0.00000001    0.00000002    0.00000000
   42    0.10353249   -0.00000000   -0.00000002   -0.00000007   -0.00000000
   43    0.45176456   -0.00000000   -0.00000000   -0.00000000    0.00000000
   44    0.00000000    0.00000000    0.00000000    0.00000000    0.00000000
   45    0.00000006    0.00610975    0.10603984    0.04861749   -0.12622809
   46    1.00000000    0.00000000    0.00000001    0.00000003    0.00000000
   47    0.00000000    1.00000000    0.24836239   -0.00000000    0.00000000
   48    0.00000001    0.24836239    1.00000000    0.00000000   -0.00000000
   49    0.00000003   -0.00000000    0.00000000    1.00000000   -0.00000000
   50    0.00000000    0.00000000   -0.00000000   -0.00000000    1.00000000
   51    0.00000000    0.00000000   -0.00000000   -0.00000000    0.00000000
   52    0.00610975    0.00000000    0.00000000    0.00000000   -0.00000000
   53    0.10603984    0.00000000    0.00000000    0.00000000   -0.00000000
   54   -0.04861749   -0.00000000   -0.00000000   -0.00000000    0.00000000
   55    0.12622809    0.00000000    0.00000000    0.00000000    0.00000000
   56    0.00000000    0.00000000    0.00000000    0.00000000   -0.00000000
   57    0.00000015    0.06141275    0.48732169    0.07448467    0.45921418
   58    0.01461636    0.00000000    0.00000000    0.00000000   -0.00000000
   59    0.00000000    0.06131343    0.48692407   -0.44464249   -0.13599812
   60    0.05493263    0.00000000    0.00000000    0.00000000   -0.00000000
            51            52            53            54            55
    1   -0.00000000    0.00000000    0.00115883   -0.00272496    0.00065071
    2   -0.00000000    0.00115883    0.04688354   -0.06914498    0.01651154
    3    0.00000000    0.00272496    0.06914498   -0.09253678    0.02665418
    4   -0.00000000   -0.00065071   -0.01651154    0.02665418    0.01271734
    5    0.00000225   -0.00000000   -0.00000000    0.00000000   -0.00000000
    6   -0.00000000    0.00000000    0.00000000   -0.00000000    0.00000000
    7   -0.00000000    0.00000000    0.00000715   -0.00001894    0.00000037
    8    0.00000000    0.00000000    0.00001894   -0.00004805    0.00000098
    9   -0.00000000   -0.00000000   -0.00000037    0.00000098    0.00000223
   10    0.01908225   -0.00000000   -0.00000000    0.00000000   -0.00000000
   11    0.00000000    0.00000000    0.00000298   -0.00000963    0.00000472
   12    0.00000000    0.00000298    0.00173815   -0.00308024    0.00150889
   13   -0.00000000    0.00000963    0.00308024   -0.00503902    0.00275288
   14   -0.00000000   -0.00000472   -0.00150889    0.00275288   -0.00076782
   15    0.00005663   -0.00000000   -0.00000000    0.00000000   -0.00000000
   16   -0.00000000    0.00000000    0.00000004   -0.00000017   -0.00000004
   17   -0.00000000    0.00000004    0.00017692   -0.00039095   -0.00008705
   18    0.00000000    0.00000017    0.00039095   -0.00081630   -0.00019436
   19   -0.00000000    0.00000004    0.00008705   -0.00019436    0.00001336
   20    0.00058071    0.00000000    0.00000000   -0.00000000   -0.00000000
   21    0.00000000    0.00000000    0.00000000   -0.00000000    0.00000000
   22    0.00000000    0.00000000    0.00002499   -0.00005993    0.00001791
   23   -0.00000000    0.00000000    0.00005993   -0.00013643    0.00004314
   24   -0.00000000   -0.00000000   -0.00001791    0.00004314   -0.00000500
   25    0.00478298   -0.00000000   -0.00000000    0.00000000   -0.00000000
   26   -0.00000000    0.00000000    0.00012010   -0.00034061   -0.00008401
   27   -0.00000000    0.00012010    0.01304826   -0.02162878   -0.00533490
   28    0.00000000    0.00034061    0.02162878   -0.03331899   -0.00939814
   29   -0.00000000    0.00008401    0.00533490   -0.00939814    0.00246486
   30    0.00000789    0.00000000    0.00000000   -0.00000000   -0.00000000
   31    0.00000000    0.00000570    0.00116395   -0.00160831    0.00143453
   32   -0.00000000    0.00000002    0.00003531   -0.00007303   -0.00003088
   33    0.00000000    0.00000000    0.00000177   -0.00000420    0.00000175
   34   -0.00000000    0.00089160    0.02791633   -0.03393167   -0.02349014
   35   -0.00000000    0.00000000    0.00000000   -0.00000000   -0.00000000
   36   -0.00000000    0.00000000    0.00000001   -0.00000002   -0.00000000
   37    0.00000000    0.00000000    0.00000002   -0.00000007   -0.00000000
   38   -0.00000000    0.00000000    0.00000000   -0.00000000    0.00000000
   39    0.23548701   -0.00000000   -0.00000000    0.00000000    0.00000000
   40   -0.00000000    0.00000224    0.04283571   -0.05303932    0.04725353
   41   -0.00000000    0.04283571    0.39315374   -0.30450598    0.27128898
   42    0.00000000    0.05303932    0.30450598   -0.07880688    0.28000918
   43    0.00000000   -0.04725353   -0.27128898    0.28000918   -0.01397740
   44    0.00000000   -0.00000000   -0.00000000    0.00000000   -0.00000000
   45   -0.00000000    0.00000000    0.00000001   -0.00000003   -0.00000000
   46    0.00000000    0.00610975    0.10603984   -0.04861749    0.12622809
   47    0.00000000    0.00000000    0.00000000   -0.00000000    0.00000000
   48   -0.00000000    0.00000000    0.00000000   -0.00000000    0.00000000
   49   -0.00000000    0.00000000    0.00000000   -0.00000000    0.00000000
   50    0.00000000   -0.00000000   -0.00000000    0.00000000    0.00000000
   51    1.00000000   -0.00000000   -0.00000000    0.00000000   -0.00000000
   52   -0.00000000    1.00000000    0.24836239    0.00000000   -0.00000000
   53   -0.00000000    0.24836239    1.00000000   -0.00000000    0.00000000
   54    0.00000000    0.00000000   -0.00000000    1.00000000   -0.00000000
   55   -0.00000000   -0.00000000    0.00000000   -0.00000000    1.00000000
   56    0.00000000   -0.00000000    0.00000000   -0.00000000    0.00000000
   57    0.00000000    0.00000000    0.00000000   -0.00000000    0.00000000
   58   -0.00000000    0.06141275    0.48732169   -0.07448467   -0.45921418
   59   -0.00000000    0.00000000    0.00000000   -0.00000000    0.00000000
   60   -0.00000000    0.06131343    0.48692407    0.44464249    0.13599812
            56            57            58            59            60
    1    0.00000000    0.00000001    0.00074066    0.00000000    0.00005752
    2    0.00000000    0.00002394    0.02467967    0.00000031    0.00480794
    3    0.00000000   -0.00005338    0.02981712   -0.00000084    0.00810868
    4   -0.00000000    0.00001236   -0.02172123   -0.00000003   -0.00062016
    5    0.01908225    0.00000000   -0.00000000    0.00000000   -0.00000000
    6    0.00000000    0.00074066    0.00000001    0.00005752    0.00000000
    7    0.00000000    0.02467967    0.00002394    0.00480794    0.00000031
    8    0.00000000   -0.02981712    0.00005338   -0.00810868    0.00000084
    9   -0.00000000    0.02172123   -0.00001236    0.00062016    0.00000003
   10    0.00000225    0.00000000   -0.00000000    0.00000000   -0.00000000
   11    0.00000000    0.00000294    0.00000237    0.00000000    0.00000028
   12    0.00000000    0.00077915    0.00068401    0.00000753    0.00019170
   13    0.00000000   -0.00147753    0.00099537   -0.00001767    0.00037729
   14   -0.00000000    0.00003865   -0.00084804   -0.00000422   -0.00011405
   15    0.00058071    0.00000000   -0.00000000   -0.00000000   -0.00000000
   16   -0.00000000    0.00000237    0.00000294    0.00000028    0.00000000
   17   -0.00000000    0.00068401    0.00077915    0.00019170    0.00000753
   18   -0.00000000   -0.00099537    0.00147753   -0.00037729    0.00001767
   19   -0.00000000    0.00084804   -0.00003865    0.00011405    0.00000422
   20    0.00005663    0.00000000   -0.00000000    0.00000000    0.00000000
   21    0.00000000    0.00076401    0.00000001    0.00000329    0.00000000
   22    0.00000000    0.02519237    0.00002475    0.00083477    0.00000176
   23    0.00000000   -0.03730615    0.00004965   -0.00152551    0.00000443
   24   -0.00000000    0.00459334   -0.00002706   -0.00039976   -0.00000084
   25    0.00000789    0.00000000   -0.00000000   -0.00000000   -0.00000000
   26   -0.00000000    0.00000001    0.00076401    0.00000000    0.00000329
   27   -0.00000000    0.00002475    0.02519237    0.00000176    0.00083477
   28   -0.00000000   -0.00004965    0.03730615   -0.00000443    0.00152551
   29   -0.00000000    0.00002706   -0.00459334    0.00000084    0.00039976
   30    0.00478298    0.00000000   -0.00000000    0.00000000    0.00000000
   31    0.00000000    0.00029688    0.00023842    0.00000158    0.00025053
   32   -0.00000000    0.00023842    0.00029688    0.00025053    0.00000158
   33    0.00000000    0.08943585    0.00000137    0.00263748    0.00000016
   34   -0.00000000    0.00000137    0.08943585    0.00000016    0.00263748
   35    0.00000000    0.00560597    0.00000000    0.00577179    0.00000000
   36    0.00000000    0.09965603    0.00000008    0.10177199    0.00000000
   37    0.00000000   -0.04954183    0.00000023   -0.12571270    0.00000000
   38    0.00000000    0.11820242   -0.00000003    0.03512406    0.00000000
   39    0.00000000    0.00000000   -0.00000000    0.00000000   -0.00000000
   40    0.00000000    0.00000000    0.00560597    0.00000000    0.00577179
   41    0.00000000    0.00000008    0.09965603    0.00000000    0.10177199
   42    0.00000000   -0.00000023    0.04954183   -0.00000000    0.12571270
   43   -0.00000000    0.00000003   -0.11820242   -0.00000000   -0.03512406
   44    0.23548701    0.00000000   -0.00000000    0.00000000   -0.00000000
   45   -0.00000000    0.01461636    0.00000015    0.05493263    0.00000000
   46    0.00000000    0.00000015    0.01461636    0.00000000    0.05493263
   47    0.00000000    0.06141275    0.00000000    0.06131343    0.00000000
   48    0.00000000    0.48732169    0.00000000    0.48692407    0.00000000
   49    0.00000000    0.07448467    0.00000000   -0.44464249    0.00000000
   50   -0.00000000    0.45921418   -0.00000000   -0.13599812   -0.00000000
   51    0.00000000    0.00000000   -0.00000000   -0.00000000   -0.00000000
   52   -0.00000000    0.00000000    0.06141275    0.00000000    0.06131343
   53    0.00000000    0.00000000    0.48732169    0.00000000    0.48692407
   54   -0.00000000   -0.00000000   -0.07448467   -0.00000000    0.44464249
   55    0.00000000    0.00000000   -0.45921418    0.00000000    0.13599812
   56    1.00000000    0.00000000   -0.00000000    0.00000000    0.00000000
   57    0.00000000    1.00000000    0.00000000    0.14896578    0.00000000
   58   -0.00000000    0.00000000    1.00000000    0.00000000    0.14896578
   59    0.00000000    0.14896578    0.00000000    1.00000000    0.00000000
   60    0.00000000    0.00000000    0.14896578    0.00000000    1.00000000
 Sao packed
             1             2             3             4             5
    1    1.00000000    0.24836239    1.00000000   -0.00000000    0.00000000
             6             7             8             9            10
    1    1.00000000   -0.00000000   -0.00000000    0.00000000    1.00000000
 BOao
             1             2             3             4             5
    1    1.03305912   -0.10315295   -0.00055663    0.00019021   -0.00000000
    2   -0.10315295    0.42110457    0.00932950    0.00114232    0.00000000
    3   -0.00055663    0.00932950    0.29827293   -0.00133944   -0.00000000
    4    0.00019021    0.00114232   -0.00133944    0.30190169   -0.00000000
    5   -0.00000000    0.00000000   -0.00000000   -0.00000000    0.38630771
    6   -0.00209778    0.00736641   -0.00620218   -0.00109802    0.00000000
    7    0.00736641   -0.02566463    0.02326842    0.00427902   -0.00000000
    8    0.00620218   -0.02326842    0.01980013    0.00822163    0.00000000
    9    0.00109802   -0.00427902    0.00822163   -0.02772255    0.00000000
   10    0.00000000   -0.00000000   -0.00000000   -0.00000000   -0.15770521
   11    0.01231134   -0.03249311    0.03643667   -0.04346929   -0.00000000
   12   -0.03262670    0.04548995   -0.09303006    0.11206106   -0.00000000
   13   -0.03654574    0.09136701   -0.09068870    0.12328055    0.00000000
   14    0.04261570   -0.11147657    0.11919273   -0.13307940   -0.00000000
   15   -0.00000000   -0.00000000    0.00000000   -0.00000000    0.23578108
   16   -0.00231454    0.00717916   -0.00748500   -0.00775855   -0.00000000
   17    0.00702970   -0.01724066    0.03003466    0.02537381   -0.00000000
   18    0.00998043   -0.03463751    0.02836622    0.02935877    0.00000000
   19    0.00689342   -0.02918073    0.00854608    0.02403023   -0.00000000
   20    0.00000000    0.00000000    0.00000000    0.00000000   -0.02813039
   21   -0.00227533    0.00700312   -0.00991348    0.00475862   -0.00000000
   22    0.00690006   -0.01676526    0.03767131   -0.01371808    0.00000000
   23    0.01147620   -0.04129287    0.04111421   -0.02369365   -0.00000000
   24   -0.00329612    0.01643659   -0.00342305    0.01286667   -0.00000000
   25   -0.00000000   -0.00000000    0.00000000   -0.00000000   -0.02938754
   26    0.01240096   -0.03262008    0.01895128    0.05299255   -0.00000000
   27   -0.03290508    0.04578053   -0.04690336   -0.13577906   -0.00000000
   28   -0.02071199    0.05086403   -0.01640501   -0.08258796   -0.00000000
   29   -0.05242806    0.13493761   -0.07715238   -0.20491084    0.00000000
   30   -0.00000000    0.00000000    0.00000000   -0.00000000    0.23640176
   31    0.01335609   -0.05020058    0.01748518   -0.06373919   -0.00000000
   32   -0.00918635    0.03534911   -0.01816379   -0.04588972    0.00000000
   33   -0.00910170    0.03515771   -0.03279836    0.03703680   -0.00000000
   34    0.01314484   -0.04920950   -0.00498080    0.06532415   -0.00000000
   35    0.00003759   -0.00004155    0.00040575   -0.00025663   -0.00000000
   36    0.00027438   -0.00133056    0.00009664    0.00122710   -0.00000000
   37   -0.00103236    0.00413729   -0.00403418   -0.00118280    0.00000000
   38   -0.00075566    0.00324842   -0.00197953   -0.00183572   -0.00000000
   39    0.00000000   -0.00000000    0.00000000    0.00000000    0.00658048
   40    0.01081861   -0.02972318   -0.05197623   -0.00995050    0.00000000
   41   -0.02981782    0.05012983    0.14380039    0.02511379    0.00000000
   42    0.05152086   -0.14228977   -0.22355251   -0.04162651    0.00000000
   43    0.01366704   -0.04549490   -0.06062688   -0.00506648   -0.00000000
   44    0.00000000   -0.00000000   -0.00000000   -0.00000000    0.09597217
   45    0.00057957   -0.00296049    0.00173922   -0.00290335    0.00000000
   46    0.01434686   -0.05772956   -0.05692220   -0.03545242   -0.00000000
   47   -0.00016642    0.00067602   -0.00061808    0.00028261    0.00000000
   48    0.00059964   -0.00233565    0.00234702   -0.00119093   -0.00000000
   49    0.00035383   -0.00180275    0.00097841    0.00041188   -0.00000000
   50    0.00087125   -0.00367530    0.00295840   -0.00356842    0.00000000
   51    0.00000000   -0.00000000    0.00000000   -0.00000000    0.08303365
   52   -0.00239117    0.00782250    0.01101717   -0.00284113    0.00000000
   53    0.00650986   -0.01840544   -0.03503184    0.01480727    0.00000000
   54   -0.01113429    0.04467303    0.04687515   -0.00270005    0.00000000
   55    0.00070360    0.00193006   -0.01356525    0.00526525   -0.00000000
   56    0.00000000    0.00000000   -0.00000000    0.00000000   -0.03566804
   57    0.00059396   -0.00298038    0.00102522    0.00001991    0.00000000
   58    0.00726769   -0.03047538   -0.03554372   -0.00134958   -0.00000000
   59   -0.00081159    0.00354567   -0.00260519    0.00038233   -0.00000000
   60   -0.01087962    0.04494295    0.05488523    0.00479623   -0.00000000
             6             7             8             9            10
    1   -0.00209778    0.00736641    0.00620218    0.00109802    0.00000000
    2    0.00736641   -0.02566463   -0.02326842   -0.00427902   -0.00000000
    3   -0.00620218    0.02326842    0.01980013    0.00822163   -0.00000000
    4   -0.00109802    0.00427902    0.00822163   -0.02772255   -0.00000000
    5    0.00000000   -0.00000000    0.00000000    0.00000000   -0.15770521
    6    1.03305912   -0.10315295    0.00055663   -0.00019021    0.00000000
    7   -0.10315295    0.42110457   -0.00932950   -0.00114232    0.00000000
    8    0.00055663   -0.00932950    0.29827293   -0.00133944   -0.00000000
    9   -0.00019021   -0.00114232   -0.00133944    0.30190169   -0.00000000
   10    0.00000000    0.00000000   -0.00000000   -0.00000000    0.38630771
   11   -0.00231454    0.00717916    0.00748500    0.00775855    0.00000000
   12    0.00702970   -0.01724066   -0.03003466   -0.02537381   -0.00000000
   13   -0.00998043    0.03463751    0.02836622    0.02935877    0.00000000
   14   -0.00689342    0.02918073    0.00854608    0.02403023   -0.00000000
   15   -0.00000000    0.00000000   -0.00000000   -0.00000000   -0.02813039
   16    0.01231134   -0.03249311   -0.03643667    0.04346929   -0.00000000
   17   -0.03262670    0.04548995    0.09303006   -0.11206106    0.00000000
   18    0.03654574   -0.09136701   -0.09068870    0.12328055    0.00000000
   19   -0.04261570    0.11147657    0.11919273   -0.13307940   -0.00000000
   20   -0.00000000   -0.00000000    0.00000000    0.00000000    0.23578108
   21    0.01240096   -0.03262008   -0.01895128   -0.05299255   -0.00000000
   22   -0.03290508    0.04578053    0.04690336    0.13577906   -0.00000000
   23    0.02071199   -0.05086403   -0.01640501   -0.08258796    0.00000000
   24    0.05242806   -0.13493761   -0.07715238   -0.20491084    0.00000000
   25   -0.00000000   -0.00000000    0.00000000    0.00000000    0.23640176
   26   -0.00227533    0.00700312    0.00991348   -0.00475862    0.00000000
   27    0.00690006   -0.01676526   -0.03767131    0.01371808   -0.00000000
   28   -0.01147620    0.04129287    0.04111421   -0.02369365    0.00000000
   29    0.00329612   -0.01643659   -0.00342305    0.01286667   -0.00000000
   30    0.00000000   -0.00000000   -0.00000000   -0.00000000   -0.02938754
   31   -0.00918635    0.03534911    0.01816379    0.04588972   -0.00000000
   32    0.01335609   -0.05020058   -0.01748518    0.06373919   -0.00000000
   33    0.01314484   -0.04920950    0.00498080   -0.06532415   -0.00000000
   34   -0.00910170    0.03515771    0.03279836   -0.03703680    0.00000000
   35    0.01081861   -0.02972318    0.05197623    0.00995050   -0.00000000
   36   -0.02981782    0.05012983   -0.14380039   -0.02511379   -0.00000000
   37   -0.05152086    0.14228977   -0.22355251   -0.04162651    0.00000000
   38   -0.01366704    0.04549490   -0.06062688   -0.00506648    0.00000000
   39   -0.00000000    0.00000000    0.00000000    0.00000000    0.09597217
   40    0.00003759   -0.00004155   -0.00040575    0.00025663   -0.00000000
   41    0.00027438   -0.00133056   -0.00009664   -0.00122710   -0.00000000
   42    0.00103236   -0.00413729   -0.00403418   -0.00118280    0.00000000
   43    0.00075566   -0.00324842   -0.00197953   -0.00183572    0.00000000
   44   -0.00000000    0.00000000   -0.00000000   -0.00000000    0.00658048
   45    0.01434686   -0.05772956    0.05692220    0.03545242   -0.00000000
   46    0.00057957   -0.00296049   -0.00173922    0.00290335    0.00000000
   47   -0.00239117    0.00782250   -0.01101717    0.00284113    0.00000000
   48    0.00650986   -0.01840544    0.03503184   -0.01480727    0.00000000
   49    0.01113429   -0.04467303    0.04687515   -0.00270005    0.00000000
   50   -0.00070360   -0.00193006   -0.01356525    0.00526525   -0.00000000
   51   -0.00000000    0.00000000    0.00000000    0.00000000   -0.03566804
   52   -0.00016642    0.00067602    0.00061808   -0.00028261   -0.00000000
   53    0.00059964   -0.00233565   -0.00234702    0.00119093    0.00000000
   54   -0.00035383    0.00180275    0.00097841    0.00041188   -0.00000000
   55   -0.00087125    0.00367530    0.00295840   -0.00356842   -0.00000000
   56   -0.00000000    0.00000000    0.00000000    0.00000000    0.08303365
   57    0.00726769   -0.03047538    0.03554372    0.00134958   -0.00000000
   58    0.00059396   -0.00298038   -0.00102522   -0.00001991   -0.00000000
   59   -0.01087962    0.04494295   -0.05488523   -0.00479623    0.00000000
   60   -0.00081159    0.00354567    0.00260519   -0.00038233   -0.00000000
            11            12            13            14            15
    1    0.01231134   -0.03262670   -0.03654574    0.04261570   -0.00000000
    2   -0.03249311    0.04548995    0.09136701   -0.11147657   -0.00000000
    3    0.03643667   -0.09303006   -0.09068870    0.11919273    0.00000000
    4   -0.04346929    0.11206106    0.12328055   -0.13307940   -0.00000000
    5   -0.00000000   -0.00000000    0.00000000   -0.00000000    0.23578108
    6   -0.00231454    0.00702970   -0.00998043   -0.00689342   -0.00000000
    7    0.00717916   -0.01724066    0.03463751    0.02918073    0.00000000
    8    0.00748500   -0.03003466    0.02836622    0.00854608   -0.00000000
    9    0.00775855   -0.02537381    0.02935877    0.02403023   -0.00000000
   10    0.00000000   -0.00000000    0.00000000   -0.00000000   -0.02813039
   11    1.03345645   -0.10278329   -0.00146304   -0.00224627   -0.00000000
   12   -0.10278329    0.41609217    0.00857687    0.01204835    0.00000000
   13   -0.00146304    0.00857687    0.30139355    0.00399290   -0.00000000
   14   -0.00224627    0.01204835    0.00399290    0.30791688   -0.00000000
   15   -0.00000000    0.00000000   -0.00000000   -0.00000000    0.39943689
   16   -0.00213536    0.00734048   -0.00198049   -0.00579012   -0.00000000
   17    0.00734048   -0.02480632    0.00701490    0.02154512    0.00000000
   18    0.00198049   -0.00701490   -0.02003692    0.01508272    0.00000000
   19    0.00579012   -0.02154512    0.01508272    0.01415586    0.00000000
   20    0.00000000   -0.00000000    0.00000000    0.00000000   -0.15762455
   21    0.01274143   -0.03330893    0.05699833    0.01106003    0.00000000
   22   -0.03334862    0.04443482   -0.14429371   -0.03230647   -0.00000000
   23   -0.05704679    0.14512680   -0.22447702   -0.03973398    0.00000000
   24   -0.00834886    0.01686427   -0.04015974    0.00358895    0.00000000
   25    0.00000000    0.00000000    0.00000000   -0.00000000    0.26531467
   26   -0.00256875    0.00869876    0.00349474   -0.01133411    0.00000000
   27    0.00873517   -0.02494093   -0.01021512    0.04439237   -0.00000000
   28   -0.00062113    0.00582131    0.00612544    0.00583997    0.00000000
   29    0.01214576   -0.04644134   -0.02079665    0.04513059    0.00000000
   30   -0.00000000   -0.00000000    0.00000000    0.00000000   -0.02490355
   31   -0.05695247    0.14406005    0.09306809    0.25828673    0.00000000
   32   -0.00117878    0.00399655   -0.00283538   -0.00285395   -0.00000000
   33    0.01400301   -0.05156231    0.05944591   -0.01864572   -0.00000000
   34   -0.00906329    0.03461209    0.02935911   -0.03799996    0.00000000
   35    0.00148393   -0.00541148    0.00742642    0.00172444    0.00000000
   36   -0.00564151    0.01929499   -0.03045366   -0.00738363    0.00000000
   37   -0.00668215    0.02603811   -0.03443214   -0.00694502    0.00000000
   38   -0.00278428    0.01203037   -0.01206656   -0.00067123    0.00000000
   39    0.00000000    0.00000000   -0.00000000   -0.00000000   -0.02394717
   40   -0.00298361    0.01078495    0.01187541   -0.00213593    0.00000000
   41    0.01156599   -0.03829093   -0.05062576    0.00724460   -0.00000000
   42   -0.01105436    0.04222660    0.04158428   -0.02585675   -0.00000000
   43    0.00486975   -0.02225005   -0.00602272   -0.00681609    0.00000000
   44    0.00000000    0.00000000   -0.00000000   -0.00000000   -0.02069319
   45    0.00341421   -0.01387998    0.01556835    0.00458884   -0.00000000
   46    0.00694471   -0.02650932   -0.02059111    0.00917749    0.00000000
   47    0.00037898   -0.00125712    0.00140896    0.00030881    0.00000000
   48   -0.00148764    0.00482651   -0.00603621   -0.00122677    0.00000000
   49   -0.00057858    0.00159676   -0.00110986   -0.00206107    0.00000000
   50   -0.00132240    0.00517223   -0.00744590    0.00045306   -0.00000000
   51   -0.00000000    0.00000000   -0.00000000   -0.00000000    0.00680223
   52    0.00167688   -0.00641405   -0.00552764    0.00338182    0.00000000
   53   -0.00601859    0.02133253    0.02218320   -0.01223164    0.00000000
   54    0.00573997   -0.02353825   -0.01726967    0.01462710   -0.00000000
   55   -0.00435266    0.01724114    0.01581898   -0.00840090    0.00000000
   56    0.00000000   -0.00000000   -0.00000000   -0.00000000   -0.10151378
   57    0.00029939   -0.00095307    0.00354139   -0.00069184   -0.00000000
   58   -0.00001669   -0.00126603    0.00218884   -0.00589774   -0.00000000
   59   -0.00022447    0.00133673   -0.00191262    0.00008135    0.00000000
   60    0.00285791   -0.01156399   -0.01108717    0.01246845   -0.00000000
            16            17            18            19            20
    1   -0.00231454    0.00702970    0.00998043    0.00689342    0.00000000
    2    0.00717916   -0.01724066   -0.03463751   -0.02918073    0.00000000
    3   -0.00748500    0.03003466    0.02836622    0.00854608    0.00000000
    4   -0.00775855    0.02537381    0.02935877    0.02403023    0.00000000
    5   -0.00000000   -0.00000000    0.00000000   -0.00000000   -0.02813039
    6    0.01231134   -0.03262670    0.03654574   -0.04261570   -0.00000000
    7   -0.03249311    0.04548995   -0.09136701    0.11147657   -0.00000000
    8   -0.03643667    0.09303006   -0.09068870    0.11919273    0.00000000
    9    0.04346929   -0.11206106    0.12328055   -0.13307940    0.00000000
   10   -0.00000000    0.00000000    0.00000000   -0.00000000    0.23578108
   11   -0.00213536    0.00734048    0.00198049    0.00579012    0.00000000
   12    0.00734048   -0.02480632   -0.00701490   -0.02154512   -0.00000000
   13   -0.00198049    0.00701490   -0.02003692    0.01508272    0.00000000
   14   -0.00579012    0.02154512    0.01508272    0.01415586    0.00000000
   15   -0.00000000    0.00000000    0.00000000    0.00000000   -0.15762455
   16    1.03345645   -0.10278329    0.00146304    0.00224627    0.00000000
   17   -0.10278329    0.41609217   -0.00857687   -0.01204835   -0.00000000
   18    0.00146304   -0.00857687    0.30139355    0.00399290   -0.00000000
   19    0.00224627   -0.01204835    0.00399290    0.30791688   -0.00000000
   20    0.00000000   -0.00000000   -0.00000000   -0.00000000    0.39943689
   21   -0.00256875    0.00869876   -0.00349474    0.01133411   -0.00000000
   22    0.00873517   -0.02494093    0.01021512   -0.04439237    0.00000000
   23    0.00062113   -0.00582131    0.00612544    0.00583997    0.00000000
   24   -0.01214576    0.04644134   -0.02079665    0.04513059   -0.00000000
   25    0.00000000    0.00000000    0.00000000   -0.00000000   -0.02490355
   26    0.01274143   -0.03330893   -0.05699833   -0.01106003   -0.00000000
   27   -0.03334862    0.04443482    0.14429371    0.03230647    0.00000000
   28    0.05704679   -0.14512680   -0.22447702   -0.03973398   -0.00000000
   29    0.00834886   -0.01686427   -0.04015974    0.00358895   -0.00000000
   30   -0.00000000   -0.00000000   -0.00000000    0.00000000    0.26531467
   31   -0.00117878    0.00399655    0.00283538    0.00285395   -0.00000000
   32   -0.05695247    0.14406005   -0.09306809   -0.25828673   -0.00000000
   33   -0.00906329    0.03461209   -0.02935911    0.03799996    0.00000000
   34    0.01400301   -0.05156231   -0.05944591    0.01864572    0.00000000
   35   -0.00298361    0.01078495   -0.01187541    0.00213593   -0.00000000
   36    0.01156599   -0.03829093    0.05062576   -0.00724460   -0.00000000
   37    0.01105436   -0.04222660    0.04158428   -0.02585675   -0.00000000
   38   -0.00486975    0.02225005   -0.00602272   -0.00681609   -0.00000000
   39   -0.00000000    0.00000000    0.00000000   -0.00000000   -0.02069319
   40    0.00148393   -0.00541148   -0.00742642   -0.00172444    0.00000000
   41   -0.00564151    0.01929499    0.03045366    0.00738363    0.00000000
   42    0.00668215   -0.02603811   -0.03443214   -0.00694502    0.00000000
   43    0.00278428   -0.01203037   -0.01206656   -0.00067123   -0.00000000
   44    0.00000000    0.00000000    0.00000000    0.00000000   -0.02394717
   45    0.00694471   -0.02650932    0.02059111   -0.00917749    0.00000000
   46    0.00341421   -0.01387998   -0.01556835   -0.00458884   -0.00000000
   47    0.00167688   -0.00641405    0.00552764   -0.00338182   -0.00000000
   48   -0.00601859    0.02133253   -0.02218320    0.01223164   -0.00000000
   49   -0.00573997    0.02353825   -0.01726967    0.01462710   -0.00000000
   50    0.00435266   -0.01724114    0.01581898   -0.00840090    0.00000000
   51   -0.00000000    0.00000000    0.00000000   -0.00000000   -0.10151378
   52    0.00037898   -0.00125712   -0.00140896   -0.00030881    0.00000000
   53   -0.00148764    0.00482651    0.00603621    0.00122677   -0.00000000
   54    0.00057858   -0.00159676   -0.00110986   -0.00206107    0.00000000
   55    0.00132240   -0.00517223   -0.00744590    0.00045306   -0.00000000
   56   -0.00000000    0.00000000    0.00000000   -0.00000000    0.00680223
   57   -0.00001669   -0.00126603   -0.00218884    0.00589774    0.00000000
   58    0.00029939   -0.00095307   -0.00354139    0.00069184   -0.00000000
   59    0.00285791   -0.01156399    0.01108717   -0.01246845   -0.00000000
   60   -0.00022447    0.00133673    0.00191262   -0.00008135    0.00000000
            21            22            23            24            25
    1   -0.00227533    0.00690006    0.01147620   -0.00329612   -0.00000000
    2    0.00700312   -0.01676526   -0.04129287    0.01643659   -0.00000000
    3   -0.00991348    0.03767131    0.04111421   -0.00342305    0.00000000
    4    0.00475862   -0.01371808   -0.02369365    0.01286667   -0.00000000
    5   -0.00000000    0.00000000   -0.00000000   -0.00000000   -0.02938754
    6    0.01240096   -0.03290508    0.02071199    0.05242806   -0.00000000
    7   -0.03262008    0.04578053   -0.05086403   -0.13493761   -0.00000000
    8   -0.01895128    0.04690336   -0.01640501   -0.07715238    0.00000000
    9   -0.05299255    0.13577906   -0.08258796   -0.20491084    0.00000000
   10   -0.00000000   -0.00000000    0.00000000    0.00000000    0.23640176
   11    0.01274143   -0.03334862   -0.05704679   -0.00834886    0.00000000
   12   -0.03330893    0.04443482    0.14512680    0.01686427    0.00000000
   13    0.05699833   -0.14429371   -0.22447702   -0.04015974    0.00000000
   14    0.01106003   -0.03230647   -0.03973398    0.00358895   -0.00000000
   15    0.00000000   -0.00000000    0.00000000    0.00000000    0.26531467
   16   -0.00256875    0.00873517    0.00062113   -0.01214576    0.00000000
   17    0.00869876   -0.02494093   -0.00582131    0.04644134    0.00000000
   18   -0.00349474    0.01021512    0.00612544   -0.02079665    0.00000000
   19    0.01133411   -0.04439237    0.00583997    0.04513059   -0.00000000
   20   -0.00000000    0.00000000    0.00000000   -0.00000000   -0.02490355
   21    1.03330649   -0.10208123    0.00160067   -0.00203899    0.00000000
   22   -0.10208123    0.41326649   -0.00971860    0.01003557    0.00000000
   23    0.00160067   -0.00971860    0.30379124   -0.00643104   -0.00000000
   24   -0.00203899    0.01003557   -0.00643104    0.30628214   -0.00000000
   25    0.00000000    0.00000000   -0.00000000   -0.00000000    0.39954965
   26   -0.00208137    0.00712098    0.00369595   -0.00465331    0.00000000
   27    0.00712098   -0.02393223   -0.01326782    0.01738116   -0.00000000
   28   -0.00369595    0.01326782   -0.00633576   -0.02163978    0.00000000
   29    0.00465331   -0.01738116   -0.02163978    0.00116773    0.00000000
   30   -0.00000000    0.00000000    0.00000000    0.00000000   -0.16052524
   31    0.01417445   -0.05223486   -0.04970897   -0.03779324    0.00000000
   32   -0.00895163    0.03406776   -0.01454132   -0.04529402   -0.00000000
   33   -0.05701698    0.14367191   -0.17336638    0.21272269    0.00000000
   34   -0.00110629    0.00370086    0.00321022   -0.00148606   -0.00000000
   35   -0.00251111    0.00838577   -0.00902488   -0.00680452    0.00000000
   36    0.00854885   -0.02571763    0.03681025    0.02311056    0.00000000
   37    0.00913589   -0.03285845    0.03015694    0.03254031   -0.00000000
   38    0.00739010   -0.03046164    0.01356846    0.02161306   -0.00000000
   39    0.00000000   -0.00000000   -0.00000000    0.00000000   -0.02344072
   40    0.00166446   -0.00621273   -0.00821647   -0.00112289    0.00000000
   41   -0.00665254    0.02342361    0.03501918    0.00434585   -0.00000000
   42    0.00685702   -0.02740699   -0.03421436   -0.00516957   -0.00000000
   43   -0.00029570    0.00215702   -0.00154963    0.00194219    0.00000000
   44    0.00000000   -0.00000000   -0.00000000    0.00000000   -0.01935301
   45   -0.00849340    0.03309126   -0.01840363   -0.04001466    0.00000000
   46   -0.00113289    0.00365566    0.00360867   -0.00299118   -0.00000000
   47   -0.00150806    0.00516518   -0.00466656   -0.00027746   -0.00000000
   48    0.00505388   -0.01740289    0.01770311    0.00200138   -0.00000000
   49    0.00399020   -0.01515087    0.01070411    0.00441797   -0.00000000
   50    0.00209729   -0.00779919    0.01180819   -0.02064837    0.00000000
   51   -0.00000000   -0.00000000   -0.00000000    0.00000000   -0.09782913
   52   -0.00067962    0.00271745    0.00310832    0.00020266   -0.00000000
   53    0.00256590   -0.00965442   -0.01243613   -0.00018784    0.00000000
   54   -0.00239461    0.01039445    0.01071087    0.00177154   -0.00000000
   55    0.00157491   -0.00615226   -0.00849107   -0.00057121   -0.00000000
   56   -0.00000000   -0.00000000   -0.00000000    0.00000000    0.00511697
   57    0.00187295   -0.00562272    0.00241174   -0.01594231    0.00000000
   58    0.00048228   -0.00180527   -0.00264356    0.00024481   -0.00000000
   59   -0.00139896    0.00517473   -0.00588464    0.01000382    0.00000000
   60   -0.00181566    0.00760754    0.00910056    0.00084171   -0.00000000
            26            27            28            29            30
    1    0.01240096   -0.03290508   -0.02071199   -0.05242806   -0.00000000
    2   -0.03262008    0.04578053    0.05086403    0.13493761    0.00000000
    3    0.01895128   -0.04690336   -0.01640501   -0.07715238    0.00000000
    4    0.05299255   -0.13577906   -0.08258796   -0.20491084   -0.00000000
    5   -0.00000000   -0.00000000   -0.00000000    0.00000000    0.23640176
    6   -0.00227533    0.00690006   -0.01147620    0.00329612    0.00000000
    7    0.00700312   -0.01676526    0.04129287   -0.01643659   -0.00000000
    8    0.00991348   -0.03767131    0.04111421   -0.00342305   -0.00000000
    9   -0.00475862    0.01371808   -0.02369365    0.01286667   -0.00000000
   10    0.00000000   -0.00000000    0.00000000   -0.00000000   -0.02938754
   11   -0.00256875    0.00873517   -0.00062113    0.01214576   -0.00000000
   12    0.00869876   -0.02494093    0.00582131   -0.04644134   -0.00000000
   13    0.00349474   -0.01021512    0.00612544   -0.02079665    0.00000000
   14   -0.01133411    0.04439237    0.00583997    0.04513059    0.00000000
   15    0.00000000   -0.00000000    0.00000000    0.00000000   -0.02490355
   16    0.01274143   -0.03334862    0.05704679    0.00834886   -0.00000000
   17   -0.03330893    0.04443482   -0.14512680   -0.01686427   -0.00000000
   18   -0.05699833    0.14429371   -0.22447702   -0.04015974   -0.00000000
   19   -0.01106003    0.03230647   -0.03973398    0.00358895    0.00000000
   20   -0.00000000    0.00000000   -0.00000000   -0.00000000    0.26531467
   21   -0.00208137    0.00712098   -0.00369595    0.00465331   -0.00000000
   22    0.00712098   -0.02393223    0.01326782   -0.01738116    0.00000000
   23    0.00369595   -0.01326782   -0.00633576   -0.02163978    0.00000000
   24   -0.00465331    0.01738116   -0.02163978    0.00116773    0.00000000
   25    0.00000000   -0.00000000    0.00000000    0.00000000   -0.16052524
   26    1.03330649   -0.10208123   -0.00160067    0.00203899   -0.00000000
   27   -0.10208123    0.41326649    0.00971860   -0.01003557    0.00000000
   28   -0.00160067    0.00971860    0.30379124   -0.00643104   -0.00000000
   29    0.00203899   -0.01003557   -0.00643104    0.30628214   -0.00000000
   30   -0.00000000    0.00000000   -0.00000000   -0.00000000    0.39954965
   31   -0.00895163    0.03406776    0.01454132    0.04529402   -0.00000000
   32    0.01417445   -0.05223486    0.04970897    0.03779324   -0.00000000
   33   -0.00110629    0.00370086   -0.00321022    0.00148606   -0.00000000
   34   -0.05701698    0.14367191    0.17336638   -0.21272269    0.00000000
   35    0.00166446   -0.00621273    0.00821647    0.00112289    0.00000000
   36   -0.00665254    0.02342361   -0.03501918   -0.00434585   -0.00000000
   37   -0.00685702    0.02740699   -0.03421436   -0.00516957    0.00000000
   38    0.00029570   -0.00215702   -0.00154963    0.00194219    0.00000000
   39    0.00000000   -0.00000000    0.00000000    0.00000000   -0.01935301
   40   -0.00251111    0.00838577    0.00902488    0.00680452   -0.00000000
   41    0.00854885   -0.02571763   -0.03681025   -0.02311056    0.00000000
   42   -0.00913589    0.03285845    0.03015694    0.03254031    0.00000000
   43   -0.00739010    0.03046164    0.01356846    0.02161306   -0.00000000
   44    0.00000000   -0.00000000    0.00000000    0.00000000   -0.02344072
   45   -0.00113289    0.00365566   -0.00360867    0.00299118    0.00000000
   46   -0.00849340    0.03309126    0.01840363    0.04001466    0.00000000
   47   -0.00067962    0.00271745   -0.00310832   -0.00020266    0.00000000
   48    0.00256590   -0.00965442    0.01243613    0.00018784   -0.00000000
   49    0.00239461   -0.01039445    0.01071087    0.00177154    0.00000000
   50   -0.00157491    0.00615226   -0.00849107   -0.00057121   -0.00000000
   51    0.00000000   -0.00000000    0.00000000    0.00000000    0.00511697
   52   -0.00150806    0.00516518    0.00466656    0.00027746    0.00000000
   53    0.00505388   -0.01740289   -0.01770311   -0.00200138   -0.00000000
   54   -0.00399020    0.01515087    0.01070411    0.00441797    0.00000000
   55   -0.00209729    0.00779919    0.01180819   -0.02064837   -0.00000000
   56    0.00000000   -0.00000000    0.00000000    0.00000000   -0.09782913
   57    0.00048228   -0.00180527    0.00264356   -0.00024481   -0.00000000
   58    0.00187295   -0.00562272   -0.00241174    0.01594231   -0.00000000
   59   -0.00181566    0.00760754   -0.00910056   -0.00084171    0.00000000
   60   -0.00139896    0.00517473    0.00588464   -0.01000382    0.00000000
            31            32            33            34            35
    1    0.01335609   -0.00918635   -0.00910170    0.01314484    0.00003759
    2   -0.05020058    0.03534911    0.03515771   -0.04920950   -0.00004155
    3    0.01748518   -0.01816379   -0.03279836   -0.00498080    0.00040575
    4   -0.06373919   -0.04588972    0.03703680    0.06532415   -0.00025663
    5   -0.00000000    0.00000000   -0.00000000   -0.00000000   -0.00000000
    6   -0.00918635    0.01335609    0.01314484   -0.00910170    0.01081861
    7    0.03534911   -0.05020058   -0.04920950    0.03515771   -0.02972318
    8    0.01816379   -0.01748518    0.00498080    0.03279836    0.05197623
    9    0.04588972    0.06373919   -0.06532415   -0.03703680    0.00995050
   10   -0.00000000   -0.00000000   -0.00000000    0.00000000   -0.00000000
   11   -0.05695247   -0.00117878    0.01400301   -0.00906329    0.00148393
   12    0.14406005    0.00399655   -0.05156231    0.03461209   -0.00541148
   13    0.09306809   -0.00283538    0.05944591    0.02935911    0.00742642
   14    0.25828673   -0.00285395   -0.01864572   -0.03799996    0.00172444
   15    0.00000000   -0.00000000   -0.00000000    0.00000000    0.00000000
   16   -0.00117878   -0.05695247   -0.00906329    0.01400301   -0.00298361
   17    0.00399655    0.14406005    0.03461209   -0.05156231    0.01078495
   18    0.00283538   -0.09306809   -0.02935911   -0.05944591   -0.01187541
   19    0.00285395   -0.25828673    0.03799996    0.01864572    0.00213593
   20   -0.00000000   -0.00000000    0.00000000    0.00000000   -0.00000000
   21    0.01417445   -0.00895163   -0.05701698   -0.00110629   -0.00251111
   22   -0.05223486    0.03406776    0.14367191    0.00370086    0.00838577
   23   -0.04970897   -0.01454132   -0.17336638    0.00321022   -0.00902488
   24   -0.03779324   -0.04529402    0.21272269   -0.00148606   -0.00680452
   25    0.00000000   -0.00000000    0.00000000   -0.00000000    0.00000000
   26   -0.00895163    0.01417445   -0.00110629   -0.05701698    0.00166446
   27    0.03406776   -0.05223486    0.00370086    0.14367191   -0.00621273
   28    0.01454132    0.04970897   -0.00321022    0.17336638    0.00821647
   29    0.04529402    0.03779324    0.00148606   -0.21272269    0.00112289
   30   -0.00000000   -0.00000000   -0.00000000    0.00000000    0.00000000
   31    0.29417853    0.00890946   -0.03728512   -0.02379534    0.00328002
   32    0.00890946    0.29417853   -0.02379534   -0.03728512    0.00735366
   33   -0.03728512   -0.02379534    0.29339405    0.00923094    0.00569748
   34   -0.02379534   -0.03728512    0.00923094    0.29339405    0.00304952
   35    0.00328002    0.00735366    0.00569748    0.00304952    1.03357522
   36   -0.01343892   -0.02850281   -0.02267050   -0.01344458   -0.10292820
   37   -0.01676155   -0.02554687   -0.02548076   -0.01691505    0.00008354
   38   -0.00573197    0.00359201   -0.01268672   -0.00390061    0.00218401
   39    0.00000000   -0.00000000   -0.00000000   -0.00000000   -0.00000000
   40    0.00735366    0.00328002    0.00304952    0.00569748    0.00031414
   41   -0.02850281   -0.01343892   -0.01344458   -0.02267050   -0.00149491
   42    0.02554687    0.01676155    0.01691505    0.02548076    0.00115093
   43   -0.00359201    0.00573197    0.00390061    0.01268672    0.00008472
   44    0.00000000   -0.00000000   -0.00000000    0.00000000   -0.00000000
   45    0.01236786    0.00826809    0.00390512   -0.00329227   -0.05565515
   46    0.00826809    0.01236786   -0.00329227    0.00390512    0.00020465
   47    0.00007601   -0.00134273    0.00215814   -0.00163920    0.01442954
   48   -0.00092120    0.00402404   -0.00736615    0.00661724   -0.03705555
   49   -0.00039068    0.00570257    0.00499068    0.00637525   -0.04718178
   50    0.00298310   -0.00056511   -0.01228273   -0.00487248    0.03951423
   51    0.00000000   -0.00000000   -0.00000000   -0.00000000   -0.00000000
   52   -0.00134273    0.00007601   -0.00163920    0.00215814    0.00001819
   53    0.00402404   -0.00092120    0.00661724   -0.00736615   -0.00007277
   54   -0.00570257    0.00039068   -0.00637525   -0.00499068   -0.00006529
   55    0.00056511   -0.00298310    0.00487248    0.01228273    0.00053327
   56    0.00000000   -0.00000000    0.00000000   -0.00000000   -0.00000000
   57    0.00389682    0.00164702    0.00326958    0.00262462    0.01219044
   58    0.00164702    0.00389682    0.00262462    0.00326958    0.00001925
   59   -0.00331161   -0.00447256   -0.00325025   -0.00592362    0.01442961
   60   -0.00447256   -0.00331161   -0.00592362   -0.00325025   -0.00000033
            36            37            38            39            40
    1    0.00027438   -0.00103236   -0.00075566    0.00000000    0.01081861
    2   -0.00133056    0.00413729    0.00324842   -0.00000000   -0.02972318
    3    0.00009664   -0.00403418   -0.00197953    0.00000000   -0.05197623
    4    0.00122710   -0.00118280   -0.00183572    0.00000000   -0.00995050
    5   -0.00000000    0.00000000   -0.00000000    0.00658048    0.00000000
    6   -0.02981782   -0.05152086   -0.01366704   -0.00000000    0.00003759
    7    0.05012983    0.14228977    0.04549490    0.00000000   -0.00004155
    8   -0.14380039   -0.22355251   -0.06062688    0.00000000   -0.00040575
    9   -0.02511379   -0.04162651   -0.00506648    0.00000000    0.00025663
   10   -0.00000000    0.00000000    0.00000000    0.09597217   -0.00000000
   11   -0.00564151   -0.00668215   -0.00278428    0.00000000   -0.00298361
   12    0.01929499    0.02603811    0.01203037    0.00000000    0.01078495
   13   -0.03045366   -0.03443214   -0.01206656   -0.00000000    0.01187541
   14   -0.00738363   -0.00694502   -0.00067123   -0.00000000   -0.00213593
   15    0.00000000    0.00000000    0.00000000   -0.02394717    0.00000000
   16    0.01156599    0.01105436   -0.00486975   -0.00000000    0.00148393
   17   -0.03829093   -0.04222660    0.02225005    0.00000000   -0.00541148
   18    0.05062576    0.04158428   -0.00602272    0.00000000   -0.00742642
   19   -0.00724460   -0.02585675   -0.00681609   -0.00000000   -0.00172444
   20   -0.00000000   -0.00000000   -0.00000000   -0.02069319    0.00000000
   21    0.00854885    0.00913589    0.00739010    0.00000000    0.00166446
   22   -0.02571763   -0.03285845   -0.03046164   -0.00000000   -0.00621273
   23    0.03681025    0.03015694    0.01356846   -0.00000000   -0.00821647
   24    0.02311056    0.03254031    0.02161306    0.00000000   -0.00112289
   25    0.00000000   -0.00000000   -0.00000000   -0.02344072    0.00000000
   26   -0.00665254   -0.00685702    0.00029570    0.00000000   -0.00251111
   27    0.02342361    0.02740699   -0.00215702   -0.00000000    0.00838577
   28   -0.03501918   -0.03421436   -0.00154963    0.00000000    0.00902488
   29   -0.00434585   -0.00516957    0.00194219    0.00000000    0.00680452
   30   -0.00000000    0.00000000    0.00000000   -0.01935301   -0.00000000
   31   -0.01343892   -0.01676155   -0.00573197    0.00000000    0.00735366
   32   -0.02850281   -0.02554687    0.00359201   -0.00000000    0.00328002
   33   -0.02267050   -0.02548076   -0.01268672   -0.00000000    0.00304952
   34   -0.01344458   -0.01691505   -0.00390061   -0.00000000    0.00569748
   35   -0.10292820    0.00008354    0.00218401   -0.00000000    0.00031414
   36    0.41609484    0.01183496   -0.01639730    0.00000000   -0.00149491
   37    0.01183496    0.29544035   -0.00087612   -0.00000000   -0.00115093
   38   -0.01639730   -0.00087612    0.31213823   -0.00000000   -0.00008472
   39    0.00000000   -0.00000000   -0.00000000    0.39324812    0.00000000
   40   -0.00149491   -0.00115093   -0.00008472    0.00000000    1.03357522
   41    0.00681902    0.00564679    0.00054112   -0.00000000   -0.10292820
   42   -0.00564679   -0.00352963    0.00029746   -0.00000000   -0.00008354
   43   -0.00054112    0.00029746    0.00041984    0.00000000   -0.00218401
   44    0.00000000    0.00000000    0.00000000    0.00970472   -0.00000000
   45    0.13916011   -0.06230205   -0.27129976   -0.00000000    0.00020465
   46   -0.00093112   -0.00014301    0.00051556    0.00000000   -0.05565515
   47   -0.03703535    0.04396806   -0.04323411   -0.00000000    0.00001819
   48    0.04603467   -0.10015854    0.10799854   -0.00000000   -0.00007277
   49    0.11542389   -0.11237528    0.12258696    0.00000000    0.00006529
   50   -0.09294788    0.11664086   -0.09474196    0.00000000   -0.00053327
   51    0.00000000   -0.00000000   -0.00000000    0.38007723    0.00000000
   52   -0.00005747   -0.00012204    0.00001673   -0.00000000    0.01442954
   53    0.00023388    0.00048745   -0.00018407    0.00000000   -0.03705555
   54    0.00033940    0.00025080    0.00006692   -0.00000000    0.04718178
   55   -0.00242656   -0.00268105   -0.00061946    0.00000000   -0.03951423
   56   -0.00000000   -0.00000000   -0.00000000   -0.00203154   -0.00000000
   57   -0.03902068    0.01938367   -0.06085314    0.00000000    0.00001925
   58   -0.00002265    0.00011692    0.00045985    0.00000000    0.01219044
   59   -0.04776676    0.05426510   -0.01117359    0.00000000   -0.00000033
   60    0.00011117   -0.00044738   -0.00025676   -0.00000000    0.01442961
            41            42            43            44            45
    1   -0.02981782    0.05152086    0.01366704    0.00000000    0.00057957
    2    0.05012983   -0.14228977   -0.04549490   -0.00000000   -0.00296049
    3    0.14380039   -0.22355251   -0.06062688   -0.00000000    0.00173922
    4    0.02511379   -0.04162651   -0.00506648   -0.00000000   -0.00290335
    5    0.00000000    0.00000000   -0.00000000    0.09597217    0.00000000
    6    0.00027438    0.00103236    0.00075566   -0.00000000    0.01434686
    7   -0.00133056   -0.00413729   -0.00324842    0.00000000   -0.05772956
    8   -0.00009664   -0.00403418   -0.00197953   -0.00000000    0.05692220
    9   -0.00122710   -0.00118280   -0.00183572   -0.00000000    0.03545242
   10   -0.00000000    0.00000000    0.00000000    0.00658048   -0.00000000
   11    0.01156599   -0.01105436    0.00486975    0.00000000    0.00341421
   12   -0.03829093    0.04222660   -0.02225005    0.00000000   -0.01387998
   13   -0.05062576    0.04158428   -0.00602272   -0.00000000    0.01556835
   14    0.00724460   -0.02585675   -0.00681609   -0.00000000    0.00458884
   15   -0.00000000   -0.00000000    0.00000000   -0.02069319   -0.00000000
   16   -0.00564151    0.00668215    0.00278428    0.00000000    0.00694471
   17    0.01929499   -0.02603811   -0.01203037    0.00000000   -0.02650932
   18    0.03045366   -0.03443214   -0.01206656    0.00000000    0.02059111
   19    0.00738363   -0.00694502   -0.00067123    0.00000000   -0.00917749
   20    0.00000000    0.00000000   -0.00000000   -0.02394717    0.00000000
   21   -0.00665254    0.00685702   -0.00029570    0.00000000   -0.00849340
   22    0.02342361   -0.02740699    0.00215702   -0.00000000    0.03309126
   23    0.03501918   -0.03421436   -0.00154963   -0.00000000   -0.01840363
   24    0.00434585   -0.00516957    0.00194219    0.00000000   -0.04001466
   25   -0.00000000   -0.00000000    0.00000000   -0.01935301    0.00000000
   26    0.00854885   -0.00913589   -0.00739010    0.00000000   -0.00113289
   27   -0.02571763    0.03285845    0.03046164   -0.00000000    0.00365566
   28   -0.03681025    0.03015694    0.01356846    0.00000000   -0.00360867
   29   -0.02311056    0.03254031    0.02161306    0.00000000    0.00299118
   30    0.00000000    0.00000000   -0.00000000   -0.02344072    0.00000000
   31   -0.02850281    0.02554687   -0.00359201    0.00000000    0.01236786
   32   -0.01343892    0.01676155    0.00573197   -0.00000000    0.00826809
   33   -0.01344458    0.01691505    0.00390061   -0.00000000    0.00390512
   34   -0.02267050    0.02548076    0.01268672    0.00000000   -0.00329227
   35   -0.00149491    0.00115093    0.00008472   -0.00000000   -0.05565515
   36    0.00681902   -0.00564679   -0.00054112    0.00000000    0.13916011
   37    0.00564679   -0.00352963    0.00029746    0.00000000   -0.06230205
   38    0.00054112    0.00029746    0.00041984    0.00000000   -0.27129976
   39   -0.00000000   -0.00000000    0.00000000    0.00970472   -0.00000000
   40   -0.10292820   -0.00008354   -0.00218401   -0.00000000    0.00020465
   41    0.41609484   -0.01183496    0.01639730    0.00000000   -0.00093112
   42   -0.01183496    0.29544035   -0.00087612   -0.00000000    0.00014301
   43    0.01639730   -0.00087612    0.31213823    0.00000000   -0.00051556
   44    0.00000000   -0.00000000    0.00000000    0.39324812   -0.00000000
   45   -0.00093112    0.00014301   -0.00051556   -0.00000000    0.29787314
   46    0.13916011    0.06230205    0.27129976    0.00000000    0.00017817
   47   -0.00005747    0.00012204   -0.00001673   -0.00000000    0.01486810
   48    0.00023388   -0.00048745    0.00018407    0.00000000   -0.05198129
   49   -0.00033940    0.00025080    0.00006692    0.00000000   -0.01876417
   50    0.00242656   -0.00268105   -0.00061946   -0.00000000    0.05995484
   51   -0.00000000   -0.00000000    0.00000000   -0.00203154   -0.00000000
   52   -0.03703535   -0.04396806    0.04323411   -0.00000000   -0.00011362
   53    0.04603467    0.10015854   -0.10799854   -0.00000000    0.00049229
   54   -0.11542389   -0.11237528    0.12258696   -0.00000000   -0.00028689
   55    0.09294788    0.11664086   -0.09474196    0.00000000   -0.00010156
   56    0.00000000   -0.00000000   -0.00000000    0.38007723    0.00000000
   57   -0.00002265   -0.00011692   -0.00045985   -0.00000000    0.07029467
   58   -0.03902068   -0.01938367    0.06085314    0.00000000   -0.00007741
   59    0.00011117    0.00044738    0.00025676    0.00000000   -0.04641827
   60   -0.04776676   -0.05426510    0.01117359    0.00000000   -0.00011595
            46            47            48            49            50
    1    0.01434686   -0.00016642    0.00059964    0.00035383    0.00087125
    2   -0.05772956    0.00067602   -0.00233565   -0.00180275   -0.00367530
    3   -0.05692220   -0.00061808    0.00234702    0.00097841    0.00295840
    4   -0.03545242    0.00028261   -0.00119093    0.00041188   -0.00356842
    5   -0.00000000    0.00000000   -0.00000000   -0.00000000    0.00000000
    6    0.00057957   -0.00239117    0.00650986    0.01113429   -0.00070360
    7   -0.00296049    0.00782250   -0.01840544   -0.04467303   -0.00193006
    8   -0.00173922   -0.01101717    0.03503184    0.04687515   -0.01356525
    9    0.00290335    0.00284113   -0.01480727   -0.00270005    0.00526525
   10    0.00000000    0.00000000    0.00000000    0.00000000   -0.00000000
   11    0.00694471    0.00037898   -0.00148764   -0.00057858   -0.00132240
   12   -0.02650932   -0.00125712    0.00482651    0.00159676    0.00517223
   13   -0.02059111    0.00140896   -0.00603621   -0.00110986   -0.00744590
   14    0.00917749    0.00030881   -0.00122677   -0.00206107    0.00045306
   15    0.00000000    0.00000000    0.00000000    0.00000000   -0.00000000
   16    0.00341421    0.00167688   -0.00601859   -0.00573997    0.00435266
   17   -0.01387998   -0.00641405    0.02133253    0.02353825   -0.01724114
   18   -0.01556835    0.00552764   -0.02218320   -0.01726967    0.01581898
   19   -0.00458884   -0.00338182    0.01223164    0.01462710   -0.00840090
   20   -0.00000000   -0.00000000   -0.00000000   -0.00000000    0.00000000
   21   -0.00113289   -0.00150806    0.00505388    0.00399020    0.00209729
   22    0.00365566    0.00516518   -0.01740289   -0.01515087   -0.00779919
   23    0.00360867   -0.00466656    0.01770311    0.01070411    0.01180819
   24   -0.00299118   -0.00027746    0.00200138    0.00441797   -0.02064837
   25   -0.00000000   -0.00000000   -0.00000000   -0.00000000    0.00000000
   26   -0.00849340   -0.00067962    0.00256590    0.00239461   -0.00157491
   27    0.03309126    0.00271745   -0.00965442   -0.01039445    0.00615226
   28    0.01840363   -0.00310832    0.01243613    0.01071087   -0.00849107
   29    0.04001466   -0.00020266    0.00018784    0.00177154   -0.00057121
   30    0.00000000    0.00000000   -0.00000000    0.00000000   -0.00000000
   31    0.00826809    0.00007601   -0.00092120   -0.00039068    0.00298310
   32    0.01236786   -0.00134273    0.00402404    0.00570257   -0.00056511
   33   -0.00329227    0.00215814   -0.00736615    0.00499068   -0.01228273
   34    0.00390512   -0.00163920    0.00661724    0.00637525   -0.00487248
   35    0.00020465    0.01442954   -0.03705555   -0.04718178    0.03951423
   36   -0.00093112   -0.03703535    0.04603467    0.11542389   -0.09294788
   37   -0.00014301    0.04396806   -0.10015854   -0.11237528    0.11664086
   38    0.00051556   -0.04323411    0.10799854    0.12258696   -0.09474196
   39    0.00000000   -0.00000000   -0.00000000    0.00000000    0.00000000
   40   -0.05565515    0.00001819   -0.00007277    0.00006529   -0.00053327
   41    0.13916011   -0.00005747    0.00023388   -0.00033940    0.00242656
   42    0.06230205    0.00012204   -0.00048745    0.00025080   -0.00268105
   43    0.27129976   -0.00001673    0.00018407    0.00006692   -0.00061946
   44    0.00000000   -0.00000000    0.00000000    0.00000000   -0.00000000
   45    0.00017817    0.01486810   -0.05198129   -0.01876417    0.05995484
   46    0.29787314   -0.00011362    0.00049229    0.00028689    0.00010156
   47   -0.00011362    1.03356133   -0.10187544    0.00201702   -0.00169542
   48    0.00049229   -0.10187544    0.40971303   -0.01712024    0.01392557
   49    0.00028689    0.00201702   -0.01712024    0.30733684    0.00562134
   50    0.00010156   -0.00169542    0.01392557    0.00562134    0.31019521
   51    0.00000000    0.00000000   -0.00000000    0.00000000    0.00000000
   52    0.01486810   -0.00006508    0.00027202    0.00015584    0.00009389
   53   -0.05198129    0.00027202   -0.00110259   -0.00070891   -0.00036763
   54    0.01876417   -0.00015584    0.00070891    0.00016575    0.00055980
   55   -0.05995484   -0.00009389    0.00036763    0.00055980   -0.00103429
   56   -0.00000000    0.00000000    0.00000000    0.00000000    0.00000000
   57   -0.00007741   -0.05631560    0.13979657    0.05153792    0.27101155
   58    0.07029467    0.00002267   -0.00014967    0.00010209   -0.00028194
   59   -0.00011595   -0.05691958    0.14357469   -0.26009328   -0.08862977
   60   -0.04641827   -0.00017078    0.00070840    0.00035133    0.00052056
            51            52            53            54            55
    1    0.00000000   -0.00239117    0.00650986   -0.01113429    0.00070360
    2   -0.00000000    0.00782250   -0.01840544    0.04467303    0.00193006
    3    0.00000000    0.01101717   -0.03503184    0.04687515   -0.01356525
    4   -0.00000000   -0.00284113    0.01480727   -0.00270005    0.00526525
    5    0.08303365    0.00000000    0.00000000    0.00000000   -0.00000000
    6   -0.00000000   -0.00016642    0.00059964   -0.00035383   -0.00087125
    7    0.00000000    0.00067602   -0.00233565    0.00180275    0.00367530
    8    0.00000000    0.00061808   -0.00234702    0.00097841    0.00295840
    9    0.00000000   -0.00028261    0.00119093    0.00041188   -0.00356842
   10   -0.03566804   -0.00000000    0.00000000   -0.00000000   -0.00000000
   11   -0.00000000    0.00167688   -0.00601859    0.00573997   -0.00435266
   12    0.00000000   -0.00641405    0.02133253   -0.02353825    0.01724114
   13   -0.00000000   -0.00552764    0.02218320   -0.01726967    0.01581898
   14   -0.00000000    0.00338182   -0.01223164    0.01462710   -0.00840090
   15    0.00680223    0.00000000    0.00000000   -0.00000000    0.00000000
   16   -0.00000000    0.00037898   -0.00148764    0.00057858    0.00132240
   17    0.00000000   -0.00125712    0.00482651   -0.00159676   -0.00517223
   18    0.00000000   -0.00140896    0.00603621   -0.00110986   -0.00744590
   19   -0.00000000   -0.00030881    0.00122677   -0.00206107    0.00045306
   20   -0.10151378    0.00000000   -0.00000000    0.00000000   -0.00000000
   21   -0.00000000   -0.00067962    0.00256590   -0.00239461    0.00157491
   22   -0.00000000    0.00271745   -0.00965442    0.01039445   -0.00615226
   23   -0.00000000    0.00310832   -0.01243613    0.01071087   -0.00849107
   24    0.00000000    0.00020266   -0.00018784    0.00177154   -0.00057121
   25   -0.09782913   -0.00000000    0.00000000   -0.00000000   -0.00000000
   26    0.00000000   -0.00150806    0.00505388   -0.00399020   -0.00209729
   27   -0.00000000    0.00516518   -0.01740289    0.01515087    0.00779919
   28    0.00000000    0.00466656   -0.01770311    0.01070411    0.01180819
   29    0.00000000    0.00027746   -0.00200138    0.00441797   -0.02064837
   30    0.00511697    0.00000000   -0.00000000    0.00000000   -0.00000000
   31    0.00000000   -0.00134273    0.00402404   -0.00570257    0.00056511
   32   -0.00000000    0.00007601   -0.00092120    0.00039068   -0.00298310
   33   -0.00000000   -0.00163920    0.00661724   -0.00637525    0.00487248
   34   -0.00000000    0.00215814   -0.00736615   -0.00499068    0.01228273
   35   -0.00000000    0.00001819   -0.00007277   -0.00006529    0.00053327
   36    0.00000000   -0.00005747    0.00023388    0.00033940   -0.00242656
   37   -0.00000000   -0.00012204    0.00048745    0.00025080   -0.00268105
   38   -0.00000000    0.00001673   -0.00018407    0.00006692   -0.00061946
   39    0.38007723   -0.00000000    0.00000000   -0.00000000    0.00000000
   40    0.00000000    0.01442954   -0.03705555    0.04718178   -0.03951423
   41   -0.00000000   -0.03703535    0.04603467   -0.11542389    0.09294788
   42   -0.00000000   -0.04396806    0.10015854   -0.11237528    0.11664086
   43    0.00000000    0.04323411   -0.10799854    0.12258696   -0.09474196
   44   -0.00203154   -0.00000000   -0.00000000   -0.00000000    0.00000000
   45   -0.00000000   -0.00011362    0.00049229   -0.00028689   -0.00010156
   46    0.00000000    0.01486810   -0.05198129    0.01876417   -0.05995484
   47    0.00000000   -0.00006508    0.00027202   -0.00015584   -0.00009389
   48   -0.00000000    0.00027202   -0.00110259    0.00070891    0.00036763
   49    0.00000000    0.00015584   -0.00070891    0.00016575    0.00055980
   50    0.00000000    0.00009389   -0.00036763    0.00055980   -0.00103429
   51    0.41488055   -0.00000000    0.00000000   -0.00000000    0.00000000
   52   -0.00000000    1.03356133   -0.10187544   -0.00201702    0.00169542
   53    0.00000000   -0.10187544    0.40971303    0.01712024   -0.01392557
   54   -0.00000000   -0.00201702    0.01712024    0.30733684    0.00562134
   55    0.00000000    0.00169542   -0.01392557    0.00562134    0.31019521
   56   -0.04841923    0.00000000   -0.00000000   -0.00000000    0.00000000
   57    0.00000000    0.00002267   -0.00014967   -0.00010209    0.00028194
   58    0.00000000   -0.05631560    0.13979657   -0.05153792   -0.27101155
   59    0.00000000   -0.00017078    0.00070840   -0.00035133   -0.00052056
   60   -0.00000000   -0.05691958    0.14357469    0.26009328    0.08862977
            56            57            58            59            60
    1    0.00000000    0.00059396    0.00726769   -0.00081159   -0.01087962
    2    0.00000000   -0.00298038   -0.03047538    0.00354567    0.04494295
    3   -0.00000000    0.00102522   -0.03554372   -0.00260519    0.05488523
    4    0.00000000    0.00001991   -0.00134958    0.00038233    0.00479623
    5   -0.03566804    0.00000000   -0.00000000   -0.00000000   -0.00000000
    6   -0.00000000    0.00726769    0.00059396   -0.01087962   -0.00081159
    7    0.00000000   -0.03047538   -0.00298038    0.04494295    0.00354567
    8    0.00000000    0.03554372   -0.00102522   -0.05488523    0.00260519
    9    0.00000000    0.00134958   -0.00001991   -0.00479623   -0.00038233
   10    0.08303365   -0.00000000   -0.00000000    0.00000000   -0.00000000
   11    0.00000000    0.00029939   -0.00001669   -0.00022447    0.00285791
   12   -0.00000000   -0.00095307   -0.00126603    0.00133673   -0.01156399
   13   -0.00000000    0.00354139    0.00218884   -0.00191262   -0.01108717
   14   -0.00000000   -0.00069184   -0.00589774    0.00008135    0.01246845
   15   -0.10151378   -0.00000000   -0.00000000    0.00000000   -0.00000000
   16   -0.00000000   -0.00001669    0.00029939    0.00285791   -0.00022447
   17    0.00000000   -0.00126603   -0.00095307   -0.01156399    0.00133673
   18    0.00000000   -0.00218884   -0.00354139    0.01108717    0.00191262
   19   -0.00000000    0.00589774    0.00069184   -0.01246845   -0.00008135
   20    0.00680223    0.00000000   -0.00000000   -0.00000000    0.00000000
   21   -0.00000000    0.00187295    0.00048228   -0.00139896   -0.00181566
   22   -0.00000000   -0.00562272   -0.00180527    0.00517473    0.00760754
   23   -0.00000000    0.00241174   -0.00264356   -0.00588464    0.00910056
   24    0.00000000   -0.01594231    0.00024481    0.01000382    0.00084171
   25    0.00511697    0.00000000   -0.00000000    0.00000000   -0.00000000
   26    0.00000000    0.00048228    0.00187295   -0.00181566   -0.00139896
   27   -0.00000000   -0.00180527   -0.00562272    0.00760754    0.00517473
   28    0.00000000    0.00264356   -0.00241174   -0.00910056    0.00588464
   29    0.00000000   -0.00024481    0.01594231   -0.00084171   -0.01000382
   30   -0.09782913   -0.00000000   -0.00000000    0.00000000    0.00000000
   31    0.00000000    0.00389682    0.00164702   -0.00331161   -0.00447256
   32   -0.00000000    0.00164702    0.00389682   -0.00447256   -0.00331161
   33    0.00000000    0.00326958    0.00262462   -0.00325025   -0.00592362
   34   -0.00000000    0.00262462    0.00326958   -0.00592362   -0.00325025
   35   -0.00000000    0.01219044    0.00001925    0.01442961   -0.00000033
   36   -0.00000000   -0.03902068   -0.00002265   -0.04776676    0.00011117
   37   -0.00000000    0.01938367    0.00011692    0.05426510   -0.00044738
   38   -0.00000000   -0.06085314    0.00045985   -0.01117359   -0.00025676
   39   -0.00203154    0.00000000    0.00000000    0.00000000   -0.00000000
   40   -0.00000000    0.00001925    0.01219044   -0.00000033    0.01442961
   41    0.00000000   -0.00002265   -0.03902068    0.00011117   -0.04776676
   42   -0.00000000   -0.00011692   -0.01938367    0.00044738   -0.05426510
   43   -0.00000000   -0.00045985    0.06085314    0.00025676    0.01117359
   44    0.38007723   -0.00000000    0.00000000    0.00000000    0.00000000
   45    0.00000000    0.07029467   -0.00007741   -0.04641827   -0.00011595
   46   -0.00000000   -0.00007741    0.07029467   -0.00011595   -0.04641827
   47    0.00000000   -0.05631560    0.00002267   -0.05691958   -0.00017078
   48    0.00000000    0.13979657   -0.00014967    0.14357469    0.00070840
   49    0.00000000    0.05153792    0.00010209   -0.26009328    0.00035133
   50    0.00000000    0.27101155   -0.00028194   -0.08862977    0.00052056
   51   -0.04841923    0.00000000    0.00000000    0.00000000   -0.00000000
   52    0.00000000    0.00002267   -0.05631560   -0.00017078   -0.05691958
   53   -0.00000000   -0.00014967    0.13979657    0.00070840    0.14357469
   54   -0.00000000   -0.00010209   -0.05153792   -0.00035133    0.26009328
   55    0.00000000    0.00028194   -0.27101155   -0.00052056    0.08862977
   56    0.41488055   -0.00000000    0.00000000    0.00000000   -0.00000000
   57   -0.00000000    0.29355026   -0.00019477   -0.07942560    0.00019009
   58    0.00000000   -0.00019477    0.29355026    0.00019009   -0.07942560
   59    0.00000000   -0.07942560    0.00019009    0.29195370   -0.00060163
   60   -0.00000000    0.00019009   -0.07942560   -0.00060163    0.29195370
 Fao
             1             2             3             4             5
    1  -10.01151825   -2.73507051    0.00047657   -0.00005404    0.00000000
    2   -2.73507051   -1.36053093    0.02817031    0.00134619    0.00000000
    3    0.00047657    0.02817031   -0.33060919   -0.00069188    0.00000000
    4   -0.00005404    0.00134619   -0.00069188   -0.35204788   -0.00000000
    5    0.00000000    0.00000000    0.00000000   -0.00000000   -0.11466804
    6    0.00000168   -0.00356821    0.00947485    0.00163052   -0.00000000
    7   -0.00356821   -0.03282050    0.04718417    0.00811554    0.00000000
    8   -0.00947485   -0.04718417    0.05733280    0.01252277    0.00000000
    9   -0.00163052   -0.00811554    0.01252277   -0.01336832   -0.00000000
   10   -0.00000000   -0.00000000    0.00000000   -0.00000000   -0.00327522
   11   -0.00004851   -0.39812820    0.43088593   -0.49840512   -0.00000000
   12   -0.39853139   -0.53656154    0.32027418   -0.36326929   -0.00000000
   13   -0.43130771   -0.31486672    0.00017094   -0.17985532   -0.00000000
   14    0.49891806    0.37212603   -0.18853815    0.05758078    0.00000000
   15    0.00000000    0.00000000   -0.00000000    0.00000000   -0.14812968
   16    0.00000044   -0.01830797    0.03265004    0.02691984    0.00000000
   17   -0.01832373   -0.09434685    0.08807574    0.09208825    0.00000000
   18   -0.03270172   -0.10732443    0.07250789    0.11099524    0.00000000
   19   -0.02691912   -0.06864232    0.06561882    0.03736941    0.00000000
   20   -0.00000000   -0.00000000    0.00000000    0.00000000   -0.02358766
   21    0.00000046   -0.01808046    0.03932954   -0.01429756   -0.00000000
   22   -0.01809600   -0.09380896    0.11324849   -0.05708794   -0.00000000
   23   -0.03937674   -0.12353471    0.12386040   -0.07991321   -0.00000000
   24    0.01428004    0.02870012   -0.03474718   -0.01413377    0.00000000
   25    0.00000000    0.00000000   -0.00000000   -0.00000000   -0.02341280
   26   -0.00004870   -0.39820085    0.23808434    0.61444658    0.00000000
   27   -0.39857751   -0.53595944    0.18011765    0.44907758    0.00000000
   28   -0.23828285   -0.17020638   -0.10894384    0.11882440    0.00000000
   29   -0.61503537   -0.45590866    0.12926622    0.16702385    0.00000000
   30   -0.00000000   -0.00000000    0.00000000    0.00000000   -0.14790804
   31   -0.05742567   -0.14063983    0.06281133   -0.14543921   -0.00000000
   32   -0.00092889   -0.01255565    0.01222063    0.01584068   -0.00000000
   33   -0.00092476   -0.01252103    0.01678683   -0.01081756   -0.00000000
   34   -0.05728264   -0.14012566    0.01103231    0.15780254    0.00000000
   35   -0.00000000   -0.00000094    0.00000366    0.00000136    0.00000000
   36    0.00000061   -0.00072006    0.00153587    0.00027709   -0.00000000
   37   -0.00000013   -0.00142496    0.00283790    0.00056955    0.00000000
   38    0.00000042   -0.00027993    0.00057050   -0.00009004    0.00000000
   39   -0.00000000   -0.00000000   -0.00000000    0.00000000    0.00022086
   40   -0.00001905   -0.33108037   -0.53954340   -0.11193337   -0.00000000
   41   -0.33136989   -0.46762385   -0.42304333   -0.08759337   -0.00000000
   42    0.54001103    0.42568033    0.19269539    0.07020714    0.00000000
   43    0.11203933    0.08963945    0.07174733   -0.11913008   -0.00000000
   44    0.00000000    0.00000000    0.00000000   -0.00000000   -0.12196205
   45   -0.00000086   -0.00021506    0.00040709    0.00023085    0.00000000
   46   -0.05490366   -0.13157307   -0.12590761   -0.07499026   -0.00000000
   47   -0.00000007   -0.00000122    0.00000056   -0.00000041    0.00000000
   48   -0.00000113   -0.00002736    0.00005650    0.00000350   -0.00000000
   49   -0.00000003   -0.00006564    0.00016107   -0.00000964    0.00000000
   50   -0.00000082    0.00001449   -0.00001519    0.00003124   -0.00000000
   51   -0.00000000   -0.00000000    0.00000000    0.00000000   -0.00148116
   52    0.00000063   -0.01342817   -0.03116979    0.00742606    0.00000000
   53   -0.01343019   -0.07947151   -0.11002389    0.01208766    0.00000000
   54    0.03118503    0.10265694    0.12181263   -0.01531688   -0.00000000
   55   -0.00744687   -0.03966242   -0.05846940   -0.01754358   -0.00000000
   56   -0.00000000   -0.00000000   -0.00000000   -0.00000000   -0.02015864
   57   -0.00000063   -0.00008059    0.00016443   -0.00006733   -0.00000000
   58   -0.00849652   -0.03264606   -0.03496161    0.02003252    0.00000000
   59    0.00000036   -0.00001898    0.00001867   -0.00000119    0.00000000
   60   -0.00066664   -0.01051850   -0.01707665    0.00028728    0.00000000
             6             7             8             9            10
    1    0.00000168   -0.00356821   -0.00947485   -0.00163052   -0.00000000
    2   -0.00356821   -0.03282050   -0.04718417   -0.00811554   -0.00000000
    3    0.00947485    0.04718417    0.05733280    0.01252277    0.00000000
    4    0.00163052    0.00811554    0.01252277   -0.01336832   -0.00000000
    5   -0.00000000    0.00000000    0.00000000   -0.00000000   -0.00327522
    6  -10.01151825   -2.73507051   -0.00047657    0.00005404   -0.00000000
    7   -2.73507051   -1.36053093   -0.02817031   -0.00134619   -0.00000000
    8   -0.00047657   -0.02817031   -0.33060919   -0.00069188    0.00000000
    9    0.00005404   -0.00134619   -0.00069188   -0.35204788   -0.00000000
   10   -0.00000000   -0.00000000    0.00000000   -0.00000000   -0.11466804
   11    0.00000044   -0.01830797   -0.03265004   -0.02691984   -0.00000000
   12   -0.01832373   -0.09434685   -0.08807574   -0.09208825   -0.00000000
   13    0.03270172    0.10732443    0.07250789    0.11099524    0.00000000
   14    0.02691912    0.06864232    0.06561882    0.03736941    0.00000000
   15    0.00000000    0.00000000    0.00000000    0.00000000   -0.02358766
   16   -0.00004851   -0.39812820   -0.43088593    0.49840512    0.00000000
   17   -0.39853139   -0.53656154   -0.32027418    0.36326929    0.00000000
   18    0.43130771    0.31486672    0.00017094   -0.17985532   -0.00000000
   19   -0.49891806   -0.37212603   -0.18853815    0.05758078    0.00000000
   20   -0.00000000   -0.00000000   -0.00000000    0.00000000   -0.14812968
   21   -0.00004870   -0.39820085   -0.23808434   -0.61444658   -0.00000000
   22   -0.39857751   -0.53595944   -0.18011765   -0.44907758   -0.00000000
   23    0.23828285    0.17020638   -0.10894384    0.11882440    0.00000000
   24    0.61503537    0.45590866    0.12926622    0.16702385    0.00000000
   25    0.00000000    0.00000000    0.00000000    0.00000000   -0.14790804
   26    0.00000046   -0.01808046   -0.03932954    0.01429756   -0.00000000
   27   -0.01809600   -0.09380896   -0.11324849    0.05708794    0.00000000
   28    0.03937674    0.12353471    0.12386040   -0.07991321   -0.00000000
   29   -0.01428004   -0.02870012   -0.03474718   -0.01413377    0.00000000
   30   -0.00000000   -0.00000000   -0.00000000   -0.00000000   -0.02341280
   31   -0.00092889   -0.01255565   -0.01222063   -0.01584068   -0.00000000
   32   -0.05742567   -0.14063983   -0.06281133    0.14543921    0.00000000
   33   -0.05728264   -0.14012566   -0.01103231   -0.15780254   -0.00000000
   34   -0.00092476   -0.01252103   -0.01678683    0.01081756   -0.00000000
   35   -0.00001905   -0.33108037    0.53954340    0.11193337    0.00000000
   36   -0.33136989   -0.46762385    0.42304333    0.08759337    0.00000000
   37   -0.54001103   -0.42568033    0.19269539    0.07020714    0.00000000
   38   -0.11203933   -0.08963945    0.07174733   -0.11913008   -0.00000000
   39   -0.00000000   -0.00000000    0.00000000    0.00000000   -0.12196205
   40   -0.00000000   -0.00000094   -0.00000366   -0.00000136    0.00000000
   41    0.00000061   -0.00072006   -0.00153587   -0.00027709   -0.00000000
   42    0.00000013    0.00142496    0.00283790    0.00056955    0.00000000
   43   -0.00000042    0.00027993    0.00057050   -0.00009004   -0.00000000
   44    0.00000000   -0.00000000    0.00000000    0.00000000    0.00022086
   45   -0.05490366   -0.13157307    0.12590761    0.07499026    0.00000000
   46   -0.00000086   -0.00021506   -0.00040709   -0.00023085    0.00000000
   47    0.00000063   -0.01342817    0.03116979   -0.00742606   -0.00000000
   48   -0.01343019   -0.07947151    0.11002389   -0.01208766   -0.00000000
   49   -0.03118503   -0.10265694    0.12181263   -0.01531688   -0.00000000
   50    0.00744687    0.03966242   -0.05846940   -0.01754358    0.00000000
   51   -0.00000000    0.00000000   -0.00000000   -0.00000000   -0.02015864
   52   -0.00000007   -0.00000122   -0.00000056    0.00000041    0.00000000
   53   -0.00000113   -0.00002736   -0.00005650   -0.00000350    0.00000000
   54    0.00000003    0.00006564    0.00016107   -0.00000964   -0.00000000
   55    0.00000082   -0.00001449   -0.00001519    0.00003124   -0.00000000
   56    0.00000000   -0.00000000    0.00000000   -0.00000000   -0.00148116
   57   -0.00849652   -0.03264606    0.03496161   -0.02003252   -0.00000000
   58   -0.00000063   -0.00008059   -0.00016443    0.00006733   -0.00000000
   59   -0.00066664   -0.01051850    0.01707665   -0.00028728    0.00000000
   60    0.00000036   -0.00001898   -0.00001867    0.00000119   -0.00000000
            11            12            13            14            15
    1   -0.00004851   -0.39853139   -0.43130771    0.49891806    0.00000000
    2   -0.39812820   -0.53656154   -0.31486672    0.37212603    0.00000000
    3    0.43088593    0.32027418    0.00017094   -0.18853815   -0.00000000
    4   -0.49840512   -0.36326929   -0.17985532    0.05758078    0.00000000
    5   -0.00000000   -0.00000000   -0.00000000    0.00000000   -0.14812968
    6    0.00000044   -0.01832373    0.03270172    0.02691912    0.00000000
    7   -0.01830797   -0.09434685    0.10732443    0.06864232    0.00000000
    8   -0.03265004   -0.08807574    0.07250789    0.06561882    0.00000000
    9   -0.02691984   -0.09208825    0.11099524    0.03736941    0.00000000
   10   -0.00000000   -0.00000000    0.00000000    0.00000000   -0.02358766
   11   -9.99779810   -2.73240822    0.00026030    0.00032329    0.00000000
   12   -2.73240822   -1.34167882    0.02236222    0.05037397    0.00000000
   13    0.00026030    0.02236222   -0.35066858    0.02060453    0.00000000
   14    0.00032329    0.05037397    0.02060453   -0.28681496   -0.00000000
   15    0.00000000    0.00000000    0.00000000   -0.00000000   -0.10434715
   16    0.00000179   -0.00456793    0.00414602    0.01132118    0.00000000
   17   -0.00456793   -0.03717137    0.01839474    0.05004592    0.00000000
   18   -0.00414602   -0.01839474   -0.00782250    0.02665232    0.00000000
   19   -0.01132118   -0.05004592    0.02665232    0.05457416    0.00000000
   20   -0.00000000   -0.00000000    0.00000000    0.00000000   -0.00425139
   21   -0.00006048   -0.41725099    0.68011929    0.11619660    0.00000000
   22   -0.41725167   -0.55210601    0.48874236    0.09030065    0.00000000
   23   -0.68012179   -0.49096281    0.20453524    0.06783907    0.00000000
   24   -0.11618522   -0.07703387    0.05623851   -0.14828774    0.00000000
   25   -0.00000000   -0.00000000    0.00000000   -0.00000000   -0.15391160
   26    0.00000053   -0.01964173   -0.00770911    0.04439445    0.00000000
   27   -0.01964157   -0.09673425   -0.03729444    0.12400220    0.00000000
   28    0.00768066    0.00662592   -0.03170070   -0.00758064    0.00000000
   29   -0.04439890   -0.12931370   -0.05367944    0.13953125    0.00000000
   30   -0.00000000   -0.00000000    0.00000000    0.00000000   -0.02402349
   31   -0.68097753   -0.57257009   -0.10234901   -0.28125331   -0.00000000
   32   -0.00012828   -0.00337147    0.00201446    0.00551435   -0.00000000
   33   -0.05938450   -0.14344295    0.16138650   -0.01966919   -0.00000000
   34   -0.00098020   -0.01286246   -0.00788990    0.01887992    0.00000000
   35   -0.00000008   -0.00002311    0.00007700    0.00004586   -0.00000000
   36   -0.00002320   -0.00387022    0.00634295    0.00339251    0.00000000
   37   -0.00007760   -0.00637759    0.00982916    0.00556933    0.00000000
   38   -0.00004611   -0.00336247    0.00548036    0.00184604    0.00000000
   39   -0.00000000    0.00000000    0.00000000   -0.00000000   -0.00028389
   40    0.00000077   -0.01458596   -0.03286266    0.01057283   -0.00000000
   41   -0.01459648   -0.07936087   -0.09759049    0.04707980    0.00000000
   42    0.03287744    0.10721414    0.11002179   -0.06698685   -0.00000000
   43   -0.01058330   -0.01932625   -0.02345647   -0.01346385   -0.00000000
   44   -0.00000000   -0.00000000    0.00000000    0.00000000   -0.01990045
   45   -0.00000580   -0.00044469    0.00067217    0.00063313    0.00000000
   46   -0.01498800   -0.04456327   -0.05140211    0.00079024    0.00000000
   47   -0.00000005    0.00000145   -0.00000155   -0.00000003   -0.00000000
   48    0.00000025   -0.00048015    0.00092263    0.00023978   -0.00000000
   49   -0.00000194   -0.00100438    0.00183287    0.00049186    0.00000000
   50    0.00000025   -0.00022236    0.00042211   -0.00001876   -0.00000000
   51    0.00000000   -0.00000000    0.00000000    0.00000000    0.00007133
   52    0.00000011   -0.00003173   -0.00011723    0.00005449   -0.00000000
   53   -0.00003090   -0.00441634   -0.00727206    0.00374475    0.00000000
   54    0.00011409    0.00724111    0.01075931   -0.00638741   -0.00000000
   55   -0.00005342   -0.00360640   -0.00617498    0.00217236   -0.00000000
   56   -0.00000000   -0.00000000    0.00000000    0.00000000    0.00151185
   57   -0.00003755   -0.00163680    0.00274847    0.00004335   -0.00000000
   58   -0.00002840   -0.00162879   -0.00217862    0.00193660   -0.00000000
   59   -0.00000009   -0.00001778    0.00004792   -0.00000748    0.00000000
   60   -0.00000473   -0.00042799   -0.00088036    0.00017913    0.00000000
            16            17            18            19            20
    1    0.00000044   -0.01832373   -0.03270172   -0.02691912   -0.00000000
    2   -0.01830797   -0.09434685   -0.10732443   -0.06864232   -0.00000000
    3    0.03265004    0.08807574    0.07250789    0.06561882    0.00000000
    4    0.02691984    0.09208825    0.11099524    0.03736941    0.00000000
    5    0.00000000    0.00000000    0.00000000    0.00000000   -0.02358766
    6   -0.00004851   -0.39853139    0.43130771   -0.49891806   -0.00000000
    7   -0.39812820   -0.53656154    0.31486672   -0.37212603   -0.00000000
    8   -0.43088593   -0.32027418    0.00017094   -0.18853815   -0.00000000
    9    0.49840512    0.36326929   -0.17985532    0.05758078    0.00000000
   10    0.00000000    0.00000000   -0.00000000    0.00000000   -0.14812968
   11    0.00000179   -0.00456793   -0.00414602   -0.01132118   -0.00000000
   12   -0.00456793   -0.03717137   -0.01839474   -0.05004592   -0.00000000
   13    0.00414602    0.01839474   -0.00782250    0.02665232    0.00000000
   14    0.01132118    0.05004592    0.02665232    0.05457416    0.00000000
   15    0.00000000    0.00000000    0.00000000    0.00000000   -0.00425139
   16   -9.99779810   -2.73240822   -0.00026030   -0.00032329   -0.00000000
   17   -2.73240822   -1.34167882   -0.02236222   -0.05037397   -0.00000000
   18   -0.00026030   -0.02236222   -0.35066858    0.02060453    0.00000000
   19   -0.00032329   -0.05037397    0.02060453   -0.28681496   -0.00000000
   20   -0.00000000   -0.00000000    0.00000000   -0.00000000   -0.10434715
   21    0.00000053   -0.01964173    0.00770911   -0.04439445   -0.00000000
   22   -0.01964157   -0.09673425    0.03729444   -0.12400220   -0.00000000
   23   -0.00768066   -0.00662592   -0.03170070   -0.00758064    0.00000000
   24    0.04439890    0.12931370   -0.05367944    0.13953125    0.00000000
   25    0.00000000    0.00000000    0.00000000    0.00000000   -0.02402349
   26   -0.00006048   -0.41725099   -0.68011929   -0.11619660   -0.00000000
   27   -0.41725167   -0.55210601   -0.48874236   -0.09030065   -0.00000000
   28    0.68012179    0.49096281    0.20453524    0.06783907    0.00000000
   29    0.11618522    0.07703387    0.05623851   -0.14828774    0.00000000
   30    0.00000000    0.00000000    0.00000000    0.00000000   -0.15391160
   31   -0.00012828   -0.00337147   -0.00201446   -0.00551435   -0.00000000
   32   -0.68097753   -0.57257009    0.10234901    0.28125331    0.00000000
   33   -0.00098020   -0.01286246    0.00788990   -0.01887992   -0.00000000
   34   -0.05938450   -0.14344295   -0.16138650    0.01966919    0.00000000
   35    0.00000077   -0.01458596    0.03286266   -0.01057283   -0.00000000
   36   -0.01459648   -0.07936087    0.09759049   -0.04707980   -0.00000000
   37   -0.03287744   -0.10721414    0.11002179   -0.06698685   -0.00000000
   38    0.01058330    0.01932625   -0.02345647   -0.01346385    0.00000000
   39    0.00000000    0.00000000    0.00000000   -0.00000000   -0.01990045
   40   -0.00000008   -0.00002311   -0.00007700   -0.00004586   -0.00000000
   41   -0.00002320   -0.00387022   -0.00634295   -0.00339251   -0.00000000
   42    0.00007760    0.00637759    0.00982916    0.00556933    0.00000000
   43    0.00004611    0.00336247    0.00548036    0.00184604   -0.00000000
   44   -0.00000000    0.00000000   -0.00000000    0.00000000   -0.00028389
   45   -0.01498800   -0.04456327    0.05140211   -0.00079024    0.00000000
   46   -0.00000580   -0.00044469   -0.00067217   -0.00063313    0.00000000
   47    0.00000011   -0.00003173    0.00011723   -0.00005449    0.00000000
   48   -0.00003090   -0.00441634    0.00727206   -0.00374475   -0.00000000
   49   -0.00011409   -0.00724111    0.01075931   -0.00638741    0.00000000
   50    0.00005342    0.00360640   -0.00617498    0.00217236    0.00000000
   51   -0.00000000    0.00000000    0.00000000    0.00000000    0.00151185
   52   -0.00000005    0.00000145    0.00000155    0.00000003   -0.00000000
   53    0.00000025   -0.00048015   -0.00092263   -0.00023978    0.00000000
   54    0.00000194    0.00100438    0.00183287    0.00049186   -0.00000000
   55   -0.00000025    0.00022236    0.00042211   -0.00001876   -0.00000000
   56    0.00000000    0.00000000   -0.00000000    0.00000000    0.00007133
   57   -0.00002840   -0.00162879    0.00217862   -0.00193660    0.00000000
   58   -0.00003755   -0.00163680   -0.00274847   -0.00004335   -0.00000000
   59   -0.00000473   -0.00042799    0.00088036   -0.00017913    0.00000000
   60   -0.00000009   -0.00001778   -0.00004792    0.00000748   -0.00000000
            21            22            23            24            25
    1    0.00000046   -0.01809600   -0.03937674    0.01428004    0.00000000
    2   -0.01808046   -0.09380896   -0.12353471    0.02870012    0.00000000
    3    0.03932954    0.11324849    0.12386040   -0.03474718   -0.00000000
    4   -0.01429756   -0.05708794   -0.07991321   -0.01413377   -0.00000000
    5   -0.00000000   -0.00000000   -0.00000000    0.00000000   -0.02341280
    6   -0.00004870   -0.39857751    0.23828285    0.61503537    0.00000000
    7   -0.39820085   -0.53595944    0.17020638    0.45590866    0.00000000
    8   -0.23808434   -0.18011765   -0.10894384    0.12926622    0.00000000
    9   -0.61444658   -0.44907758    0.11882440    0.16702385    0.00000000
   10   -0.00000000   -0.00000000    0.00000000    0.00000000   -0.14790804
   11   -0.00006048   -0.41725167   -0.68012179   -0.11618522   -0.00000000
   12   -0.41725099   -0.55210601   -0.49096281   -0.07703387   -0.00000000
   13    0.68011929    0.48874236    0.20453524    0.05623851    0.00000000
   14    0.11619660    0.09030065    0.06783907   -0.14828774   -0.00000000
   15    0.00000000    0.00000000    0.00000000    0.00000000   -0.15391160
   16    0.00000053   -0.01964157   -0.00768066    0.04439890    0.00000000
   17   -0.01964173   -0.09673425   -0.00662592    0.12931370    0.00000000
   18    0.00770911    0.03729444   -0.03170070   -0.05367944    0.00000000
   19   -0.04439445   -0.12400220   -0.00758064    0.13953125    0.00000000
   20   -0.00000000   -0.00000000    0.00000000    0.00000000   -0.02402349
   21   -9.99798913   -2.73243997   -0.00029761    0.00028062   -0.00000000
   22   -2.73243997   -1.34127968   -0.03868573    0.03991055   -0.00000000
   23   -0.00029761   -0.03868573   -0.32963411   -0.03496088   -0.00000000
   24    0.00028062    0.03991055   -0.03496088   -0.30727525   -0.00000000
   25   -0.00000000   -0.00000000   -0.00000000   -0.00000000   -0.10395407
   26    0.00000178   -0.00445642   -0.00753111    0.00906763    0.00000000
   27   -0.00445642   -0.03671838   -0.03376206    0.04054520    0.00000000
   28    0.00753111    0.03376206    0.01597261   -0.04003570    0.00000000
   29   -0.00906763   -0.04054520   -0.04003570    0.03048715    0.00000000
   30    0.00000000   -0.00000000   -0.00000000    0.00000000   -0.00403088
   31   -0.05925909   -0.14313892   -0.14533988   -0.07205794   -0.00000000
   32   -0.00097994   -0.01286980    0.00110333    0.02044795    0.00000000
   33   -0.68367225   -0.57376948    0.19004377   -0.23155993   -0.00000000
   34   -0.00012580   -0.00333334   -0.00370361    0.00447490   -0.00000000
   35    0.00000057   -0.01218776    0.02267947    0.01866854    0.00000000
   36   -0.01219357   -0.07314251    0.06907094    0.07437171    0.00000000
   37   -0.02269401   -0.08615723    0.06018261    0.09157100    0.00000000
   38   -0.01866894   -0.05400160    0.05156099    0.03394380    0.00000000
   39   -0.00000000   -0.00000000    0.00000000    0.00000000   -0.01823865
   40   -0.00000012   -0.00002700   -0.00010296    0.00001777   -0.00000000
   41   -0.00002773   -0.00420825   -0.00767811    0.00098523   -0.00000000
   42    0.00010655    0.00771310    0.01334848   -0.00165250   -0.00000000
   43   -0.00001785   -0.00092370   -0.00149270   -0.00088190   -0.00000000
   44   -0.00000000    0.00000000    0.00000000   -0.00000000   -0.00050723
   45   -0.00074848   -0.01085408    0.01011206    0.01413135    0.00000000
   46   -0.00006657   -0.00261144   -0.00436238   -0.00049435    0.00000000
   47    0.00000092   -0.00143502    0.00401572    0.00098812    0.00000000
   48   -0.00143465   -0.01807865    0.02622588    0.00900042    0.00000000
   49   -0.00401567   -0.02734368    0.03392917    0.01415288    0.00000000
   50   -0.00099343   -0.00411887    0.00582161   -0.00472115    0.00000000
   51    0.00000000   -0.00000000    0.00000000    0.00000000   -0.00164807
   52    0.00000006   -0.00000087   -0.00000153    0.00000001   -0.00000000
   53   -0.00000102   -0.00005666   -0.00014450    0.00007825    0.00000000
   54    0.00000156    0.00017220    0.00039461   -0.00016490   -0.00000000
   55   -0.00000122   -0.00002388   -0.00006022    0.00004248   -0.00000000
   56   -0.00000000   -0.00000000    0.00000000   -0.00000000    0.00020171
   57   -0.00874357   -0.02851505    0.03289484   -0.00340819   -0.00000000
   58   -0.00000031   -0.00006660   -0.00012279    0.00009179   -0.00000000
   59   -0.00003563   -0.00154515    0.00265162    0.00079126    0.00000000
   60    0.00000132   -0.00003303   -0.00006454   -0.00001740    0.00000000
            26            27            28            29            30
    1   -0.00004870   -0.39857751   -0.23828285   -0.61503537   -0.00000000
    2   -0.39820085   -0.53595944   -0.17020638   -0.45590866   -0.00000000
    3    0.23808434    0.18011765   -0.10894384    0.12926622    0.00000000
    4    0.61444658    0.44907758    0.11882440    0.16702385    0.00000000
    5    0.00000000    0.00000000    0.00000000    0.00000000   -0.14790804
    6    0.00000046   -0.01809600    0.03937674   -0.01428004   -0.00000000
    7   -0.01808046   -0.09380896    0.12353471   -0.02870012   -0.00000000
    8   -0.03932954   -0.11324849    0.12386040   -0.03474718   -0.00000000
    9    0.01429756    0.05708794   -0.07991321   -0.01413377   -0.00000000
   10   -0.00000000    0.00000000   -0.00000000    0.00000000   -0.02341280
   11    0.00000053   -0.01964157    0.00768066   -0.04439890   -0.00000000
   12   -0.01964173   -0.09673425    0.00662592   -0.12931370   -0.00000000
   13   -0.00770911   -0.03729444   -0.03170070   -0.05367944    0.00000000
   14    0.04439445    0.12400220   -0.00758064    0.13953125    0.00000000
   15    0.00000000    0.00000000    0.00000000    0.00000000   -0.02402349
   16   -0.00006048   -0.41725167    0.68012179    0.11618522    0.00000000
   17   -0.41725099   -0.55210601    0.49096281    0.07703387    0.00000000
   18   -0.68011929   -0.48874236    0.20453524    0.05623851    0.00000000
   19   -0.11619660   -0.09030065    0.06783907   -0.14828774    0.00000000
   20   -0.00000000   -0.00000000    0.00000000    0.00000000   -0.15391160
   21    0.00000178   -0.00445642    0.00753111   -0.00906763    0.00000000
   22   -0.00445642   -0.03671838    0.03376206   -0.04054520   -0.00000000
   23   -0.00753111   -0.03376206    0.01597261   -0.04003570   -0.00000000
   24    0.00906763    0.04054520   -0.04003570    0.03048715    0.00000000
   25    0.00000000    0.00000000    0.00000000    0.00000000   -0.00403088
   26   -9.99798913   -2.73243997    0.00029761   -0.00028062    0.00000000
   27   -2.73243997   -1.34127968    0.03868573   -0.03991055   -0.00000000
   28    0.00029761    0.03868573   -0.32963411   -0.03496088    0.00000000
   29   -0.00028062   -0.03991055   -0.03496088   -0.30727525   -0.00000000
   30    0.00000000   -0.00000000    0.00000000   -0.00000000   -0.10395407
   31   -0.00097994   -0.01286980   -0.00110333   -0.02044795   -0.00000000
   32   -0.05925909   -0.14313892    0.14533988    0.07205794    0.00000000
   33   -0.00012580   -0.00333334    0.00370361   -0.00447490   -0.00000000
   34   -0.68367225   -0.57376948   -0.19004377    0.23155993    0.00000000
   35   -0.00000012   -0.00002700    0.00010296   -0.00001777   -0.00000000
   36   -0.00002773   -0.00420825    0.00767811   -0.00098523    0.00000000
   37   -0.00010655   -0.00771310    0.01334848   -0.00165250    0.00000000
   38    0.00001785    0.00092370   -0.00149270   -0.00088190    0.00000000
   39   -0.00000000   -0.00000000    0.00000000   -0.00000000   -0.00050723
   40    0.00000057   -0.01218776   -0.02267947   -0.01866854   -0.00000000
   41   -0.01219357   -0.07314251   -0.06907094   -0.07437171   -0.00000000
   42    0.02269401    0.08615723    0.06018261    0.09157100    0.00000000
   43    0.01866894    0.05400160    0.05156099    0.03394380    0.00000000
   44    0.00000000    0.00000000    0.00000000    0.00000000   -0.01823865
   45   -0.00006657   -0.00261144    0.00436238    0.00049435    0.00000000
   46   -0.00074848   -0.01085408   -0.01011206   -0.01413135   -0.00000000
   47    0.00000006   -0.00000087    0.00000153   -0.00000001   -0.00000000
   48   -0.00000102   -0.00005666    0.00014450   -0.00007825    0.00000000
   49   -0.00000156   -0.00017220    0.00039461   -0.00016490    0.00000000
   50    0.00000122    0.00002388   -0.00006022    0.00004248   -0.00000000
   51   -0.00000000   -0.00000000   -0.00000000   -0.00000000    0.00020171
   52    0.00000092   -0.00143502   -0.00401572   -0.00098812   -0.00000000
   53   -0.00143465   -0.01807865   -0.02622588   -0.00900042   -0.00000000
   54    0.00401567    0.02734368    0.03392917    0.01415288    0.00000000
   55    0.00099343    0.00411887    0.00582161   -0.00472115   -0.00000000
   56   -0.00000000    0.00000000    0.00000000   -0.00000000   -0.00164807
   57   -0.00000031   -0.00006660    0.00012279   -0.00009179    0.00000000
   58   -0.00874357   -0.02851505   -0.03289484    0.00340819   -0.00000000
   59    0.00000132   -0.00003303    0.00006454    0.00001740    0.00000000
   60   -0.00003563   -0.00154515   -0.00265162   -0.00079126   -0.00000000
            31            32            33            34            35
    1   -0.05742567   -0.00092889   -0.00092476   -0.05728264   -0.00000000
    2   -0.14063983   -0.01255565   -0.01252103   -0.14012566   -0.00000094
    3    0.06281133    0.01222063    0.01678683    0.01103231    0.00000366
    4   -0.14543921    0.01584068   -0.01081756    0.15780254    0.00000136
    5   -0.00000000   -0.00000000   -0.00000000    0.00000000    0.00000000
    6   -0.00092889   -0.05742567   -0.05728264   -0.00092476   -0.00001905
    7   -0.01255565   -0.14063983   -0.14012566   -0.01252103   -0.33108037
    8   -0.01222063   -0.06281133   -0.01103231   -0.01678683    0.53954340
    9   -0.01584068    0.14543921   -0.15780254    0.01081756    0.11193337
   10   -0.00000000    0.00000000   -0.00000000   -0.00000000    0.00000000
   11   -0.68097753   -0.00012828   -0.05938450   -0.00098020   -0.00000008
   12   -0.57257009   -0.00337147   -0.14344295   -0.01286246   -0.00002311
   13   -0.10234901    0.00201446    0.16138650   -0.00788990    0.00007700
   14   -0.28125331    0.00551435   -0.01966919    0.01887992    0.00004586
   15   -0.00000000   -0.00000000   -0.00000000    0.00000000   -0.00000000
   16   -0.00012828   -0.68097753   -0.00098020   -0.05938450    0.00000077
   17   -0.00337147   -0.57257009   -0.01286246   -0.14344295   -0.01458596
   18   -0.00201446    0.10234901    0.00788990   -0.16138650    0.03286266
   19   -0.00551435    0.28125331   -0.01887992    0.01966919   -0.01057283
   20   -0.00000000    0.00000000   -0.00000000    0.00000000   -0.00000000
   21   -0.05925909   -0.00097994   -0.68367225   -0.00012580    0.00000057
   22   -0.14313892   -0.01286980   -0.57376948   -0.00333334   -0.01218776
   23   -0.14533988    0.00110333    0.19004377   -0.00370361    0.02267947
   24   -0.07205794    0.02044795   -0.23155993    0.00447490    0.01866854
   25   -0.00000000    0.00000000   -0.00000000   -0.00000000    0.00000000
   26   -0.00097994   -0.05925909   -0.00012580   -0.68367225   -0.00000012
   27   -0.01286980   -0.14313892   -0.00333334   -0.57376948   -0.00002700
   28   -0.00110333    0.14533988    0.00370361   -0.19004377    0.00010296
   29   -0.02044795    0.07205794   -0.00447490    0.23155993   -0.00001777
   30   -0.00000000    0.00000000   -0.00000000    0.00000000   -0.00000000
   31   -0.35940368   -0.00025231   -0.05338140   -0.00141876   -0.00000468
   32   -0.00025231   -0.35940368   -0.00141876   -0.05338140   -0.01284202
   33   -0.05338140   -0.00141876   -0.36129843   -0.00025179   -0.00992789
   34   -0.00141876   -0.05338140   -0.00025179   -0.36129843   -0.00000500
   35   -0.00000468   -0.01284202   -0.00992789   -0.00000500   -9.99935074
   36   -0.00032052   -0.04037881   -0.03533241   -0.00038333   -2.73265186
   37   -0.00048632   -0.03906249   -0.02293595   -0.00073421    0.00051678
   38   -0.00045970    0.02731075   -0.03557939    0.00032386   -0.00031078
   39    0.00000000    0.00000000   -0.00000000   -0.00000000   -0.00000000
   40   -0.01284202   -0.00000468   -0.00000500   -0.00992789   -0.00000003
   41   -0.04037881   -0.00032052   -0.00038333   -0.03533241    0.00000046
   42    0.03906249    0.00048632    0.00073421    0.02293595   -0.00000080
   43   -0.02731075    0.00045970   -0.00032386    0.03557939   -0.00000004
   44   -0.00000000   -0.00000000   -0.00000000    0.00000000    0.00000000
   45   -0.00011693   -0.04878304   -0.00450317   -0.00045440   -0.67750782
   46   -0.04878304   -0.00011693   -0.00045440   -0.00450317   -0.00000024
   47   -0.00000009   -0.00006789   -0.01018187    0.00000121   -0.00012399
   48   -0.00008204   -0.00260173   -0.03137479   -0.00002731   -0.47898356
   49   -0.00016131   -0.00331839   -0.02987086   -0.00003705   -0.59102569
   50   -0.00009647    0.00283968   -0.01944189    0.00004437    0.52656362
   51   -0.00000000   -0.00000000   -0.00000000   -0.00000000    0.00000000
   52   -0.00006789   -0.00000009    0.00000121   -0.01018187   -0.00000000
   53   -0.00260173   -0.00008204   -0.00002731   -0.03137479    0.00000003
   54    0.00331839    0.00016131    0.00003705    0.02987086    0.00000003
   55   -0.00283968    0.00009647   -0.00004437    0.01944189   -0.00000036
   56    0.00000000   -0.00000000   -0.00000000    0.00000000    0.00000000
   57   -0.00053216   -0.00058618   -0.06294899   -0.00002420   -0.06314720
   58   -0.00058618   -0.00053216   -0.00002420   -0.06294899   -0.00000012
   59    0.00001714   -0.00044182   -0.00390245    0.00003585   -0.06501581
   60   -0.00044182    0.00001714    0.00003585   -0.00390245   -0.00000002
            36            37            38            39            40
    1    0.00000061   -0.00000013    0.00000042   -0.00000000   -0.00001905
    2   -0.00072006   -0.00142496   -0.00027993   -0.00000000   -0.33108037
    3    0.00153587    0.00283790    0.00057050   -0.00000000   -0.53954340
    4    0.00027709    0.00056955   -0.00009004    0.00000000   -0.11193337
    5   -0.00000000    0.00000000    0.00000000    0.00022086   -0.00000000
    6   -0.33136989   -0.54001103   -0.11203933   -0.00000000   -0.00000000
    7   -0.46762385   -0.42568033   -0.08963945   -0.00000000   -0.00000094
    8    0.42304333    0.19269539    0.07174733    0.00000000   -0.00000366
    9    0.08759337    0.07020714   -0.11913008    0.00000000   -0.00000136
   10    0.00000000    0.00000000   -0.00000000   -0.12196205    0.00000000
   11   -0.00002320   -0.00007760   -0.00004611   -0.00000000    0.00000077
   12   -0.00387022   -0.00637759   -0.00336247    0.00000000   -0.01458596
   13    0.00634295    0.00982916    0.00548036    0.00000000   -0.03286266
   14    0.00339251    0.00556933    0.00184604   -0.00000000    0.01057283
   15    0.00000000    0.00000000    0.00000000   -0.00028389   -0.00000000
   16   -0.01459648   -0.03287744    0.01058330    0.00000000   -0.00000008
   17   -0.07936087   -0.10721414    0.01932625    0.00000000   -0.00002311
   18    0.09759049    0.11002179   -0.02345647    0.00000000   -0.00007700
   19   -0.04707980   -0.06698685   -0.01346385   -0.00000000   -0.00004586
   20   -0.00000000   -0.00000000    0.00000000   -0.01990045   -0.00000000
   21   -0.01219357   -0.02269401   -0.01866894   -0.00000000   -0.00000012
   22   -0.07314251   -0.08615723   -0.05400160   -0.00000000   -0.00002700
   23    0.06907094    0.06018261    0.05156099    0.00000000   -0.00010296
   24    0.07437171    0.09157100    0.03394380    0.00000000    0.00001777
   25    0.00000000    0.00000000    0.00000000   -0.01823865   -0.00000000
   26   -0.00002773   -0.00010655    0.00001785   -0.00000000    0.00000057
   27   -0.00420825   -0.00771310    0.00092370   -0.00000000   -0.01218776
   28    0.00767811    0.01334848   -0.00149270    0.00000000   -0.02267947
   29   -0.00098523   -0.00165250   -0.00088190   -0.00000000   -0.01866854
   30    0.00000000    0.00000000    0.00000000   -0.00050723   -0.00000000
   31   -0.00032052   -0.00048632   -0.00045970    0.00000000   -0.01284202
   32   -0.04037881   -0.03906249    0.02731075    0.00000000   -0.00000468
   33   -0.03533241   -0.02293595   -0.03557939   -0.00000000   -0.00000500
   34   -0.00038333   -0.00073421    0.00032386   -0.00000000   -0.00992789
   35   -2.73265186    0.00051678   -0.00031078   -0.00000000   -0.00000003
   36   -1.33809312    0.02834364   -0.05165212   -0.00000000    0.00000046
   37    0.02834364   -0.34280007    0.05320817    0.00000000    0.00000080
   38   -0.05165212    0.05320817   -0.28516422   -0.00000000    0.00000004
   39   -0.00000000    0.00000000   -0.00000000   -0.10292498    0.00000000
   40    0.00000046    0.00000080    0.00000004    0.00000000   -9.99935074
   41   -0.00001331   -0.00001744   -0.00000001   -0.00000000   -2.73265186
   42    0.00001744    0.00001844   -0.00000392    0.00000000   -0.00051678
   43    0.00000001   -0.00000392   -0.00000240    0.00000000    0.00031078
   44   -0.00000000    0.00000000    0.00000000   -0.00013687    0.00000000
   45   -0.57086278    0.07053233    0.29101040    0.00000000   -0.00000024
   46    0.00000380    0.00000287   -0.00000394    0.00000000   -0.67750782
   47   -0.47843728    0.59036622   -0.52595171   -0.00000000   -0.00000000
   48   -0.60393516    0.39703006   -0.35514921   -0.00000000    0.00000003
   49   -0.40108308    0.04504911   -0.19117239   -0.00000000   -0.00000003
   50    0.35627516   -0.18984327    0.00362341    0.00000000    0.00000036
   51    0.00000000   -0.00000000    0.00000000   -0.17475430   -0.00000000
   52   -0.00000003   -0.00000011    0.00000008    0.00000000   -0.00012399
   53   -0.00000290   -0.00000577   -0.00000119    0.00000000   -0.47898356
   54   -0.00000083   -0.00000270   -0.00000031   -0.00000000    0.59102569
   55    0.00000910    0.00001715    0.00000640    0.00000000   -0.52656362
   56   -0.00000000   -0.00000000    0.00000000   -0.00009509   -0.00000000
   57   -0.15356587    0.09114561   -0.14787269   -0.00000000   -0.00000012
   58    0.00000379    0.00000491    0.00000093   -0.00000000   -0.06314720
   59   -0.15517573    0.15906942   -0.07419345   -0.00000000   -0.00000002
   60    0.00000099    0.00000384    0.00000314   -0.00000000   -0.06501581
            41            42            43            44            45
    1   -0.33136989    0.54001103    0.11203933    0.00000000   -0.00000086
    2   -0.46762385    0.42568033    0.08963945    0.00000000   -0.00021506
    3   -0.42304333    0.19269539    0.07174733    0.00000000    0.00040709
    4   -0.08759337    0.07020714   -0.11913008   -0.00000000    0.00023085
    5   -0.00000000    0.00000000   -0.00000000   -0.12196205    0.00000000
    6    0.00000061    0.00000013   -0.00000042    0.00000000   -0.05490366
    7   -0.00072006    0.00142496    0.00027993   -0.00000000   -0.13157307
    8   -0.00153587    0.00283790    0.00057050    0.00000000    0.12590761
    9   -0.00027709    0.00056955   -0.00009004    0.00000000    0.07499026
   10   -0.00000000    0.00000000   -0.00000000    0.00022086    0.00000000
   11   -0.01459648    0.03287744   -0.01058330   -0.00000000   -0.00000580
   12   -0.07936087    0.10721414   -0.01932625   -0.00000000   -0.00044469
   13   -0.09759049    0.11002179   -0.02345647    0.00000000    0.00067217
   14    0.04707980   -0.06698685   -0.01346385    0.00000000    0.00063313
   15    0.00000000   -0.00000000   -0.00000000   -0.01990045    0.00000000
   16   -0.00002320    0.00007760    0.00004611   -0.00000000   -0.01498800
   17   -0.00387022    0.00637759    0.00336247    0.00000000   -0.04456327
   18   -0.00634295    0.00982916    0.00548036   -0.00000000    0.05140211
   19   -0.00339251    0.00556933    0.00184604    0.00000000   -0.00079024
   20   -0.00000000    0.00000000   -0.00000000   -0.00028389    0.00000000
   21   -0.00002773    0.00010655   -0.00001785   -0.00000000   -0.00074848
   22   -0.00420825    0.00771310   -0.00092370    0.00000000   -0.01085408
   23   -0.00767811    0.01334848   -0.00149270    0.00000000    0.01011206
   24    0.00098523   -0.00165250   -0.00088190   -0.00000000    0.01413135
   25   -0.00000000   -0.00000000   -0.00000000   -0.00050723    0.00000000
   26   -0.01219357    0.02269401    0.01866894    0.00000000   -0.00006657
   27   -0.07314251    0.08615723    0.05400160    0.00000000   -0.00261144
   28   -0.06907094    0.06018261    0.05156099    0.00000000    0.00436238
   29   -0.07437171    0.09157100    0.03394380    0.00000000    0.00049435
   30   -0.00000000    0.00000000    0.00000000   -0.01823865    0.00000000
   31   -0.04037881    0.03906249   -0.02731075   -0.00000000   -0.00011693
   32   -0.00032052    0.00048632    0.00045970   -0.00000000   -0.04878304
   33   -0.00038333    0.00073421   -0.00032386   -0.00000000   -0.00450317
   34   -0.03533241    0.02293595    0.03557939    0.00000000   -0.00045440
   35    0.00000046   -0.00000080   -0.00000004    0.00000000   -0.67750782
   36   -0.00001331    0.00001744    0.00000001   -0.00000000   -0.57086278
   37   -0.00001744    0.00001844   -0.00000392    0.00000000    0.07053233
   38   -0.00000001   -0.00000392   -0.00000240    0.00000000    0.29101040
   39   -0.00000000    0.00000000    0.00000000   -0.00013687    0.00000000
   40   -2.73265186   -0.00051678    0.00031078    0.00000000   -0.00000024
   41   -1.33809312   -0.02834364    0.05165212    0.00000000    0.00000380
   42   -0.02834364   -0.34280007    0.05320817    0.00000000   -0.00000287
   43    0.05165212    0.05320817   -0.28516422   -0.00000000    0.00000394
   44    0.00000000    0.00000000   -0.00000000   -0.10292498    0.00000000
   45    0.00000380   -0.00000287    0.00000394    0.00000000   -0.35668186
   46   -0.57086278   -0.07053233   -0.29101040   -0.00000000   -0.00000609
   47   -0.00000003    0.00000011   -0.00000008    0.00000000   -0.06871243
   48   -0.00000290    0.00000577    0.00000119   -0.00000000   -0.15984201
   49    0.00000083   -0.00000270   -0.00000031    0.00000000   -0.09201443
   50   -0.00000910    0.00001715    0.00000640    0.00000000    0.15359784
   51   -0.00000000    0.00000000   -0.00000000   -0.00009509    0.00000000
   52   -0.47843728   -0.59036622    0.52595171    0.00000000    0.00000004
   53   -0.60393516   -0.39703006    0.35514921    0.00000000   -0.00000186
   54    0.40108308    0.04504911   -0.19117239   -0.00000000    0.00000104
   55   -0.35627516   -0.18984327    0.00362341    0.00000000    0.00000257
   56   -0.00000000   -0.00000000    0.00000000   -0.17475430    0.00000000
   57    0.00000379   -0.00000491   -0.00000093   -0.00000000   -0.02749203
   58   -0.15356587   -0.09114561    0.14787269    0.00000000    0.00000109
   59    0.00000099   -0.00000384   -0.00000314   -0.00000000   -0.05809409
   60   -0.15517573   -0.15906942    0.07419345    0.00000000    0.00000077
            46            47            48            49            50
    1   -0.05490366   -0.00000007   -0.00000113   -0.00000003   -0.00000082
    2   -0.13157307   -0.00000122   -0.00002736   -0.00006564    0.00001449
    3   -0.12590761    0.00000056    0.00005650    0.00016107   -0.00001519
    4   -0.07499026   -0.00000041    0.00000350   -0.00000964    0.00003124
    5   -0.00000000    0.00000000   -0.00000000    0.00000000   -0.00000000
    6   -0.00000086    0.00000063   -0.01343019   -0.03118503    0.00744687
    7   -0.00021506   -0.01342817   -0.07947151   -0.10265694    0.03966242
    8   -0.00040709    0.03116979    0.11002389    0.12181263   -0.05846940
    9   -0.00023085   -0.00742606   -0.01208766   -0.01531688   -0.01754358
   10    0.00000000   -0.00000000   -0.00000000   -0.00000000    0.00000000
   11   -0.01498800   -0.00000005    0.00000025   -0.00000194    0.00000025
   12   -0.04456327    0.00000145   -0.00048015   -0.00100438   -0.00022236
   13   -0.05140211   -0.00000155    0.00092263    0.00183287    0.00042211
   14    0.00079024   -0.00000003    0.00023978    0.00049186   -0.00001876
   15    0.00000000   -0.00000000   -0.00000000    0.00000000   -0.00000000
   16   -0.00000580    0.00000011   -0.00003090   -0.00011409    0.00005342
   17   -0.00044469   -0.00003173   -0.00441634   -0.00724111    0.00360640
   18   -0.00067217    0.00011723    0.00727206    0.01075931   -0.00617498
   19   -0.00063313   -0.00005449   -0.00374475   -0.00638741    0.00217236
   20    0.00000000    0.00000000   -0.00000000    0.00000000    0.00000000
   21   -0.00006657    0.00000092   -0.00143465   -0.00401567   -0.00099343
   22   -0.00261144   -0.00143502   -0.01807865   -0.02734368   -0.00411887
   23   -0.00436238    0.00401572    0.02622588    0.03392917    0.00582161
   24   -0.00049435    0.00098812    0.00900042    0.01415288   -0.00472115
   25    0.00000000    0.00000000    0.00000000    0.00000000    0.00000000
   26   -0.00074848    0.00000006   -0.00000102   -0.00000156    0.00000122
   27   -0.01085408   -0.00000087   -0.00005666   -0.00017220    0.00002388
   28   -0.01011206    0.00000153    0.00014450    0.00039461   -0.00006022
   29   -0.01413135   -0.00000001   -0.00007825   -0.00016490    0.00004248
   30   -0.00000000   -0.00000000    0.00000000    0.00000000   -0.00000000
   31   -0.04878304   -0.00000009   -0.00008204   -0.00016131   -0.00009647
   32   -0.00011693   -0.00006789   -0.00260173   -0.00331839    0.00283968
   33   -0.00045440   -0.01018187   -0.03137479   -0.02987086   -0.01944189
   34   -0.00450317    0.00000121   -0.00002731   -0.00003705    0.00004437
   35   -0.00000024   -0.00012399   -0.47898356   -0.59102569    0.52656362
   36    0.00000380   -0.47843728   -0.60393516   -0.40108308    0.35627516
   37    0.00000287    0.59036622    0.39703006    0.04504911   -0.18984327
   38   -0.00000394   -0.52595171   -0.35514921   -0.19117239    0.00362341
   39    0.00000000   -0.00000000   -0.00000000   -0.00000000    0.00000000
   40   -0.67750782   -0.00000000    0.00000003   -0.00000003    0.00000036
   41   -0.57086278   -0.00000003   -0.00000290    0.00000083   -0.00000910
   42   -0.07053233    0.00000011    0.00000577   -0.00000270    0.00001715
   43   -0.29101040   -0.00000008    0.00000119   -0.00000031    0.00000640
   44   -0.00000000    0.00000000   -0.00000000    0.00000000    0.00000000
   45   -0.00000609   -0.06871243   -0.15984201   -0.09201443    0.15359784
   46   -0.35668186    0.00000004   -0.00000186   -0.00000104   -0.00000257
   47    0.00000004   -9.98355548   -2.72946603   -0.00046348    0.00046386
   48   -0.00000186   -2.72946603   -1.31328809   -0.05646875    0.05081128
   49   -0.00000104   -0.00046348   -0.05646875   -0.29000309    0.05787675
   50   -0.00000257    0.00046386    0.05081128    0.05787675   -0.27806413
   51   -0.00000000   -0.00000000    0.00000000    0.00000000   -0.00000000
   52   -0.06871243    0.00000002    0.00000006   -0.00000012   -0.00000005
   53   -0.15984201    0.00000006    0.00000360    0.00000150    0.00000089
   54    0.09201443    0.00000012   -0.00000150   -0.00000001   -0.00000233
   55   -0.15359784    0.00000005   -0.00000089   -0.00000233    0.00000711
   56   -0.00000000    0.00000000    0.00000000   -0.00000000   -0.00000000
   57    0.00000109   -0.68457908   -0.56817471   -0.05767075   -0.29399914
   58   -0.02749203    0.00000008   -0.00000021   -0.00000262    0.00000371
   59    0.00000077   -0.68348408   -0.56752106    0.28285932    0.09698086
   60   -0.05809409    0.00000018   -0.00000140   -0.00000124   -0.00000240
            51            52            53            54            55
    1   -0.00000000    0.00000063   -0.01343019    0.03118503   -0.00744687
    2   -0.00000000   -0.01342817   -0.07947151    0.10265694   -0.03966242
    3    0.00000000   -0.03116979   -0.11002389    0.12181263   -0.05846940
    4    0.00000000    0.00742606    0.01208766   -0.01531688   -0.01754358
    5   -0.00148116    0.00000000    0.00000000   -0.00000000   -0.00000000
    6   -0.00000000   -0.00000007   -0.00000113    0.00000003    0.00000082
    7    0.00000000   -0.00000122   -0.00002736    0.00006564   -0.00001449
    8   -0.00000000   -0.00000056   -0.00005650    0.00016107   -0.00001519
    9   -0.00000000    0.00000041   -0.00000350   -0.00000964    0.00003124
   10   -0.02015864    0.00000000    0.00000000   -0.00000000   -0.00000000
   11    0.00000000    0.00000011   -0.00003090    0.00011409   -0.00005342
   12   -0.00000000   -0.00003173   -0.00441634    0.00724111   -0.00360640
   13    0.00000000   -0.00011723   -0.00727206    0.01075931   -0.00617498
   14    0.00000000    0.00005449    0.00374475   -0.00638741    0.00217236
   15    0.00007133   -0.00000000    0.00000000   -0.00000000   -0.00000000
   16   -0.00000000   -0.00000005    0.00000025    0.00000194   -0.00000025
   17    0.00000000    0.00000145   -0.00048015    0.00100438    0.00022236
   18    0.00000000    0.00000155   -0.00092263    0.00183287    0.00042211
   19    0.00000000    0.00000003   -0.00023978    0.00049186   -0.00001876
   20    0.00151185   -0.00000000    0.00000000   -0.00000000   -0.00000000
   21    0.00000000    0.00000006   -0.00000102    0.00000156   -0.00000122
   22   -0.00000000   -0.00000087   -0.00005666    0.00017220   -0.00002388
   23    0.00000000   -0.00000153   -0.00014450    0.00039461   -0.00006022
   24    0.00000000    0.00000001    0.00007825   -0.00016490    0.00004248
   25   -0.00164807   -0.00000000    0.00000000   -0.00000000   -0.00000000
   26   -0.00000000    0.00000092   -0.00143465    0.00401567    0.00099343
   27   -0.00000000   -0.00143502   -0.01807865    0.02734368    0.00411887
   28   -0.00000000   -0.00401572   -0.02622588    0.03392917    0.00582161
   29   -0.00000000   -0.00098812   -0.00900042    0.01415288   -0.00472115
   30    0.00020171   -0.00000000   -0.00000000    0.00000000   -0.00000000
   31   -0.00000000   -0.00006789   -0.00260173    0.00331839   -0.00283968
   32   -0.00000000   -0.00000009   -0.00008204    0.00016131    0.00009647
   33   -0.00000000    0.00000121   -0.00002731    0.00003705   -0.00004437
   34   -0.00000000   -0.01018187   -0.03137479    0.02987086    0.01944189
   35    0.00000000   -0.00000000    0.00000003    0.00000003   -0.00000036
   36    0.00000000   -0.00000003   -0.00000290   -0.00000083    0.00000910
   37   -0.00000000   -0.00000011   -0.00000577   -0.00000270    0.00001715
   38    0.00000000    0.00000008   -0.00000119   -0.00000031    0.00000640
   39   -0.17475430    0.00000000    0.00000000   -0.00000000    0.00000000
   40   -0.00000000   -0.00012399   -0.47898356    0.59102569   -0.52656362
   41   -0.00000000   -0.47843728   -0.60393516    0.40108308   -0.35627516
   42    0.00000000   -0.59036622   -0.39703006    0.04504911   -0.18984327
   43   -0.00000000    0.52595171    0.35514921   -0.19117239    0.00362341
   44   -0.00009509    0.00000000    0.00000000   -0.00000000    0.00000000
   45    0.00000000    0.00000004   -0.00000186    0.00000104    0.00000257
   46   -0.00000000   -0.06871243   -0.15984201    0.09201443   -0.15359784
   47   -0.00000000    0.00000002    0.00000006    0.00000012    0.00000005
   48    0.00000000    0.00000006    0.00000360   -0.00000150   -0.00000089
   49    0.00000000   -0.00000012    0.00000150   -0.00000001   -0.00000233
   50   -0.00000000   -0.00000005    0.00000089   -0.00000233    0.00000711
   51   -0.08954830    0.00000000    0.00000000   -0.00000000    0.00000000
   52    0.00000000   -9.98355548   -2.72946603    0.00046348   -0.00046386
   53    0.00000000   -2.72946603   -1.31328809    0.05646875   -0.05081128
   54   -0.00000000    0.00046348    0.05646875   -0.29000309    0.05787675
   55    0.00000000   -0.00046386   -0.05081128    0.05787675   -0.27806413
   56    0.00060938   -0.00000000   -0.00000000    0.00000000   -0.00000000
   57   -0.00000000    0.00000008   -0.00000021    0.00000262   -0.00000371
   58   -0.00000000   -0.68457908   -0.56817471    0.05767075    0.29399914
   59    0.00000000    0.00000018   -0.00000140    0.00000124    0.00000240
   60    0.00000000   -0.68348408   -0.56752106   -0.28285932   -0.09698086
            56            57            58            59            60
    1   -0.00000000   -0.00000063   -0.00849652    0.00000036   -0.00066664
    2   -0.00000000   -0.00008059   -0.03264606   -0.00001898   -0.01051850
    3   -0.00000000    0.00016443   -0.03496161    0.00001867   -0.01707665
    4   -0.00000000   -0.00006733    0.02003252   -0.00000119    0.00028728
    5   -0.02015864   -0.00000000    0.00000000    0.00000000    0.00000000
    6    0.00000000   -0.00849652   -0.00000063   -0.00066664    0.00000036
    7   -0.00000000   -0.03264606   -0.00008059   -0.01051850   -0.00001898
    8    0.00000000    0.03496161   -0.00016443    0.01707665   -0.00001867
    9   -0.00000000   -0.02003252    0.00006733   -0.00028728    0.00000119
   10   -0.00148116   -0.00000000   -0.00000000    0.00000000   -0.00000000
   11   -0.00000000   -0.00003755   -0.00002840   -0.00000009   -0.00000473
   12   -0.00000000   -0.00163680   -0.00162879   -0.00001778   -0.00042799
   13    0.00000000    0.00274847   -0.00217862    0.00004792   -0.00088036
   14    0.00000000    0.00004335    0.00193660   -0.00000748    0.00017913
   15    0.00151185   -0.00000000   -0.00000000    0.00000000    0.00000000
   16    0.00000000   -0.00002840   -0.00003755   -0.00000473   -0.00000009
   17    0.00000000   -0.00162879   -0.00163680   -0.00042799   -0.00001778
   18   -0.00000000    0.00217862   -0.00274847    0.00088036   -0.00004792
   19    0.00000000   -0.00193660   -0.00004335   -0.00017913    0.00000748
   20    0.00007133    0.00000000   -0.00000000    0.00000000   -0.00000000
   21   -0.00000000   -0.00874357   -0.00000031   -0.00003563    0.00000132
   22   -0.00000000   -0.02851505   -0.00006660   -0.00154515   -0.00003303
   23    0.00000000    0.03289484   -0.00012279    0.00265162   -0.00006454
   24   -0.00000000   -0.00340819    0.00009179    0.00079126   -0.00001740
   25    0.00020171   -0.00000000   -0.00000000    0.00000000    0.00000000
   26   -0.00000000   -0.00000031   -0.00874357    0.00000132   -0.00003563
   27    0.00000000   -0.00006660   -0.02851505   -0.00003303   -0.00154515
   28    0.00000000    0.00012279   -0.03289484    0.00006454   -0.00265162
   29   -0.00000000   -0.00009179    0.00340819    0.00001740   -0.00079126
   30   -0.00164807    0.00000000   -0.00000000    0.00000000   -0.00000000
   31    0.00000000   -0.00053216   -0.00058618    0.00001714   -0.00044182
   32   -0.00000000   -0.00058618   -0.00053216   -0.00044182    0.00001714
   33   -0.00000000   -0.06294899   -0.00002420   -0.00390245    0.00003585
   34    0.00000000   -0.00002420   -0.06294899    0.00003585   -0.00390245
   35    0.00000000   -0.06314720   -0.00000012   -0.06501581   -0.00000002
   36   -0.00000000   -0.15356587    0.00000379   -0.15517573    0.00000099
   37   -0.00000000    0.09114561    0.00000491    0.15906942    0.00000384
   38    0.00000000   -0.14787269    0.00000093   -0.07419345    0.00000314
   39   -0.00009509   -0.00000000   -0.00000000   -0.00000000   -0.00000000
   40   -0.00000000   -0.00000012   -0.06314720   -0.00000002   -0.06501581
   41   -0.00000000    0.00000379   -0.15356587    0.00000099   -0.15517573
   42   -0.00000000   -0.00000491   -0.09114561   -0.00000384   -0.15906942
   43    0.00000000   -0.00000093    0.14787269   -0.00000314    0.07419345
   44   -0.17475430   -0.00000000    0.00000000   -0.00000000    0.00000000
   45    0.00000000   -0.02749203    0.00000109   -0.05809409    0.00000077
   46   -0.00000000    0.00000109   -0.02749203    0.00000077   -0.05809409
   47    0.00000000   -0.68457908    0.00000008   -0.68348408    0.00000018
   48    0.00000000   -0.56817471   -0.00000021   -0.56752106   -0.00000140
   49   -0.00000000   -0.05767075   -0.00000262    0.28285932   -0.00000124
   50   -0.00000000   -0.29399914    0.00000371    0.09698086   -0.00000240
   51    0.00060938   -0.00000000   -0.00000000    0.00000000    0.00000000
   52   -0.00000000    0.00000008   -0.68457908    0.00000018   -0.68348408
   53   -0.00000000   -0.00000021   -0.56817471   -0.00000140   -0.56752106
   54    0.00000000    0.00000262    0.05767075    0.00000124   -0.28285932
   55   -0.00000000   -0.00000371    0.29399914    0.00000240   -0.09698086
   56   -0.08954830   -0.00000000    0.00000000    0.00000000   -0.00000000
   57   -0.00000000   -0.35814616   -0.00000026   -0.18156389    0.00000091
   58    0.00000000   -0.00000026   -0.35814616    0.00000091   -0.18156389
   59    0.00000000   -0.18156389    0.00000091   -0.35530308    0.00000327
   60   -0.00000000    0.00000091   -0.18156389    0.00000327   -0.35530308
 itmp=   123456789  -987654321

 *********************************** NBO 7.0 ***********************************
             N A T U R A L   A T O M I C   O R B I T A L   A N D
          N A T U R A L   B O N D   O R B I T A L   A N A L Y S I S
 *************************** Shannon Houck (I102228) ***************************
  (c) Copyright 1996-2021 Board of Regents of the University of Wisconsin System
      on behalf of the Theoretical Chemistry Institute.  All rights reserved.

          Cite this program [NBO 7.0.10 (8-Feb-2021)] as:

          NBO 7.0.  E. D. Glendening, J. K. Badenhoop, A. E. Reed,
          J. E. Carpenter, J. A. Bohmann, C. M. Morales, P. Karafiloglou,
          C. R. Landis, and F. Weinhold, Theoretical Chemistry Institute,
          University of Wisconsin, Madison, WI (2018)

       /PRINT  / : Print level set to 1
 nat=          20
 NBas=          60
 iopen=           0
 escf=  -382.308299136939     
 sending        1830  elements

 Job title: unknown


 NATURAL POPULATIONS:  Natural atomic orbital occupancies

  NAO Atom No lang   Type(AO)    Occupancy      Energy
 -------------------------------------------------------
   1    C  1  s      Cor( 1s)     2.00000     -10.00578
   2    C  1  s      Val( 2s)     1.10034      -0.16623
   3    C  1  px     Val( 2p)     0.94225       0.09436
   4    C  1  py     Val( 2p)     0.95964       0.10302
   5    C  1  pz     Val( 2p)     0.99248      -0.03937

   6    C  2  s      Cor( 1s)     2.00000     -10.00578
   7    C  2  s      Val( 2s)     1.10034      -0.16623
   8    C  2  px     Val( 2p)     0.94225       0.09436
   9    C  2  py     Val( 2p)     0.95964       0.10302
  10    C  2  pz     Val( 2p)     0.99248      -0.03937

  11    C  3  s      Cor( 1s)     2.00000      -9.99093
  12    C  3  s      Val( 2s)     1.10646      -0.16180
  13    C  3  px     Val( 2p)     0.96675       0.09843
  14    C  3  py     Val( 2p)     0.97918       0.08281
  15    C  3  pz     Val( 2p)     1.00164      -0.04645

  16    C  4  s      Cor( 1s)     2.00000      -9.99093
  17    C  4  s      Val( 2s)     1.10646      -0.16180
  18    C  4  px     Val( 2p)     0.96675       0.09843
  19    C  4  py     Val( 2p)     0.97918       0.08281
  20    C  4  pz     Val( 2p)     1.00164      -0.04645

  21    C  5  s      Cor( 1s)     2.00000      -9.99110
  22    C  5  s      Val( 2s)     1.10384      -0.16046
  23    C  5  px     Val( 2p)     0.97360       0.09402
  24    C  5  py     Val( 2p)     0.97520       0.08837
  25    C  5  pz     Val( 2p)     1.00144      -0.04607

  26    C  6  s      Cor( 1s)     2.00000      -9.99110
  27    C  6  s      Val( 2s)     1.10384      -0.16046
  28    C  6  px     Val( 2p)     0.97360       0.09402
  29    C  6  py     Val( 2p)     0.97520       0.08837
  30    C  6  pz     Val( 2p)     1.00144      -0.04607

  31    H  7  s      Val( 1s)     0.94834       0.02493

  32    H  8  s      Val( 1s)     0.94834       0.02493

  33    H  9  s      Val( 1s)     0.94723       0.02815

  34    H 10  s      Val( 1s)     0.94723       0.02815

  35    C 11  s      Cor( 1s)     2.00000      -9.99281
  36    C 11  s      Val( 2s)     1.10828      -0.16100
  37    C 11  px     Val( 2p)     0.95050       0.10009
  38    C 11  py     Val( 2p)     0.99267       0.08307
  39    C 11  pz     Val( 2p)     0.99775      -0.04484

  40    C 12  s      Cor( 1s)     2.00000      -9.99281
  41    C 12  s      Val( 2s)     1.10828      -0.16100
  42    C 12  px     Val( 2p)     0.95050       0.10009
  43    C 12  py     Val( 2p)     0.99267       0.08307
  44    C 12  pz     Val( 2p)     0.99775      -0.04484

  45    H 13  s      Val( 1s)     0.95002       0.02613

  46    H 14  s      Val( 1s)     0.95002       0.02613

  47    C 15  s      Cor( 1s)     2.00000      -9.97581
  48    C 15  s      Val( 2s)     1.11232      -0.15854
  49    C 15  px     Val( 2p)     0.99279       0.08440
  50    C 15  py     Val( 2p)     0.99446       0.08423
  51    C 15  pz     Val( 2p)     1.00669      -0.05106

  52    C 16  s      Cor( 1s)     2.00000      -9.97581
  53    C 16  s      Val( 2s)     1.11232      -0.15854
  54    C 16  px     Val( 2p)     0.99279       0.08440
  55    C 16  py     Val( 2p)     0.99446       0.08423
  56    C 16  pz     Val( 2p)     1.00669      -0.05106

  57    H 17  s      Val( 1s)     0.94975       0.02909

  58    H 18  s      Val( 1s)     0.94975       0.02909

  59    H 19  s      Val( 1s)     0.94638       0.02740

  60    H 20  s      Val( 1s)     0.94638       0.02740


 Summary of Natural Population Analysis:

                                     Natural Population
             Natural    ---------------------------------------------
  Atom No    Charge        Core      Valence    Rydberg      Total
 --------------------------------------------------------------------
    C  1    0.00530      2.00000     3.99471    0.00000     5.99470
    C  2    0.00530      2.00000     3.99471    0.00000     5.99470
    C  3   -0.05403      2.00000     4.05403    0.00000     6.05403
    C  4   -0.05403      2.00000     4.05403    0.00000     6.05403
    C  5   -0.05408      2.00000     4.05408    0.00000     6.05408
    C  6   -0.05408      2.00000     4.05408    0.00000     6.05408
    H  7    0.05166      0.00000     0.94834    0.00000     0.94834
    H  8    0.05166      0.00000     0.94834    0.00000     0.94834
    H  9    0.05277      0.00000     0.94723    0.00000     0.94723
    H 10    0.05277      0.00000     0.94723    0.00000     0.94723
    C 11   -0.04920      2.00000     4.04920    0.00000     6.04920
    C 12   -0.04920      2.00000     4.04920    0.00000     6.04920
    H 13    0.04998      0.00000     0.95002    0.00000     0.95002
    H 14    0.04998      0.00000     0.95002    0.00000     0.95002
    C 15   -0.10626      2.00000     4.10627    0.00000     6.10626
    C 16   -0.10626      2.00000     4.10627    0.00000     6.10626
    H 17    0.05025      0.00000     0.94975    0.00000     0.94975
    H 18    0.05025      0.00000     0.94975    0.00000     0.94975
    H 19    0.05362      0.00000     0.94638    0.00000     0.94638
    H 20    0.05362      0.00000     0.94638    0.00000     0.94638
 ====================================================================
 * Total *  0.00000     19.99997    50.00003    0.00000    70.00000

                                 Natural Population
 ---------------------------------------------------------
   Core                      19.99997 ( 99.9999% of   20)
   Valence                   50.00003 (100.0001% of   50)
   Natural Minimal Basis     70.00000 (100.0000% of   70)
   Natural Rydberg Basis      0.00000 (  0.0000% of   70)
 ---------------------------------------------------------

    Atom No         Natural Electron Configuration
 ----------------------------------------------------------------------------
      C  1      [core]2s( 1.10)2p( 2.89)
      C  2      [core]2s( 1.10)2p( 2.89)
      C  3      [core]2s( 1.11)2p( 2.95)
      C  4      [core]2s( 1.11)2p( 2.95)
      C  5      [core]2s( 1.10)2p( 2.95)
      C  6      [core]2s( 1.10)2p( 2.95)
      H  7            1s( 0.95)
      H  8            1s( 0.95)
      H  9            1s( 0.95)
      H 10            1s( 0.95)
      C 11      [core]2s( 1.11)2p( 2.94)
      C 12      [core]2s( 1.11)2p( 2.94)
      H 13            1s( 0.95)
      H 14            1s( 0.95)
      C 15      [core]2s( 1.11)2p( 2.99)
      C 16      [core]2s( 1.11)2p( 2.99)
      H 17            1s( 0.95)
      H 18            1s( 0.95)
      H 19            1s( 0.95)
      H 20            1s( 0.95)


 NATURAL BOND ORBITAL ANALYSIS:

                            Occupancies       Lewis Structure    Low   High
         Max    Occ     -------------------  -----------------   occ   occ
  Cycle  Ctr   Thresh    Lewis   non-Lewis     CR  BD  nC  LP    (L)   (NL)
 ============================================================================
    1     2     1.90    66.60381   3.39619     10  22   0   3     3      3
    2     2     1.69    67.97508   2.02492     10  24   0   1     1      3
    3     2     1.61    68.52815   1.47185     10  25   0   0     0      3
 ----------------------------------------------------------------------------

 Structure accepted: No low occupancy Lewis orbitals

 -------------------------------------------------------
   Core                     19.99997 (100.000% of  20)
   Valence Lewis            48.52818 ( 97.056% of  50)
  ==================      =============================
   Total Lewis              68.52815 ( 97.897% of  70)
  -----------------------------------------------------
   Valence non-Lewis         1.47185 (  2.103% of  70)
   Rydberg non-Lewis         0.00000 (  0.000% of  70)
  ==================      =============================
   Total non-Lewis           1.47185 (  2.103% of  70)
 -------------------------------------------------------


     (Occupancy)   Bond orbital / Coefficients / Hybrids
 ------------------ Lewis ------------------------------------------------------
   1. (2.00000) CR ( 1) C  1            s(100.00%)
                                         1.0000  0.0000  0.0000  0.0000  0.0000
   2. (2.00000) CR ( 1) C  2            s(100.00%)
                                         1.0000  0.0000  0.0000  0.0000  0.0000
   3. (2.00000) CR ( 1) C  3            s(100.00%)
                                         1.0000  0.0000  0.0000  0.0000  0.0000
   4. (2.00000) CR ( 1) C  4            s(100.00%)
                                         1.0000  0.0000  0.0000  0.0000  0.0000
   5. (2.00000) CR ( 1) C  5            s(100.00%)
                                         1.0000  0.0000  0.0000  0.0000  0.0000
   6. (2.00000) CR ( 1) C  6            s(100.00%)
                                         1.0000  0.0000  0.0000  0.0000  0.0000
   7. (2.00000) CR ( 1) C 11            s(100.00%)
                                         1.0000  0.0000  0.0000  0.0000  0.0000
   8. (2.00000) CR ( 1) C 12            s(100.00%)
                                         1.0000  0.0000  0.0000  0.0000  0.0000
   9. (2.00000) CR ( 1) C 15            s(100.00%)
                                         1.0000  0.0000  0.0000  0.0000  0.0000
  10. (2.00000) CR ( 1) C 16            s(100.00%)
                                         1.0000  0.0000  0.0000  0.0000  0.0000
  11. (1.98205) BD ( 1) C  1- C  3
               ( 49.90%)   0.7064* C  1 s( 33.57%)p 1.98( 66.43%)
                                         0.0000  0.5794 -0.5214  0.6265  0.0000
               ( 50.10%)   0.7078* C  3 s( 33.90%)p 1.95( 66.10%)
                                         0.0000  0.5823  0.5340 -0.6131  0.0000
  12. (1.98246) BD ( 1) C  1- C  6
               ( 50.03%)   0.7074* C  1 s( 34.27%)p 1.92( 65.73%)
                                         0.0000  0.5854 -0.2686 -0.7650  0.0000
               ( 49.97%)   0.7069* C  6 s( 33.78%)p 1.96( 66.22%)
                                         0.0000  0.5812  0.3008  0.7562  0.0000
  13. (1.61900) BD ( 2) C  1- C  6
               ( 49.64%)   0.7046* C  1 s(  0.00%)p 1.00(100.00%)
                                         0.0000  0.0000  0.0000  0.0000  1.0000
               ( 50.36%)   0.7096* C  6 s(  0.00%)p 1.00(100.00%)
                                         0.0000  0.0000  0.0000  0.0000  1.0000
  14. (1.97802) BD ( 1) C  1- C 12
               ( 50.07%)   0.7076* C  1 s( 32.16%)p 2.11( 67.84%)
                                         0.0000  0.5671  0.8100  0.1496  0.0000
               ( 49.93%)   0.7066* C 12 s( 31.91%)p 2.13( 68.09%)
                                         0.0000  0.5648 -0.8000 -0.2024  0.0000
  15. (1.98205) BD ( 1) C  2- C  4
               ( 49.90%)   0.7064* C  2 s( 33.57%)p 1.98( 66.43%)
                                         0.0000  0.5794  0.5214 -0.6265  0.0000
               ( 50.10%)   0.7078* C  4 s( 33.90%)p 1.95( 66.10%)
                                         0.0000  0.5823 -0.5340  0.6131  0.0000
  16. (1.61831) BD ( 2) C  2- C  4
               ( 49.63%)   0.7045* C  2 s(  0.00%)p 1.00(100.00%)
                                         0.0000  0.0000  0.0000  0.0000  1.0000
               ( 50.37%)   0.7097* C  4 s(  0.00%)p 1.00(100.00%)
                                         0.0000  0.0000  0.0000  0.0000  1.0000
  17. (1.98246) BD ( 1) C  2- C  5
               ( 50.03%)   0.7074* C  2 s( 34.27%)p 1.92( 65.73%)
                                         0.0000  0.5854  0.2686  0.7650  0.0000
               ( 49.97%)   0.7069* C  5 s( 33.78%)p 1.96( 66.22%)
                                         0.0000  0.5812 -0.3008 -0.7562  0.0000
  18. (1.97802) BD ( 1) C  2- C 11
               ( 50.07%)   0.7076* C  2 s( 32.16%)p 2.11( 67.84%)
                                         0.0000  0.5671 -0.8100 -0.1496  0.0000
               ( 49.93%)   0.7066* C 11 s( 31.91%)p 2.13( 68.09%)
                                         0.0000  0.5648  0.8000  0.2024  0.0000
  19. (1.98646) BD ( 1) C  3- C  5
               ( 49.97%)   0.7069* C  3 s( 34.59%)p 1.89( 65.41%)
                                         0.0000  0.5882 -0.7973 -0.1358  0.0000
               ( 50.03%)   0.7073* C  5 s( 34.70%)p 1.88( 65.30%)
                                         0.0000  0.5891  0.7965  0.1359  0.0000
  20. (1.69176) BD ( 2) C  3- C  5
               ( 50.01%)   0.7072* C  3 s(  0.00%)p 1.00(100.00%)
                                         0.0000  0.0000  0.0000  0.0000  1.0000
               ( 49.99%)   0.7071* C  5 s(  0.00%)p 1.00(100.00%)
                                         0.0000  0.0000  0.0000  0.0000  1.0000
  21. (1.98598) BD ( 1) C  3- H  7
               ( 52.62%)   0.7254* C  3 s( 31.50%)p 2.17( 68.50%)
                                         0.0000  0.5613  0.2815  0.7783  0.0000
               ( 47.38%)   0.6883* H  7 s(100.00%)
                                         1.0000
  22. (1.98646) BD ( 1) C  4- C  6
               ( 49.97%)   0.7069* C  4 s( 34.59%)p 1.89( 65.41%)
                                         0.0000  0.5882  0.7973  0.1358  0.0000
               ( 50.03%)   0.7073* C  6 s( 34.70%)p 1.88( 65.30%)
                                         0.0000  0.5891 -0.7965 -0.1359  0.0000
  23. (1.98598) BD ( 1) C  4- H  8
               ( 52.62%)   0.7254* C  4 s( 31.50%)p 2.17( 68.50%)
                                         0.0000  0.5613 -0.2815 -0.7783  0.0000
               ( 47.38%)   0.6883* H  8 s(100.00%)
                                         1.0000
  24. (1.98493) BD ( 1) C  5- H  9
               ( 52.68%)   0.7258* C  5 s( 31.52%)p 2.17( 68.48%)
                                         0.0000  0.5614 -0.5245  0.6401  0.0000
               ( 47.32%)   0.6879* H  9 s(100.00%)
                                         1.0000
  25. (1.98493) BD ( 1) C  6- H 10
               ( 52.68%)   0.7258* C  6 s( 31.52%)p 2.17( 68.48%)
                                         0.0000  0.5614  0.5245 -0.6401  0.0000
               ( 47.32%)   0.6879* H 10 s(100.00%)
                                         1.0000
  26. (1.98388) BD ( 1) C 11- H 13
               ( 52.49%)   0.7245* C 11 s( 30.47%)p 2.28( 69.53%)
                                         0.0000  0.5520 -0.1840 -0.8133  0.0000
               ( 47.51%)   0.6893* H 13 s(100.00%)
                                         1.0000
  27. (1.99439) BD ( 1) C 11- C 15
               ( 50.13%)   0.7081* C 11 s( 37.63%)p 1.66( 62.37%)
                                         0.0000  0.6134 -0.5711  0.5455  0.0000
               ( 49.87%)   0.7062* C 15 s( 37.09%)p 1.70( 62.91%)
                                         0.0000  0.6090  0.5987 -0.5203  0.0000
  28. (1.94404) BD ( 2) C 11- C 15
               ( 49.76%)   0.7054* C 11 s(  0.00%)p 1.00(100.00%)
                                         0.0000  0.0000  0.0000  0.0000  1.0000
               ( 50.24%)   0.7088* C 15 s(  0.00%)p 1.00(100.00%)
                                         0.0000  0.0000  0.0000  0.0000  1.0000
  29. (1.98388) BD ( 1) C 12- H 14
               ( 52.49%)   0.7245* C 12 s( 30.47%)p 2.28( 69.53%)
                                         0.0000  0.5520  0.1840  0.8133  0.0000
               ( 47.51%)   0.6893* H 14 s(100.00%)
                                         1.0000
  30. (1.99439) BD ( 1) C 12- C 16
               ( 50.13%)   0.7081* C 12 s( 37.63%)p 1.66( 62.37%)
                                         0.0000  0.6134  0.5711 -0.5455  0.0000
               ( 49.87%)   0.7062* C 16 s( 37.09%)p 1.70( 62.91%)
                                         0.0000  0.6090 -0.5987  0.5203  0.0000
  31. (1.94404) BD ( 2) C 12- C 16
               ( 49.76%)   0.7054* C 12 s(  0.00%)p 1.00(100.00%)
                                         0.0000  0.0000  0.0000  0.0000  1.0000
               ( 50.24%)   0.7088* C 16 s(  0.00%)p 1.00(100.00%)
                                         0.0000  0.0000  0.0000  0.0000  1.0000
  32. (1.98843) BD ( 1) C 15- H 17
               ( 52.56%)   0.7249* C 15 s( 31.35%)p 2.19( 68.65%)
                                         0.0000  0.5599  0.1402  0.8166  0.0000
               ( 47.44%)   0.6888* H 17 s(100.00%)
                                         1.0000
  33. (1.98892) BD ( 1) C 15- H 19
               ( 52.65%)   0.7256* C 15 s( 31.56%)p 2.17( 68.44%)
                                         0.0000  0.5618 -0.7886 -0.2499  0.0000
               ( 47.35%)   0.6881* H 19 s(100.00%)
                                         1.0000
  34. (1.98843) BD ( 1) C 16- H 18
               ( 52.56%)   0.7249* C 16 s( 31.35%)p 2.19( 68.65%)
                                         0.0000  0.5599 -0.1402 -0.8166  0.0000
               ( 47.44%)   0.6888* H 18 s(100.00%)
                                         1.0000
  35. (1.98892) BD ( 1) C 16- H 20
               ( 52.65%)   0.7256* C 16 s( 31.56%)p 2.17( 68.44%)
                                         0.0000  0.5618  0.7886  0.2499  0.0000
               ( 47.35%)   0.6881* H 20 s(100.00%)
                                         1.0000
 ---------------- non-Lewis ----------------------------------------------------
  36. (0.01757) BD*( 1) C  1- C  3
               ( 50.10%)   0.7078* C  1 s( 33.57%)p 1.98( 66.43%)
                                         0.0000 -0.5794  0.5214 -0.6265  0.0000
               ( 49.90%)  -0.7064* C  3 s( 33.90%)p 1.95( 66.10%)
                                         0.0000 -0.5823 -0.5340  0.6131  0.0000
  37. (0.01825) BD*( 1) C  1- C  6
               ( 49.97%)   0.7069* C  1 s( 34.27%)p 1.92( 65.73%)
                                         0.0000  0.5854 -0.2686 -0.7650  0.0000
               ( 50.03%)  -0.7074* C  6 s( 33.78%)p 1.96( 66.22%)
                                         0.0000  0.5812  0.3008  0.7562  0.0000
  38. (0.37492) BD*( 2) C  1- C  6
               ( 50.36%)   0.7096* C  1 s(  0.00%)p 1.00(100.00%)
                                         0.0000  0.0000  0.0000  0.0000  1.0000
               ( 49.64%)  -0.7046* C  6 s(  0.00%)p 1.00(100.00%)
                                         0.0000  0.0000  0.0000  0.0000  1.0000
  39. (0.02569) BD*( 1) C  1- C 12
               ( 49.93%)   0.7066* C  1 s( 32.16%)p 2.11( 67.84%)
                                         0.0000  0.5671  0.8100  0.1496  0.0000
               ( 50.07%)  -0.7076* C 12 s( 31.91%)p 2.13( 68.09%)
                                         0.0000  0.5648 -0.8000 -0.2024  0.0000
  40. (0.01757) BD*( 1) C  2- C  4
               ( 50.10%)   0.7078* C  2 s( 33.57%)p 1.98( 66.43%)
                                         0.0000 -0.5794 -0.5214  0.6265  0.0000
               ( 49.90%)  -0.7064* C  4 s( 33.90%)p 1.95( 66.10%)
                                         0.0000 -0.5823  0.5340 -0.6131  0.0000
  41. (0.37581) BD*( 2) C  2- C  4
               ( 50.37%)   0.7097* C  2 s(  0.00%)p 1.00(100.00%)
                                         0.0000  0.0000  0.0000  0.0000  1.0000
               ( 49.63%)  -0.7045* C  4 s(  0.00%)p 1.00(100.00%)
                                         0.0000  0.0000  0.0000  0.0000  1.0000
  42. (0.01825) BD*( 1) C  2- C  5
               ( 49.97%)   0.7069* C  2 s( 34.27%)p 1.92( 65.73%)
                                         0.0000  0.5854  0.2686  0.7650  0.0000
               ( 50.03%)  -0.7074* C  5 s( 33.78%)p 1.96( 66.22%)
                                         0.0000  0.5812 -0.3008 -0.7562  0.0000
  43. (0.02569) BD*( 1) C  2- C 11
               ( 49.93%)   0.7066* C  2 s( 32.16%)p 2.11( 67.84%)
                                         0.0000  0.5671 -0.8100 -0.1496  0.0000
               ( 50.07%)  -0.7076* C 11 s( 31.91%)p 2.13( 68.09%)
                                         0.0000  0.5648  0.8000  0.2024  0.0000
  44. (0.01279) BD*( 1) C  3- C  5
               ( 50.03%)   0.7073* C  3 s( 34.59%)p 1.89( 65.41%)
                                         0.0000 -0.5882  0.7973  0.1358  0.0000
               ( 49.97%)  -0.7069* C  5 s( 34.70%)p 1.88( 65.30%)
                                         0.0000 -0.5891 -0.7965 -0.1359  0.0000
  45. (0.31132) BD*( 2) C  3- C  5
               ( 49.99%)   0.7071* C  3 s(  0.00%)p 1.00(100.00%)
                                         0.0000  0.0000  0.0000  0.0000 -1.0000
               ( 50.01%)  -0.7072* C  5 s(  0.00%)p 1.00(100.00%)
                                         0.0000  0.0000  0.0000  0.0000 -1.0000
  46. (0.01404) BD*( 1) C  3- H  7
               ( 47.38%)   0.6883* C  3 s( 31.50%)p 2.17( 68.50%)
                                         0.0000 -0.5613 -0.2815 -0.7783  0.0000
               ( 52.62%)  -0.7254* H  7 s(100.00%)
                                        -1.0000
  47. (0.01279) BD*( 1) C  4- C  6
               ( 50.03%)   0.7073* C  4 s( 34.59%)p 1.89( 65.41%)
                                         0.0000 -0.5882 -0.7973 -0.1358  0.0000
               ( 49.97%)  -0.7069* C  6 s( 34.70%)p 1.88( 65.30%)
                                         0.0000 -0.5891  0.7965  0.1359  0.0000
  48. (0.01404) BD*( 1) C  4- H  8
               ( 47.38%)   0.6883* C  4 s( 31.50%)p 2.17( 68.50%)
                                         0.0000 -0.5613  0.2815  0.7783  0.0000
               ( 52.62%)  -0.7254* H  8 s(100.00%)
                                        -1.0000
  49. (0.01505) BD*( 1) C  5- H  9
               ( 47.32%)   0.6879* C  5 s( 31.52%)p 2.17( 68.48%)
                                         0.0000 -0.5614  0.5245 -0.6401  0.0000
               ( 52.68%)  -0.7258* H  9 s(100.00%)
                                        -1.0000
  50. (0.01505) BD*( 1) C  6- H 10
               ( 47.32%)   0.6879* C  6 s( 31.52%)p 2.17( 68.48%)
                                         0.0000 -0.5614 -0.5245  0.6401  0.0000
               ( 52.68%)  -0.7258* H 10 s(100.00%)
                                        -1.0000
  51. (0.01431) BD*( 1) C 11- H 13
               ( 47.51%)   0.6893* C 11 s( 30.47%)p 2.28( 69.53%)
                                         0.0000 -0.5520  0.1840  0.8133  0.0000
               ( 52.49%)  -0.7245* H 13 s(100.00%)
                                        -1.0000
  52. (0.00595) BD*( 1) C 11- C 15
               ( 49.87%)   0.7062* C 11 s( 37.63%)p 1.66( 62.37%)
                                         0.0000  0.6134 -0.5711  0.5455  0.0000
               ( 50.13%)  -0.7081* C 15 s( 37.09%)p 1.70( 62.91%)
                                         0.0000  0.6090  0.5987 -0.5203  0.0000
  53. (0.06040) BD*( 2) C 11- C 15
               ( 50.24%)   0.7088* C 11 s(  0.00%)p 1.00(100.00%)
                                         0.0000  0.0000  0.0000  0.0000  1.0000
               ( 49.76%)  -0.7054* C 15 s(  0.00%)p 1.00(100.00%)
                                         0.0000  0.0000  0.0000  0.0000  1.0000
  54. (0.01431) BD*( 1) C 12- H 14
               ( 47.51%)   0.6893* C 12 s( 30.47%)p 2.28( 69.53%)
                                         0.0000 -0.5520 -0.1840 -0.8133  0.0000
               ( 52.49%)  -0.7245* H 14 s(100.00%)
                                        -1.0000
  55. (0.00595) BD*( 1) C 12- C 16
               ( 49.87%)   0.7062* C 12 s( 37.63%)p 1.66( 62.37%)
                                         0.0000  0.6134  0.5711 -0.5455  0.0000
               ( 50.13%)  -0.7081* C 16 s( 37.09%)p 1.70( 62.91%)
                                         0.0000  0.6090 -0.5987  0.5203  0.0000
  56. (0.06040) BD*( 2) C 12- C 16
               ( 50.24%)   0.7088* C 12 s(  0.00%)p 1.00(100.00%)
                                         0.0000  0.0000  0.0000  0.0000  1.0000
               ( 49.76%)  -0.7054* C 16 s(  0.00%)p 1.00(100.00%)
                                         0.0000  0.0000  0.0000  0.0000  1.0000
  57. (0.01208) BD*( 1) C 15- H 17
               ( 47.44%)   0.6888* C 15 s( 31.35%)p 2.19( 68.65%)
                                         0.0000 -0.5599 -0.1402 -0.8166  0.0000
               ( 52.56%)  -0.7249* H 17 s(100.00%)
                                        -1.0000
  58. (0.00877) BD*( 1) C 15- H 19
               ( 47.35%)   0.6881* C 15 s( 31.56%)p 2.17( 68.44%)
                                         0.0000 -0.5618  0.7886  0.2499  0.0000
               ( 52.65%)  -0.7256* H 19 s(100.00%)
                                        -1.0000
  59. (0.01208) BD*( 1) C 16- H 18
               ( 47.44%)   0.6888* C 16 s( 31.35%)p 2.19( 68.65%)
                                         0.0000 -0.5599  0.1402  0.8166  0.0000
               ( 52.56%)  -0.7249* H 18 s(100.00%)
                                        -1.0000
  60. (0.00877) BD*( 1) C 16- H 20
               ( 47.35%)   0.6881* C 16 s( 31.56%)p 2.17( 68.44%)
                                         0.0000 -0.5618 -0.7886 -0.2499  0.0000
               ( 52.65%)  -0.7256* H 20 s(100.00%)
                                        -1.0000

 NBO analysis completed in 0.06 CPU seconds (0 wall seconds)
 Maximum scratch memory used by NBO was 177290 words (1.35 MB)
 Total job time:  1.85s(wall), 1.67s(cpu) 
 Wed Jul 29 11:20:09 2026

        *************************************************************
        *                                                           *
        *  Thank you very much for using Q-Chem.  Have a nice day.  *
        *                                                           *
        *************************************************************


