Job dvb_sp_ks_nbo started on anonymized-host at Wed Jul 29 11:07:58 2026
jobid: 477b546d-8b5f-11f1-8ae8-00be43be7bed

  +------------------------------------------------------------------------+
  |  Jaguar version 13.3, release 113                                      |
  |                                                                        |
  |  Copyright Schrodinger, Inc.                                           |
  |  All Rights Reserved.                                                  |
  |                                                                        |
  |  The following have contributed to Jaguar (listed alphabetically):     |
  |  Ty Balduf, Mike Beachy, Chandler Bennett, Art Bochevarov,             |
  |  Dale Braden, Yixiang Cao, Alan Chien, Chris Cortis,                   |
  |  Rich Friesner, Jim Furness, Bill Goddard, Hod Greeley,                |
  |  Tom Hughes, Leif Jacobson, Jean-Marc Langlois, Daniel Levine,         |
  |  Daniel Mainz, Rob Murphy, Dean Philipp, Tom Pollard,                  |
  |  Murco Ringnalda, Pablo Videla, Mark Watson, Haoyu Yu.                 |
  |                                                                        |
  |  Use of this program should be acknowledged in publications as:        |
  |                                                                        |
  |  Jaguar, version 13.3, Schrodinger, Inc., New York, NY, 2026.          |
  |                                                                        |
  |  Y. Cao, T. Balduf, M. D. Beachy, M. C. Bennett, A. D. Bochevarov,     |
  |  A. Chien, P. A. Dub, K. G. Dyall, J. W. Furness, M. D. Halls,         |
  |  T. F. Hughes, L. D. Jacobson, H. S. Kwak, D. S. Levine, D. T. Mainz,  |
  |  K. B. Moore, M. Svensson, P. E. Videla, M. A. Watson, R. A. Friesner, |
  |  "Quantum chemical package Jaguar: A survey of recent developments     |
  |  and unique features", J. Chem. Phys. 161, 052502 (2024).              |
  |  DOI: 10.1063/5.0213317                                                |
  +------------------------------------------------------------------------+
  
  start of program pre
  
  Job name: dvb_sp_ks_nbo
  Executables used: /scr/shared/builds/2026-3/build/jaguar-v13.3/bin/Linux-x86_64
  Temporary files : /scr/shared/jobs/477b546d-8b5f-11f1-8ae8-00be43be7bed
  Basis file : using default basis file from /scr/shared/builds/2026-3/build
  Maestro file (input):  dvb_sp_ks_nbo.mae
  Maestro file (output): dvb_sp_ks_nbo.01.mae
  
 Contents of input file: &gen and (if present) &atomic sections only
 ----------------Contents start----------------
&gen
dftname=b3lyp
basis=sto-3g
ip1=2
ip18=2
ip102=8
ipvirt=-1
mulken=1
nbo=1
&
 -----------------Contents end-----------------
 
  basis set:               sto-3g                          
  net molecular charge:    0
  multiplicity:            1
  
  number of basis functions....           60
  
  Basis set name for each atom
  
  Atom     Basis 
  C1       sto-3g                          
  C2       sto-3g                          
  C3       sto-3g                          
  C4       sto-3g                          
  C5       sto-3g                          
  H6       sto-3g                          
  H7       sto-3g                          
  H8       sto-3g                          
  C9       sto-3g                          
  C10      sto-3g                          
  H11      sto-3g                          
  H12      sto-3g                          
  H13      sto-3g                          
  C14      sto-3g                          
  H15      sto-3g                          
  C16      sto-3g                          
  H17      sto-3g                          
  H18      sto-3g                          
  C19      sto-3g                          
  H20      sto-3g                          
  
  Gaussian basis set information
  
                                                        renorm    mfac*renorm
   atom    fn   prim  L        z            coef         coef         coef
 -------- ----- ---- --- -------------  -----------  -----------  -----------
 C1           1    1   S  7.161684E+01   1.5433E-01   2.7078E+00   2.7078E+00
 C1           1    2   S  1.304510E+01   5.3533E-01   2.6189E+00   2.6189E+00
 C1           1    3   S  3.530512E+00   4.4463E-01   8.1619E-01   8.1619E-01
 C1           2    4   S  2.941249E+00  -9.9967E-02  -1.6002E-01  -1.6002E-01
 C1           2    5   S  6.834831E-01   3.9951E-01   2.1404E-01   2.1404E-01
 C1           2    6   S  2.222899E-01   7.0012E-01   1.6154E-01   1.6154E-01
 C1           3    7   X  2.941249E+00   1.5592E-01   8.5604E-01   8.5604E-01
              4        Y                                           8.5604E-01
              5        Z                                           8.5604E-01
 C1           3    8   X  6.834831E-01   6.0768E-01   5.3830E-01   5.3830E-01
              4        Y                                           5.3830E-01
              5        Z                                           5.3830E-01
 C1           3    9   X  2.222899E-01   3.9196E-01   8.5276E-02   8.5276E-02
              4        Y                                           8.5276E-02
              5        Z                                           8.5276E-02
 C2           6    1   S  7.161684E+01   1.5433E-01   2.7078E+00   2.7078E+00
 C2           6    2   S  1.304510E+01   5.3533E-01   2.6189E+00   2.6189E+00
 C2           6    3   S  3.530512E+00   4.4463E-01   8.1619E-01   8.1619E-01
 C2           7    4   S  2.941249E+00  -9.9967E-02  -1.6002E-01  -1.6002E-01
 C2           7    5   S  6.834831E-01   3.9951E-01   2.1404E-01   2.1404E-01
 C2           7    6   S  2.222899E-01   7.0012E-01   1.6154E-01   1.6154E-01
 C2           8    7   X  2.941249E+00   1.5592E-01   8.5604E-01   8.5604E-01
              9        Y                                           8.5604E-01
             10        Z                                           8.5604E-01
 C2           8    8   X  6.834831E-01   6.0768E-01   5.3830E-01   5.3830E-01
              9        Y                                           5.3830E-01
             10        Z                                           5.3830E-01
 C2           8    9   X  2.222899E-01   3.9196E-01   8.5276E-02   8.5276E-02
              9        Y                                           8.5276E-02
             10        Z                                           8.5276E-02
 C3          11    1   S  7.161684E+01   1.5433E-01   2.7078E+00   2.7078E+00
 C3          11    2   S  1.304510E+01   5.3533E-01   2.6189E+00   2.6189E+00
 C3          11    3   S  3.530512E+00   4.4463E-01   8.1619E-01   8.1619E-01
 C3          12    4   S  2.941249E+00  -9.9967E-02  -1.6002E-01  -1.6002E-01
 C3          12    5   S  6.834831E-01   3.9951E-01   2.1404E-01   2.1404E-01
 C3          12    6   S  2.222899E-01   7.0012E-01   1.6154E-01   1.6154E-01
 C3          13    7   X  2.941249E+00   1.5592E-01   8.5604E-01   8.5604E-01
             14        Y                                           8.5604E-01
             15        Z                                           8.5604E-01
 C3          13    8   X  6.834831E-01   6.0768E-01   5.3830E-01   5.3830E-01
             14        Y                                           5.3830E-01
             15        Z                                           5.3830E-01
 C3          13    9   X  2.222899E-01   3.9196E-01   8.5276E-02   8.5276E-02
             14        Y                                           8.5276E-02
             15        Z                                           8.5276E-02
 C4          16    1   S  7.161684E+01   1.5433E-01   2.7078E+00   2.7078E+00
 C4          16    2   S  1.304510E+01   5.3533E-01   2.6189E+00   2.6189E+00
 C4          16    3   S  3.530512E+00   4.4463E-01   8.1619E-01   8.1619E-01
 C4          17    4   S  2.941249E+00  -9.9967E-02  -1.6002E-01  -1.6002E-01
 C4          17    5   S  6.834831E-01   3.9951E-01   2.1404E-01   2.1404E-01
 C4          17    6   S  2.222899E-01   7.0012E-01   1.6154E-01   1.6154E-01
 C4          18    7   X  2.941249E+00   1.5592E-01   8.5604E-01   8.5604E-01
             19        Y                                           8.5604E-01
             20        Z                                           8.5604E-01
 C4          18    8   X  6.834831E-01   6.0768E-01   5.3830E-01   5.3830E-01
             19        Y                                           5.3830E-01
             20        Z                                           5.3830E-01
 C4          18    9   X  2.222899E-01   3.9196E-01   8.5276E-02   8.5276E-02
             19        Y                                           8.5276E-02
             20        Z                                           8.5276E-02
 C5          21    1   S  7.161684E+01   1.5433E-01   2.7078E+00   2.7078E+00
 C5          21    2   S  1.304510E+01   5.3533E-01   2.6189E+00   2.6189E+00
 C5          21    3   S  3.530512E+00   4.4463E-01   8.1619E-01   8.1619E-01
 C5          22    4   S  2.941249E+00  -9.9967E-02  -1.6002E-01  -1.6002E-01
 C5          22    5   S  6.834831E-01   3.9951E-01   2.1404E-01   2.1404E-01
 C5          22    6   S  2.222899E-01   7.0012E-01   1.6154E-01   1.6154E-01
 C5          23    7   X  2.941249E+00   1.5592E-01   8.5604E-01   8.5604E-01
             24        Y                                           8.5604E-01
             25        Z                                           8.5604E-01
 C5          23    8   X  6.834831E-01   6.0768E-01   5.3830E-01   5.3830E-01
             24        Y                                           5.3830E-01
             25        Z                                           5.3830E-01
 C5          23    9   X  2.222899E-01   3.9196E-01   8.5276E-02   8.5276E-02
             24        Y                                           8.5276E-02
             25        Z                                           8.5276E-02
 H6          26    1   S  3.425251E+00   1.5433E-01   2.7693E-01   2.7693E-01
 H6          26    2   S  6.239137E-01   5.3533E-01   2.6784E-01   2.6784E-01
 H6          26    3   S  1.688554E-01   4.4463E-01   8.3474E-02   8.3474E-02
 H7          27    1   S  3.425251E+00   1.5433E-01   2.7693E-01   2.7693E-01
 H7          27    2   S  6.239137E-01   5.3533E-01   2.6784E-01   2.6784E-01
 H7          27    3   S  1.688554E-01   4.4463E-01   8.3474E-02   8.3474E-02
 H8          28    1   S  3.425251E+00   1.5433E-01   2.7693E-01   2.7693E-01
 H8          28    2   S  6.239137E-01   5.3533E-01   2.6784E-01   2.6784E-01
 H8          28    3   S  1.688554E-01   4.4463E-01   8.3474E-02   8.3474E-02
 C9          29    1   S  7.161684E+01   1.5433E-01   2.7078E+00   2.7078E+00
 C9          29    2   S  1.304510E+01   5.3533E-01   2.6189E+00   2.6189E+00
 C9          29    3   S  3.530512E+00   4.4463E-01   8.1619E-01   8.1619E-01
 C9          30    4   S  2.941249E+00  -9.9967E-02  -1.6002E-01  -1.6002E-01
 C9          30    5   S  6.834831E-01   3.9951E-01   2.1404E-01   2.1404E-01
 C9          30    6   S  2.222899E-01   7.0012E-01   1.6154E-01   1.6154E-01
 C9          31    7   X  2.941249E+00   1.5592E-01   8.5604E-01   8.5604E-01
             32        Y                                           8.5604E-01
             33        Z                                           8.5604E-01
 C9          31    8   X  6.834831E-01   6.0768E-01   5.3830E-01   5.3830E-01
             32        Y                                           5.3830E-01
             33        Z                                           5.3830E-01
 C9          31    9   X  2.222899E-01   3.9196E-01   8.5276E-02   8.5276E-02
             32        Y                                           8.5276E-02
             33        Z                                           8.5276E-02
 C10         34    1   S  7.161684E+01   1.5433E-01   2.7078E+00   2.7078E+00
 C10         34    2   S  1.304510E+01   5.3533E-01   2.6189E+00   2.6189E+00
 C10         34    3   S  3.530512E+00   4.4463E-01   8.1619E-01   8.1619E-01
 C10         35    4   S  2.941249E+00  -9.9967E-02  -1.6002E-01  -1.6002E-01
 C10         35    5   S  6.834831E-01   3.9951E-01   2.1404E-01   2.1404E-01
 C10         35    6   S  2.222899E-01   7.0012E-01   1.6154E-01   1.6154E-01
 C10         36    7   X  2.941249E+00   1.5592E-01   8.5604E-01   8.5604E-01
             37        Y                                           8.5604E-01
             38        Z                                           8.5604E-01
 C10         36    8   X  6.834831E-01   6.0768E-01   5.3830E-01   5.3830E-01
             37        Y                                           5.3830E-01
             38        Z                                           5.3830E-01
 C10         36    9   X  2.222899E-01   3.9196E-01   8.5276E-02   8.5276E-02
             37        Y                                           8.5276E-02
             38        Z                                           8.5276E-02
 H11         39    1   S  3.425251E+00   1.5433E-01   2.7693E-01   2.7693E-01
 H11         39    2   S  6.239137E-01   5.3533E-01   2.6784E-01   2.6784E-01
 H11         39    3   S  1.688554E-01   4.4463E-01   8.3474E-02   8.3474E-02
 H12         40    1   S  3.425251E+00   1.5433E-01   2.7693E-01   2.7693E-01
 H12         40    2   S  6.239137E-01   5.3533E-01   2.6784E-01   2.6784E-01
 H12         40    3   S  1.688554E-01   4.4463E-01   8.3474E-02   8.3474E-02
 H13         41    1   S  3.425251E+00   1.5433E-01   2.7693E-01   2.7693E-01
 H13         41    2   S  6.239137E-01   5.3533E-01   2.6784E-01   2.6784E-01
 H13         41    3   S  1.688554E-01   4.4463E-01   8.3474E-02   8.3474E-02
 C14         42    1   S  7.161684E+01   1.5433E-01   2.7078E+00   2.7078E+00
 C14         42    2   S  1.304510E+01   5.3533E-01   2.6189E+00   2.6189E+00
 C14         42    3   S  3.530512E+00   4.4463E-01   8.1619E-01   8.1619E-01
 C14         43    4   S  2.941249E+00  -9.9967E-02  -1.6002E-01  -1.6002E-01
 C14         43    5   S  6.834831E-01   3.9951E-01   2.1404E-01   2.1404E-01
 C14         43    6   S  2.222899E-01   7.0012E-01   1.6154E-01   1.6154E-01
 C14         44    7   X  2.941249E+00   1.5592E-01   8.5604E-01   8.5604E-01
             45        Y                                           8.5604E-01
             46        Z                                           8.5604E-01
 C14         44    8   X  6.834831E-01   6.0768E-01   5.3830E-01   5.3830E-01
             45        Y                                           5.3830E-01
             46        Z                                           5.3830E-01
 C14         44    9   X  2.222899E-01   3.9196E-01   8.5276E-02   8.5276E-02
             45        Y                                           8.5276E-02
             46        Z                                           8.5276E-02
 H15         47    1   S  3.425251E+00   1.5433E-01   2.7693E-01   2.7693E-01
 H15         47    2   S  6.239137E-01   5.3533E-01   2.6784E-01   2.6784E-01
 H15         47    3   S  1.688554E-01   4.4463E-01   8.3474E-02   8.3474E-02
 C16         48    1   S  7.161684E+01   1.5433E-01   2.7078E+00   2.7078E+00
 C16         48    2   S  1.304510E+01   5.3533E-01   2.6189E+00   2.6189E+00
 C16         48    3   S  3.530512E+00   4.4463E-01   8.1619E-01   8.1619E-01
 C16         49    4   S  2.941249E+00  -9.9967E-02  -1.6002E-01  -1.6002E-01
 C16         49    5   S  6.834831E-01   3.9951E-01   2.1404E-01   2.1404E-01
 C16         49    6   S  2.222899E-01   7.0012E-01   1.6154E-01   1.6154E-01
 C16         50    7   X  2.941249E+00   1.5592E-01   8.5604E-01   8.5604E-01
             51        Y                                           8.5604E-01
             52        Z                                           8.5604E-01
 C16         50    8   X  6.834831E-01   6.0768E-01   5.3830E-01   5.3830E-01
             51        Y                                           5.3830E-01
             52        Z                                           5.3830E-01
 C16         50    9   X  2.222899E-01   3.9196E-01   8.5276E-02   8.5276E-02
             51        Y                                           8.5276E-02
             52        Z                                           8.5276E-02
 H17         53    1   S  3.425251E+00   1.5433E-01   2.7693E-01   2.7693E-01
 H17         53    2   S  6.239137E-01   5.3533E-01   2.6784E-01   2.6784E-01
 H17         53    3   S  1.688554E-01   4.4463E-01   8.3474E-02   8.3474E-02
 H18         54    1   S  3.425251E+00   1.5433E-01   2.7693E-01   2.7693E-01
 H18         54    2   S  6.239137E-01   5.3533E-01   2.6784E-01   2.6784E-01
 H18         54    3   S  1.688554E-01   4.4463E-01   8.3474E-02   8.3474E-02
 C19         55    1   S  7.161684E+01   1.5433E-01   2.7078E+00   2.7078E+00
 C19         55    2   S  1.304510E+01   5.3533E-01   2.6189E+00   2.6189E+00
 C19         55    3   S  3.530512E+00   4.4463E-01   8.1619E-01   8.1619E-01
 C19         56    4   S  2.941249E+00  -9.9967E-02  -1.6002E-01  -1.6002E-01
 C19         56    5   S  6.834831E-01   3.9951E-01   2.1404E-01   2.1404E-01
 C19         56    6   S  2.222899E-01   7.0012E-01   1.6154E-01   1.6154E-01
 C19         57    7   X  2.941249E+00   1.5592E-01   8.5604E-01   8.5604E-01
             58        Y                                           8.5604E-01
             59        Z                                           8.5604E-01
 C19         57    8   X  6.834831E-01   6.0768E-01   5.3830E-01   5.3830E-01
             58        Y                                           5.3830E-01
             59        Z                                           5.3830E-01
 C19         57    9   X  2.222899E-01   3.9196E-01   8.5276E-02   8.5276E-02
             58        Y                                           8.5276E-02
             59        Z                                           8.5276E-02
 H20         60    1   S  3.425251E+00   1.5433E-01   2.7693E-01   2.7693E-01
 H20         60    2   S  6.239137E-01   5.3533E-01   2.6784E-01   2.6784E-01
 H20         60    3   S  1.688554E-01   4.4463E-01   8.3474E-02   8.3474E-02
  
  Effective Core Potential 
  
  Atom      Electrons represented by ECP
 C1                     0
 C2                     0
 C3                     0
 C4                     0
 C5                     0
 H6                     0
 H7                     0
 H8                     0
 C9                     0
 C10                    0
 H11                    0
 H12                    0
 H13                    0
 C14                    0
 H15                    0
 C16                    0
 H17                    0
 H18                    0
 C19                    0
 H20                    0
  
  no dealiasing set available for atom            1
  switch to all-analytic calculation
  
 Input geometry:
                                   angstroms
  atom               x                 y                 z
  C1           -0.0758150000      0.0000000000      0.0269380000 
  C2           -0.0045600000      0.0000000000      1.4463040000 
  C3            1.2336810000      0.0000000000      2.1042190000 
  C4            2.4572420000      0.0000000000      1.3787840000 
  C5            2.3859860000      0.0000000000     -0.0405820000 
  H6           -0.9288540000      0.0000000000      2.0382910000 
  H7            1.2652340000      0.0000000000      3.2024280000 
  H8            3.3102810000      0.0000000000     -0.6325690000 
  C9            3.7520430000      0.0000000000      2.1313240000 
  C10           4.9872240000      0.0000000000      1.6008690000 
  H11           5.1663340000      0.0000000000      0.5196130000 
  H12           3.6421500000      0.0000000000      3.2262300000 
  H13           5.8793430000      0.0000000000      2.2379240000 
  C14          -1.3706160000      0.0000000000     -0.7256020000 
  H15          -1.2607230000      0.0000000000     -1.8205080000 
  C16          -2.6057970000      0.0000000000     -0.1951460000 
  H17          -2.7849070000      0.0000000000      0.8861090000 
  H18          -3.4979160000      0.0000000000     -0.8322020000 
  C19           1.1477460000      0.0000000000     -0.6984970000 
  H20           1.1161930000      0.0000000000     -1.7967060000 
   
  principal moments of inertia:
        amu*angstrom^2:               109.23592               737.84463               847.08055
                g*cm^2:          1.81390497E-38          1.22521968E-37          1.40661017E-37
   
  rotational constants:
               cm^(-1):      0.15432312      0.02284713      0.01990086
                   GHz:      4.62649088      0.68493960      0.59661269
   
  Molecular weight:     130.08 amu
   
  Stoichiometry: C10H10
  Molecular Point Group: C2h     
	Molecule translated to center of mass 
	Molecule reoriented along symmetry axes
  Point Group used: C2h
  
  
 Symmetrized geometry:
                                   angstroms
  atom               x                 y                 z
  C1            1.2665285000      0.6759230000      0.0000000000 
  C2            1.1952730000     -0.7434430000      0.0000000000 
  C3           -0.0429675000     -1.4013580000      0.0000000000 
  C4           -1.2665285000     -0.6759230000      0.0000000000 
  C5           -1.1952730000      0.7434430000      0.0000000000 
  H6            2.1195675000     -1.3354300000      0.0000000000 
  H7           -0.0745205000     -2.4995670000      0.0000000000 
  H8           -2.1195675000      1.3354300000      0.0000000000 
  C9           -2.5613295000     -1.4284630000      0.0000000000 
  C10          -3.7965105000     -0.8980075000      0.0000000000 
  H11          -3.9756205000      0.1832480000      0.0000000000 
  H12          -2.4514365000     -2.5233690000      0.0000000000 
  H13          -4.6886295000     -1.5350630000      0.0000000000 
  C14           2.5613295000      1.4284630000      0.0000000000 
  H15           2.4514365000      2.5233690000      0.0000000000 
  C16           3.7965105000      0.8980075000      0.0000000000 
  H17           3.9756205000     -0.1832480000      0.0000000000 
  H18           4.6886295000      1.5350630000      0.0000000000 
  C19           0.0429675000      1.4013580000      0.0000000000 
  H20           0.0745205000      2.4995670000      0.0000000000 
   
  nuclear repulsion energy.......           445.899321568 hartrees
 
 Non-default options chosen:
   SCF calculation type: DFT(b3lyp)                  
   DFT=Becke_3_Parameter/HF+Slater+Becke88+VWN+LYP (B3LYP)
   Include all virtuals in output
   Mulliken populations computed by atom
   Q will be stored on disk for fine grid
   Store KE, NAI, and pt. chg. terms separately
  
 Non-default print settings:
      1=  2  18=  2 102=  8
  
 Temporary integer options set:
     73=  2
  
  end of program pre
   
 Time(pre)  user:       0.470  user+sys:       0.470  wallclock:       0.411
  
  start of program onee
  
   
  overlap matrix:
   
             1              2              3              4              5
   1    1.000000E+00
   2    2.483624E-01   1.000000E+00
   3    0.000000E+00   0.000000E+00   1.000000E+00
   4    0.000000E+00   0.000000E+00   0.000000E+00   1.000000E+00
   5    0.000000E+00   0.000000E+00   0.000000E+00   0.000000E+00   1.000000E+00
   6    5.850666E-07   3.564737E-02  -2.965142E-03  -5.906382E-02   0.000000E+00
   7    3.564737E-02   3.541460E-01  -1.906289E-02  -3.797211E-01   0.000000E+00
   8    2.965142E-03   1.906289E-02   2.036441E-01  -2.663556E-02   0.000000E+00
   9    5.906382E-02   3.797211E-01  -2.663556E-02  -3.255829E-01   0.000000E+00
  10    0.000000E+00   0.000000E+00   0.000000E+00   0.000000E+00   2.049812E-01
  11    0.000000E+00   1.593342E-03  -1.987345E-03  -3.152566E-03   0.000000E+00
  12    1.593342E-03   5.633000E-02  -4.462557E-02  -7.079048E-02   0.000000E+00
  13    1.987345E-03   4.462557E-02  -1.554861E-02  -6.174136E-02   0.000000E+00
  14    3.152566E-03   7.079048E-02  -6.174136E-02  -7.456913E-02   0.000000E+00
  15    0.000000E+00   0.000000E+00   0.000000E+00   0.000000E+00   2.337249E-02
  16    0.000000E+00   2.981916E-04  -7.181694E-04  -3.832738E-04   0.000000E+00
  17    2.981916E-04   2.168351E-02  -3.128179E-02  -1.669451E-02   0.000000E+00
  18    7.181694E-04   3.128179E-02  -4.021669E-02  -2.586129E-02   0.000000E+00
  19    3.832738E-04   1.669451E-02  -2.586129E-02  -5.560114E-03   0.000000E+00
  20    0.000000E+00   0.000000E+00   0.000000E+00   0.000000E+00   8.241581E-03
  21    0.000000E+00   1.551477E-03  -3.637739E-03   9.977251E-05   0.000000E+00
  22    1.551477E-03   5.546960E-02  -8.251837E-02   2.263237E-03   0.000000E+00
  23    3.637739E-03   8.251837E-02  -1.120994E-01   3.704754E-03   0.000000E+00
  24   -9.977251E-05  -2.263237E-03   3.704754E-03   2.287559E-02   0.000000E+00
  25    0.000000E+00   0.000000E+00   0.000000E+00   0.000000E+00   2.297720E-02
  26    5.035218E-03   9.225424E-02   4.678803E-02  -1.103200E-01   0.000000E+00
  27    8.028312E-05   5.921399E-03  -3.841835E-03  -9.097138E-03   0.000000E+00
  28    7.942685E-05   5.881757E-03  -9.632506E-03   1.876115E-03   0.000000E+00
  29    0.000000E+00   8.313468E-08  -3.015903E-07  -1.658009E-07   0.000000E+00
  30    8.313468E-08   2.567472E-04  -4.988408E-04  -2.742405E-04   0.000000E+00
  31    3.015903E-07   4.988408E-04  -8.987428E-04  -5.394648E-04   0.000000E+00
  32    1.658009E-07   2.742405E-04  -5.394648E-04  -2.140353E-04   0.000000E+00
  33    0.000000E+00   0.000000E+00   0.000000E+00   0.000000E+00   8.253842E-05
  34    0.000000E+00   0.000000E+00   0.000000E+00   0.000000E+00   0.000000E+00
  35    0.000000E+00   7.014124E-06  -1.776461E-05  -5.522427E-06   0.000000E+00
  36    0.000000E+00   1.776461E-05  -4.287835E-05  -1.401570E-05   0.000000E+00
  37    0.000000E+00   5.522427E-06  -1.401570E-05  -2.149477E-06   0.000000E+00
  38    0.000000E+00   0.000000E+00   0.000000E+00   0.000000E+00   2.207539E-06
  39    8.127326E-09   2.318633E-05  -5.290947E-05  -4.972612E-06   0.000000E+00
  40    6.810945E-08   8.196952E-05  -1.337015E-04  -1.150496E-04   0.000000E+00
  41    0.000000E+00   3.035051E-07  -7.796759E-07  -2.894722E-07   0.000000E+00
  42    1.431417E-07   2.956747E-02   4.263861E-02   2.478161E-02   0.000000E+00
  43    2.956747E-02   3.177157E-01   3.043981E-01   1.769166E-01   0.000000E+00
  44   -4.263861E-02  -3.043981E-01  -1.942025E-01  -2.163160E-01   0.000000E+00
  45   -2.478161E-02  -1.769166E-01  -2.163160E-01   5.226208E-02   0.000000E+00
  46    0.000000E+00   0.000000E+00   0.000000E+00   0.000000E+00   1.779852E-01
  47    4.907231E-03   9.056739E-02   6.366048E-02   9.925606E-02   0.000000E+00
  48    0.000000E+00   1.158990E-03   2.791195E-03   2.450140E-04   0.000000E+00
  49    1.158990E-03   4.688726E-02   7.082180E-02   6.216812E-03   0.000000E+00
  50   -2.791195E-03  -7.082180E-02  -9.800540E-02  -1.027822E-02   0.000000E+00
  51   -2.450140E-04  -6.216812E-03  -1.027822E-02   1.818169E-02   0.000000E+00
  52    0.000000E+00   0.000000E+00   0.000000E+00   0.000000E+00   1.908392E-02
  53    7.335966E-04   2.452346E-02   3.496098E-02  -1.108765E-02   0.000000E+00
  54    5.774994E-05   4.819993E-03   7.906021E-03   1.984856E-03   0.000000E+00
  55    5.716404E-07   3.553606E-02  -5.071306E-02   3.006718E-02   0.000000E+00
  56    3.553606E-02   3.535095E-01  -3.266334E-01   1.936571E-01   0.000000E+00
  57    5.071306E-02   3.266334E-01  -1.886475E-01   2.330909E-01   0.000000E+00
  58   -3.006718E-02  -1.936571E-01   2.330909E-01   6.630043E-02   0.000000E+00
  59    0.000000E+00   0.000000E+00   0.000000E+00   0.000000E+00   2.044973E-01
  60    5.114686E-03   9.329643E-02  -6.620893E-02   1.012925E-01   0.000000E+00
   
             6              7              8              9             10
   6    1.000000E+00
   7    2.483624E-01   1.000000E+00
   8    0.000000E+00   0.000000E+00   1.000000E+00
   9    0.000000E+00   0.000000E+00   0.000000E+00   1.000000E+00
  10    0.000000E+00   0.000000E+00   0.000000E+00   0.000000E+00   1.000000E+00
  11    8.203868E-07   3.731501E-02  -5.463815E-02  -2.903092E-02   0.000000E+00
  12    3.731501E-02   3.635573E-01  -3.418464E-01  -1.816334E-01   0.000000E+00
  13    5.463815E-02   3.418464E-01  -2.089501E-01  -2.237633E-01   0.000000E+00
  14    2.903092E-02   1.816334E-01  -2.237633E-01   9.329531E-02   0.000000E+00
  15    0.000000E+00   0.000000E+00   0.000000E+00   0.000000E+00   2.121876E-01
  16    0.000000E+00   1.551477E-03  -3.637739E-03   9.977251E-05   0.000000E+00
  17    1.551477E-03   5.546960E-02  -8.251837E-02   2.263237E-03   0.000000E+00
  18    3.637739E-03   8.251837E-02  -1.120994E-01   3.704754E-03   0.000000E+00
  19   -9.977251E-05  -2.263237E-03   3.704754E-03   2.287559E-02   0.000000E+00
  20    0.000000E+00   0.000000E+00   0.000000E+00   0.000000E+00   2.297720E-02
  21    0.000000E+00   3.793948E-04  -8.624485E-04   5.364308E-04   0.000000E+00
  22    3.793948E-04   2.483225E-02  -3.406067E-02   2.118526E-02   0.000000E+00
  23    8.624485E-04   3.406067E-02  -4.077429E-02   3.129514E-02   0.000000E+00
  24   -5.364308E-04  -2.118526E-02   3.129514E-02  -9.924559E-03   0.000000E+00
  25    0.000000E+00   0.000000E+00   0.000000E+00   0.000000E+00   9.540576E-03
  26    6.117741E-02   4.863787E-01   3.912738E-01  -2.506009E-01   0.000000E+00
  27    5.267886E-03   9.529470E-02  -7.222754E-02  -9.989066E-02   0.000000E+00
  28    1.095187E-05   1.731322E-03  -2.650033E-03   1.661945E-03   0.000000E+00
  29    0.000000E+00   2.479443E-06  -8.838318E-06  -1.611676E-06   0.000000E+00
  30    2.479443E-06   1.573620E-03  -3.074727E-03  -5.606794E-04   0.000000E+00
  31    8.838318E-06   3.074727E-03  -5.653592E-03  -1.126528E-03   0.000000E+00
  32    1.611676E-06   5.606794E-04  -1.126528E-03   3.187874E-04   0.000000E+00
  33    0.000000E+00   0.000000E+00   0.000000E+00   0.000000E+00   5.242109E-04
  34    0.000000E+00   9.932773E-10  -3.851566E-09  -1.192591E-10   0.000000E+00
  35    9.932773E-10   2.474949E-05  -6.195869E-05  -1.918475E-06   0.000000E+00
  36    3.851566E-09   6.195869E-05  -1.479060E-04  -4.821819E-06   0.000000E+00
  37    1.192591E-10   1.918475E-06  -4.821819E-06   7.669139E-06   0.000000E+00
  38    0.000000E+00   0.000000E+00   0.000000E+00   0.000000E+00   7.818441E-06
  39    8.743370E-09   2.421346E-05  -5.451328E-05   9.769485E-06   0.000000E+00
  40    5.592794E-06   1.150633E-03  -1.915926E-03  -9.351464E-04   0.000000E+00
  41    0.000000E+00   1.748657E-06  -4.446792E-06  -5.982712E-07   0.000000E+00
  42    0.000000E+00   1.047835E-03   1.362356E-03   2.166022E-03   0.000000E+00
  43    1.047835E-03   4.424995E-02   3.594528E-02   5.714973E-02   0.000000E+00
  44   -1.362356E-03  -3.594528E-02  -1.399982E-02  -5.072782E-02   0.000000E+00
  45   -2.166022E-03  -5.714973E-02  -5.072782E-02  -6.274634E-02   0.000000E+00
  46    0.000000E+00   0.000000E+00   0.000000E+00   0.000000E+00   1.790629E-02
  47    6.482744E-05   5.180288E-03   3.128998E-03   8.137354E-03   0.000000E+00
  48    0.000000E+00   1.187795E-04   2.936423E-04   1.852962E-04   0.000000E+00
  49    1.187795E-04   1.296821E-02   1.873342E-02   1.182129E-02   0.000000E+00
  50   -2.936423E-04  -1.873342E-02  -2.400496E-02  -1.814624E-02   0.000000E+00
  51   -1.852962E-04  -1.182129E-02  -1.814624E-02  -6.699034E-03   0.000000E+00
  52    0.000000E+00   0.000000E+00   0.000000E+00   0.000000E+00   4.751726E-03
  53    7.479033E-04   2.483919E-02   3.637629E-02   7.329233E-03   0.000000E+00
  54    3.261309E-06   8.302793E-04   1.314208E-03   8.571785E-04   0.000000E+00
  55    0.000000E+00   1.721209E-03  -1.889496E-03   3.516943E-03   0.000000E+00
  56    1.721209E-03   5.890337E-02  -4.120094E-02   7.668784E-02   0.000000E+00
  57    1.889496E-03   4.120094E-02  -7.215677E-03   5.914449E-02   0.000000E+00
  58   -3.516943E-03  -7.668784E-02   5.914449E-02  -8.552639E-02   0.000000E+00
  59    0.000000E+00   0.000000E+00   0.000000E+00   0.000000E+00   2.456001E-02
  60    8.553213E-05   6.161210E-03  -3.347034E-03   9.684980E-03   0.000000E+00
   
            11             12             13             14             15
  11    1.000000E+00
  12    2.483624E-01   1.000000E+00
  13    0.000000E+00   0.000000E+00   1.000000E+00
  14    0.000000E+00   0.000000E+00   0.000000E+00   1.000000E+00
  15    0.000000E+00   0.000000E+00   0.000000E+00   0.000000E+00   1.000000E+00
  16    5.716404E-07   3.553606E-02  -5.071306E-02   3.006718E-02   0.000000E+00
  17    3.553606E-02   3.535095E-01  -3.266334E-01   1.936571E-01   0.000000E+00
  18    5.071306E-02   3.266334E-01  -1.886475E-01   2.330909E-01   0.000000E+00
  19   -3.006718E-02  -1.936571E-01   2.330909E-01   6.630043E-02   0.000000E+00
  20    0.000000E+00   0.000000E+00   0.000000E+00   0.000000E+00   2.044973E-01
  21    0.000000E+00   1.721209E-03  -1.889496E-03   3.516943E-03   0.000000E+00
  22    1.721209E-03   5.890337E-02  -4.120094E-02   7.668784E-02   0.000000E+00
  23    1.889496E-03   4.120094E-02  -7.215677E-03   5.914449E-02   0.000000E+00
  24   -3.516943E-03  -7.668784E-02   5.914449E-02  -8.552639E-02   0.000000E+00
  25    0.000000E+00   0.000000E+00   0.000000E+00   0.000000E+00   2.456001E-02
  26    5.315940E-03   9.591861E-02   1.239131E-01   3.777669E-03   0.000000E+00
  27    6.102870E-02   4.857813E-01  -1.333401E-02  -4.640930E-01   0.000000E+00
  28    8.409860E-05   6.096248E-03  -6.133118E-03   8.082945E-03   0.000000E+00
  29    0.000000E+00   1.257045E-03  -3.013836E-03  -3.243776E-05   0.000000E+00
  30    1.257045E-03   4.912941E-02  -7.411060E-02  -7.976485E-04   0.000000E+00
  31    3.013836E-03   7.411060E-02  -1.024456E-01  -1.318868E-03   0.000000E+00
  32    3.243776E-05   7.976485E-04  -1.318868E-03   2.007797E-02   0.000000E+00
  33    0.000000E+00   0.000000E+00   0.000000E+00   0.000000E+00   2.009216E-02
  34    0.000000E+00   2.969516E-06  -1.057736E-05   1.418425E-06   0.000000E+00
  35    2.969516E-06   1.733922E-03  -3.391797E-03   4.548404E-04   0.000000E+00
  36    1.057736E-05   3.391797E-03  -6.251224E-03   9.159679E-04   0.000000E+00
  37   -1.418425E-06  -4.548404E-04   9.159679E-04   4.564236E-04   0.000000E+00
  38    0.000000E+00   0.000000E+00   0.000000E+00   0.000000E+00   5.792550E-04
  39    2.326393E-06   6.772238E-04  -1.201564E-03   4.841529E-04   0.000000E+00
  40    1.326212E-03   3.644478E-02  -4.762268E-02  -2.218553E-02   0.000000E+00
  41    2.837745E-07   1.918596E-04  -3.942908E-04  -1.134793E-05   0.000000E+00
  42    0.000000E+00   2.117594E-06   5.232719E-06   5.685856E-06   0.000000E+00
  43    2.117594E-06   1.445719E-03   1.955124E-03   2.124431E-03   0.000000E+00
  44   -5.232719E-06  -1.955124E-03  -2.235736E-03  -2.951406E-03   0.000000E+00
  45   -5.685856E-06  -2.124431E-03  -2.951406E-03  -2.726532E-03   0.000000E+00
  46    0.000000E+00   0.000000E+00   0.000000E+00   0.000000E+00   4.804558E-04
  47    2.796078E-07   1.901728E-04   2.098243E-04   3.301402E-04   0.000000E+00
  48    0.000000E+00   4.068450E-08   1.480037E-07   8.863563E-08   0.000000E+00
  49    4.068450E-08   1.756811E-04   3.413519E-04   2.044270E-04   0.000000E+00
  50   -1.480037E-07  -3.413519E-04  -6.139119E-04  -4.013326E-04   0.000000E+00
  51   -8.863563E-08  -2.044270E-04  -4.013326E-04  -1.841151E-04   0.000000E+00
  52    0.000000E+00   0.000000E+00   0.000000E+00   0.000000E+00   5.623276E-05
  53    2.840718E-06   7.638924E-04   1.388415E-03   4.208547E-04   0.000000E+00
  54    1.191138E-09   7.487542E-06   1.535859E-05   9.531517E-06   0.000000E+00
  55    0.000000E+00   3.978994E-04   3.251624E-05   1.060497E-03   0.000000E+00
  56    3.978994E-04   2.550851E-02   1.259654E-03   4.108283E-02   0.000000E+00
  57   -3.251624E-05  -1.259654E-03   9.754879E-03  -2.186225E-03   0.000000E+00
  58   -1.060497E-03  -4.108283E-02  -2.186225E-03  -6.148045E-02   0.000000E+00
  59    0.000000E+00   0.000000E+00   0.000000E+00   0.000000E+00   9.821912E-03
  60    1.146536E-05   1.780393E-03   9.666819E-05   3.209650E-03   0.000000E+00
   
            16             17             18             19             20
  16    1.000000E+00
  17    2.483624E-01   1.000000E+00
  18    0.000000E+00   0.000000E+00   1.000000E+00
  19    0.000000E+00   0.000000E+00   0.000000E+00   1.000000E+00
  20    0.000000E+00   0.000000E+00   0.000000E+00   0.000000E+00   1.000000E+00
  21    5.850666E-07   3.564737E-02   2.965142E-03   5.906382E-02   0.000000E+00
  22    3.564737E-02   3.541460E-01   1.906289E-02   3.797211E-01   0.000000E+00
  23   -2.965142E-03  -1.906289E-02   2.036441E-01  -2.663556E-02   0.000000E+00
  24   -5.906382E-02  -3.797211E-01  -2.663556E-02  -3.255829E-01   0.000000E+00
  25    0.000000E+00   0.000000E+00   0.000000E+00   0.000000E+00   2.049812E-01
  26    7.942685E-05   5.881757E-03   9.632506E-03  -1.876115E-03   0.000000E+00
  27    5.114686E-03   9.329643E-02   6.620893E-02  -1.012925E-01   0.000000E+00
  28    5.035218E-03   9.225424E-02  -4.678803E-02   1.103200E-01   0.000000E+00
  29    1.431417E-07   2.956747E-02  -4.263861E-02  -2.478161E-02   0.000000E+00
  30    2.956747E-02   3.177157E-01  -3.043981E-01  -1.769166E-01   0.000000E+00
  31    4.263861E-02   3.043981E-01  -1.942025E-01  -2.163160E-01   0.000000E+00
  32    2.478161E-02   1.769166E-01  -2.163160E-01   5.226208E-02   0.000000E+00
  33    0.000000E+00   0.000000E+00   0.000000E+00   0.000000E+00   1.779852E-01
  34    0.000000E+00   1.158990E-03  -2.791195E-03  -2.450140E-04   0.000000E+00
  35    1.158990E-03   4.688726E-02  -7.082180E-02  -6.216812E-03   0.000000E+00
  36    2.791195E-03   7.082180E-02  -9.800540E-02  -1.027822E-02   0.000000E+00
  37    2.450140E-04   6.216812E-03  -1.027822E-02   1.818169E-02   0.000000E+00
  38    0.000000E+00   0.000000E+00   0.000000E+00   0.000000E+00   1.908392E-02
  39    7.335966E-04   2.452346E-02  -3.496098E-02   1.108765E-02   0.000000E+00
  40    4.907231E-03   9.056739E-02  -6.366048E-02  -9.925606E-02   0.000000E+00
  41    5.774994E-05   4.819993E-03  -7.906021E-03  -1.984856E-03   0.000000E+00
  42    0.000000E+00   8.313468E-08   3.015903E-07   1.658009E-07   0.000000E+00
  43    8.313468E-08   2.567472E-04   4.988408E-04   2.742405E-04   0.000000E+00
  44   -3.015903E-07  -4.988408E-04  -8.987428E-04  -5.394648E-04   0.000000E+00
  45   -1.658009E-07  -2.742405E-04  -5.394648E-04  -2.140353E-04   0.000000E+00
  46    0.000000E+00   0.000000E+00   0.000000E+00   0.000000E+00   8.253842E-05
  47    6.810945E-08   8.196952E-05   1.337015E-04   1.150496E-04   0.000000E+00
  48    0.000000E+00   0.000000E+00   0.000000E+00   0.000000E+00   0.000000E+00
  49    0.000000E+00   7.014124E-06   1.776461E-05   5.522427E-06   0.000000E+00
  50    0.000000E+00  -1.776461E-05  -4.287835E-05  -1.401570E-05   0.000000E+00
  51    0.000000E+00  -5.522427E-06  -1.401570E-05  -2.149477E-06   0.000000E+00
  52    0.000000E+00   0.000000E+00   0.000000E+00   0.000000E+00   2.207539E-06
  53    8.127326E-09   2.318633E-05   5.290947E-05   4.972612E-06   0.000000E+00
  54    0.000000E+00   3.035051E-07   7.796759E-07   2.894722E-07   0.000000E+00
  55    0.000000E+00   1.593342E-03   1.987345E-03   3.152566E-03   0.000000E+00
  56    1.593342E-03   5.633000E-02   4.462557E-02   7.079048E-02   0.000000E+00
  57   -1.987345E-03  -4.462557E-02  -1.554861E-02  -6.174136E-02   0.000000E+00
  58   -3.152566E-03  -7.079048E-02  -6.174136E-02  -7.456913E-02   0.000000E+00
  59    0.000000E+00   0.000000E+00   0.000000E+00   0.000000E+00   2.337249E-02
  60    8.028312E-05   5.921399E-03   3.841835E-03   9.097138E-03   0.000000E+00
   
            21             22             23             24             25
  21    1.000000E+00
  22    2.483624E-01   1.000000E+00
  23    0.000000E+00   0.000000E+00   1.000000E+00
  24    0.000000E+00   0.000000E+00   0.000000E+00   1.000000E+00
  25    0.000000E+00   0.000000E+00   0.000000E+00   0.000000E+00   1.000000E+00
  26    1.095187E-05   1.731322E-03   2.650033E-03  -1.661945E-03   0.000000E+00
  27    8.553213E-05   6.161210E-03   3.347034E-03  -9.684980E-03   0.000000E+00
  28    6.117741E-02   4.863787E-01  -3.912738E-01   2.506009E-01   0.000000E+00
  29    0.000000E+00   1.047835E-03  -1.362356E-03  -2.166022E-03   0.000000E+00
  30    1.047835E-03   4.424995E-02  -3.594528E-02  -5.714973E-02   0.000000E+00
  31    1.362356E-03   3.594528E-02  -1.399982E-02  -5.072782E-02   0.000000E+00
  32    2.166022E-03   5.714973E-02  -5.072782E-02  -6.274634E-02   0.000000E+00
  33    0.000000E+00   0.000000E+00   0.000000E+00   0.000000E+00   1.790629E-02
  34    0.000000E+00   1.187795E-04  -2.936423E-04  -1.852962E-04   0.000000E+00
  35    1.187795E-04   1.296821E-02  -1.873342E-02  -1.182129E-02   0.000000E+00
  36    2.936423E-04   1.873342E-02  -2.400496E-02  -1.814624E-02   0.000000E+00
  37    1.852962E-04   1.182129E-02  -1.814624E-02  -6.699034E-03   0.000000E+00
  38    0.000000E+00   0.000000E+00   0.000000E+00   0.000000E+00   4.751726E-03
  39    7.479033E-04   2.483919E-02  -3.637629E-02  -7.329233E-03   0.000000E+00
  40    6.482744E-05   5.180288E-03  -3.128998E-03  -8.137354E-03   0.000000E+00
  41    3.261309E-06   8.302793E-04  -1.314208E-03  -8.571785E-04   0.000000E+00
  42    0.000000E+00   2.479443E-06   8.838318E-06   1.611676E-06   0.000000E+00
  43    2.479443E-06   1.573620E-03   3.074727E-03   5.606794E-04   0.000000E+00
  44   -8.838318E-06  -3.074727E-03  -5.653592E-03  -1.126528E-03   0.000000E+00
  45   -1.611676E-06  -5.606794E-04  -1.126528E-03   3.187874E-04   0.000000E+00
  46    0.000000E+00   0.000000E+00   0.000000E+00   0.000000E+00   5.242109E-04
  47    5.592794E-06   1.150633E-03   1.915926E-03   9.351464E-04   0.000000E+00
  48    0.000000E+00   9.932773E-10   3.851566E-09   1.192591E-10   0.000000E+00
  49    9.932773E-10   2.474949E-05   6.195869E-05   1.918475E-06   0.000000E+00
  50   -3.851566E-09  -6.195869E-05  -1.479060E-04  -4.821819E-06   0.000000E+00
  51   -1.192591E-10  -1.918475E-06  -4.821819E-06   7.669139E-06   0.000000E+00
  52    0.000000E+00   0.000000E+00   0.000000E+00   0.000000E+00   7.818441E-06
  53    8.743370E-09   2.421346E-05   5.451328E-05  -9.769485E-06   0.000000E+00
  54    0.000000E+00   1.748657E-06   4.446792E-06   5.982712E-07   0.000000E+00
  55    8.203868E-07   3.731501E-02   5.463815E-02   2.903092E-02   0.000000E+00
  56    3.731501E-02   3.635573E-01   3.418464E-01   1.816334E-01   0.000000E+00
  57   -5.463815E-02  -3.418464E-01  -2.089501E-01  -2.237633E-01   0.000000E+00
  58   -2.903092E-02  -1.816334E-01  -2.237633E-01   9.329531E-02   0.000000E+00
  59    0.000000E+00   0.000000E+00   0.000000E+00   0.000000E+00   2.121876E-01
  60    5.267886E-03   9.529470E-02   7.222754E-02   9.989066E-02   0.000000E+00
   
            26             27             28             29             30
  26    1.000000E+00
  27    5.104386E-02   1.000000E+00
  28    1.044690E-04   7.105971E-04   1.000000E+00
  29    2.357492E-07   1.132165E-03   8.450300E-04   1.000000E+00
  30    1.717598E-04   3.275690E-02   2.693658E-02   2.483624E-01   1.000000E+00
  31    3.552115E-04   4.381781E-02   6.305321E-03   0.000000E+00   0.000000E+00
  32    7.059841E-06  -1.887295E-02   3.944937E-02   0.000000E+00   0.000000E+00
  33    0.000000E+00   0.000000E+00   0.000000E+00   0.000000E+00   0.000000E+00
  34    0.000000E+00   5.752357E-06   8.618489E-04   2.238238E-06   4.283234E-02
  35    1.782372E-06   1.170426E-03   2.729222E-02   4.283234E-02   3.931364E-01
  36    4.557444E-06   1.989974E-03   2.427500E-02   6.526599E-02   3.747199E-01
  37   -3.369679E-07  -8.562791E-04   3.233067E-02  -2.802885E-02  -1.609256E-01
  38    0.000000E+00   0.000000E+00   0.000000E+00   0.000000E+00   0.000000E+00
  39    1.349946E-06   2.381114E-04   8.737808E-02   5.582260E-03   9.935226E-02
  40    2.463726E-04   6.214084E-02   2.439700E-03   6.078063E-02   4.847823E-01
  41    1.665678E-07   2.529067E-04   2.569559E-03   5.786726E-03   1.019618E-01
  42    8.450300E-04   1.807478E-07   2.357492E-07   0.000000E+00   0.000000E+00
  43    2.693658E-02   1.465887E-04   1.717598E-04   0.000000E+00   5.759968E-07
  44   -6.305321E-03  -1.704183E-04  -3.552115E-04   0.000000E+00  -1.472965E-06
  45   -3.944937E-02  -2.539629E-04  -7.059841E-06   0.000000E+00  -8.214783E-07
  46    0.000000E+00   0.000000E+00   0.000000E+00   0.000000E+00   0.000000E+00
  47    2.439700E-03   1.446313E-05   2.463726E-04   0.000000E+00   2.652950E-07
  48    8.618489E-04   1.625072E-08   0.000000E+00   0.000000E+00   0.000000E+00
  49    2.729222E-02   3.497971E-05   1.782372E-06   0.000000E+00   6.160926E-09
  50   -2.427500E-02  -5.906609E-05  -4.557444E-06   0.000000E+00  -1.953816E-08
  51   -3.233067E-02  -5.184186E-05   3.369679E-07   0.000000E+00  -7.149431E-09
  52    0.000000E+00   0.000000E+00   0.000000E+00   0.000000E+00   0.000000E+00
  53    8.737808E-02   2.906497E-04   1.349946E-06   0.000000E+00   7.882889E-08
  54    2.569559E-03   1.566010E-06   1.665678E-07   0.000000E+00   2.277194E-10
  55    8.409860E-05   1.146536E-05   5.315940E-03   0.000000E+00   2.117594E-06
  56    6.096248E-03   1.780393E-03   9.591861E-02   2.117594E-06   1.445719E-03
  57    6.133118E-03  -9.666819E-05  -1.239131E-01  -5.232719E-06  -1.955124E-03
  58   -8.082945E-03  -3.209650E-03  -3.777669E-03  -5.685856E-06  -2.124431E-03
  59    0.000000E+00   0.000000E+00   0.000000E+00   0.000000E+00   0.000000E+00
  60    7.105971E-04   1.073879E-04   5.104386E-02   1.807478E-07   1.465887E-04
   
            31             32             33             34             35
  31    1.000000E+00
  32    0.000000E+00   1.000000E+00
  33    0.000000E+00   0.000000E+00   1.000000E+00
  34   -6.526599E-02   2.802885E-02   0.000000E+00   1.000000E+00
  35   -3.747199E-01   1.609256E-01   0.000000E+00   2.483624E-01   1.000000E+00
  36   -2.404894E-01   2.044048E-01   0.000000E+00   0.000000E+00   0.000000E+00
  37    2.044048E-01   1.476903E-01   0.000000E+00   0.000000E+00   0.000000E+00
  38    0.000000E+00   0.000000E+00   2.354730E-01   0.000000E+00   0.000000E+00
  39   -8.430973E-02   9.607847E-02   0.000000E+00   6.141061E-02   4.873131E-01
  40    4.630559E-02  -4.613603E-01   0.000000E+00   6.086937E-03   1.057536E-01
  41   -1.305750E-01  -6.543174E-03   0.000000E+00   6.137647E-02   4.871765E-01
  42    0.000000E+00   0.000000E+00   0.000000E+00   0.000000E+00   0.000000E+00
  43    1.472965E-06   8.214783E-07   0.000000E+00   0.000000E+00   6.160926E-09
  44   -3.588218E-06  -2.101964E-06   0.000000E+00   0.000000E+00  -1.953816E-08
  45   -2.101964E-06  -9.915293E-07   0.000000E+00   0.000000E+00  -7.149431E-09
  46    0.000000E+00   0.000000E+00   1.807441E-07   0.000000E+00   0.000000E+00
  47    5.736179E-07   4.522137E-07   0.000000E+00   0.000000E+00   8.614158E-09
  48    0.000000E+00   0.000000E+00   0.000000E+00   0.000000E+00   0.000000E+00
  49    1.953816E-08   7.149431E-09   0.000000E+00   0.000000E+00   0.000000E+00
  50   -6.003037E-08  -2.267300E-08   0.000000E+00   0.000000E+00   0.000000E+00
  51   -2.267300E-08  -6.365530E-09   0.000000E+00   0.000000E+00   0.000000E+00
  52    0.000000E+00   0.000000E+00   1.931009E-09   0.000000E+00   0.000000E+00
  53    2.223102E-07   4.234758E-08   0.000000E+00   0.000000E+00   2.636463E-10
  54    7.110011E-10   2.906320E-10   0.000000E+00   0.000000E+00   0.000000E+00
  55    5.232719E-06   5.685856E-06   0.000000E+00   0.000000E+00   4.068450E-08
  56    1.955124E-03   2.124431E-03   0.000000E+00   4.068450E-08   1.756811E-04
  57   -2.235736E-03  -2.951406E-03   0.000000E+00  -1.480037E-07  -3.413519E-04
  58   -2.951406E-03  -2.726532E-03   0.000000E+00  -8.863563E-08  -2.044270E-04
  59    0.000000E+00   0.000000E+00   4.804558E-04   0.000000E+00   0.000000E+00
  60    1.704183E-04   2.539629E-04   0.000000E+00   1.625072E-08   3.497971E-05
   
            36             37             38             39             40
  36    1.000000E+00
  37    0.000000E+00   1.000000E+00
  38    0.000000E+00   0.000000E+00   1.000000E+00
  39   -7.602612E-02   4.589563E-01   0.000000E+00   1.000000E+00
  40    8.603791E-02  -1.039666E-01   0.000000E+00   1.455418E-02   1.000000E+00
  41   -3.785249E-01  -2.703018E-01   0.000000E+00   1.492778E-01   5.478315E-02
  42    0.000000E+00   0.000000E+00   0.000000E+00   0.000000E+00   0.000000E+00
  43    1.953816E-08   7.149431E-09   0.000000E+00   7.882889E-08   2.652950E-07
  44   -6.003037E-08  -2.267300E-08   0.000000E+00  -2.223102E-07  -5.736179E-07
  45   -2.267300E-08  -6.365530E-09   0.000000E+00  -4.234758E-08  -4.522137E-07
  46    0.000000E+00   0.000000E+00   1.931009E-09   0.000000E+00   0.000000E+00
  47    2.317848E-08   1.269254E-08   0.000000E+00   1.480081E-07   6.509444E-08
  48    0.000000E+00   0.000000E+00   0.000000E+00   0.000000E+00   0.000000E+00
  49    0.000000E+00   0.000000E+00   0.000000E+00   2.636463E-10   8.614158E-09
  50    0.000000E+00   0.000000E+00   0.000000E+00  -8.824629E-10  -2.317848E-08
  51    0.000000E+00   0.000000E+00   0.000000E+00  -8.115519E-11  -1.269254E-08
  52    0.000000E+00   0.000000E+00   0.000000E+00   0.000000E+00   0.000000E+00
  53    8.824629E-10   8.115519E-11   0.000000E+00   1.000463E-09   1.480081E-07
  54    0.000000E+00   0.000000E+00   0.000000E+00   0.000000E+00   2.910896E-10
  55    1.480037E-07   8.863563E-08   0.000000E+00   2.840718E-06   2.796078E-07
  56    3.413519E-04   2.044270E-04   0.000000E+00   7.638924E-04   1.901728E-04
  57   -6.139119E-04  -4.013326E-04   0.000000E+00  -1.388415E-03  -2.098243E-04
  58   -4.013326E-04  -1.841151E-04   0.000000E+00  -4.208547E-04  -3.301402E-04
  59    0.000000E+00   0.000000E+00   5.623276E-05   0.000000E+00   0.000000E+00
  60    5.906609E-05   5.184186E-05   0.000000E+00   2.906497E-04   1.446313E-05
   
            41             42             43             44             45
  41    1.000000E+00
  42    0.000000E+00   1.000000E+00
  43    2.277194E-10   2.483624E-01   1.000000E+00
  44   -7.110011E-10   0.000000E+00   0.000000E+00   1.000000E+00
  45   -2.906320E-10   0.000000E+00   0.000000E+00   0.000000E+00   1.000000E+00
  46    0.000000E+00   0.000000E+00   0.000000E+00   0.000000E+00   0.000000E+00
  47    2.910896E-10   6.078063E-02   4.847823E-01  -4.630559E-02   4.613603E-01
  48    0.000000E+00   2.238238E-06   4.283234E-02   6.526599E-02  -2.802885E-02
  49    0.000000E+00   4.283234E-02   3.931364E-01   3.747199E-01  -1.609256E-01
  50    0.000000E+00  -6.526599E-02  -3.747199E-01  -2.404894E-01   2.044048E-01
  51    0.000000E+00   2.802885E-02   1.609256E-01   2.044048E-01   1.476903E-01
  52    0.000000E+00   0.000000E+00   0.000000E+00   0.000000E+00   0.000000E+00
  53    0.000000E+00   5.582260E-03   9.935226E-02   8.430973E-02  -9.607847E-02
  54    0.000000E+00   5.786726E-03   1.019618E-01   1.305750E-01   6.543174E-03
  55    1.191138E-09   0.000000E+00   1.257045E-03  -3.013836E-03  -3.243776E-05
  56    7.487542E-06   1.257045E-03   4.912941E-02  -7.411060E-02  -7.976485E-04
  57   -1.535859E-05   3.013836E-03   7.411060E-02  -1.024456E-01  -1.318868E-03
  58   -9.531517E-06   3.243776E-05   7.976485E-04  -1.318868E-03   2.007797E-02
  59    0.000000E+00   0.000000E+00   0.000000E+00   0.000000E+00   0.000000E+00
  60    1.566010E-06   1.132165E-03   3.275690E-02  -4.381781E-02   1.887295E-02
   
            46             47             48             49             50
  46    1.000000E+00
  47    0.000000E+00   1.000000E+00
  48    0.000000E+00   6.086937E-03   1.000000E+00
  49    0.000000E+00   1.057536E-01   2.483624E-01   1.000000E+00
  50    0.000000E+00  -8.603791E-02   0.000000E+00   0.000000E+00   1.000000E+00
  51    0.000000E+00   1.039666E-01   0.000000E+00   0.000000E+00   0.000000E+00
  52    2.354730E-01   0.000000E+00   0.000000E+00   0.000000E+00   0.000000E+00
  53    0.000000E+00   1.455418E-02   6.141061E-02   4.873131E-01   7.602612E-02
  54    0.000000E+00   5.478315E-02   6.137647E-02   4.871765E-01   3.785249E-01
  55    0.000000E+00   1.326212E-03   0.000000E+00   2.969516E-06  -1.057736E-05
  56    0.000000E+00   3.644478E-02   2.969516E-06   1.733922E-03  -3.391797E-03
  57    0.000000E+00   4.762268E-02   1.057736E-05   3.391797E-03  -6.251224E-03
  58    0.000000E+00   2.218553E-02  -1.418425E-06  -4.548404E-04   9.159679E-04
  59    2.009216E-02   0.000000E+00   0.000000E+00   0.000000E+00   0.000000E+00
  60    0.000000E+00   6.214084E-02   5.752357E-06   1.170426E-03  -1.989974E-03
   
            51             52             53             54             55
  51    1.000000E+00
  52    0.000000E+00   1.000000E+00
  53   -4.589563E-01   0.000000E+00   1.000000E+00
  54    2.703018E-01   0.000000E+00   1.492778E-01   1.000000E+00
  55    1.418425E-06   0.000000E+00   2.326393E-06   2.837745E-07   1.000000E+00
  56    4.548404E-04   0.000000E+00   6.772238E-04   1.918596E-04   2.483624E-01
  57    9.159679E-04   0.000000E+00   1.201564E-03   3.942908E-04   0.000000E+00
  58    4.564236E-04   0.000000E+00  -4.841529E-04   1.134793E-05   0.000000E+00
  59    0.000000E+00   5.792550E-04   0.000000E+00   0.000000E+00   0.000000E+00
  60    8.562791E-04   0.000000E+00   2.381114E-04   2.529067E-04   6.102870E-02
   
            56             57             58             59             60
  56    1.000000E+00
  57    0.000000E+00   1.000000E+00
  58    0.000000E+00   0.000000E+00   1.000000E+00
  59    0.000000E+00   0.000000E+00   0.000000E+00   1.000000E+00
  60    4.857813E-01   1.333401E-02   4.640930E-01   0.000000E+00   1.000000E+00
   
  smallest eigenvalue of S:    1.814E-01
  number of canonical orbitals.....           60
  end of program onee
   
 Time(onee)  user:       0.149  user+sys:       0.149  wallclock:       0.089
  
  start of program hfig
  
  initial wavefunction generated automatically from atomic wavefunctions
 
  Irreducible     Total no   No of occupied orbitals 
  representation  orbitals   Shell_1  Shell_2    ...
  Ag                25         15
  Bg                 5          3
  Au                 5          2
  Bu                25         15
  ------------------------
  Orbital occupation/shell    1.000
 
  end of program hfig
   
 Time(hfig)  user:       0.375  user+sys:       0.375  wallclock:       0.348
  
  start of program probe
  
  end of program probe
   
 Time(probe)  user:       0.138  user+sys:       0.138  wallclock:       0.072
  
  start of program grid
  
   grid     grid set  grid #  grid sym
  ------    --------  ------  --------
  coarse        0        0        1
  medium        0        0        1
  fine          0        0        1
  ultrafine     0        0        1
  charge        0        0        1
  gradient      0        0        1
  density       0        0        1
  DFT-fine    -11        1        4
  DFT-med.    -10        2        4
  DFT-grad    -12        3        4
  DFT-der2      0        0        1
  DFT-cphf      0        0        1
  LMP2-enrg     0        0        1
  LMP2-grad     0        0        1
  DFT-cphf2     0        0        1
  PBF-dens      0        0        1
  plotting      0        0        1
  Rel-grad    -17        0        1
  Extreme       0        0        1
  Extreme-G     0        0        1
  
  number of gridpoints: 
                 total
  grid # 1       24300
  grid # 2        7560
  grid # 3       30010
   
  end of program grid
   
 Time(grid)  user:       0.270  user+sys:       0.270  wallclock:       0.282
  
  start of program scf
  
 number of electrons..........         70
 number of alpha electrons....         35
 number of beta electrons.....         35
 number of orbitals, total....         60
 number of doubly-occ'd orbs..         35
 number of open shell orbs....          0
 number of occupied orbitals..         35
 number of virtual orbitals...         25
 number of hamiltonians.......          1
 number of shells.............          1
 SCF type: DFT=Becke_3_Parameter/HF+Slater+Becke88+VWN+LYP (B3LYP)
 Energy computed using fully analytic integrals.
 Convergence Criteria:
    Energy (econv):       5.00E-05
    RMS density (dconv):  1.00E-04
  
       i  u  d  i  g                   
       t  p  i  c  r                                 RMS    maximum
       e  d  i  u  i                       energy  density   DIIS  
       r  t  s  t  d       total energy    change  change    error 
  
etot    1  N  N  0  N    -382.08750463917           7.5E-03  1.4E-01
etot    2  Y  Y  0  N    -382.28109456798  1.9E-01  4.4E-03  5.8E-02
etot    3  N  Y  0  N    -382.29956631533  1.8E-02  2.5E-03  2.1E-02
etot    4  Y  Y  0  N    -382.30552897255  6.0E-03  9.5E-04  1.4E-02
etot    5  N  Y  0  N    -382.30825591102  2.7E-03  4.7E-05  2.7E-04
etot    6  N  Y  0  N    -382.30825708483  1.2E-06  2.4E-05  2.5E-04
etot    7  N  N  0  N    -382.30825874339  1.7E-06  0.0E+00  0.0E+00
  
  
 Energy components, in hartrees:
   (A)  Nuclear repulsion............     445.89932156785
   (E)  Total one-electron terms.....   -1400.56699171691
   (F)    Electron-nuclear...........   -1776.41429257356
   (H)    Kinetic....................     375.84730085665
   (I)  Total two-electron terms.....     572.35941140567
   (J)    Coulomb....................     630.20305324269
   (K)    Exchange+Correlation.......     -57.84364183703
   (L)  Electronic energy............    -828.20758031124  (E+I)
   (M)  -V/T.........................       2.01719037990  (-(A+F+I)/H)
   (N)  Total energy.................    -382.30825874339  (A+L)
   (O)  Gas phase energy.............    -382.30825874339
  
 SCFE: SCF energy: DFT(b3lyp)      -382.30825874339 hartrees   iterations:   7
  
 
 HOMO energy:    -0.15308
 LUMO energy:     0.03742
 
  Orbital energies (hartrees)/symmetry label: 
   -10.02022 Bu        -10.02017 Ag        -10.00809 Bu        -10.00809 Ag     
   -10.00680 Bu        -10.00680 Ag        -10.00612 Bu        -10.00598 Ag     
    -9.99229 Bu         -9.99229 Ag         -0.80953 Ag         -0.75398 Bu     
    -0.71795 Ag         -0.69981 Bu         -0.66750 Bu         -0.58870 Ag     
    -0.55894 Ag         -0.53166 Bu         -0.51018 Ag         -0.45745 Ag     
    -0.43936 Bu         -0.41061 Bu         -0.39796 Bu         -0.39606 Ag     
    -0.37399 Bu         -0.35115 Bu         -0.34729 Ag         -0.32453 Au     
    -0.31125 Bu         -0.29280 Ag         -0.28747 Ag         -0.26354 Bg     
    -0.21244 Au         -0.19508 Bg         -0.15308 Bg          0.03742 Au     
     0.09034 Au          0.11062 Bg          0.18221 Au          0.27251 Bg     
     0.33223 Ag          0.34073 Bu          0.37936 Bu          0.38145 Ag     
     0.41097 Ag          0.41195 Bu          0.42675 Bu          0.43963 Ag     
     0.45276 Bu          0.47825 Ag          0.52623 Ag          0.54582 Bu     
     0.57600 Ag          0.59941 Bu          0.62499 Bu          0.63971 Ag     
     0.68280 Ag          0.71725 Bu          0.77955 Ag          0.79456 Bu     
 
  end of program scf
   
 Time(scf)  user:       0.849  user+sys:       0.849  wallclock:       1.079
  
  start of program ch
  
  Atomic charges from Mulliken population analysis: 
   
 Atom       C1           C2           C3           C4           C5      
 Charge   -0.00453     -0.07722     -0.07644     -0.00453     -0.07722
   
 Atom       H6           H7           H8           C9           C10     
 Charge    0.07921      0.07766      0.07921     -0.07640     -0.15489
   
 Atom       H11          H12          H13          C14          H15     
 Charge    0.07635      0.07690      0.07936     -0.07640      0.07690
   
 Atom       C16          H17          H18          C19          H20     
 Charge   -0.15489      0.07635      0.07936     -0.07644      0.07766
  
  sum of atomic charges:    -0.000000
   
  end of program ch
   
 Time(ch)  user:       0.133  user+sys:       0.133  wallclock:       0.208
  
  start of program post
  
  
 ***************************************** 
 
 occupied + virtual orbitals: final wave function in AO space
 
 ***************************************** 
   
   
                              1         2         3         4         5
  eigenvalues-            -10.02022 -10.02017 -10.00809 -10.00809 -10.00680
  occupations-              2.00000   2.00000   2.00000   2.00000   2.00000
    1 C1               S    0.69930   0.69930  -0.02811  -0.02831  -0.02707
    2 C1               S    0.03157   0.03136   0.00413   0.00407   0.00781
    3 C1               X   -0.00085  -0.00062   0.00371   0.00369  -0.00199
    4 C1               Y   -0.00032  -0.00018   0.00197   0.00195  -0.00293
    5 C1               Z    0.00000   0.00000   0.00000   0.00000   0.00000
    6 C2               S   -0.01907  -0.01934   0.00740   0.01022  -0.62490
    7 C2               S   -0.00771  -0.00688   0.00042   0.00043  -0.03067
    8 C2               X    0.00007  -0.00037  -0.00011  -0.00008   0.00269
    9 C2               Y   -0.00438  -0.00441   0.00010   0.00019   0.00062
   10 C2               Z    0.00000   0.00000   0.00000   0.00000   0.00000
   11 C3               S    0.01842  -0.01890  -0.00820   0.01106   0.31439
   12 C3               S    0.00772  -0.00691  -0.00051   0.00053   0.01987
   13 C3               X   -0.00362   0.00391   0.00004  -0.00012   0.00363
   14 C3               Y    0.00250  -0.00218  -0.00012   0.00016   0.00236
   15 C3               Z    0.00000   0.00000   0.00000   0.00000   0.00000
   16 C4               S   -0.69930   0.69930   0.02811  -0.02831   0.02707
   17 C4               S   -0.03157   0.03136  -0.00413   0.00407  -0.00781
   18 C4               X   -0.00085   0.00062   0.00371  -0.00369  -0.00199
   19 C4               Y   -0.00032   0.00018   0.00197  -0.00195  -0.00293
   20 C4               Z    0.00000   0.00000   0.00000   0.00000   0.00000
   21 C5               S    0.01907  -0.01934  -0.00740   0.01022   0.62490
   22 C5               S    0.00771  -0.00688  -0.00042   0.00043   0.03067
   23 C5               X    0.00007   0.00037  -0.00011   0.00008   0.00269
   24 C5               Y   -0.00438   0.00441   0.00010  -0.00019   0.00062
   25 C5               Z    0.00000   0.00000   0.00000   0.00000   0.00000
   26 H6               S    0.00033   0.00022   0.00006   0.00006   0.00574
   27 H7               S   -0.00033   0.00022   0.00007  -0.00008  -0.00301
   28 H8               S   -0.00033   0.00022  -0.00006   0.00006  -0.00574
   29 C9               S    0.02748  -0.02784   0.69983  -0.69975   0.00930
   30 C9               S    0.00673  -0.00680   0.03078  -0.03077   0.00053
   31 C9               X    0.00347  -0.00350  -0.00126   0.00127  -0.00005
   32 C9               Y    0.00213  -0.00215   0.00036  -0.00035   0.00004
   33 C9               Z    0.00000   0.00000   0.00000   0.00000   0.00000
   34 C10              S   -0.00018   0.00020  -0.00814   0.00814  -0.00093
   35 C10              S   -0.00047   0.00048  -0.00762   0.00761  -0.00023
   36 C10              X   -0.00027   0.00027  -0.00423   0.00423  -0.00011
   37 C10              Y   -0.00009   0.00010   0.00178  -0.00178  -0.00004
   38 C10              Z    0.00000   0.00000   0.00000   0.00000   0.00000
   39 H11              S    0.00015  -0.00014   0.00019  -0.00019   0.00016
   40 H12              S   -0.00033   0.00034  -0.00642   0.00642  -0.00013
   41 H13              S    0.00003  -0.00003   0.00022  -0.00022  -0.00001
   42 C14              S   -0.02748  -0.02784  -0.69983  -0.69975  -0.00930
   43 C14              S   -0.00673  -0.00680  -0.03078  -0.03077  -0.00053
   44 C14              X    0.00347   0.00350  -0.00126  -0.00127  -0.00005
   45 C14              Y    0.00213   0.00215   0.00036   0.00035   0.00004
   46 C14              Z    0.00000   0.00000   0.00000   0.00000   0.00000
   47 H15              S    0.00033   0.00034   0.00642   0.00642   0.00013
   48 C16              S    0.00018   0.00020   0.00814   0.00814   0.00093
   49 C16              S    0.00047   0.00048   0.00762   0.00761   0.00023
   50 C16              X   -0.00027  -0.00027  -0.00423  -0.00423  -0.00011
   51 C16              Y   -0.00009  -0.00010   0.00178   0.00178  -0.00004
   52 C16              Z    0.00000   0.00000   0.00000   0.00000   0.00000
   53 H17              S   -0.00015  -0.00014  -0.00019  -0.00019  -0.00016
   54 H18              S   -0.00003  -0.00003  -0.00022  -0.00022   0.00001
   55 C19              S   -0.01842  -0.01890   0.00820   0.01106  -0.31439
   56 C19              S   -0.00772  -0.00691   0.00051   0.00053  -0.01987
   57 C19              X   -0.00362  -0.00391   0.00004   0.00012   0.00363
   58 C19              Y    0.00250   0.00218  -0.00012  -0.00016   0.00236
   59 C19              Z    0.00000   0.00000   0.00000   0.00000   0.00000
   60 H20              S    0.00033   0.00022  -0.00007  -0.00008   0.00301
   
                              6         7         8         9        10
  eigenvalues-            -10.00680 -10.00612 -10.00598  -9.99229  -9.99229
  occupations-              2.00000   2.00000   2.00000   2.00000   2.00000
    1 C1               S   -0.00805  -0.00847  -0.02793   0.00018   0.00018
    2 C1               S    0.00201   0.00258   0.00726   0.00016   0.00016
    3 C1               X    0.00170  -0.00324  -0.00327   0.00005   0.00005
    4 C1               Y   -0.00488   0.00385  -0.00016  -0.00001  -0.00001
    5 C1               Z    0.00000   0.00000   0.00000   0.00000   0.00000
    6 C2               S   -0.60947   0.31576  -0.34462   0.00079   0.00085
    7 C2               S   -0.03006   0.00802  -0.00944  -0.00001  -0.00004
    8 C2               X    0.00259   0.00309  -0.00309  -0.00010  -0.00008
    9 C2               Y    0.00083   0.00200  -0.00175  -0.00004  -0.00003
   10 C2               Z    0.00000   0.00000   0.00000   0.00000   0.00000
   11 C3               S    0.34433   0.62560  -0.60964  -0.00029   0.00059
   12 C3               S    0.02088   0.02468  -0.02355   0.00000  -0.00006
   13 C3               X    0.00347  -0.00154   0.00164  -0.00008   0.00003
   14 C3               Y    0.00225  -0.00005   0.00053  -0.00002  -0.00001
   15 C3               Z    0.00000   0.00000   0.00000   0.00000   0.00000
   16 C4               S   -0.00805   0.00847  -0.02793  -0.00018   0.00018
   17 C4               S    0.00201  -0.00258   0.00726  -0.00016   0.00016
   18 C4               X   -0.00170  -0.00324   0.00327   0.00005  -0.00005
   19 C4               Y    0.00488   0.00385   0.00016  -0.00001   0.00001
   20 C4               Z    0.00000   0.00000   0.00000   0.00000   0.00000
   21 C5               S   -0.60947  -0.31576  -0.34462  -0.00079   0.00085
   22 C5               S   -0.03006  -0.00802  -0.00944   0.00001  -0.00004
   23 C5               X   -0.00259   0.00309   0.00309  -0.00010   0.00008
   24 C5               Y   -0.00083   0.00200   0.00175  -0.00004   0.00003
   25 C5               Z    0.00000   0.00000   0.00000   0.00000   0.00000
   26 H6               S    0.00563  -0.00269   0.00313   0.00010   0.00010
   27 H7               S   -0.00320  -0.00556   0.00557   0.00001  -0.00002
   28 H8               S    0.00563   0.00269   0.00313  -0.00010   0.00010
   29 C9               S   -0.00315   0.00369  -0.01363  -0.00903   0.00904
   30 C9               S   -0.00013   0.00022  -0.00060   0.00689  -0.00689
   31 C9               X    0.00010  -0.00003   0.00016  -0.00419   0.00419
   32 C9               Y   -0.00009  -0.00001   0.00005   0.00184  -0.00184
   33 C9               Z    0.00000   0.00000   0.00000   0.00000   0.00000
   34 C10              S    0.00048   0.00005   0.00107  -0.70048   0.70048
   35 C10              S    0.00011  -0.00006   0.00027  -0.03086   0.03086
   36 C10              X    0.00004  -0.00004   0.00017  -0.00116   0.00116
   37 C10              Y    0.00003   0.00004   0.00001   0.00055  -0.00055
   38 C10              Z    0.00000   0.00000   0.00000   0.00000   0.00000
   39 H11              S   -0.00016  -0.00006  -0.00007   0.00636  -0.00636
   40 H12              S    0.00006  -0.00007   0.00021  -0.00004   0.00004
   41 H13              S    0.00001   0.00001   0.00001   0.00637  -0.00637
   42 C14              S   -0.00315  -0.00369  -0.01363   0.00903   0.00904
   43 C14              S   -0.00013  -0.00022  -0.00060  -0.00689  -0.00689
   44 C14              X   -0.00010  -0.00003  -0.00016  -0.00419  -0.00419
   45 C14              Y    0.00009  -0.00001  -0.00005   0.00184   0.00184
   46 C14              Z    0.00000   0.00000   0.00000   0.00000   0.00000
   47 H15              S    0.00006   0.00007   0.00021   0.00004   0.00004
   48 C16              S    0.00048  -0.00005   0.00107   0.70048   0.70048
   49 C16              S    0.00011   0.00006   0.00027   0.03086   0.03086
   50 C16              X   -0.00004  -0.00004  -0.00017  -0.00116  -0.00116
   51 C16              Y   -0.00003   0.00004  -0.00001   0.00055   0.00055
   52 C16              Z    0.00000   0.00000   0.00000   0.00000   0.00000
   53 H17              S   -0.00016   0.00006  -0.00007  -0.00636  -0.00636
   54 H18              S    0.00001  -0.00001   0.00001  -0.00637  -0.00637
   55 C19              S    0.34433  -0.62560  -0.60964   0.00029   0.00059
   56 C19              S    0.02088  -0.02468  -0.02355  -0.00000  -0.00006
   57 C19              X   -0.00347  -0.00154  -0.00164  -0.00008  -0.00003
   58 C19              Y   -0.00225  -0.00005  -0.00053  -0.00002   0.00001
   59 C19              Z    0.00000   0.00000   0.00000   0.00000   0.00000
   60 H20              S   -0.00320   0.00556   0.00557  -0.00001  -0.00002
   
                             11        12        13        14        15
  eigenvalues-             -0.80953  -0.75398  -0.71795  -0.69981  -0.66750
  occupations-              2.00000   2.00000   2.00000   2.00000   2.00000
    1 C1               S   -0.10784   0.10359   0.00464  -0.01218  -0.09969
    2 C1               S    0.27463  -0.27384  -0.01510   0.03297   0.27410
    3 C1               X   -0.03695  -0.02974  -0.08774  -0.06123  -0.04812
    4 C1               Y   -0.01840  -0.01464  -0.04083   0.11116  -0.03457
    5 C1               Z    0.00000   0.00000   0.00000   0.00000   0.00000
    6 C2               S   -0.09762   0.04290  -0.04179   0.12039  -0.07277
    7 C2               S    0.24676  -0.11278   0.10908  -0.32475   0.20070
    8 C2               X   -0.04453  -0.02973  -0.04544   0.05124   0.02718
    9 C2               Y    0.03339  -0.05720  -0.01317   0.05378   0.06655
   10 C2               Z    0.00000   0.00000   0.00000   0.00000   0.00000
   11 C3               S   -0.09786  -0.03891  -0.04623   0.13215   0.04131
   12 C3               S    0.24698   0.10181   0.12121  -0.35662  -0.11414
   13 C3               X   -0.00325  -0.06474   0.03004  -0.05494   0.09857
   14 C3               Y    0.05502   0.00694   0.02707  -0.01417  -0.00657
   15 C3               Z    0.00000   0.00000   0.00000   0.00000   0.00000
   16 C4               S   -0.10784  -0.10359   0.00464   0.01218   0.09969
   17 C4               S    0.27463   0.27384  -0.01510  -0.03297  -0.27410
   18 C4               X    0.03695  -0.02974   0.08774  -0.06123  -0.04812
   19 C4               Y    0.01840  -0.01464   0.04083   0.11116  -0.03457
   20 C4               Z    0.00000   0.00000   0.00000   0.00000   0.00000
   21 C5               S   -0.09762  -0.04290  -0.04179  -0.12039   0.07277
   22 C5               S    0.24676   0.11278   0.10908   0.32475  -0.20070
   23 C5               X    0.04453  -0.02973   0.04544   0.05124   0.02718
   24 C5               Y   -0.03339  -0.05720   0.01317   0.05378   0.06655
   25 C5               Z    0.00000   0.00000   0.00000   0.00000   0.00000
   26 H6               S    0.04510  -0.03057   0.01682  -0.09022   0.05280
   27 H7               S    0.04496   0.02682   0.02325  -0.09831  -0.03268
   28 H8               S    0.04510   0.03057   0.01682   0.09022  -0.05280
   29 C9               S   -0.04970  -0.11386   0.11929   0.00055  -0.05161
   30 C9               S    0.12779   0.29728  -0.31495  -0.00219   0.13680
   31 C9               X    0.02288  -0.00277   0.06878  -0.02444  -0.13482
   32 C9               Y    0.02127   0.03499  -0.02444   0.01581  -0.00407
   33 C9               Z    0.00000   0.00000   0.00000   0.00000   0.00000
   34 C10              S   -0.02463  -0.08070   0.11743  -0.01403  -0.11035
   35 C10              S    0.06260   0.20927  -0.30970   0.03668   0.29971
   36 C10              X    0.02322   0.05915  -0.06563   0.00530   0.02650
   37 C10              Y   -0.00525  -0.01942   0.02967   0.00360  -0.02746
   38 C10              Z    0.00000   0.00000   0.00000   0.00000   0.00000
   39 H11              S    0.01407   0.04848  -0.07409   0.01442   0.07750
   40 H12              S    0.02567   0.06716  -0.07661  -0.01016   0.03741
   41 H13              S    0.01058   0.04373  -0.07489   0.00863   0.09005
   42 C14              S   -0.04970   0.11386   0.11929  -0.00055   0.05161
   43 C14              S    0.12779  -0.29728  -0.31495   0.00219  -0.13680
   44 C14              X   -0.02288  -0.00277  -0.06878  -0.02444  -0.13482
   45 C14              Y   -0.02127   0.03499   0.02444   0.01581  -0.00407
   46 C14              Z    0.00000   0.00000   0.00000   0.00000   0.00000
   47 H15              S    0.02567  -0.06716  -0.07661   0.01016  -0.03741
   48 C16              S   -0.02463   0.08070   0.11743   0.01403   0.11035
   49 C16              S    0.06260  -0.20927  -0.30970  -0.03668  -0.29971
   50 C16              X   -0.02322   0.05915   0.06563   0.00530   0.02650
   51 C16              Y    0.00525  -0.01942  -0.02967   0.00360  -0.02746
   52 C16              Z    0.00000   0.00000   0.00000   0.00000   0.00000
   53 H17              S    0.01407  -0.04848  -0.07409  -0.01442  -0.07750
   54 H18              S    0.01058  -0.04373  -0.07489  -0.00863  -0.09005
   55 C19              S   -0.09786   0.03891  -0.04623  -0.13215  -0.04131
   56 C19              S    0.24698  -0.10181   0.12121   0.35662   0.11414
   57 C19              X    0.00325  -0.06474  -0.03004  -0.05494   0.09857
   58 C19              Y   -0.05502   0.00694  -0.02707  -0.01417  -0.00657
   59 C19              Z    0.00000   0.00000   0.00000   0.00000   0.00000
   60 H20              S    0.04496  -0.02682   0.02325   0.09831   0.03268
   
                             16        17        18        19        20
  eigenvalues-             -0.58870  -0.55894  -0.53166  -0.51018  -0.45745
  occupations-              2.00000   2.00000   2.00000   2.00000   2.00000
    1 C1               S   -0.07120  -0.05404  -0.01328   0.05455   0.03232
    2 C1               S    0.20692   0.15993   0.03788  -0.16213  -0.10654
    3 C1               X    0.03041   0.11928  -0.11111   0.14130  -0.10949
    4 C1               Y    0.13675  -0.15593  -0.09421   0.02669  -0.09081
    5 C1               Z    0.00000   0.00000   0.00000   0.00000   0.00000
    6 C2               S    0.08138  -0.05793  -0.03037  -0.05251  -0.01946
    7 C2               S   -0.23220   0.17206   0.09197   0.16684   0.05511
    8 C2               X    0.00203   0.13351   0.06225   0.09926  -0.15610
    9 C2               Y    0.07011   0.13632   0.05946  -0.17986   0.03754
   10 C2               Z    0.00000   0.00000   0.00000   0.00000   0.00000
   11 C3               S   -0.00233   0.11047   0.05071  -0.00657   0.01316
   12 C3               S    0.00809  -0.32616  -0.15455   0.02419  -0.05093
   13 C3               X   -0.16085   0.00962   0.00679   0.14284   0.08960
   14 C3               Y   -0.02258   0.08973  -0.00341  -0.14568   0.17519
   15 C3               Z    0.00000   0.00000   0.00000   0.00000   0.00000
   16 C4               S   -0.07120  -0.05404   0.01328   0.05455   0.03232
   17 C4               S    0.20692   0.15993  -0.03788  -0.16213  -0.10654
   18 C4               X   -0.03041  -0.11928  -0.11111  -0.14130   0.10949
   19 C4               Y   -0.13675   0.15593  -0.09421  -0.02669   0.09081
   20 C4               Z    0.00000   0.00000   0.00000   0.00000   0.00000
   21 C5               S    0.08138  -0.05793   0.03037  -0.05251  -0.01946
   22 C5               S   -0.23220   0.17206  -0.09197   0.16684   0.05511
   23 C5               X   -0.00203  -0.13351   0.06225  -0.09926   0.15610
   24 C5               Y   -0.07011  -0.13632   0.05946   0.17986  -0.03754
   25 C5               Z    0.00000   0.00000   0.00000   0.00000   0.00000
   26 H6               S   -0.10547   0.08357   0.05476   0.16972  -0.09072
   27 H7               S    0.01859  -0.16973  -0.05025   0.09822  -0.13597
   28 H8               S   -0.10547   0.08357  -0.05476   0.16972  -0.09072
   29 C9               S   -0.05305  -0.00724  -0.09884  -0.05918  -0.04005
   30 C9               S    0.15955   0.02349   0.30261   0.18088   0.12725
   31 C9               X    0.14917   0.05755   0.07648   0.01912  -0.13823
   32 C9               Y   -0.03535   0.06959  -0.09669  -0.06164  -0.16804
   33 C9               Z    0.00000   0.00000   0.00000   0.00000   0.00000
   34 C10              S    0.08417   0.03712   0.08080   0.05145   0.01680
   35 C10              S   -0.24273  -0.11129  -0.24927  -0.16311  -0.06309
   36 C10              X    0.04802   0.04209   0.12615   0.10284   0.05972
   37 C10              Y   -0.02105   0.02911  -0.08688  -0.04894  -0.20456
   38 C10              Z    0.00000   0.00000   0.00000   0.00000   0.00000
   39 H11              S   -0.10371  -0.02210  -0.16034  -0.09496  -0.17903
   40 H12              S    0.08018  -0.03291   0.17059   0.11258   0.15269
   41 H13              S   -0.09841  -0.06703  -0.12487  -0.09694   0.02172
   42 C14              S   -0.05305  -0.00724   0.09884  -0.05918  -0.04005
   43 C14              S    0.15955   0.02349  -0.30261   0.18088   0.12725
   44 C14              X   -0.14917  -0.05755   0.07648  -0.01912   0.13823
   45 C14              Y    0.03535  -0.06959  -0.09669   0.06164   0.16804
   46 C14              Z    0.00000   0.00000   0.00000   0.00000   0.00000
   47 H15              S    0.08018  -0.03291  -0.17059   0.11258   0.15269
   48 C16              S    0.08417   0.03712  -0.08080   0.05145   0.01680
   49 C16              S   -0.24273  -0.11129   0.24927  -0.16311  -0.06309
   50 C16              X   -0.04802  -0.04209   0.12615  -0.10284  -0.05972
   51 C16              Y    0.02105  -0.02911  -0.08688   0.04894   0.20456
   52 C16              Z    0.00000   0.00000   0.00000   0.00000   0.00000
   53 H17              S   -0.10371  -0.02210   0.16034  -0.09496  -0.17903
   54 H18              S   -0.09841  -0.06703   0.12487  -0.09694   0.02172
   55 C19              S   -0.00233   0.11047  -0.05071  -0.00657   0.01316
   56 C19              S    0.00809  -0.32616   0.15455   0.02419  -0.05093
   57 C19              X    0.16085  -0.00962   0.00679  -0.14284  -0.08960
   58 C19              Y    0.02258  -0.08973  -0.00341   0.14568  -0.17519
   59 C19              Z    0.00000   0.00000   0.00000   0.00000   0.00000
   60 H20              S    0.01859  -0.16973   0.05025   0.09822  -0.13597
   
                             21        22        23        24        25
  eigenvalues-             -0.43936  -0.41061  -0.39796  -0.39606  -0.37399
  occupations-              2.00000   2.00000   2.00000   2.00000   2.00000
    1 C1               S    0.02308   0.06918   0.02269   0.02163  -0.00327
    2 C1               S   -0.07909  -0.23441  -0.07712  -0.07143   0.01147
    3 C1               X   -0.16793   0.05715   0.06656  -0.00460  -0.10125
    4 C1               Y    0.07581  -0.08726   0.25390  -0.01787   0.05626
    5 C1               Z    0.00000   0.00000   0.00000   0.00000   0.00000
    6 C2               S   -0.04237  -0.04410   0.01171   0.01835   0.02014
    7 C2               S    0.13821   0.15322  -0.03639  -0.06838  -0.06375
    8 C2               X   -0.06483   0.20582   0.02759  -0.14080   0.27316
    9 C2               Y   -0.12500  -0.05102  -0.25544  -0.00820  -0.10640
   10 C2               Z    0.00000   0.00000   0.00000   0.00000   0.00000
   11 C3               S    0.02223   0.04766  -0.00114  -0.02533   0.02853
   12 C3               S   -0.07485  -0.16390   0.00104   0.08466  -0.09087
   13 C3               X    0.16918  -0.12899   0.11137   0.07511  -0.03896
   14 C3               Y    0.07650   0.18868   0.04188   0.03169  -0.33904
   15 C3               Z    0.00000   0.00000   0.00000   0.00000   0.00000
   16 C4               S   -0.02308  -0.06918  -0.02269   0.02163   0.00327
   17 C4               S    0.07909   0.23441   0.07712  -0.07143  -0.01147
   18 C4               X   -0.16793   0.05715   0.06656   0.00460  -0.10125
   19 C4               Y    0.07581  -0.08726   0.25390   0.01787   0.05626
   20 C4               Z    0.00000   0.00000   0.00000   0.00000   0.00000
   21 C5               S    0.04237   0.04410  -0.01171   0.01835  -0.02014
   22 C5               S   -0.13821  -0.15322   0.03639  -0.06838   0.06375
   23 C5               X   -0.06483   0.20582   0.02759   0.14080   0.27316
   24 C5               Y   -0.12500  -0.05102  -0.25544   0.00820  -0.10640
   25 C5               Z    0.00000   0.00000   0.00000   0.00000   0.00000
   26 H6               S    0.06116   0.23129   0.13357  -0.11386   0.21709
   27 H7               S   -0.10026  -0.22526  -0.03728   0.00666   0.25368
   28 H8               S   -0.06116  -0.23129  -0.13357  -0.11386  -0.21709
   29 C9               S   -0.01679   0.01518   0.00247  -0.02763   0.00183
   30 C9               S    0.05129  -0.04179  -0.01457   0.08050  -0.00431
   31 C9               X    0.02494   0.13286  -0.18616  -0.15877   0.05603
   32 C9               Y    0.24032   0.00269  -0.01847   0.21259   0.03740
   33 C9               Z    0.00000   0.00000   0.00000   0.00000   0.00000
   34 C10              S    0.00804  -0.01193  -0.00102  -0.00449  -0.00427
   35 C10              S   -0.03104   0.04985  -0.00769   0.00005   0.01778
   36 C10              X    0.16974  -0.15221   0.04475   0.32489  -0.01830
   37 C10              Y    0.15266   0.02983  -0.25023   0.09712   0.07452
   38 C10              Z    0.00000   0.00000   0.00000   0.00000   0.00000
   39 H11              S    0.07240   0.04348  -0.21586   0.02385   0.05433
   40 H12              S   -0.15583  -0.02640  -0.01209  -0.14576  -0.01486
   41 H13              S   -0.17750   0.10504   0.08728  -0.26203  -0.01653
   42 C14              S    0.01679  -0.01518  -0.00247  -0.02763  -0.00183
   43 C14              S   -0.05129   0.04179   0.01457   0.08050   0.00431
   44 C14              X    0.02494   0.13286  -0.18616   0.15877   0.05603
   45 C14              Y    0.24032   0.00269  -0.01847  -0.21259   0.03740
   46 C14              Z    0.00000   0.00000   0.00000   0.00000   0.00000
   47 H15              S    0.15583   0.02640   0.01209  -0.14576   0.01486
   48 C16              S   -0.00804   0.01193   0.00102  -0.00449   0.00427
   49 C16              S    0.03104  -0.04985   0.00769   0.00005  -0.01778
   50 C16              X    0.16974  -0.15221   0.04475  -0.32489  -0.01830
   51 C16              Y    0.15266   0.02983  -0.25023  -0.09712   0.07452
   52 C16              Z    0.00000   0.00000   0.00000   0.00000   0.00000
   53 H17              S   -0.07240  -0.04348   0.21586   0.02385  -0.05433
   54 H18              S    0.17750  -0.10504  -0.08728  -0.26203   0.01653
   55 C19              S   -0.02223  -0.04766   0.00114  -0.02533  -0.02853
   56 C19              S    0.07485   0.16390  -0.00104   0.08466   0.09087
   57 C19              X    0.16918  -0.12899   0.11137  -0.07511  -0.03896
   58 C19              Y    0.07650   0.18868   0.04188  -0.03169  -0.33904
   59 C19              Z    0.00000   0.00000   0.00000   0.00000   0.00000
   60 H20              S    0.10026   0.22526   0.03728   0.00666  -0.25368
   
                             26        27        28        29        30
  eigenvalues-             -0.35115  -0.34729  -0.32453  -0.31125  -0.29280
  occupations-              2.00000   2.00000   2.00000   2.00000   2.00000
    1 C1               S    0.00299   0.02517   0.00000   0.01060  -0.00358
    2 C1               S   -0.01100  -0.09058   0.00000  -0.04607   0.02344
    3 C1               X   -0.22178  -0.02662   0.00000  -0.20043   0.29605
    4 C1               Y    0.10335   0.08313   0.00000  -0.16437  -0.03200
    5 C1               Z    0.00000   0.00000   0.33755   0.00000   0.00000
    6 C2               S   -0.00661  -0.00756   0.00000  -0.01374  -0.00857
    7 C2               S    0.01850   0.02540   0.00000   0.04720   0.02358
    8 C2               X   -0.16179  -0.11384   0.00000  -0.03686  -0.24779
    9 C2               Y   -0.12944  -0.10386   0.00000   0.13847  -0.00337
   10 C2               Z    0.00000   0.00000   0.29724   0.00000   0.00000
   11 C3               S    0.01733   0.00529   0.00000   0.00708   0.00226
   12 C3               S   -0.06274  -0.02690   0.00000  -0.02193  -0.00732
   13 C3               X    0.24571   0.08725   0.00000  -0.01815   0.30528
   14 C3               Y   -0.02418   0.16393   0.00000  -0.07589  -0.03279
   15 C3               Z    0.00000   0.00000   0.29783   0.00000   0.00000
   16 C4               S   -0.00299   0.02517   0.00000  -0.01060  -0.00358
   17 C4               S    0.01100  -0.09058   0.00000   0.04607   0.02344
   18 C4               X   -0.22178   0.02662   0.00000  -0.20043  -0.29605
   19 C4               Y    0.10335  -0.08313   0.00000  -0.16437   0.03200
   20 C4               Z    0.00000   0.00000   0.33755   0.00000   0.00000
   21 C5               S    0.00661  -0.00756   0.00000   0.01374  -0.00857
   22 C5               S   -0.01850   0.02540   0.00000  -0.04720   0.02358
   23 C5               X   -0.16179   0.11384   0.00000  -0.03686   0.24779
   24 C5               Y   -0.12944   0.10386   0.00000   0.13847   0.00337
   25 C5               Z    0.00000   0.00000   0.29724   0.00000   0.00000
   26 H6               S   -0.04718   0.00587   0.00000  -0.05261  -0.23759
   27 H7               S   -0.00664  -0.15579   0.00000   0.04756   0.01599
   28 H8               S    0.04718   0.00587   0.00000   0.05261  -0.23759
   29 C9               S    0.00121  -0.01704   0.00000  -0.00255  -0.01995
   30 C9               S    0.01195   0.07181   0.00000   0.00596   0.08291
   31 C9               X    0.24084   0.14988   0.00000   0.09151   0.22142
   32 C9               Y   -0.13132  -0.16884   0.00000   0.25978   0.12471
   33 C9               Z    0.00000   0.00000   0.17405   0.00000   0.00000
   34 C10              S    0.02049   0.01045   0.00000  -0.00343   0.00828
   35 C10              S   -0.05653  -0.02679   0.00000   0.01419  -0.02118
   36 C10              X   -0.27027  -0.04833   0.00000  -0.06672  -0.14590
   37 C10              Y    0.03414   0.29564   0.00000  -0.23272  -0.02431
   38 C10              Z    0.00000   0.00000   0.09250   0.00000   0.00000
   39 H11              S    0.05109   0.26811   0.00000  -0.23060  -0.05584
   40 H12              S    0.14602   0.19990   0.00000  -0.25874  -0.07082
   41 H13              S    0.15726  -0.14372   0.00000   0.21303   0.13786
   42 C14              S   -0.00121  -0.01704   0.00000   0.00255  -0.01995
   43 C14              S   -0.01195   0.07181   0.00000  -0.00596   0.08291
   44 C14              X    0.24084  -0.14988   0.00000   0.09151  -0.22142
   45 C14              Y   -0.13132   0.16884   0.00000   0.25978  -0.12471
   46 C14              Z    0.00000   0.00000   0.17405   0.00000   0.00000
   47 H15              S   -0.14602   0.19990   0.00000   0.25874  -0.07082
   48 C16              S   -0.02049   0.01045   0.00000   0.00343   0.00828
   49 C16              S    0.05653  -0.02679   0.00000  -0.01419  -0.02118
   50 C16              X   -0.27027   0.04833   0.00000  -0.06672   0.14590
   51 C16              Y    0.03414  -0.29564   0.00000  -0.23272   0.02431
   52 C16              Z    0.00000   0.00000   0.09250   0.00000   0.00000
   53 H17              S   -0.05109   0.26811   0.00000   0.23060  -0.05584
   54 H18              S   -0.15726  -0.14372   0.00000  -0.21303   0.13786
   55 C19              S   -0.01733   0.00529   0.00000  -0.00708   0.00226
   56 C19              S    0.06274  -0.02690   0.00000   0.02193  -0.00732
   57 C19              X    0.24571  -0.08725   0.00000  -0.01815  -0.30528
   58 C19              Y   -0.02418  -0.16393   0.00000  -0.07589   0.03279
   59 C19              Z    0.00000   0.00000   0.29783   0.00000   0.00000
   60 H20              S    0.00664  -0.15579   0.00000  -0.04756   0.01599
   
                             31        32        33        34        35
  eigenvalues-             -0.28747  -0.26354  -0.21244  -0.19508  -0.15308
  occupations-              2.00000   2.00000   2.00000   2.00000   2.00000
    1 C1               S    0.00708   0.00000   0.00000   0.00000   0.00000
    2 C1               S   -0.03412   0.00000   0.00000   0.00000   0.00000
    3 C1               X    0.01101   0.00000   0.00000   0.00000   0.00000
    4 C1               Y   -0.31164   0.00000   0.00000   0.00000   0.00000
    5 C1               Z    0.00000   0.34887   0.01799  -0.00476   0.38763
    6 C2               S   -0.00799   0.00000   0.00000   0.00000   0.00000
    7 C2               S    0.02304   0.00000   0.00000   0.00000   0.00000
    8 C2               X   -0.00239   0.00000   0.00000   0.00000   0.00000
    9 C2               Y    0.29643   0.00000   0.00000   0.00000   0.00000
   10 C2               Z    0.00000   0.13283   0.17677   0.45822   0.22867
   11 C3               S    0.01197   0.00000   0.00000   0.00000   0.00000
   12 C3               S   -0.03539   0.00000   0.00000   0.00000   0.00000
   13 C3               X    0.03072   0.00000   0.00000   0.00000   0.00000
   14 C3               Y   -0.22751   0.00000   0.00000   0.00000   0.00000
   15 C3               Z    0.00000  -0.13069   0.17919   0.46304  -0.21713
   16 C4               S    0.00708   0.00000   0.00000   0.00000   0.00000
   17 C4               S   -0.03412   0.00000   0.00000   0.00000   0.00000
   18 C4               X   -0.01101   0.00000   0.00000   0.00000   0.00000
   19 C4               Y    0.31164   0.00000   0.00000   0.00000   0.00000
   20 C4               Z    0.00000  -0.34887   0.01799   0.00476  -0.38763
   21 C5               S   -0.00799   0.00000   0.00000   0.00000   0.00000
   22 C5               S    0.02304   0.00000   0.00000   0.00000   0.00000
   23 C5               X    0.00239   0.00000   0.00000   0.00000   0.00000
   24 C5               Y   -0.29643   0.00000   0.00000   0.00000   0.00000
   25 C5               Z    0.00000  -0.13283   0.17677  -0.45822  -0.22867
   26 H6               S   -0.15638   0.00000   0.00000   0.00000   0.00000
   27 H7               S    0.25911   0.00000   0.00000   0.00000   0.00000
   28 H8               S   -0.15638   0.00000   0.00000   0.00000   0.00000
   29 C9               S    0.01071   0.00000   0.00000   0.00000   0.00000
   30 C9               S   -0.03676   0.00000   0.00000   0.00000   0.00000
   31 C9               X   -0.05862   0.00000   0.00000   0.00000   0.00000
   32 C9               Y   -0.16262   0.00000   0.00000   0.00000   0.00000
   33 C9               Z    0.00000  -0.37657  -0.41378   0.00219   0.22357
   34 C10              S    0.00481   0.00000   0.00000   0.00000   0.00000
   35 C10              S   -0.01873   0.00000   0.00000   0.00000   0.00000
   36 C10              X   -0.00180   0.00000   0.00000   0.00000   0.00000
   37 C10              Y    0.11436   0.00000   0.00000   0.00000   0.00000
   38 C10              Z    0.00000  -0.27145  -0.41788  -0.00740   0.39738
   39 H11              S    0.11389   0.00000   0.00000   0.00000   0.00000
   40 H12              S    0.18073   0.00000   0.00000   0.00000   0.00000
   41 H13              S   -0.08696   0.00000   0.00000   0.00000   0.00000
   42 C14              S    0.01071   0.00000   0.00000   0.00000   0.00000
   43 C14              S   -0.03676   0.00000   0.00000   0.00000   0.00000
   44 C14              X    0.05862   0.00000   0.00000   0.00000   0.00000
   45 C14              Y    0.16262   0.00000   0.00000   0.00000   0.00000
   46 C14              Z    0.00000   0.37657  -0.41378  -0.00219  -0.22357
   47 H15              S    0.18073   0.00000   0.00000   0.00000   0.00000
   48 C16              S    0.00481   0.00000   0.00000   0.00000   0.00000
   49 C16              S   -0.01873   0.00000   0.00000   0.00000   0.00000
   50 C16              X    0.00180   0.00000   0.00000   0.00000   0.00000
   51 C16              Y   -0.11436   0.00000   0.00000   0.00000   0.00000
   52 C16              Z    0.00000   0.27145  -0.41788   0.00740  -0.39738
   53 H17              S    0.11389   0.00000   0.00000   0.00000   0.00000
   54 H18              S   -0.08696   0.00000   0.00000   0.00000   0.00000
   55 C19              S    0.01197   0.00000   0.00000   0.00000   0.00000
   56 C19              S   -0.03539   0.00000   0.00000   0.00000   0.00000
   57 C19              X   -0.03072   0.00000   0.00000   0.00000   0.00000
   58 C19              Y    0.22751   0.00000   0.00000   0.00000   0.00000
   59 C19              Z    0.00000   0.13069   0.17919  -0.46304   0.21713
   60 H20              S    0.25911   0.00000   0.00000   0.00000   0.00000
   
                             36        37        38        39        40
  eigenvalues-              0.03742   0.09034   0.11062   0.18221   0.27251
  occupations-              0.00000   0.00000   0.00000   0.00000   0.00000
    1 C1               S    0.00000   0.00000   0.00000   0.00000   0.00000
    2 C1               S    0.00000   0.00000   0.00000   0.00000   0.00000
    3 C1               X    0.00000   0.00000   0.00000   0.00000   0.00000
    4 C1               Y    0.00000   0.00000   0.00000   0.00000   0.00000
    5 C1               Z    0.44250  -0.03145   0.02318  -0.49751  -0.54354
    6 C2               S    0.00000   0.00000   0.00000   0.00000   0.00000
    7 C2               S    0.00000   0.00000   0.00000   0.00000   0.00000
    8 C2               X    0.00000   0.00000   0.00000   0.00000   0.00000
    9 C2               Y    0.00000   0.00000   0.00000   0.00000   0.00000
   10 C2               Z   -0.27645  -0.55356  -0.23204   0.19987   0.46723
   11 C3               S    0.00000   0.00000   0.00000   0.00000   0.00000
   12 C3               S    0.00000   0.00000   0.00000   0.00000   0.00000
   13 C3               X    0.00000   0.00000   0.00000   0.00000   0.00000
   14 C3               Y    0.00000   0.00000   0.00000   0.00000   0.00000
   15 C3               Z   -0.23308   0.58256   0.24060   0.16622  -0.46416
   16 C4               S    0.00000   0.00000   0.00000   0.00000   0.00000
   17 C4               S    0.00000   0.00000   0.00000   0.00000   0.00000
   18 C4               X    0.00000   0.00000   0.00000   0.00000   0.00000
   19 C4               Y    0.00000   0.00000   0.00000   0.00000   0.00000
   20 C4               Z    0.44250  -0.03145  -0.02318  -0.49751   0.54354
   21 C5               S    0.00000   0.00000   0.00000   0.00000   0.00000
   22 C5               S    0.00000   0.00000   0.00000   0.00000   0.00000
   23 C5               X    0.00000   0.00000   0.00000   0.00000   0.00000
   24 C5               Y    0.00000   0.00000   0.00000   0.00000   0.00000
   25 C5               Z   -0.27645  -0.55356   0.23204   0.19987  -0.46723
   26 H6               S    0.00000   0.00000   0.00000   0.00000   0.00000
   27 H7               S    0.00000   0.00000   0.00000   0.00000   0.00000
   28 H8               S    0.00000   0.00000   0.00000   0.00000   0.00000
   29 C9               S    0.00000   0.00000   0.00000   0.00000   0.00000
   30 C9               S    0.00000   0.00000   0.00000   0.00000   0.00000
   31 C9               X    0.00000   0.00000   0.00000   0.00000   0.00000
   32 C9               Y    0.00000   0.00000   0.00000   0.00000   0.00000
   33 C9               Z    0.25630   0.00474  -0.52223   0.52903  -0.28760
   34 C10              S    0.00000   0.00000   0.00000   0.00000   0.00000
   35 C10              S    0.00000   0.00000   0.00000   0.00000   0.00000
   36 C10              X    0.00000   0.00000   0.00000   0.00000   0.00000
   37 C10              Y    0.00000   0.00000   0.00000   0.00000   0.00000
   38 C10              Z   -0.44990   0.00958   0.52317  -0.37946   0.15593
   39 H11              S    0.00000   0.00000   0.00000   0.00000   0.00000
   40 H12              S    0.00000   0.00000   0.00000   0.00000   0.00000
   41 H13              S    0.00000   0.00000   0.00000   0.00000   0.00000
   42 C14              S    0.00000   0.00000   0.00000   0.00000   0.00000
   43 C14              S    0.00000   0.00000   0.00000   0.00000   0.00000
   44 C14              X    0.00000   0.00000   0.00000   0.00000   0.00000
   45 C14              Y    0.00000   0.00000   0.00000   0.00000   0.00000
   46 C14              Z    0.25630   0.00474   0.52223   0.52903   0.28760
   47 H15              S    0.00000   0.00000   0.00000   0.00000   0.00000
   48 C16              S    0.00000   0.00000   0.00000   0.00000   0.00000
   49 C16              S    0.00000   0.00000   0.00000   0.00000   0.00000
   50 C16              X    0.00000   0.00000   0.00000   0.00000   0.00000
   51 C16              Y    0.00000   0.00000   0.00000   0.00000   0.00000
   52 C16              Z   -0.44990   0.00958  -0.52317  -0.37946  -0.15593
   53 H17              S    0.00000   0.00000   0.00000   0.00000   0.00000
   54 H18              S    0.00000   0.00000   0.00000   0.00000   0.00000
   55 C19              S    0.00000   0.00000   0.00000   0.00000   0.00000
   56 C19              S    0.00000   0.00000   0.00000   0.00000   0.00000
   57 C19              X    0.00000   0.00000   0.00000   0.00000   0.00000
   58 C19              Y    0.00000   0.00000   0.00000   0.00000   0.00000
   59 C19              Z   -0.23308   0.58256  -0.24060   0.16622   0.46416
   60 H20              S    0.00000   0.00000   0.00000   0.00000   0.00000
   
                             41        42        43        44        45
  eigenvalues-              0.33223   0.34073   0.37936   0.38145   0.41097
  occupations-              0.00000   0.00000   0.00000   0.00000   0.00000
    1 C1               S    0.06827   0.03447   0.05772   0.02322  -0.05127
    2 C1               S   -0.40187  -0.20238  -0.33490  -0.14003   0.30960
    3 C1               X   -0.22958  -0.03837  -0.46784   0.10430   0.23051
    4 C1               Y   -0.17117  -0.31293  -0.05364  -0.07120  -0.19892
    5 C1               Z    0.00000   0.00000   0.00000   0.00000   0.00000
    6 C2               S    0.04637  -0.01586  -0.00437  -0.02119   0.10107
    7 C2               S   -0.28006   0.09631   0.01907   0.13504  -0.61769
    8 C2               X   -0.18162   0.08346  -0.39299   0.25420   0.02596
    9 C2               Y    0.15223  -0.26988   0.15243  -0.09924  -0.03292
   10 C2               Z    0.00000   0.00000   0.00000   0.00000   0.00000
   11 C3               S    0.02805   0.00630   0.02501  -0.06449  -0.07375
   12 C3               S   -0.17274  -0.03075  -0.15233   0.39387   0.45118
   13 C3               X   -0.04825   0.10445  -0.26178  -0.11795   0.16697
   14 C3               Y    0.30605  -0.33997   0.05370  -0.04369   0.00814
   15 C3               Z    0.00000   0.00000   0.00000   0.00000   0.00000
   16 C4               S    0.06827  -0.03447  -0.05772   0.02322  -0.05127
   17 C4               S   -0.40187   0.20238   0.33490  -0.14003   0.30960
   18 C4               X    0.22958  -0.03837  -0.46784  -0.10430  -0.23051
   19 C4               Y    0.17117  -0.31293  -0.05364   0.07120   0.19892
   20 C4               Z    0.00000   0.00000   0.00000   0.00000   0.00000
   21 C5               S    0.04637   0.01586   0.00437  -0.02119   0.10107
   22 C5               S   -0.28006  -0.09631  -0.01907   0.13504  -0.61769
   23 C5               X    0.18162   0.08346  -0.39299  -0.25420  -0.02596
   24 C5               Y   -0.15223  -0.26988   0.15243   0.09924   0.03292
   25 C5               Z    0.00000   0.00000   0.00000   0.00000   0.00000
   26 H6               S    0.42301  -0.26832   0.41183  -0.30090   0.22060
   27 H7               S    0.41343  -0.31980   0.11864  -0.29379  -0.22947
   28 H8               S    0.42301   0.26832  -0.41183  -0.30090   0.22060
   29 C9               S   -0.04919  -0.00768   0.09276   0.06352   0.02401
   30 C9               S    0.27732   0.04713  -0.54205  -0.38199  -0.15301
   31 C9               X    0.24205  -0.09692  -0.29620  -0.03768  -0.26615
   32 C9               Y    0.34255  -0.39711  -0.16184   0.33956   0.06031
   33 C9               Z    0.00000   0.00000   0.00000   0.00000   0.00000
   34 C10              S    0.03977  -0.00253  -0.04970  -0.02109   0.10408
   35 C10              S   -0.23024   0.01915   0.29034   0.11804  -0.65166
   36 C10              X    0.09516  -0.06190  -0.10009   0.12673   0.14982
   37 C10              Y    0.18175  -0.34076  -0.14196   0.36420  -0.19555
   38 C10              Z    0.00000   0.00000   0.00000   0.00000   0.00000
   39 H11              S   -0.11364   0.32397   0.01431  -0.39454   0.51132
   40 H12              S    0.14911  -0.43471   0.15707   0.57565   0.17154
   41 H13              S    0.35643  -0.28598  -0.34672   0.24846   0.32603
   42 C14              S   -0.04919   0.00768  -0.09276   0.06352   0.02401
   43 C14              S    0.27732  -0.04713   0.54205  -0.38199  -0.15301
   44 C14              X   -0.24205  -0.09692  -0.29620   0.03768   0.26615
   45 C14              Y   -0.34255  -0.39711  -0.16184  -0.33956  -0.06031
   46 C14              Z    0.00000   0.00000   0.00000   0.00000   0.00000
   47 H15              S    0.14911   0.43471  -0.15707   0.57565   0.17154
   48 C16              S    0.03977   0.00253   0.04970  -0.02109   0.10408
   49 C16              S   -0.23024  -0.01915  -0.29034   0.11804  -0.65166
   50 C16              X   -0.09516  -0.06190  -0.10009  -0.12673  -0.14982
   51 C16              Y   -0.18175  -0.34076  -0.14196  -0.36420   0.19555
   52 C16              Z    0.00000   0.00000   0.00000   0.00000   0.00000
   53 H17              S   -0.11364  -0.32397  -0.01431  -0.39454   0.51132
   54 H18              S    0.35643   0.28598   0.34672   0.24846   0.32603
   55 C19              S    0.02805  -0.00630  -0.02501  -0.06449  -0.07375
   56 C19              S   -0.17274   0.03075   0.15233   0.39387   0.45118
   57 C19              X    0.04825   0.10445  -0.26178   0.11795  -0.16697
   58 C19              Y   -0.30605  -0.33997   0.05370   0.04369  -0.00814
   59 C19              Z    0.00000   0.00000   0.00000   0.00000   0.00000
   60 H20              S    0.41343   0.31980  -0.11864  -0.29379  -0.22947
   
                             46        47        48        49        50
  eigenvalues-              0.41195   0.42675   0.43963   0.45276   0.47825
  occupations-              0.00000   0.00000   0.00000   0.00000   0.00000
    1 C1               S    0.08154   0.01995   0.12927  -0.06171  -0.03772
    2 C1               S   -0.47871  -0.12530  -0.78448   0.36685   0.23569
    3 C1               X   -0.05072   0.19398   0.02012  -0.14835  -0.16095
    4 C1               Y    0.10764   0.18460   0.03063   0.09912   0.31375
    5 C1               Z    0.00000   0.00000   0.00000   0.00000   0.00000
    6 C2               S   -0.10162  -0.00548  -0.06682   0.06661  -0.09701
    7 C2               S    0.61451   0.02170   0.41739  -0.40829   0.61524
    8 C2               X    0.12991   0.03693   0.15954  -0.18717  -0.12793
    9 C2               Y    0.04127   0.23385   0.30151   0.11444  -0.18949
   10 C2               Z    0.00000   0.00000   0.00000   0.00000   0.00000
   11 C3               S    0.07459   0.05754  -0.07854  -0.05889   0.11207
   12 C3               S   -0.44351  -0.35693   0.49031   0.35657  -0.70832
   13 C3               X   -0.05025   0.19550  -0.26201  -0.16898  -0.07761
   14 C3               Y    0.09339   0.40287  -0.10389   0.09493  -0.12601
   15 C3               Z    0.00000   0.00000   0.00000   0.00000   0.00000
   16 C4               S   -0.08154  -0.01995   0.12927   0.06171  -0.03772
   17 C4               S    0.47871   0.12530  -0.78448  -0.36685   0.23569
   18 C4               X   -0.05072   0.19398  -0.02012  -0.14835   0.16095
   19 C4               Y    0.10764   0.18460  -0.03063   0.09912  -0.31375
   20 C4               Z    0.00000   0.00000   0.00000   0.00000   0.00000
   21 C5               S    0.10162   0.00548  -0.06682  -0.06661  -0.09701
   22 C5               S   -0.61451  -0.02170   0.41739   0.40829   0.61524
   23 C5               X    0.12991   0.03693  -0.15954  -0.18717   0.12793
   24 C5               Y    0.04127   0.23385  -0.30151   0.11444   0.18949
   25 C5               Z    0.00000   0.00000   0.00000   0.00000   0.00000
   26 H6               S   -0.35498   0.05236  -0.19755   0.47239  -0.33072
   27 H7               S    0.32972   0.59909  -0.31501  -0.08309   0.22023
   28 H8               S    0.35498  -0.05236  -0.19755  -0.47239  -0.33072
   29 C9               S    0.03966  -0.07275  -0.09339  -0.07115   0.03095
   30 C9               S   -0.25038   0.45646   0.56416   0.43045  -0.21600
   31 C9               X   -0.21527   0.12288   0.12063  -0.09040  -0.07953
   32 C9               Y    0.09558  -0.19567  -0.08166  -0.09227   0.00785
   33 C9               Z    0.00000   0.00000   0.00000   0.00000   0.00000
   34 C10              S    0.08560  -0.02017   0.06762   0.11374   0.06444
   35 C10              S   -0.53818   0.13520  -0.41067  -0.71196  -0.41415
   36 C10              X    0.20521  -0.26732   0.04667   0.07329   0.40608
   37 C10              Y   -0.19499  -0.14172   0.01755  -0.12841  -0.00300
   38 C10              Z    0.00000   0.00000   0.00000   0.00000   0.00000
   39 H11              S    0.44830   0.04896   0.21120   0.52536   0.29391
   40 H12              S    0.20606  -0.44118  -0.36823  -0.29679   0.07528
   41 H13              S    0.31303  -0.33919   0.25901   0.32974   0.47568
   42 C14              S   -0.03966   0.07275  -0.09339   0.07115   0.03095
   43 C14              S    0.25038  -0.45646   0.56416  -0.43045  -0.21600
   44 C14              X   -0.21527   0.12288  -0.12063  -0.09040   0.07953
   45 C14              Y    0.09558  -0.19567   0.08166  -0.09227  -0.00785
   46 C14              Z    0.00000   0.00000   0.00000   0.00000   0.00000
   47 H15              S   -0.20606   0.44118  -0.36823   0.29679   0.07528
   48 C16              S   -0.08560   0.02017   0.06762  -0.11374   0.06444
   49 C16              S    0.53818  -0.13520  -0.41067   0.71196  -0.41415
   50 C16              X    0.20521  -0.26732  -0.04667   0.07329  -0.40608
   51 C16              Y   -0.19499  -0.14172  -0.01755  -0.12841   0.00300
   52 C16              Z    0.00000   0.00000   0.00000   0.00000   0.00000
   53 H17              S   -0.44830  -0.04896   0.21120  -0.52536   0.29391
   54 H18              S   -0.31303   0.33919   0.25901  -0.32974   0.47568
   55 C19              S   -0.07459  -0.05754  -0.07854   0.05889   0.11207
   56 C19              S    0.44351   0.35693   0.49031  -0.35657  -0.70832
   57 C19              X   -0.05025   0.19550   0.26201  -0.16898   0.07761
   58 C19              Y    0.09339   0.40287   0.10389   0.09493   0.12601
   59 C19              Z    0.00000   0.00000   0.00000   0.00000   0.00000
   60 H20              S   -0.32972  -0.59909  -0.31501   0.08309   0.22023
   
                             51        52        53        54        55
  eigenvalues-              0.52623   0.54582   0.57600   0.59941   0.62499
  occupations-              0.00000   0.00000   0.00000   0.00000   0.00000
    1 C1               S   -0.06734  -0.00385   0.00195  -0.05698  -0.09057
    2 C1               S    0.44939   0.01559  -0.01936   0.39396   0.61355
    3 C1               X   -0.52969  -0.24123  -0.01077  -0.07458   0.11839
    4 C1               Y   -0.31008   0.51249   0.21510   0.23698  -0.17978
    5 C1               Z    0.00000   0.00000   0.00000   0.00000   0.00000
    6 C2               S    0.04927  -0.03566  -0.00343  -0.08770   0.03295
    7 C2               S   -0.31934   0.24874   0.02966   0.60282  -0.21709
    8 C2               X    0.11410   0.38955  -0.54638  -0.27037  -0.06616
    9 C2               Y   -0.29134   0.33201   0.37774  -0.43730  -0.41479
   10 C2               Z    0.00000   0.00000   0.00000   0.00000   0.00000
   11 C3               S    0.01208  -0.09696   0.00248   0.03733   0.00836
   12 C3               S   -0.07918   0.64987  -0.02202  -0.25391  -0.07089
   13 C3               X    0.29248  -0.10246  -0.02593  -0.75010  -0.17782
   14 C3               Y   -0.38975  -0.05437  -0.56524  -0.03295   0.20496
   15 C3               Z    0.00000   0.00000   0.00000   0.00000   0.00000
   16 C4               S   -0.06734   0.00385   0.00195   0.05698   0.09057
   17 C4               S    0.44939  -0.01559  -0.01936  -0.39396  -0.61355
   18 C4               X    0.52969  -0.24123   0.01077  -0.07458   0.11839
   19 C4               Y    0.31008   0.51249  -0.21510   0.23698  -0.17978
   20 C4               Z    0.00000   0.00000   0.00000   0.00000   0.00000
   21 C5               S    0.04927   0.03566  -0.00343   0.08770  -0.03295
   22 C5               S   -0.31934  -0.24874   0.02966  -0.60282   0.21709
   23 C5               X   -0.11410   0.38955   0.54638  -0.27037  -0.06616
   24 C5               Y    0.29134   0.33201  -0.37774  -0.43730  -0.41479
   25 C5               Z    0.00000   0.00000   0.00000   0.00000   0.00000
   26 H6               S   -0.04345  -0.20946   0.51897  -0.25991  -0.00526
   27 H7               S   -0.26118  -0.30791  -0.44772   0.07600   0.13961
   28 H8               S   -0.04345   0.20946   0.51897   0.25991   0.00526
   29 C9               S   -0.07433  -0.02681   0.05211  -0.06084   0.02222
   30 C9               S    0.48591   0.19396  -0.35616   0.41801  -0.17182
   31 C9               X    0.04330  -0.12751   0.18309  -0.04499   0.35423
   32 C9               Y   -0.14806   0.23585  -0.06144  -0.09174   0.44779
   33 C9               Z    0.00000   0.00000   0.00000   0.00000   0.00000
   34 C10              S    0.01880   0.00872  -0.04222   0.00738  -0.01842
   35 C10              S   -0.11654  -0.06778   0.28701  -0.04630   0.13079
   36 C10              X    0.01113  -0.45060   0.27820  -0.18220  -0.05838
   37 C10              Y    0.36609  -0.17428  -0.00044   0.22575  -0.57395
   38 C10              Z    0.00000   0.00000   0.00000   0.00000   0.00000
   39 H11              S   -0.23526   0.09700  -0.13138  -0.21070   0.35975
   40 H12              S   -0.30523   0.14797   0.09592  -0.24545   0.34723
   41 H13              S    0.24818  -0.35584   0.06101   0.01377  -0.33990
   42 C14              S   -0.07433   0.02681   0.05211   0.06084  -0.02222
   43 C14              S    0.48591  -0.19396  -0.35616  -0.41801   0.17182
   44 C14              X   -0.04330  -0.12751  -0.18309  -0.04499   0.35423
   45 C14              Y    0.14806   0.23585   0.06144  -0.09174   0.44779
   46 C14              Z    0.00000   0.00000   0.00000   0.00000   0.00000
   47 H15              S   -0.30523  -0.14797   0.09592   0.24545  -0.34723
   48 C16              S    0.01880  -0.00872  -0.04222  -0.00738   0.01842
   49 C16              S   -0.11654   0.06778   0.28701   0.04630  -0.13079
   50 C16              X   -0.01113  -0.45060  -0.27820  -0.18220  -0.05838
   51 C16              Y   -0.36609  -0.17428   0.00044   0.22575  -0.57395
   52 C16              Z    0.00000   0.00000   0.00000   0.00000   0.00000
   53 H17              S   -0.23526  -0.09700  -0.13138   0.21070  -0.35975
   54 H18              S    0.24818   0.35584   0.06101  -0.01377   0.33990
   55 C19              S    0.01208   0.09696   0.00248  -0.03733  -0.00836
   56 C19              S   -0.07918  -0.64987  -0.02202   0.25391   0.07089
   57 C19              X   -0.29248  -0.10246   0.02593  -0.75010  -0.17782
   58 C19              Y    0.38975  -0.05437   0.56524  -0.03295   0.20496
   59 C19              Z    0.00000   0.00000   0.00000   0.00000   0.00000
   60 H20              S   -0.26118   0.30791  -0.44772  -0.07600  -0.13961
   
                             56        57        58        59        60
  eigenvalues-              0.63971   0.68280   0.71725   0.77955   0.79456
  occupations-              0.00000   0.00000   0.00000   0.00000   0.00000
    1 C1               S    0.01517   0.01610  -0.02068  -0.00498  -0.04438
    2 C1               S   -0.09114  -0.10266   0.14579   0.03296   0.33026
    3 C1               X   -0.30862  -0.40494  -0.27915  -0.27073  -0.56860
    4 C1               Y   -0.22780   0.00159   0.38232   0.64914  -0.37214
    5 C1               Z    0.00000   0.00000   0.00000   0.00000   0.00000
    6 C2               S   -0.03184   0.01749  -0.02012  -0.00709   0.05727
    7 C2               S    0.21873  -0.12656   0.15059   0.04812  -0.41801
    8 C2               X   -0.23190   0.43192   0.19109   0.25187   0.52884
    9 C2               Y   -0.25940   0.12241   0.10723   0.54579  -0.35075
   10 C2               Z    0.00000   0.00000   0.00000   0.00000   0.00000
   11 C3               S    0.02717  -0.01918  -0.04640   0.00709  -0.05135
   12 C3               S   -0.19065   0.13826   0.33544  -0.04900   0.37231
   13 C3               X   -0.27929   0.41050  -0.18465   0.58372   0.04724
   14 C3               Y   -0.36259   0.01944   0.14819  -0.05375   0.61342
   15 C3               Z    0.00000   0.00000   0.00000   0.00000   0.00000
   16 C4               S    0.01517   0.01610   0.02068  -0.00498   0.04438
   17 C4               S   -0.09114  -0.10266  -0.14579   0.03296  -0.33026
   18 C4               X    0.30862   0.40494  -0.27915   0.27073  -0.56860
   19 C4               Y    0.22780  -0.00159   0.38232  -0.64914  -0.37214
   20 C4               Z    0.00000   0.00000   0.00000   0.00000   0.00000
   21 C5               S   -0.03184   0.01749   0.02012  -0.00709  -0.05727
   22 C5               S    0.21873  -0.12656  -0.15059   0.04812   0.41801
   23 C5               X    0.23190  -0.43192   0.19109  -0.25187   0.52884
   24 C5               Y    0.25940  -0.12241   0.10723  -0.54579  -0.35075
   25 C5               Z    0.00000   0.00000   0.00000   0.00000   0.00000
   26 H6               S   -0.05849  -0.19144  -0.10581   0.04175  -0.27560
   27 H7               S   -0.20943  -0.04173  -0.01815  -0.00660   0.26963
   28 H8               S   -0.05849  -0.19144   0.10581   0.04175   0.27560
   29 C9               S   -0.04092   0.04174   0.06141  -0.02708   0.01254
   30 C9               S    0.28400  -0.32729  -0.46564   0.21545  -0.07679
   31 C9               X   -0.01299   0.66378   0.63328  -0.44086  -0.33868
   32 C9               Y    0.57769   0.10524  -0.42892   0.30397  -0.13199
   33 C9               Z    0.00000   0.00000   0.00000   0.00000   0.00000
   34 C10              S    0.03114  -0.04916  -0.07104   0.04149   0.01013
   35 C10              S   -0.22588   0.36772   0.53616  -0.32456  -0.08598
   36 C10              X   -0.45191   0.37606   0.63814  -0.38379  -0.07591
   37 C10              Y   -0.33314  -0.48478  -0.19976   0.13988   0.20700
   38 C10              Z    0.00000   0.00000   0.00000   0.00000   0.00000
   39 H11              S    0.28851   0.26168   0.01132  -0.03401  -0.13567
   40 H12              S    0.31754   0.14479  -0.17373   0.15836  -0.04549
   41 H13              S   -0.33199  -0.11571   0.09364  -0.04719   0.06419
   42 C14              S   -0.04092   0.04174  -0.06141  -0.02708  -0.01254
   43 C14              S    0.28400  -0.32729   0.46564   0.21545   0.07679
   44 C14              X    0.01299  -0.66378   0.63328   0.44086  -0.33868
   45 C14              Y   -0.57769  -0.10524  -0.42892  -0.30397  -0.13199
   46 C14              Z    0.00000   0.00000   0.00000   0.00000   0.00000
   47 H15              S    0.31754   0.14479   0.17373   0.15836   0.04549
   48 C16              S    0.03114  -0.04916   0.07104   0.04149  -0.01013
   49 C16              S   -0.22588   0.36772  -0.53616  -0.32456   0.08598
   50 C16              X    0.45191  -0.37606   0.63814   0.38379  -0.07591
   51 C16              Y    0.33314   0.48478  -0.19976  -0.13988   0.20700
   52 C16              Z    0.00000   0.00000   0.00000   0.00000   0.00000
   53 H17              S    0.28851   0.26168  -0.01132  -0.03401   0.13567
   54 H18              S   -0.33199  -0.11571  -0.09364  -0.04719  -0.06419
   55 C19              S    0.02717  -0.01918   0.04640   0.00709   0.05135
   56 C19              S   -0.19065   0.13826  -0.33544  -0.04900  -0.37231
   57 C19              X    0.27929  -0.41050  -0.18465  -0.58372   0.04724
   58 C19              Y    0.36259  -0.01944   0.14819   0.05375   0.61342
   59 C19              Z    0.00000   0.00000   0.00000   0.00000   0.00000
   60 H20              S   -0.20943  -0.04173   0.01815  -0.00660  -0.26963
   
  
  end of program post
   
 Time(post)  user:       0.159  user+sys:       0.159  wallclock:       0.194

 *********************************** NBO 7.0 ***********************************
             N A T U R A L   A T O M I C   O R B I T A L   A N D
          N A T U R A L   B O N D   O R B I T A L   A N A L Y S I S
 *************************** Art Bochevarov (I102105) **************************
  (c) Copyright 1996-2021 Board of Regents of the University of Wisconsin System
      on behalf of the Theoretical Chemistry Institute.  All rights reserved.

          Cite this program [NBO 7.0.10 (8-Feb-2021)] as:

          NBO 7.0.  E. D. Glendening, J. K. Badenhoop, A. E. Reed,
          J. E. Carpenter, J. A. Bohmann, C. M. Morales, P. Karafiloglou,
          C. R. Landis, and F. Weinhold, Theoretical Chemistry Institute,
          University of Wisconsin, Madison, WI (2018)

       /PRINT  / : Print level set to 3

 Job title: dvb_sp_ks_nbo:  Input generated by Jaguar v13.3


 Atom distance matrix: (Angstroms)

     Atom    1       2       3       4       5       6       7       8       9
     ---- ------  ------  ------  ------  ------  ------  ------  ------  ------
   1.  C  0.0000  1.4212  2.4556  2.8712  2.4627  2.1848  3.4470  3.4497  4.3682
   2.  C  1.4212  0.0000  1.4022  2.4627  2.8152  1.0976  2.1671  3.9128  3.8185
   3.  C  2.4556  1.4022  0.0000  1.4224  2.4347  2.1635  1.0987  3.4354  2.5185
   4.  C  2.8712  2.4627  1.4224  0.0000  1.4212  3.4497  2.1787  2.1848  1.4976
   5.  C  2.4627  2.8152  2.4347  1.4212  0.0000  3.9128  3.4312  1.0976  2.5658
   6.  H  2.1848  1.0976  2.1635  3.4497  3.9128  0.0000  2.4838  5.0104  4.6818
   7.  H  3.4470  2.1671  1.0987  2.1787  3.4312  2.4838  0.0000  4.3462  2.7077
   8.  H  3.4497  3.9128  3.4354  2.1848  1.0976  5.0104  4.3462  0.0000  2.7990
   9.  C  4.3682  3.8185  2.5185  1.4976  2.5658  4.6818  2.7077  2.7990  0.0000
  10.  C  5.3020  4.9942  3.7871  2.5397  3.0758  5.9322  4.0519  2.7929  1.3443
  11.  H  5.2653  5.2533  4.2399  2.8421  2.8362  6.2815  4.7346  2.1846  2.1443
  12.  H  4.9050  4.0579  2.6570  2.1948  3.5000  4.7228  2.3770  3.8730  1.1004
  13.  H  6.3524  5.9369  4.6476  3.5283  4.1707  6.8111  4.7138  3.8522  2.1300
  14.  C  1.4976  2.5658  3.8458  4.3682  3.8185  2.7990  4.7304  4.6818  5.8655
  15.  H  2.1948  3.5000  4.6503  4.9050  4.0579  3.8730  5.6223  4.7228  6.3832
  16.  C  2.5397  3.0758  4.4753  5.3020  4.9942  2.7929  5.1506  5.9322  6.7701
  17.  H  2.8421  2.8362  4.1991  5.2653  5.2533  2.1846  4.6657  6.2815  6.6545
  18.  H  3.5283  4.1707  5.5687  6.3524  5.9369  3.8522  6.2423  6.8111  7.8323
  19.  C  1.4224  2.4347  2.8040  2.4556  1.4022  3.4354  3.9027  2.1635  3.8458
  20.  H  2.1787  3.4312  3.9027  3.4470  2.1671  4.3462  5.0014  2.4838  4.7304

     Atom   10      11      12      13      14      15      16      17      18
     ---- ------  ------  ------  ------  ------  ------  ------  ------  ------
   1.  C  5.3020  5.2653  4.9050  6.3524  1.4976  2.1948  2.5397  2.8421  3.5283
   2.  C  4.9942  5.2533  4.0579  5.9369  2.5658  3.5000  3.0758  2.8362  4.1707
   3.  C  3.7871  4.2399  2.6570  4.6476  3.8458  4.6503  4.4753  4.1991  5.5687
   4.  C  2.5397  2.8421  2.1948  3.5283  4.3682  4.9050  5.3020  5.2653  6.3524
   5.  C  3.0758  2.8362  3.5000  4.1707  3.8185  4.0579  4.9942  5.2533  5.9369
   6.  H  5.9322  6.2815  4.7228  6.8111  2.7990  3.8730  2.7929  2.1846  3.8522
   7.  H  4.0519  4.7346  2.3770  4.7138  4.7304  5.6223  5.1506  4.6657  6.2423
   8.  H  2.7929  2.1846  3.8730  3.8522  4.6818  4.7228  5.9322  6.2815  6.8111
   9.  C  1.3443  2.1443  1.1004  2.1300  5.8655  6.3832  6.7701  6.6545  7.8323
  10.  C  0.0000  1.0960  2.1097  1.0962  6.7701  7.1234  7.8025  7.8049  8.8271
  11.  H  1.0960  0.0000  3.1063  1.8604  6.6545  6.8398  7.8049  7.9597  8.7691
  12.  H  2.1097  3.1063  0.0000  2.4458  6.3832  7.0362  7.1234  6.8398  8.2129
  13.  H  1.0962  1.8604  2.4458  0.0000  7.8323  8.2129  8.8271  8.7691  9.8670
  14.  C  6.7701  6.6545  6.3832  7.8323  0.0000  1.1004  1.3443  2.1443  2.1300
  15.  H  7.1234  6.8398  7.0362  8.2129  1.1004  0.0000  2.1097  3.1063  2.4458
  16.  C  7.8025  7.8049  7.1234  8.8271  1.3443  2.1097  0.0000  1.0960  1.0962
  17.  H  7.8049  7.9597  6.8398  8.7691  2.1443  3.1063  1.0960  0.0000  1.8604
  18.  H  8.8271  8.7691  8.2129  9.8670  2.1300  2.4458  1.0962  1.8604  0.0000
  19.  C  4.4753  4.1991  4.6503  5.5687  2.5185  2.6570  3.7871  4.2399  4.6476
  20.  H  5.1506  4.6657  5.6223  6.2423  2.7077  2.3770  4.0519  4.7346  4.7138

     Atom   19      20
     ---- ------  ------
   1.  C  1.4224  2.1787
   2.  C  2.4347  3.4312
   3.  C  2.8040  3.9027
   4.  C  2.4556  3.4470
   5.  C  1.4022  2.1671
   6.  H  3.4354  4.3462
   7.  H  3.9027  5.0014
   8.  H  2.1635  2.4838
   9.  C  3.8458  4.7304
  10.  C  4.4753  5.1506
  11.  H  4.1991  4.6657
  12.  H  4.6503  5.6223
  13.  H  5.5687  6.2423
  14.  C  2.5185  2.7077
  15.  H  2.6570  2.3770
  16.  C  3.7871  4.0519
  17.  H  4.2399  4.7346
  18.  H  4.6476  4.7138
  19.  C  0.0000  1.0987
  20.  H  1.0987  0.0000


 NATURAL POPULATIONS:  Natural atomic orbital occupancies

  NAO Atom No lang   Type(AO)    Occupancy      Energy
 -------------------------------------------------------
   1    C  1  s      Cor( 1s)     2.00000     -10.00576
   2    C  1  s      Val( 2s)     1.10018      -0.16602
   3    C  1  px     Val( 2p)     0.94685       0.09428
   4    C  1  py     Val( 2p)     0.95536       0.10322
   5    C  1  pz     Val( 2p)     0.99244      -0.03934

   6    C  2  s      Cor( 1s)     2.00000      -9.99105
   7    C  2  s      Val( 2s)     1.10370      -0.16027
   8    C  2  px     Val( 2p)     0.98121       0.08817
   9    C  2  py     Val( 2p)     0.96793       0.09431
  10    C  2  pz     Val( 2p)     1.00155      -0.04600

  11    C  3  s      Cor( 1s)     2.00000      -9.99077
  12    C  3  s      Val( 2s)     1.10644      -0.16169
  13    C  3  px     Val( 2p)     0.96244       0.10026
  14    C  3  py     Val( 2p)     0.98326       0.08125
  15    C  3  pz     Val( 2p)     1.00157      -0.04636

  16    C  4  s      Cor( 1s)     2.00000     -10.00576
  17    C  4  s      Val( 2s)     1.10018      -0.16602
  18    C  4  px     Val( 2p)     0.94685       0.09428
  19    C  4  py     Val( 2p)     0.95536       0.10322
  20    C  4  pz     Val( 2p)     0.99244      -0.03934

  21    C  5  s      Cor( 1s)     2.00000      -9.99105
  22    C  5  s      Val( 2s)     1.10370      -0.16027
  23    C  5  px     Val( 2p)     0.98121       0.08817
  24    C  5  py     Val( 2p)     0.96793       0.09431
  25    C  5  pz     Val( 2p)     1.00155      -0.04600

  26    H  6  s      Val( 1s)     0.94716       0.02791

  27    H  7  s      Val( 1s)     0.94873       0.02508

  28    H  8  s      Val( 1s)     0.94716       0.02791

  29    C  9  s      Cor( 1s)     2.00000      -9.99294
  30    C  9  s      Val( 2s)     1.10802      -0.16093
  31    C  9  px     Val( 2p)     0.95955       0.10858
  32    C  9  py     Val( 2p)     0.98369       0.07452
  33    C  9  pz     Val( 2p)     0.99787      -0.04494

  34    C 10  s      Cor( 1s)     2.00000      -9.97592
  35    C 10  s      Val( 2s)     1.11219      -0.15857
  36    C 10  px     Val( 2p)     0.98917       0.09326
  37    C 10  py     Val( 2p)     0.99829       0.07526
  38    C 10  pz     Val( 2p)     1.00657      -0.05113

  39    H 11  s      Val( 1s)     0.94950       0.02895

  40    H 12  s      Val( 1s)     0.94992       0.02627

  41    H 13  s      Val( 1s)     0.94643       0.02756

  42    C 14  s      Cor( 1s)     2.00000      -9.99294
  43    C 14  s      Val( 2s)     1.10802      -0.16093
  44    C 14  px     Val( 2p)     0.95955       0.10858
  45    C 14  py     Val( 2p)     0.98369       0.07452
  46    C 14  pz     Val( 2p)     0.99787      -0.04494

  47    H 15  s      Val( 1s)     0.94992       0.02627

  48    C 16  s      Cor( 1s)     2.00000      -9.97592
  49    C 16  s      Val( 2s)     1.11219      -0.15857
  50    C 16  px     Val( 2p)     0.98917       0.09326
  51    C 16  py     Val( 2p)     0.99829       0.07526
  52    C 16  pz     Val( 2p)     1.00657      -0.05113

  53    H 17  s      Val( 1s)     0.94950       0.02895

  54    H 18  s      Val( 1s)     0.94643       0.02756

  55    C 19  s      Cor( 1s)     2.00000      -9.99077
  56    C 19  s      Val( 2s)     1.10644      -0.16169
  57    C 19  px     Val( 2p)     0.96244       0.10026
  58    C 19  py     Val( 2p)     0.98326       0.08125
  59    C 19  pz     Val( 2p)     1.00157      -0.04636

  60    H 20  s      Val( 1s)     0.94873       0.02508


 Summary of Natural Population Analysis:

                                     Natural Population
             Natural    ---------------------------------------------
  Atom No    Charge        Core      Valence    Rydberg      Total
 --------------------------------------------------------------------
    C  1    0.00518      2.00000     3.99482    0.00000     5.99482
    C  2   -0.05439      2.00000     4.05440    0.00000     6.05439
    C  3   -0.05371      2.00000     4.05372    0.00000     6.05371
    C  4    0.00518      2.00000     3.99482    0.00000     5.99482
    C  5   -0.05439      2.00000     4.05440    0.00000     6.05439
    H  6    0.05284      0.00000     0.94716    0.00000     0.94716
    H  7    0.05127      0.00000     0.94873    0.00000     0.94873
    H  8    0.05284      0.00000     0.94716    0.00000     0.94716
    C  9   -0.04912      2.00000     4.04913    0.00000     6.04912
    C 10   -0.10622      2.00000     4.10622    0.00000     6.10622
    H 11    0.05050      0.00000     0.94950    0.00000     0.94950
    H 12    0.05008      0.00000     0.94992    0.00000     0.94992
    H 13    0.05357      0.00000     0.94643    0.00000     0.94643
    C 14   -0.04912      2.00000     4.04913    0.00000     6.04912
    H 15    0.05008      0.00000     0.94992    0.00000     0.94992
    C 16   -0.10622      2.00000     4.10622    0.00000     6.10622
    H 17    0.05050      0.00000     0.94950    0.00000     0.94950
    H 18    0.05357      0.00000     0.94643    0.00000     0.94643
    C 19   -0.05371      2.00000     4.05372    0.00000     6.05371
    H 20    0.05127      0.00000     0.94873    0.00000     0.94873
 ====================================================================
 * Total *  0.00000     19.99997    50.00003    0.00000    70.00000

                                 Natural Population
 ---------------------------------------------------------
   Core                      19.99997 ( 99.9999% of   20)
   Valence                   50.00003 (100.0001% of   50)
   Natural Minimal Basis     70.00000 (100.0000% of   70)
   Natural Rydberg Basis      0.00000 (  0.0000% of   70)
 ---------------------------------------------------------

    Atom No         Natural Electron Configuration
 ----------------------------------------------------------------------------
      C  1      [core]2s( 1.10)2p( 2.89)
      C  2      [core]2s( 1.10)2p( 2.95)
      C  3      [core]2s( 1.11)2p( 2.95)
      C  4      [core]2s( 1.10)2p( 2.89)
      C  5      [core]2s( 1.10)2p( 2.95)
      H  6            1s( 0.95)
      H  7            1s( 0.95)
      H  8            1s( 0.95)
      C  9      [core]2s( 1.11)2p( 2.94)
      C 10      [core]2s( 1.11)2p( 2.99)
      H 11            1s( 0.95)
      H 12            1s( 0.95)
      H 13            1s( 0.95)
      C 14      [core]2s( 1.11)2p( 2.94)
      H 15            1s( 0.95)
      C 16      [core]2s( 1.11)2p( 2.99)
      H 17            1s( 0.95)
      H 18            1s( 0.95)
      C 19      [core]2s( 1.11)2p( 2.95)
      H 20            1s( 0.95)


 Wiberg bond index matrix in the NAO basis:

     Atom    1       2       3       4       5       6       7       8       9
     ---- ------  ------  ------  ------  ------  ------  ------  ------  ------
   1.  C  0.0000  1.3720  0.0018  0.0991  0.0018  0.0022  0.0072  0.0072  0.0003
   2.  C  1.3720  0.0000  1.4719  0.0018  0.1023  0.9674  0.0018  0.0002  0.0077
   3.  C  0.0018  1.4719  0.0000  1.3694  0.0022  0.0017  0.9695  0.0070  0.0040
   4.  C  0.0991  0.0018  1.3694  0.0000  1.3720  0.0072  0.0023  0.0022  1.0748
   5.  C  0.0018  0.1023  0.0022  1.3720  0.0000  0.0002  0.0068  0.9674  0.0032
   6.  H  0.0022  0.9674  0.0017  0.0072  0.0002  0.0000  0.0028  0.0001  0.0008
   7.  H  0.0072  0.0018  0.9695  0.0023  0.0068  0.0028  0.0000  0.0010  0.0028
   8.  H  0.0072  0.0002  0.0070  0.0022  0.9674  0.0001  0.0010  0.0000  0.0031
   9.  C  0.0003  0.0077  0.0040  1.0748  0.0032  0.0008  0.0028  0.0031  0.0000
  10.  C  0.0260  0.0007  0.0450  0.0023  0.0407  0.0001  0.0001  0.0004  1.9071
  11.  H  0.0000  0.0000  0.0001  0.0046  0.0004  0.0000  0.0000  0.0029  0.0014
  12.  H  0.0000  0.0001  0.0021  0.0031  0.0059  0.0000  0.0015  0.0001  0.9674
  13.  H  0.0000  0.0002  0.0007  0.0104  0.0004  0.0001  0.0001  0.0001  0.0012
  14.  C  1.0748  0.0032  0.0090  0.0003  0.0077  0.0031  0.0008  0.0008  0.0005
  15.  H  0.0031  0.0059  0.0006  0.0000  0.0001  0.0001  0.0003  0.0000  0.0000
  16.  C  0.0023  0.0407  0.0003  0.0260  0.0007  0.0004  0.0000  0.0001  0.0000
  17.  H  0.0046  0.0004  0.0001  0.0000  0.0000  0.0029  0.0000  0.0000  0.0000
  18.  H  0.0104  0.0004  0.0000  0.0000  0.0002  0.0001  0.0000  0.0001  0.0000
  19.  C  1.3694  0.0022  0.0993  0.0018  1.4719  0.0070  0.0002  0.0017  0.0090
  20.  H  0.0023  0.0068  0.0002  0.0072  0.0018  0.0010  0.0001  0.0028  0.0008

     Atom   10      11      12      13      14      15      16      17      18
     ---- ------  ------  ------  ------  ------  ------  ------  ------  ------
   1.  C  0.0260  0.0000  0.0000  0.0000  1.0748  0.0031  0.0023  0.0046  0.0104
   2.  C  0.0007  0.0000  0.0001  0.0002  0.0032  0.0059  0.0407  0.0004  0.0004
   3.  C  0.0450  0.0001  0.0021  0.0007  0.0090  0.0006  0.0003  0.0001  0.0000
   4.  C  0.0023  0.0046  0.0031  0.0104  0.0003  0.0000  0.0260  0.0000  0.0000
   5.  C  0.0407  0.0004  0.0059  0.0004  0.0077  0.0001  0.0007  0.0000  0.0002
   6.  H  0.0001  0.0000  0.0000  0.0001  0.0031  0.0001  0.0004  0.0029  0.0001
   7.  H  0.0001  0.0000  0.0015  0.0001  0.0008  0.0003  0.0000  0.0000  0.0000
   8.  H  0.0004  0.0029  0.0001  0.0001  0.0008  0.0000  0.0001  0.0000  0.0001
   9.  C  1.9071  0.0014  0.9674  0.0012  0.0005  0.0000  0.0000  0.0000  0.0000
  10.  C  0.0000  0.9741  0.0011  0.9775  0.0000  0.0000  0.0090  0.0000  0.0000
  11.  H  0.9741  0.0000  0.0113  0.0024  0.0000  0.0000  0.0000  0.0000  0.0000
  12.  H  0.0011  0.0113  0.0000  0.0041  0.0000  0.0000  0.0000  0.0000  0.0000
  13.  H  0.9775  0.0024  0.0041  0.0000  0.0000  0.0000  0.0000  0.0000  0.0000
  14.  C  0.0000  0.0000  0.0000  0.0000  0.0000  0.9674  1.9071  0.0014  0.0012
  15.  H  0.0000  0.0000  0.0000  0.0000  0.9674  0.0000  0.0011  0.0113  0.0041
  16.  C  0.0090  0.0000  0.0000  0.0000  1.9071  0.0011  0.0000  0.9741  0.9775
  17.  H  0.0000  0.0000  0.0000  0.0000  0.0014  0.0113  0.9741  0.0000  0.0024
  18.  H  0.0000  0.0000  0.0000  0.0000  0.0012  0.0041  0.9775  0.0024  0.0000
  19.  C  0.0003  0.0001  0.0006  0.0000  0.0040  0.0021  0.0450  0.0001  0.0007
  20.  H  0.0000  0.0000  0.0003  0.0000  0.0028  0.0015  0.0001  0.0000  0.0001

     Atom   19      20
     ---- ------  ------
   1.  C  1.3694  0.0023
   2.  C  0.0022  0.0068
   3.  C  0.0993  0.0002
   4.  C  0.0018  0.0072
   5.  C  1.4719  0.0018
   6.  H  0.0070  0.0010
   7.  H  0.0002  0.0001
   8.  H  0.0017  0.0028
   9.  C  0.0090  0.0008
  10.  C  0.0003  0.0000
  11.  H  0.0001  0.0000
  12.  H  0.0006  0.0003
  13.  H  0.0000  0.0000
  14.  C  0.0040  0.0028
  15.  H  0.0021  0.0015
  16.  C  0.0450  0.0001
  17.  H  0.0001  0.0000
  18.  H  0.0007  0.0001
  19.  C  0.0000  0.9695
  20.  H  0.9695  0.0000


 Wiberg bond index, Totals by atom:

     Atom    1
     ---- ------
   1.  C  3.9846
   2.  C  3.9857
   3.  C  3.9850
   4.  C  3.9846
   5.  C  3.9857
   6.  H  0.9972
   7.  H  0.9974
   8.  H  0.9972
   9.  C  3.9839
  10.  C  3.9844
  11.  H  0.9974
  12.  H  0.9975
  13.  H  0.9971
  14.  C  3.9839
  15.  H  0.9975
  16.  C  3.9844
  17.  H  0.9974
  18.  H  0.9971
  19.  C  3.9850
  20.  H  0.9974


 NBI: Natural Binding Index (NCU strength parameters)

     Atom    1       2       3       4       5       6       7       8       9
     ---- ------  ------  ------  ------  ------  ------  ------  ------  ------
   1.  C  0.0000  1.1713  0.0429  0.3148  0.0425  0.0466  0.0851  0.0850  0.0160
   2.  C  1.1713  0.0000  1.2132  0.0425  0.3199  0.9836  0.0422  0.0149  0.0880
   3.  C  0.0429  1.2132  0.0000  1.1702  0.0468  0.0413  0.9846  0.0834  0.0630
   4.  C  0.3148  0.0425  1.1702  0.0000  1.1713  0.0850  0.0479  0.0466  1.0367
   5.  C  0.0425  0.3199  0.0468  1.1713  0.0000  0.0149  0.0826  0.9836  0.0562
   6.  H  0.0466  0.9836  0.0413  0.0850  0.0149  0.0000  0.0527  0.0097  0.0280
   7.  H  0.0851  0.0422  0.9846  0.0479  0.0826  0.0527  0.0000  0.0317  0.0530
   8.  H  0.0850  0.0149  0.0834  0.0466  0.9836  0.0097  0.0317  0.0000  0.0552
   9.  C  0.0160  0.0880  0.0630  1.0367  0.0562  0.0280  0.0530  0.0552  0.0000
  10.  C  0.1612  0.0256  0.2121  0.0481  0.2017  0.0121  0.0095  0.0209  1.3810
  11.  H  0.0026  0.0044  0.0120  0.0678  0.0194  0.0041  0.0041  0.0540  0.0379
  12.  H  0.0065  0.0082  0.0455  0.0556  0.0767  0.0061  0.0386  0.0100  0.9836
  13.  H  0.0056  0.0145  0.0258  0.1022  0.0195  0.0080  0.0079  0.0102  0.0340
  14.  C  1.0367  0.0562  0.0947  0.0160  0.0880  0.0552  0.0287  0.0280  0.0215
  15.  H  0.0556  0.0767  0.0247  0.0065  0.0082  0.0100  0.0161  0.0061  0.0012
  16.  C  0.0481  0.2017  0.0176  0.1612  0.0256  0.0209  0.0049  0.0121  0.0050
  17.  H  0.0678  0.0194  0.0105  0.0026  0.0044  0.0540  0.0039  0.0041  0.0008
  18.  H  0.1022  0.0195  0.0026  0.0056  0.0145  0.0102  0.0043  0.0080  0.0009
  19.  C  1.1702  0.0468  0.3152  0.0429  1.2132  0.0834  0.0157  0.0413  0.0947
  20.  H  0.0479  0.0826  0.0157  0.0851  0.0422  0.0317  0.0090  0.0527  0.0287

     Atom   10      11      12      13      14      15      16      17      18
     ---- ------  ------  ------  ------  ------  ------  ------  ------  ------
   1.  C  0.1612  0.0026  0.0065  0.0056  1.0367  0.0556  0.0481  0.0678  0.1022
   2.  C  0.0256  0.0044  0.0082  0.0145  0.0562  0.0767  0.2017  0.0194  0.0195
   3.  C  0.2121  0.0120  0.0455  0.0258  0.0947  0.0247  0.0176  0.0105  0.0026
   4.  C  0.0481  0.0678  0.0556  0.1022  0.0160  0.0065  0.1612  0.0026  0.0056
   5.  C  0.2017  0.0194  0.0767  0.0195  0.0880  0.0082  0.0256  0.0044  0.0145
   6.  H  0.0121  0.0041  0.0061  0.0080  0.0552  0.0100  0.0209  0.0540  0.0102
   7.  H  0.0095  0.0041  0.0386  0.0079  0.0287  0.0161  0.0049  0.0039  0.0043
   8.  H  0.0209  0.0540  0.0100  0.0102  0.0280  0.0061  0.0121  0.0041  0.0080
   9.  C  1.3810  0.0379  0.9836  0.0340  0.0215  0.0012  0.0050  0.0008  0.0009
  10.  C  0.0000  0.9870  0.0325  0.9887  0.0050  0.0007  0.0948  0.0006  0.0011
  11.  H  0.9870  0.0000  0.1064  0.0488  0.0008  0.0002  0.0006  0.0001  0.0001
  12.  H  0.0325  0.1064  0.0000  0.0637  0.0012  0.0007  0.0007  0.0002  0.0002
  13.  H  0.9887  0.0488  0.0637  0.0000  0.0009  0.0002  0.0011  0.0001  0.0008
  14.  C  0.0050  0.0008  0.0012  0.0009  0.0000  0.9836  1.3810  0.0379  0.0340
  15.  H  0.0007  0.0002  0.0007  0.0002  0.9836  0.0000  0.0325  0.1064  0.0637
  16.  C  0.0948  0.0006  0.0007  0.0011  1.3810  0.0325  0.0000  0.9870  0.9887
  17.  H  0.0006  0.0001  0.0002  0.0001  0.0379  0.1064  0.9870  0.0000  0.0488
  18.  H  0.0011  0.0001  0.0002  0.0008  0.0340  0.0637  0.9887  0.0488  0.0000
  19.  C  0.0176  0.0105  0.0247  0.0026  0.0630  0.0455  0.2121  0.0120  0.0258
  20.  H  0.0049  0.0039  0.0161  0.0043  0.0530  0.0386  0.0095  0.0041  0.0079

     Atom   19      20
     ---- ------  ------
   1.  C  1.1702  0.0479
   2.  C  0.0468  0.0826
   3.  C  0.3152  0.0157
   4.  C  0.0429  0.0851
   5.  C  1.2132  0.0422
   6.  H  0.0834  0.0317
   7.  H  0.0157  0.0090
   8.  H  0.0413  0.0527
   9.  C  0.0947  0.0287
  10.  C  0.0176  0.0049
  11.  H  0.0105  0.0039
  12.  H  0.0247  0.0161
  13.  H  0.0026  0.0043
  14.  C  0.0630  0.0530
  15.  H  0.0455  0.0386
  16.  C  0.2121  0.0095
  17.  H  0.0120  0.0041
  18.  H  0.0258  0.0079
  19.  C  0.0000  0.9846
  20.  H  0.9846  0.0000


 NATURAL BOND ORBITAL ANALYSIS:

                            Occupancies       Lewis Structure    Low   High
         Max    Occ     -------------------  -----------------   occ   occ
  Cycle  Ctr   Thresh    Lewis   non-Lewis     CR  BD  nC  LP    (L)   (NL)
 ============================================================================
    1     2     1.90    66.60397   3.39603     10  22   0   3     3      3
    2     2     1.69    67.97550   2.02450     10  24   0   1     1      3
    3     2     1.61    68.52828   1.47172     10  25   0   0     0      3
 ----------------------------------------------------------------------------

 Structure accepted: No low occupancy Lewis orbitals

 -------------------------------------------------------
   Core                     19.99997 (100.000% of  20)
   Valence Lewis            48.52831 ( 97.057% of  50)
  ==================      =============================
   Total Lewis              68.52828 ( 97.898% of  70)
  -----------------------------------------------------
   Valence non-Lewis         1.47172 (  2.102% of  70)
   Rydberg non-Lewis         0.00000 (  0.000% of  70)
  ==================      =============================
   Total non-Lewis           1.47172 (  2.102% of  70)
 -------------------------------------------------------


     (Occupancy)   Bond orbital / Coefficients / Hybrids
 ------------------ Lewis ------------------------------------------------------
   1. (2.00000) CR ( 1) C  1            s(100.00%)
                                         1.0000  0.0000  0.0000  0.0000  0.0000
   2. (2.00000) CR ( 1) C  2            s(100.00%)
                                         1.0000  0.0000  0.0000  0.0000  0.0000
   3. (2.00000) CR ( 1) C  3            s(100.00%)
                                         1.0000  0.0000  0.0000  0.0000  0.0000
   4. (2.00000) CR ( 1) C  4            s(100.00%)
                                         1.0000  0.0000  0.0000  0.0000  0.0000
   5. (2.00000) CR ( 1) C  5            s(100.00%)
                                         1.0000  0.0000  0.0000  0.0000  0.0000
   6. (2.00000) CR ( 1) C  9            s(100.00%)
                                         1.0000  0.0000  0.0000  0.0000  0.0000
   7. (2.00000) CR ( 1) C 10            s(100.00%)
                                         1.0000  0.0000  0.0000  0.0000  0.0000
   8. (2.00000) CR ( 1) C 14            s(100.00%)
                                         1.0000  0.0000  0.0000  0.0000  0.0000
   9. (2.00000) CR ( 1) C 16            s(100.00%)
                                         1.0000  0.0000  0.0000  0.0000  0.0000
  10. (2.00000) CR ( 1) C 19            s(100.00%)
                                         1.0000  0.0000  0.0000  0.0000  0.0000
  11. (1.98252) BD ( 1) C  1- C  2
               ( 50.01%)   0.7072* C  1 s( 34.25%)p 1.92( 65.75%)
                                         0.0000  0.5852 -0.0132 -0.8108  0.0000
               ( 49.99%)   0.7070* C  2 s( 33.87%)p 1.95( 66.13%)
                                         0.0000  0.5820  0.0498  0.8117  0.0000
  12. (1.97806) BD ( 1) C  1- C 14
               ( 50.09%)   0.7078* C  1 s( 32.21%)p 2.10( 67.79%)
                                         0.0000  0.5676  0.7208  0.3979 -0.0000
               ( 49.91%)   0.7065* C 14 s( 31.85%)p 2.14( 68.15%)
                                         0.0000  0.5643 -0.6948 -0.4459 -0.0000
  13. (1.98201) BD ( 1) C  1- C 19
               ( 49.91%)   0.7065* C  1 s( 33.54%)p 1.98( 66.46%)
                                         0.0000  0.5791 -0.6931  0.4293  0.0000
               ( 50.09%)   0.7077* C 19 s( 33.89%)p 1.95( 66.11%)
                                         0.0000  0.5821  0.7004 -0.4130  0.0000
  14. (1.61797) BD ( 2) C  1- C 19
               ( 49.63%)   0.7045* C  1 s(  0.00%)p 1.00(100.00%)
                                         0.0000 -0.0000 -0.0000 -0.0000  1.0000
               ( 50.37%)   0.7097* C 19 s(  0.00%)p 1.00(100.00%)
                                        -0.0000 -0.0000  0.0000 -0.0000  1.0000
  15. (1.98647) BD ( 1) C  2- C  3
               ( 50.01%)   0.7072* C  2 s( 34.63%)p 1.89( 65.37%)
                                        -0.0000  0.5885 -0.7147 -0.3781 -0.0000
               ( 49.99%)   0.7070* C  3 s( 34.67%)p 1.88( 65.33%)
                                         0.0000  0.5888  0.7134  0.3800 -0.0000
  16. (1.69189) BD ( 2) C  2- C  3
               ( 50.00%)   0.7071* C  2 s(  0.00%)p 1.00(100.00%)
                                         0.0000  0.0000 -0.0000  0.0000  1.0000
               ( 50.00%)   0.7071* C  3 s(  0.00%)p 1.00(100.00%)
                                         0.0000  0.0000  0.0000  0.0000  1.0000
  17. (1.98494) BD ( 1) C  2- H  6
               ( 52.68%)   0.7258* C  2 s( 31.50%)p 2.17( 68.50%)
                                        -0.0000  0.5612  0.6977 -0.4452  0.0000
               ( 47.32%)   0.6879* H  6 s(100.00%)
                                         1.0000
  18. (1.98201) BD ( 1) C  3- C  4
               ( 50.09%)   0.7077* C  3 s( 33.89%)p 1.95( 66.11%)
                                        -0.0000  0.5821 -0.7004  0.4130  0.0000
               ( 49.91%)   0.7065* C  4 s( 33.54%)p 1.98( 66.46%)
                                         0.0000  0.5791  0.6931 -0.4293  0.0000
  19. (1.98597) BD ( 1) C  3- H  7
               ( 52.60%)   0.7253* C  3 s( 31.44%)p 2.18( 68.56%)
                                        -0.0000  0.5607 -0.0220 -0.8277  0.0000
               ( 47.40%)   0.6885* H  7 s(100.00%)
                                         1.0000
  20. (1.98252) BD ( 1) C  4- C  5
               ( 50.01%)   0.7072* C  4 s( 34.25%)p 1.92( 65.75%)
                                        -0.0000  0.5852  0.0132  0.8108  0.0000
               ( 49.99%)   0.7070* C  5 s( 33.87%)p 1.95( 66.13%)
                                         0.0000  0.5820 -0.0498 -0.8117  0.0000
  21. (1.61914) BD ( 2) C  4- C  5
               ( 49.63%)   0.7045* C  4 s(  0.00%)p 1.00(100.00%)
                                         0.0000 -0.0000  0.0000 -0.0000  1.0000
               ( 50.37%)   0.7097* C  5 s(  0.00%)p 1.00(100.00%)
                                        -0.0000 -0.0000 -0.0000  0.0000  1.0000
  22. (1.97806) BD ( 1) C  4- C  9
               ( 50.09%)   0.7078* C  4 s( 32.21%)p 2.10( 67.79%)
                                        -0.0000  0.5676 -0.7208 -0.3979 -0.0000
               ( 49.91%)   0.7065* C  9 s( 31.85%)p 2.14( 68.15%)
                                        -0.0000  0.5643  0.6948  0.4459 -0.0000
  23. (1.98494) BD ( 1) C  5- H  8
               ( 52.68%)   0.7258* C  5 s( 31.50%)p 2.17( 68.50%)
                                        -0.0000  0.5612 -0.6977  0.4452  0.0000
               ( 47.32%)   0.6879* H  8 s(100.00%)
                                         1.0000
  24. (1.98647) BD ( 1) C  5- C 19
               ( 50.01%)   0.7072* C  5 s( 34.63%)p 1.89( 65.37%)
                                        -0.0000  0.5885  0.7147  0.3781 -0.0000
               ( 49.99%)   0.7070* C 19 s( 34.67%)p 1.88( 65.33%)
                                        -0.0000  0.5888 -0.7134 -0.3800 -0.0000
  25. (1.99439) BD ( 1) C  9- C 10
               ( 50.14%)   0.7081* C  9 s( 37.67%)p 1.65( 62.33%)
                                         0.0000  0.6137 -0.7143  0.3363 -0.0000
               ( 49.86%)   0.7061* C 10 s( 37.10%)p 1.70( 62.90%)
                                         0.0000  0.6091  0.7328 -0.3034 -0.0000
  26. (1.94398) BD ( 2) C  9- C 10
               ( 49.77%)   0.7055* C  9 s(  0.00%)p 1.00(100.00%)
                                         0.0000  0.0000 -0.0000  0.0000  1.0000
               ( 50.23%)   0.7087* C 10 s(  0.00%)p 1.00(100.00%)
                                         0.0000  0.0000  0.0000 -0.0000  1.0000
  27. (1.98388) BD ( 1) C  9- H 12
               ( 52.50%)   0.7245* C  9 s( 30.49%)p 2.28( 69.51%)
                                         0.0000  0.5522  0.0839 -0.8295 -0.0000
               ( 47.50%)   0.6892* H 12 s(100.00%)
                                         1.0000
  28. (1.98851) BD ( 1) C 10- H 11
               ( 52.57%)   0.7250* C 10 s( 31.38%)p 2.19( 68.62%)
                                        -0.0000  0.5602 -0.1267  0.8186 -0.0000
               ( 47.43%)   0.6887* H 11 s(100.00%)
                                         1.0000
  29. (1.98891) BD ( 1) C 10- H 13
               ( 52.65%)   0.7256* C 10 s( 31.52%)p 2.17( 68.48%)
                                        -0.0000  0.5614 -0.6686 -0.4876  0.0000
               ( 47.35%)   0.6881* H 13 s(100.00%)
                                         1.0000
  30. (1.98388) BD ( 1) C 14- H 15
               ( 52.50%)   0.7245* C 14 s( 30.49%)p 2.28( 69.51%)
                                        -0.0000  0.5522 -0.0839  0.8295  0.0000
               ( 47.50%)   0.6892* H 15 s(100.00%)
                                         1.0000
  31. (1.99439) BD ( 1) C 14- C 16
               ( 50.14%)   0.7081* C 14 s( 37.67%)p 1.65( 62.33%)
                                        -0.0000  0.6137  0.7143 -0.3363  0.0000
               ( 49.86%)   0.7061* C 16 s( 37.10%)p 1.70( 62.90%)
                                         0.0000  0.6091 -0.7328  0.3034  0.0000
  32. (1.94398) BD ( 2) C 14- C 16
               ( 49.77%)   0.7055* C 14 s(  0.00%)p 1.00(100.00%)
                                         0.0000 -0.0000 -0.0000  0.0000  1.0000
               ( 50.23%)   0.7087* C 16 s(  0.00%)p 1.00(100.00%)
                                        -0.0000 -0.0000  0.0000 -0.0000  1.0000
  33. (1.98851) BD ( 1) C 16- H 17
               ( 52.57%)   0.7250* C 16 s( 31.38%)p 2.19( 68.62%)
                                        -0.0000  0.5602  0.1267 -0.8186 -0.0000
               ( 47.43%)   0.6887* H 17 s(100.00%)
                                         1.0000
  34. (1.98891) BD ( 1) C 16- H 18
               ( 52.65%)   0.7256* C 16 s( 31.52%)p 2.17( 68.48%)
                                        -0.0000  0.5614  0.6686  0.4876 -0.0000
               ( 47.35%)   0.6881* H 18 s(100.00%)
                                         1.0000
  35. (1.98597) BD ( 1) C 19- H 20
               ( 52.60%)   0.7253* C 19 s( 31.44%)p 2.18( 68.56%)
                                        -0.0000  0.5607  0.0220  0.8277 -0.0000
               ( 47.40%)   0.6885* H 20 s(100.00%)
                                         1.0000
 ---------------- non-Lewis ----------------------------------------------------
  36. (0.01822) BD*( 1) C  1- C  2
               ( 49.99%)   0.7070* C  1 s( 34.25%)p 1.92( 65.75%)
                                         0.0000  0.5852 -0.0132 -0.8108  0.0000
               ( 50.01%)  -0.7072* C  2 s( 33.87%)p 1.95( 66.13%)
                                         0.0000  0.5820  0.0498  0.8117  0.0000
  37. (0.02568) BD*( 1) C  1- C 14
               ( 49.91%)   0.7065* C  1 s( 32.21%)p 2.10( 67.79%)
                                         0.0000  0.5676  0.7208  0.3979 -0.0000
               ( 50.09%)  -0.7078* C 14 s( 31.85%)p 2.14( 68.15%)
                                         0.0000  0.5643 -0.6948 -0.4459 -0.0000
  38. (0.01762) BD*( 1) C  1- C 19
               ( 50.09%)   0.7077* C  1 s( 33.54%)p 1.98( 66.46%)
                                         0.0000 -0.5791  0.6931 -0.4293 -0.0000
               ( 49.91%)  -0.7065* C 19 s( 33.89%)p 1.95( 66.11%)
                                        -0.0000 -0.5821 -0.7004  0.4130 -0.0000
  39. (0.37604) BD*( 2) C  1- C 19
               ( 50.37%)   0.7097* C  1 s(  0.00%)p 1.00(100.00%)
                                         0.0000 -0.0000 -0.0000 -0.0000  1.0000
               ( 49.63%)  -0.7045* C 19 s(  0.00%)p 1.00(100.00%)
                                        -0.0000 -0.0000  0.0000 -0.0000  1.0000
  40. (0.01278) BD*( 1) C  2- C  3
               ( 49.99%)   0.7070* C  2 s( 34.63%)p 1.89( 65.37%)
                                         0.0000 -0.5885  0.7147  0.3781  0.0000
               ( 50.01%)  -0.7072* C  3 s( 34.67%)p 1.88( 65.33%)
                                        -0.0000 -0.5888 -0.7134 -0.3800  0.0000
  41. (0.31123) BD*( 2) C  2- C  3
               ( 50.00%)   0.7071* C  2 s(  0.00%)p 1.00(100.00%)
                                         0.0000  0.0000 -0.0000  0.0000  1.0000
               ( 50.00%)  -0.7071* C  3 s(  0.00%)p 1.00(100.00%)
                                         0.0000  0.0000  0.0000  0.0000  1.0000
  42. (0.01500) BD*( 1) C  2- H  6
               ( 47.32%)   0.6879* C  2 s( 31.50%)p 2.17( 68.50%)
                                         0.0000 -0.5612 -0.6977  0.4452 -0.0000
               ( 52.68%)  -0.7258* H  6 s(100.00%)
                                        -1.0000
  43. (0.01762) BD*( 1) C  3- C  4
               ( 49.91%)   0.7065* C  3 s( 33.89%)p 1.95( 66.11%)
                                        -0.0000  0.5821 -0.7004  0.4130  0.0000
               ( 50.09%)  -0.7077* C  4 s( 33.54%)p 1.98( 66.46%)
                                         0.0000  0.5791  0.6931 -0.4293  0.0000
  44. (0.01404) BD*( 1) C  3- H  7
               ( 47.40%)   0.6885* C  3 s( 31.44%)p 2.18( 68.56%)
                                         0.0000 -0.5607  0.0220  0.8277 -0.0000
               ( 52.60%)  -0.7253* H  7 s(100.00%)
                                        -1.0000
  45. (0.01822) BD*( 1) C  4- C  5
               ( 49.99%)   0.7070* C  4 s( 34.25%)p 1.92( 65.75%)
                                        -0.0000  0.5852  0.0132  0.8108  0.0000
               ( 50.01%)  -0.7072* C  5 s( 33.87%)p 1.95( 66.13%)
                                         0.0000  0.5820 -0.0498 -0.8117  0.0000
  46. (0.37485) BD*( 2) C  4- C  5
               ( 50.37%)   0.7097* C  4 s(  0.00%)p 1.00(100.00%)
                                         0.0000 -0.0000  0.0000 -0.0000  1.0000
               ( 49.63%)  -0.7045* C  5 s(  0.00%)p 1.00(100.00%)
                                        -0.0000 -0.0000 -0.0000  0.0000  1.0000
  47. (0.02568) BD*( 1) C  4- C  9
               ( 49.91%)   0.7065* C  4 s( 32.21%)p 2.10( 67.79%)
                                        -0.0000  0.5676 -0.7208 -0.3979 -0.0000
               ( 50.09%)  -0.7078* C  9 s( 31.85%)p 2.14( 68.15%)
                                        -0.0000  0.5643  0.6948  0.4459 -0.0000
  48. (0.01500) BD*( 1) C  5- H  8
               ( 47.32%)   0.6879* C  5 s( 31.50%)p 2.17( 68.50%)
                                         0.0000 -0.5612  0.6977 -0.4452 -0.0000
               ( 52.68%)  -0.7258* H  8 s(100.00%)
                                        -1.0000
  49. (0.01278) BD*( 1) C  5- C 19
               ( 49.99%)   0.7070* C  5 s( 34.63%)p 1.89( 65.37%)
                                         0.0000 -0.5885 -0.7147 -0.3781  0.0000
               ( 50.01%)  -0.7072* C 19 s( 34.67%)p 1.88( 65.33%)
                                         0.0000 -0.5888  0.7134  0.3800  0.0000
  50. (0.00594) BD*( 1) C  9- C 10
               ( 49.86%)   0.7061* C  9 s( 37.67%)p 1.65( 62.33%)
                                         0.0000  0.6137 -0.7143  0.3363 -0.0000
               ( 50.14%)  -0.7081* C 10 s( 37.10%)p 1.70( 62.90%)
                                         0.0000  0.6091  0.7328 -0.3034 -0.0000
  51. (0.06046) BD*( 2) C  9- C 10
               ( 50.23%)   0.7087* C  9 s(  0.00%)p 1.00(100.00%)
                                         0.0000  0.0000 -0.0000  0.0000  1.0000
               ( 49.77%)  -0.7055* C 10 s(  0.00%)p 1.00(100.00%)
                                         0.0000  0.0000  0.0000 -0.0000  1.0000
  52. (0.01431) BD*( 1) C  9- H 12
               ( 47.50%)   0.6892* C  9 s( 30.49%)p 2.28( 69.51%)
                                        -0.0000 -0.5522 -0.0839  0.8295  0.0000
               ( 52.50%)  -0.7245* H 12 s(100.00%)
                                        -1.0000
  53. (0.01201) BD*( 1) C 10- H 11
               ( 47.43%)   0.6887* C 10 s( 31.38%)p 2.19( 68.62%)
                                         0.0000 -0.5602  0.1267 -0.8186  0.0000
               ( 52.57%)  -0.7250* H 11 s(100.00%)
                                        -1.0000
  54. (0.00875) BD*( 1) C 10- H 13
               ( 47.35%)   0.6881* C 10 s( 31.52%)p 2.17( 68.48%)
                                         0.0000 -0.5614  0.6686  0.4876 -0.0000
               ( 52.65%)  -0.7256* H 13 s(100.00%)
                                        -1.0000
  55. (0.01431) BD*( 1) C 14- H 15
               ( 47.50%)   0.6892* C 14 s( 30.49%)p 2.28( 69.51%)
                                         0.0000 -0.5522  0.0839 -0.8295 -0.0000
               ( 52.50%)  -0.7245* H 15 s(100.00%)
                                        -1.0000
  56. (0.00594) BD*( 1) C 14- C 16
               ( 49.86%)   0.7061* C 14 s( 37.67%)p 1.65( 62.33%)
                                        -0.0000  0.6137  0.7143 -0.3363  0.0000
               ( 50.14%)  -0.7081* C 16 s( 37.10%)p 1.70( 62.90%)
                                         0.0000  0.6091 -0.7328  0.3034  0.0000
  57. (0.06046) BD*( 2) C 14- C 16
               ( 50.23%)   0.7087* C 14 s(  0.00%)p 1.00(100.00%)
                                         0.0000 -0.0000 -0.0000  0.0000  1.0000
               ( 49.77%)  -0.7055* C 16 s(  0.00%)p 1.00(100.00%)
                                        -0.0000 -0.0000  0.0000 -0.0000  1.0000
  58. (0.01201) BD*( 1) C 16- H 17
               ( 47.43%)   0.6887* C 16 s( 31.38%)p 2.19( 68.62%)
                                         0.0000 -0.5602 -0.1267  0.8186  0.0000
               ( 52.57%)  -0.7250* H 17 s(100.00%)
                                        -1.0000
  59. (0.00875) BD*( 1) C 16- H 18
               ( 47.35%)   0.6881* C 16 s( 31.52%)p 2.17( 68.48%)
                                         0.0000 -0.5614 -0.6686 -0.4876  0.0000
               ( 52.65%)  -0.7256* H 18 s(100.00%)
                                        -1.0000
  60. (0.01404) BD*( 1) C 19- H 20
               ( 47.40%)   0.6885* C 19 s( 31.44%)p 2.18( 68.56%)
                                         0.0000 -0.5607 -0.0220 -0.8277  0.0000
               ( 52.60%)  -0.7253* H 20 s(100.00%)
                                        -1.0000


 NHO DIRECTIONALITY AND BOND BENDING (deviation from line of nuclear centers at
                                      the position of maximum hybrid amplitude)

         [Thresholds for printing:  angular deviation  >  1.0 degree]
                                    p- or d-character  > 25.0%
                                    orbital occupancy  >  0.10e

                        Line of Centers        Hybrid 1             Hybrid 2
                        ---------------  -------------------  ------------------
           NBO            Theta   Phi    Theta   Phi    Dev   Theta   Phi    Dev
 ===============================================================================
  11. BD ( 1) C  1- C  2   90.0  267.1    90.0  268.5   1.4     --     --    --
  12. BD ( 1) C  1- C 14   90.0   30.2    90.0   29.1   1.0    90.0  212.7   2.6
  14. BD ( 2) C  1- C 19   90.0  149.3   180.0    0.0  90.0   179.9   83.5  90.1
  16. BD ( 2) C  2- C  3   90.0  208.0     0.1  332.2  90.1     0.1  263.5  90.1
  20. BD ( 1) C  4- C  5   90.0   87.1    90.0   88.5   1.4     --     --    --
  21. BD ( 2) C  4- C  5   90.0   87.1   180.0    0.0  90.0   179.9  152.2  90.1
  22. BD ( 1) C  4- C  9   90.0  210.2    90.0  209.1   1.0    90.0   32.7   2.6
  25. BD ( 1) C  9- C 10   90.0  156.8    90.0  154.9   1.9     --     --    --
  26. BD ( 2) C  9- C 10   90.0  156.8     0.1  309.6  90.1     0.2  156.7  90.2
  29. BD ( 1) C 10- H 13   90.0  215.5    90.0  216.7   1.1     --     --    --
  31. BD ( 1) C 14- C 16   90.0  336.8    90.0  334.9   1.9     --     --    --
  32. BD ( 2) C 14- C 16   90.0  336.8   179.9  129.6  90.1   179.8  336.7  90.2
  34. BD ( 1) C 16- H 18   90.0   35.5    90.0   36.7   1.1     --     --    --


 SECOND ORDER PERTURBATION THEORY ANALYSIS OF FOCK MATRIX IN NBO BASIS

     Threshold for printing:   0.50 kcal/mol
                                                          E(2) E(NL)-E(L) F(L,NL)
      Donor (L) NBO              Acceptor (NL) NBO      kcal/mol   a.u.    a.u.
 ===============================================================================

 within unit  1
   11. BD ( 1) C  1- C  2      37. BD*( 1) C  1- C 14      1.08    1.01   0.030
   11. BD ( 1) C  1- C  2      38. BD*( 1) C  1- C 19      0.58    1.10   0.023
   11. BD ( 1) C  1- C  2      42. BD*( 1) C  2- H  6      0.84    1.00   0.026
   11. BD ( 1) C  1- C  2      43. BD*( 1) C  3- C  4      0.97    1.10   0.029
   11. BD ( 1) C  1- C  2      44. BD*( 1) C  3- H  7      1.81    1.00   0.038
   11. BD ( 1) C  1- C  2      49. BD*( 1) C  5- C 19      0.89    1.12   0.028
   11. BD ( 1) C  1- C  2      55. BD*( 1) C 14- H 15      1.18    1.00   0.031
   11. BD ( 1) C  1- C  2      56. BD*( 1) C 14- C 16      0.55    1.20   0.023
   11. BD ( 1) C  1- C  2      60. BD*( 1) C 19- H 20      1.85    1.00   0.038
   12. BD ( 1) C  1- C 14      36. BD*( 1) C  1- C  2      1.13    1.07   0.031
   12. BD ( 1) C  1- C 14      38. BD*( 1) C  1- C 19      0.99    1.07   0.029
   12. BD ( 1) C  1- C 14      40. BD*( 1) C  2- C  3      1.62    1.09   0.038
   12. BD ( 1) C  1- C 14      42. BD*( 1) C  2- H  6      0.77    0.97   0.024
   12. BD ( 1) C  1- C 14      49. BD*( 1) C  5- C 19      1.74    1.09   0.039
   12. BD ( 1) C  1- C 14      55. BD*( 1) C 14- H 15      1.24    0.96   0.031
   12. BD ( 1) C  1- C 14      56. BD*( 1) C 14- C 16      0.63    1.16   0.024
   12. BD ( 1) C  1- C 14      58. BD*( 1) C 16- H 17      1.11    0.97   0.029
   12. BD ( 1) C  1- C 14      59. BD*( 1) C 16- H 18      2.30    0.96   0.042
   12. BD ( 1) C  1- C 14      60. BD*( 1) C 19- H 20      0.82    0.96   0.025
   13. BD ( 1) C  1- C 19      36. BD*( 1) C  1- C  2      0.56    1.10   0.022
   13. BD ( 1) C  1- C 19      37. BD*( 1) C  1- C 14      0.91    1.01   0.027
   13. BD ( 1) C  1- C 19      40. BD*( 1) C  2- C  3      0.92    1.12   0.029
   13. BD ( 1) C  1- C 19      42. BD*( 1) C  2- H  6      1.94    1.00   0.039
   13. BD ( 1) C  1- C 19      45. BD*( 1) C  4- C  5      0.97    1.10   0.029
   13. BD ( 1) C  1- C 19      48. BD*( 1) C  5- H  8      1.80    1.00   0.038
   13. BD ( 1) C  1- C 19      55. BD*( 1) C 14- H 15      0.58    1.00   0.022
   13. BD ( 1) C  1- C 19      56. BD*( 1) C 14- C 16      1.30    1.19   0.035
   13. BD ( 1) C  1- C 19      60. BD*( 1) C 19- H 20      0.86    1.00   0.026
   14. BD ( 2) C  1- C 19      41. BD*( 2) C  2- C  3     21.59    0.28   0.069
   14. BD ( 2) C  1- C 19      46. BD*( 2) C  4- C  5     23.36    0.27   0.071
   14. BD ( 2) C  1- C 19      57. BD*( 2) C 14- C 16     15.23    0.29   0.060
   15. BD ( 1) C  2- C  3      37. BD*( 1) C  1- C 14      1.72    1.02   0.037
   15. BD ( 1) C  2- C  3      38. BD*( 1) C  1- C 19      0.83    1.11   0.027
   15. BD ( 1) C  2- C  3      42. BD*( 1) C  2- H  6      0.69    1.01   0.024
   15. BD ( 1) C  2- C  3      44. BD*( 1) C  3- H  7      0.74    1.00   0.024
   15. BD ( 1) C  2- C  3      45. BD*( 1) C  4- C  5      0.79    1.11   0.026
   15. BD ( 1) C  2- C  3      47. BD*( 1) C  4- C  9      1.54    1.02   0.035
   16. BD ( 2) C  2- C  3      39. BD*( 2) C  1- C 19     20.60    0.28   0.068
   16. BD ( 2) C  2- C  3      46. BD*( 2) C  4- C  5     20.45    0.28   0.068
   17. BD ( 1) C  2- H  6      36. BD*( 1) C  1- C  2      0.92    1.03   0.027
   17. BD ( 1) C  2- H  6      37. BD*( 1) C  1- C 14      1.04    0.94   0.028
   17. BD ( 1) C  2- H  6      38. BD*( 1) C  1- C 19      1.80    1.03   0.038
   17. BD ( 1) C  2- H  6      40. BD*( 1) C  2- C  3      0.76    1.05   0.025
   17. BD ( 1) C  2- H  6      43. BD*( 1) C  3- C  4      2.20    1.03   0.042
   17. BD ( 1) C  2- H  6      44. BD*( 1) C  3- H  7      0.89    0.92   0.026
   17. BD ( 1) C  2- H  6      58. BD*( 1) C 16- H 17      0.52    0.93   0.020
   18. BD ( 1) C  3- C  4      36. BD*( 1) C  1- C  2      0.97    1.10   0.029
   18. BD ( 1) C  3- C  4      42. BD*( 1) C  2- H  6      1.80    1.00   0.038
   18. BD ( 1) C  3- C  4      44. BD*( 1) C  3- H  7      0.86    1.00   0.026
   18. BD ( 1) C  3- C  4      45. BD*( 1) C  4- C  5      0.56    1.10   0.022
   18. BD ( 1) C  3- C  4      47. BD*( 1) C  4- C  9      0.91    1.01   0.027
   18. BD ( 1) C  3- C  4      48. BD*( 1) C  5- H  8      1.94    1.00   0.039
   18. BD ( 1) C  3- C  4      49. BD*( 1) C  5- C 19      0.92    1.12   0.029
   18. BD ( 1) C  3- C  4      50. BD*( 1) C  9- C 10      1.30    1.19   0.035
   18. BD ( 1) C  3- C  4      52. BD*( 1) C  9- H 12      0.58    1.00   0.022
   19. BD ( 1) C  3- H  7      36. BD*( 1) C  1- C  2      2.18    1.03   0.042
   19. BD ( 1) C  3- H  7      40. BD*( 1) C  2- C  3      0.75    1.05   0.025
   19. BD ( 1) C  3- H  7      42. BD*( 1) C  2- H  6      0.88    0.93   0.025
   19. BD ( 1) C  3- H  7      43. BD*( 1) C  3- C  4      0.91    1.03   0.027
   19. BD ( 1) C  3- H  7      45. BD*( 1) C  4- C  5      1.81    1.03   0.038
   19. BD ( 1) C  3- H  7      47. BD*( 1) C  4- C  9      0.97    0.94   0.027
   20. BD ( 1) C  4- C  5      38. BD*( 1) C  1- C 19      0.97    1.10   0.029
   20. BD ( 1) C  4- C  5      40. BD*( 1) C  2- C  3      0.89    1.12   0.028
   20. BD ( 1) C  4- C  5      43. BD*( 1) C  3- C  4      0.58    1.10   0.023
   20. BD ( 1) C  4- C  5      44. BD*( 1) C  3- H  7      1.85    1.00   0.038
   20. BD ( 1) C  4- C  5      47. BD*( 1) C  4- C  9      1.08    1.01   0.030
   20. BD ( 1) C  4- C  5      48. BD*( 1) C  5- H  8      0.84    1.00   0.026
   20. BD ( 1) C  4- C  5      50. BD*( 1) C  9- C 10      0.55    1.20   0.023
   20. BD ( 1) C  4- C  5      52. BD*( 1) C  9- H 12      1.18    1.00   0.031
   20. BD ( 1) C  4- C  5      60. BD*( 1) C 19- H 20      1.81    1.00   0.038
   21. BD ( 2) C  4- C  5      39. BD*( 2) C  1- C 19     23.52    0.27   0.072
   21. BD ( 2) C  4- C  5      41. BD*( 2) C  2- C  3     21.58    0.28   0.069
   21. BD ( 2) C  4- C  5      51. BD*( 2) C  9- C 10     13.75    0.30   0.057
   22. BD ( 1) C  4- C  9      40. BD*( 1) C  2- C  3      1.74    1.09   0.039
   22. BD ( 1) C  4- C  9      43. BD*( 1) C  3- C  4      0.99    1.07   0.029
   22. BD ( 1) C  4- C  9      44. BD*( 1) C  3- H  7      0.82    0.96   0.025
   22. BD ( 1) C  4- C  9      45. BD*( 1) C  4- C  5      1.13    1.07   0.031
   22. BD ( 1) C  4- C  9      48. BD*( 1) C  5- H  8      0.77    0.97   0.024
   22. BD ( 1) C  4- C  9      49. BD*( 1) C  5- C 19      1.62    1.09   0.038
   22. BD ( 1) C  4- C  9      50. BD*( 1) C  9- C 10      0.63    1.16   0.024
   22. BD ( 1) C  4- C  9      52. BD*( 1) C  9- H 12      1.24    0.96   0.031
   22. BD ( 1) C  4- C  9      53. BD*( 1) C 10- H 11      1.11    0.97   0.029
   22. BD ( 1) C  4- C  9      54. BD*( 1) C 10- H 13      2.30    0.96   0.042
   23. BD ( 1) C  5- H  8      38. BD*( 1) C  1- C 19      2.20    1.03   0.042
   23. BD ( 1) C  5- H  8      43. BD*( 1) C  3- C  4      1.80    1.03   0.038
   23. BD ( 1) C  5- H  8      45. BD*( 1) C  4- C  5      0.92    1.03   0.027
   23. BD ( 1) C  5- H  8      47. BD*( 1) C  4- C  9      1.04    0.94   0.028
   23. BD ( 1) C  5- H  8      49. BD*( 1) C  5- C 19      0.76    1.05   0.025
   23. BD ( 1) C  5- H  8      53. BD*( 1) C 10- H 11      0.52    0.93   0.020
   23. BD ( 1) C  5- H  8      60. BD*( 1) C 19- H 20      0.89    0.92   0.026
   24. BD ( 1) C  5- C 19      36. BD*( 1) C  1- C  2      0.79    1.11   0.026
   24. BD ( 1) C  5- C 19      37. BD*( 1) C  1- C 14      1.54    1.02   0.035
   24. BD ( 1) C  5- C 19      43. BD*( 1) C  3- C  4      0.83    1.11   0.027
   24. BD ( 1) C  5- C 19      47. BD*( 1) C  4- C  9      1.72    1.02   0.037
   24. BD ( 1) C  5- C 19      48. BD*( 1) C  5- H  8      0.69    1.01   0.024
   24. BD ( 1) C  5- C 19      60. BD*( 1) C 19- H 20      0.74    1.00   0.024
   25. BD ( 1) C  9- C 10      43. BD*( 1) C  3- C  4      0.89    1.13   0.028
   25. BD ( 1) C  9- C 10      47. BD*( 1) C  4- C  9      0.65    1.05   0.023
   26. BD ( 2) C  9- C 10      46. BD*( 2) C  4- C  5     12.44    0.31   0.055
   27. BD ( 1) C  9- H 12      43. BD*( 1) C  3- C  4      0.80    1.02   0.026
   27. BD ( 1) C  9- H 12      45. BD*( 1) C  4- C  5      1.72    1.02   0.037
   27. BD ( 1) C  9- H 12      47. BD*( 1) C  4- C  9      1.11    0.94   0.029
   27. BD ( 1) C  9- H 12      53. BD*( 1) C 10- H 11      3.24    0.92   0.049
   27. BD ( 1) C  9- H 12      54. BD*( 1) C 10- H 13      1.29    0.92   0.031
   28. BD ( 1) C 10- H 11      47. BD*( 1) C  4- C  9      1.51    0.94   0.034
   28. BD ( 1) C 10- H 11      48. BD*( 1) C  5- H  8      0.61    0.93   0.021
   28. BD ( 1) C 10- H 11      52. BD*( 1) C  9- H 12      2.64    0.92   0.044
   28. BD ( 1) C 10- H 11      54. BD*( 1) C 10- H 13      1.08    0.92   0.028
   29. BD ( 1) C 10- H 13      47. BD*( 1) C  4- C  9      3.05    0.94   0.048
   29. BD ( 1) C 10- H 13      52. BD*( 1) C  9- H 12      1.21    0.92   0.030
   29. BD ( 1) C 10- H 13      53. BD*( 1) C 10- H 11      0.98    0.93   0.027
   30. BD ( 1) C 14- H 15      36. BD*( 1) C  1- C  2      1.72    1.02   0.037
   30. BD ( 1) C 14- H 15      37. BD*( 1) C  1- C 14      1.11    0.94   0.029
   30. BD ( 1) C 14- H 15      38. BD*( 1) C  1- C 19      0.80    1.02   0.026
   30. BD ( 1) C 14- H 15      58. BD*( 1) C 16- H 17      3.24    0.92   0.049
   30. BD ( 1) C 14- H 15      59. BD*( 1) C 16- H 18      1.29    0.92   0.031
   31. BD ( 1) C 14- C 16      37. BD*( 1) C  1- C 14      0.65    1.05   0.023
   31. BD ( 1) C 14- C 16      38. BD*( 1) C  1- C 19      0.89    1.13   0.028
   32. BD ( 2) C 14- C 16      39. BD*( 2) C  1- C 19     12.71    0.31   0.056
   33. BD ( 1) C 16- H 17      37. BD*( 1) C  1- C 14      1.51    0.94   0.034
   33. BD ( 1) C 16- H 17      42. BD*( 1) C  2- H  6      0.61    0.93   0.021
   33. BD ( 1) C 16- H 17      55. BD*( 1) C 14- H 15      2.64    0.92   0.044
   33. BD ( 1) C 16- H 17      59. BD*( 1) C 16- H 18      1.08    0.92   0.028
   34. BD ( 1) C 16- H 18      37. BD*( 1) C  1- C 14      3.05    0.94   0.048
   34. BD ( 1) C 16- H 18      55. BD*( 1) C 14- H 15      1.21    0.92   0.030
   34. BD ( 1) C 16- H 18      58. BD*( 1) C 16- H 17      0.98    0.93   0.027
   35. BD ( 1) C 19- H 20      36. BD*( 1) C  1- C  2      1.81    1.03   0.038
   35. BD ( 1) C 19- H 20      37. BD*( 1) C  1- C 14      0.97    0.94   0.027
   35. BD ( 1) C 19- H 20      38. BD*( 1) C  1- C 19      0.91    1.03   0.027
   35. BD ( 1) C 19- H 20      45. BD*( 1) C  4- C  5      2.18    1.03   0.042
   35. BD ( 1) C 19- H 20      48. BD*( 1) C  5- H  8      0.88    0.93   0.025
   35. BD ( 1) C 19- H 20      49. BD*( 1) C  5- C 19      0.75    1.05   0.025


 NATURAL BOND ORBITALS (Summary):

                                                     Principal Delocalizations
           NBO                 Occupancy    Energy   (geminal,vicinal,remote)
 ===============================================================================
 Molecular unit  1  (C10H10)
 ------ Lewis --------------------------------------
    1. CR ( 1) C  1             2.00000   -10.00576
    2. CR ( 1) C  2             2.00000    -9.99105
    3. CR ( 1) C  3             2.00000    -9.99077
    4. CR ( 1) C  4             2.00000   -10.00576
    5. CR ( 1) C  5             2.00000    -9.99105
    6. CR ( 1) C  9             2.00000    -9.99294
    7. CR ( 1) C 10             2.00000    -9.97592
    8. CR ( 1) C 14             2.00000    -9.99294
    9. CR ( 1) C 16             2.00000    -9.97592
   10. CR ( 1) C 19             2.00000    -9.99077
   11. BD ( 1) C  1- C  2       1.98252    -0.53248  60(v),44(v),55(v),37(g)
                                                     43(v),49(v),42(g),38(g)
                                                     56(v)
   12. BD ( 1) C  1- C 14       1.97806    -0.49832  59(v),49(v),40(v),55(g)
                                                     36(g),58(v),38(g),60(v)
                                                     42(v),56(g)
   13. BD ( 1) C  1- C 19       1.98201    -0.53063  42(v),48(v),56(v),45(v)
                                                     40(v),37(g),60(g),55(v)
                                                     36(g)
   14. BD ( 2) C  1- C 19       1.61797    -0.17964  46(v),41(v),57(v)
   15. BD ( 1) C  2- C  3       1.98647    -0.54002  37(v),47(v),38(v),45(v)
                                                     44(g),42(g)
   16. BD ( 2) C  2- C  3       1.69189    -0.18882  39(v),46(v)
   17. BD ( 1) C  2- H  6       1.98494    -0.46018  43(v),38(v),37(v),36(g)
                                                     44(v),40(g),58(r)
   18. BD ( 1) C  3- C  4       1.98201    -0.53063  48(v),42(v),50(v),36(v)
                                                     49(v),47(g),44(g),52(v)
                                                     45(g)
   19. BD ( 1) C  3- H  7       1.98597    -0.46030  36(v),45(v),47(v),43(g)
                                                     42(v),40(g)
   20. BD ( 1) C  4- C  5       1.98252    -0.53248  44(v),60(v),52(v),47(g)
                                                     38(v),40(v),48(g),43(g)
                                                     50(v)
   21. BD ( 2) C  4- C  5       1.61914    -0.17984  39(v),41(v),51(v)
   22. BD ( 1) C  4- C  9       1.97806    -0.49832  54(v),40(v),49(v),52(g)
                                                     45(g),53(v),43(g),44(v)
                                                     48(v),50(g)
   23. BD ( 1) C  5- H  8       1.98494    -0.46018  38(v),43(v),47(v),45(g)
                                                     60(v),49(g),53(r)
   24. BD ( 1) C  5- C 19       1.98647    -0.54002  47(v),37(v),43(v),36(v)
                                                     60(g),48(g)
   25. BD ( 1) C  9- C 10       1.99439    -0.56702  43(v),47(g)
   26. BD ( 2) C  9- C 10       1.94398    -0.21127  46(v)
   27. BD ( 1) C  9- H 12       1.98388    -0.45528  53(v),45(v),54(v),47(g)
                                                     43(v)
   28. BD ( 1) C 10- H 11       1.98851    -0.45830  52(v),47(v),54(g),48(r)
   29. BD ( 1) C 10- H 13       1.98891    -0.45802  47(v),52(v),53(g)
   30. BD ( 1) C 14- H 15       1.98388    -0.45528  58(v),36(v),59(v),37(g)
                                                     38(v)
   31. BD ( 1) C 14- C 16       1.99439    -0.56702  38(v),37(g)
   32. BD ( 2) C 14- C 16       1.94398    -0.21127  39(v)
   33. BD ( 1) C 16- H 17       1.98851    -0.45830  55(v),37(v),59(g),42(r)
   34. BD ( 1) C 16- H 18       1.98891    -0.45802  37(v),55(v),58(g)
   35. BD ( 1) C 19- H 20       1.98597    -0.46030  45(v),36(v),37(v),38(g)
                                                     48(v),49(g)
 ------ non-Lewis ----------------------------------
   36. BD*( 1) C  1- C  2       0.01822     0.56843
   37. BD*( 1) C  1- C 14       0.02568     0.48036
   38. BD*( 1) C  1- C 19       0.01762     0.56746
   39. BD*( 2) C  1- C 19       0.37604     0.09393
   40. BD*( 1) C  2- C  3       0.01278     0.58983
   41. BD*( 2) C  2- C  3       0.31123     0.09646
   42. BD*( 1) C  2- H  6       0.01500     0.46832
   43. BD*( 1) C  3- C  4       0.01762     0.56746
   44. BD*( 1) C  3- H  7       0.01404     0.46457
   45. BD*( 1) C  4- C  5       0.01822     0.56843
   46. BD*( 2) C  4- C  5       0.37485     0.09449
   47. BD*( 1) C  4- C  9       0.02568     0.48036
   48. BD*( 1) C  5- H  8       0.01500     0.46832
   49. BD*( 1) C  5- C 19       0.01278     0.58983
   50. BD*( 1) C  9- C 10       0.00594     0.66363
   51. BD*( 2) C  9- C 10       0.06046     0.11519
   52. BD*( 1) C  9- H 12       0.01431     0.46502
   53. BD*( 1) C 10- H 11       0.01201     0.46825
   54. BD*( 1) C 10- H 13       0.00875     0.46609
   55. BD*( 1) C 14- H 15       0.01431     0.46502
   56. BD*( 1) C 14- C 16       0.00594     0.66363
   57. BD*( 2) C 14- C 16       0.06046     0.11519
   58. BD*( 1) C 16- H 17       0.01201     0.46825
   59. BD*( 1) C 16- H 18       0.00875     0.46609
   60. BD*( 1) C 19- H 20       0.01404     0.46457
          -------------------------------
                 Total Lewis   68.52828  ( 97.8975%)
           Valence non-Lewis    1.47172  (  2.1025%)
           Rydberg non-Lewis    0.00000  (  0.0000%)
          -------------------------------
               Total unit  1   70.00000  (100.0000%)
              Charge unit  1    0.00000

 $CHOOSE
   BOND S 1 2 S 1 14 D 1 19 D 2 3 S 2 6 S 3 4 S 3 7 D 4 5 S 4 9 S 5 8 S 5 19
        D 9 10 S 9 12 S 10 11 S 10 13 S 14 15 D 14 16 S 16 17 S 16 18 S 19 20
        END
 $END


 NATURAL LOCALIZED MOLECULAR ORBITAL (NLMO) ANALYSIS:

 1 pass over DM reduced the maximum off-diagonal element to 0.11E-07

 Hybridization/Polarization Analysis of NLMOs in NAO Basis:
 NLMO / Occupancy / Percent from Parent NBO / Atomic Hybrid Contributions
 -------------------------------------------------------------------------------
   1. (2.00000)  99.9998% CR ( 1) C  1
                         100.000%  C  1 s(100.00%)p 0.00(  0.00%)
   2. (2.00000)  99.9999% CR ( 1) C  2
                         100.000%  C  2 s(100.00%)p 0.00(  0.00%)
   3. (2.00000)  99.9999% CR ( 1) C  3
                         100.000%  C  3 s(100.00%)p 0.00(  0.00%)
   4. (2.00000)  99.9998% CR ( 1) C  4
                         100.000%  C  4 s(100.00%)p 0.00(  0.00%)
   5. (2.00000)  99.9999% CR ( 1) C  5
                         100.000%  C  5 s(100.00%)p 0.00(  0.00%)
   6. (2.00000)  99.9998% CR ( 1) C  9
                         100.000%  C  9 s(100.00%)p 0.00(  0.00%)
   7. (2.00000)  99.9999% CR ( 1) C 10
                         100.000%  C 10 s(100.00%)p 0.00(  0.00%)
   8. (2.00000)  99.9998% CR ( 1) C 14
                         100.000%  C 14 s(100.00%)p 0.00(  0.00%)
   9. (2.00000)  99.9999% CR ( 1) C 16
                         100.000%  C 16 s(100.00%)p 0.00(  0.00%)
  10. (2.00000)  99.9999% CR ( 1) C 19
                         100.000%  C 19 s(100.00%)p 0.00(  0.00%)
  11. (2.00000)  99.1223% BD ( 1) C  1- C  2
                          49.613%  C  1 s( 37.37%)p 1.68( 62.63%)
                          49.608%  C  2 s( 36.71%)p 1.72( 63.29%)
                           0.147%  C  3 s(  7.67%)p12.04( 92.33%)
                           0.037%  C  4 s( 43.20%)p 1.32( 56.80%)
                           0.033%  C  5 s( 45.92%)p 1.18( 54.08%)
                           0.028%  H  6 s(100.00%)
                           0.091%  H  7 s(100.00%)
                           0.114%  C 14 s( 21.82%)p 3.58( 78.18%)
                           0.069%  H 15 s(100.00%)
                           0.018%  C 16 s( 63.47%)p 0.58( 36.53%)
                           0.143%  C 19 s( 11.15%)p 7.97( 88.85%)
                           0.099%  H 20 s(100.00%)
  12. (2.00000)  98.9007% BD ( 1) C  1- C 14
                          49.636%  C  1 s( 36.23%)p 1.76( 63.77%)
                           0.145%  C  2 s( 16.84%)p 4.94( 83.16%)
                           0.076%  C  3 s( 42.07%)p 1.38( 57.93%)
                           0.080%  C  5 s( 42.57%)p 1.35( 57.43%)
                           0.040%  H  6 s(100.00%)
                           0.011%  H  7 s(100.00%)
                          49.429%  C 14 s( 35.44%)p 1.82( 64.56%)
                           0.037%  H 15 s(100.00%)
                           0.186%  C 16 s( 10.72%)p 8.33( 89.28%)
                           0.052%  H 17 s(100.00%)
                           0.110%  H 18 s(100.00%)
                           0.139%  C 19 s( 15.81%)p 5.33( 84.19%)
                           0.039%  H 20 s(100.00%)
  13. (2.00000)  99.0969% BD ( 1) C  1- C 19
                          49.513%  C  1 s( 36.62%)p 1.73( 63.38%)
                           0.149%  C  2 s( 10.83%)p 8.23( 89.17%)
                           0.034%  C  3 s( 45.72%)p 1.19( 54.28%)
                           0.038%  C  4 s( 43.57%)p 1.30( 56.43%)
                           0.142%  C  5 s(  8.90%)p10.24( 91.10%)
                           0.100%  H  6 s(100.00%)
                           0.090%  H  8 s(100.00%)
                           0.115%  C 14 s( 20.44%)p 3.89( 79.56%)
                           0.027%  H 15 s(100.00%)
                           0.059%  C 16 s( 45.28%)p 1.21( 54.72%)
                           0.011%  H 18 s(100.00%)
                          49.686%  C 19 s( 36.84%)p 1.71( 63.16%)
                           0.030%  H 20 s(100.00%)
  14. (2.00000)  79.8704% BD ( 2) C  1- C 19
                          37.078%  C  1 s(  0.00%)p 1.00(100.00%)
                           3.458%  C  2 s(  0.00%)p 1.00(100.00%)
                           3.508%  C  3 s(  0.00%)p 1.00(100.00%)
                           2.563%  C  4 s(  0.00%)p 1.00(100.00%)
                           7.841%  C  5 s(  0.00%)p 1.00(100.00%)
                           0.244%  C  9 s(  0.00%)p 1.00(100.00%)
                           0.236%  C 10 s(  0.00%)p 1.00(100.00%)
                           1.097%  C 14 s(  0.00%)p 1.00(100.00%)
                           1.097%  C 16 s(  0.00%)p 1.00(100.00%)
                          42.878%  C 19 s(  0.00%)p 1.00(100.00%)
  15. (2.00000)  99.3206% BD ( 1) C  2- C  3
                           0.148%  C  1 s( 11.04%)p 8.06( 88.96%)
                          49.712%  C  2 s( 37.35%)p 1.68( 62.65%)
                          49.691%  C  3 s( 37.41%)p 1.67( 62.59%)
                           0.138%  C  4 s( 11.10%)p 8.01( 88.90%)
                           0.030%  C  5 s( 48.60%)p 1.06( 51.40%)
                           0.022%  H  6 s(100.00%)
                           0.024%  H  7 s(100.00%)
                           0.080%  C  9 s( 53.99%)p 0.85( 46.01%)
                           0.094%  C 14 s( 44.15%)p 1.26( 55.85%)
                           0.033%  C 19 s( 47.11%)p 1.12( 52.89%)
  16. (2.00000)  83.8650% BD ( 2) C  2- C  3
                           6.371%  C  1 s(  0.00%)p 1.00(100.00%)
                          41.937%  C  2 s(  0.00%)p 1.00(100.00%)
                          41.928%  C  3 s(  0.00%)p 1.00(100.00%)
                           6.315%  C  4 s(  0.00%)p 1.00(100.00%)
                           1.549%  C  5 s(  0.00%)p 1.00(100.00%)
                           0.114%  C  9 s(  0.00%)p 1.00(100.00%)
                           0.122%  C 10 s(  0.00%)p 1.00(100.00%)
                           0.078%  C 14 s(  0.00%)p 1.00(100.00%)
                           0.082%  C 16 s(  0.00%)p 1.00(100.00%)
                           1.505%  C 19 s(  0.00%)p 1.00(100.00%)
  17. (2.00000)  99.2452% BD ( 1) C  2- H  6
                           0.161%  C  1 s( 10.17%)p 8.83( 89.83%)
                          52.339%  C  2 s( 34.71%)p 1.88( 65.29%)
                           0.164%  C  3 s( 16.08%)p 5.22( 83.92%)
                           0.102%  C  4 s( 42.58%)p 1.35( 57.42%)
                          46.967%  H  6 s(100.00%)
                           0.036%  H  7 s(100.00%)
                           0.011%  C  9 s( 30.92%)p 2.23( 69.08%)
                           0.045%  C 14 s( 52.70%)p 0.90( 47.30%)
                           0.029%  C 16 s( 31.68%)p 2.16( 68.32%)
                           0.034%  H 17 s(100.00%)
                           0.086%  C 19 s( 41.97%)p 1.38( 58.03%)
                           0.012%  H 20 s(100.00%)
  18. (2.00000)  99.0969% BD ( 1) C  3- C  4
                           0.038%  C  1 s( 43.57%)p 1.30( 56.43%)
                           0.142%  C  2 s(  8.90%)p10.24( 91.10%)
                          49.686%  C  3 s( 36.84%)p 1.71( 63.16%)
                          49.513%  C  4 s( 36.62%)p 1.73( 63.38%)
                           0.149%  C  5 s( 10.83%)p 8.23( 89.17%)
                           0.090%  H  6 s(100.00%)
                           0.030%  H  7 s(100.00%)
                           0.100%  H  8 s(100.00%)
                           0.115%  C  9 s( 20.44%)p 3.89( 79.56%)
                           0.059%  C 10 s( 45.28%)p 1.21( 54.72%)
                           0.027%  H 12 s(100.00%)
                           0.011%  H 13 s(100.00%)
                           0.034%  C 19 s( 45.72%)p 1.19( 54.28%)
  19. (2.00000)  99.2966% BD ( 1) C  3- H  7
                           0.101%  C  1 s( 43.51%)p 1.30( 56.49%)
                           0.160%  C  2 s( 17.47%)p 4.72( 82.53%)
                          52.290%  C  3 s( 34.76%)p 1.88( 65.24%)
                           0.153%  C  4 s( 13.50%)p 6.40( 86.50%)
                           0.080%  C  5 s( 40.95%)p 1.44( 59.05%)
                           0.036%  H  6 s(100.00%)
                          47.072%  H  7 s(100.00%)
                           0.013%  H  8 s(100.00%)
                           0.055%  C  9 s( 81.36%)p 0.23( 18.64%)
                           0.016%  H 12 s(100.00%)
                           0.011%  C 14 s( 37.88%)p 1.64( 62.12%)
  20. (2.00000)  99.1223% BD ( 1) C  4- C  5
                           0.037%  C  1 s( 43.20%)p 1.32( 56.80%)
                           0.033%  C  2 s( 45.92%)p 1.18( 54.08%)
                           0.143%  C  3 s( 11.15%)p 7.97( 88.85%)
                          49.613%  C  4 s( 37.37%)p 1.68( 62.63%)
                          49.608%  C  5 s( 36.71%)p 1.72( 63.29%)
                           0.099%  H  7 s(100.00%)
                           0.028%  H  8 s(100.00%)
                           0.114%  C  9 s( 21.82%)p 3.58( 78.18%)
                           0.018%  C 10 s( 63.47%)p 0.58( 36.53%)
                           0.069%  H 12 s(100.00%)
                           0.147%  C 19 s(  7.67%)p12.04( 92.33%)
                           0.091%  H 20 s(100.00%)
  21. (2.00000)  79.2281% BD ( 2) C  4- C  5
                           4.468%  C  1 s(  0.00%)p 1.00(100.00%)
                           4.190%  C  2 s(  0.00%)p 1.00(100.00%)
                           4.127%  C  3 s(  0.00%)p 1.00(100.00%)
                          39.037%  C  4 s(  0.00%)p 1.00(100.00%)
                          40.192%  C  5 s(  0.00%)p 1.00(100.00%)
                           1.116%  C  9 s(  0.00%)p 1.00(100.00%)
                           1.108%  C 10 s(  0.00%)p 1.00(100.00%)
                           0.300%  C 14 s(  0.00%)p 1.00(100.00%)
                           0.285%  C 16 s(  0.00%)p 1.00(100.00%)
                           5.177%  C 19 s(  0.00%)p 1.00(100.00%)
  22. (2.00000)  98.9007% BD ( 1) C  4- C  9
                           0.080%  C  2 s( 42.57%)p 1.35( 57.43%)
                           0.139%  C  3 s( 15.81%)p 5.33( 84.19%)
                          49.636%  C  4 s( 36.23%)p 1.76( 63.77%)
                           0.145%  C  5 s( 16.84%)p 4.94( 83.16%)
                           0.039%  H  7 s(100.00%)
                           0.040%  H  8 s(100.00%)
                          49.429%  C  9 s( 35.44%)p 1.82( 64.56%)
                           0.186%  C 10 s( 10.72%)p 8.33( 89.28%)
                           0.052%  H 11 s(100.00%)
                           0.037%  H 12 s(100.00%)
                           0.110%  H 13 s(100.00%)
                           0.076%  C 19 s( 42.07%)p 1.38( 57.93%)
                           0.011%  H 20 s(100.00%)
  23. (2.00000)  99.2452% BD ( 1) C  5- H  8
                           0.102%  C  1 s( 42.58%)p 1.35( 57.42%)
                           0.086%  C  3 s( 41.97%)p 1.38( 58.03%)
                           0.161%  C  4 s( 10.17%)p 8.83( 89.83%)
                          52.339%  C  5 s( 34.71%)p 1.88( 65.29%)
                           0.012%  H  7 s(100.00%)
                          46.967%  H  8 s(100.00%)
                           0.045%  C  9 s( 52.70%)p 0.90( 47.30%)
                           0.029%  C 10 s( 31.68%)p 2.16( 68.32%)
                           0.034%  H 11 s(100.00%)
                           0.011%  C 14 s( 30.92%)p 2.23( 69.08%)
                           0.164%  C 19 s( 16.08%)p 5.22( 83.92%)
                           0.036%  H 20 s(100.00%)
  24. (2.00000)  99.3206% BD ( 1) C  5- C 19
                           0.138%  C  1 s( 11.10%)p 8.01( 88.90%)
                           0.030%  C  2 s( 48.60%)p 1.06( 51.40%)
                           0.033%  C  3 s( 47.11%)p 1.12( 52.89%)
                           0.148%  C  4 s( 11.04%)p 8.06( 88.96%)
                          49.712%  C  5 s( 37.35%)p 1.68( 62.65%)
                           0.022%  H  8 s(100.00%)
                           0.094%  C  9 s( 44.15%)p 1.26( 55.85%)
                           0.080%  C 14 s( 53.99%)p 0.85( 46.01%)
                          49.691%  C 19 s( 37.41%)p 1.67( 62.59%)
                           0.024%  H 20 s(100.00%)
  25. (2.00000)  99.7190% BD ( 1) C  9- C 10
                           0.047%  C  3 s( 57.19%)p 0.75( 42.81%)
                           0.088%  C  4 s( 18.43%)p 4.43( 81.57%)
                           0.017%  C  5 s( 57.04%)p 0.75( 42.96%)
                          50.031%  C  9 s( 40.35%)p 1.48( 59.65%)
                          49.756%  C 10 s( 39.50%)p 1.53( 60.50%)
                           0.019%  H 11 s(100.00%)
                           0.014%  H 12 s(100.00%)
                           0.016%  H 13 s(100.00%)
  26. (2.00000)  97.1905% BD ( 2) C  9- C 10
                           0.338%  C  1 s(  0.00%)p 1.00(100.00%)
                           0.024%  C  2 s(  0.00%)p 1.00(100.00%)
                           0.485%  C  3 s(  0.00%)p 1.00(100.00%)
                           1.368%  C  4 s(  0.00%)p 1.00(100.00%)
                           0.472%  C  5 s(  0.00%)p 1.00(100.00%)
                          48.400%  C  9 s(  0.00%)p 1.00(100.00%)
                          48.790%  C 10 s(  0.00%)p 1.00(100.00%)
                           0.020%  C 14 s(  0.00%)p 1.00(100.00%)
                           0.073%  C 16 s(  0.00%)p 1.00(100.00%)
                           0.031%  C 19 s(  0.00%)p 1.00(100.00%)
  27. (2.00000)  99.1918% BD ( 1) C  9- H 12
                           0.044%  C  3 s( 86.25%)p 0.16( 13.75%)
                           0.154%  C  4 s( 20.93%)p 3.78( 79.07%)
                           0.082%  C  5 s( 40.31%)p 1.48( 59.69%)
                           0.017%  H  7 s(100.00%)
                          52.111%  C  9 s( 33.48%)p 1.99( 66.52%)
                           0.223%  C 10 s( 10.66%)p 8.38( 89.34%)
                           0.161%  H 11 s(100.00%)
                          47.141%  H 12 s(100.00%)
                           0.048%  H 13 s(100.00%)
  28. (2.00000)  99.4242% BD ( 1) C 10- H 11
                           0.066%  C  4 s( 52.01%)p 0.92( 47.99%)
                           0.037%  C  5 s( 29.42%)p 2.40( 70.58%)
                           0.037%  H  8 s(100.00%)
                           0.225%  C  9 s(  5.39%)p17.54( 94.61%)
                          52.305%  C 10 s( 34.23%)p 1.92( 65.77%)
                          47.170%  H 11 s(100.00%)
                           0.129%  H 12 s(100.00%)
                           0.027%  H 13 s(100.00%)
  29. (2.00000)  99.4424% BD ( 1) C 10- H 13
                           0.160%  C  4 s( 45.70%)p 1.19( 54.30%)
                           0.240%  C  9 s( 12.47%)p 7.02( 87.53%)
                          52.387%  C 10 s( 34.27%)p 1.92( 65.73%)
                           0.028%  H 11 s(100.00%)
                           0.053%  H 12 s(100.00%)
                          47.104%  H 13 s(100.00%)
  30. (2.00000)  99.1918% BD ( 1) C 14- H 15
                           0.154%  C  1 s( 20.93%)p 3.78( 79.07%)
                           0.082%  C  2 s( 40.31%)p 1.48( 59.69%)
                          52.111%  C 14 s( 33.48%)p 1.99( 66.52%)
                          47.141%  H 15 s(100.00%)
                           0.223%  C 16 s( 10.66%)p 8.38( 89.34%)
                           0.161%  H 17 s(100.00%)
                           0.048%  H 18 s(100.00%)
                           0.044%  C 19 s( 86.25%)p 0.16( 13.75%)
                           0.017%  H 20 s(100.00%)
  31. (2.00000)  99.7190% BD ( 1) C 14- C 16
                           0.088%  C  1 s( 18.43%)p 4.43( 81.57%)
                           0.017%  C  2 s( 57.04%)p 0.75( 42.96%)
                          50.031%  C 14 s( 40.35%)p 1.48( 59.65%)
                           0.014%  H 15 s(100.00%)
                          49.756%  C 16 s( 39.50%)p 1.53( 60.50%)
                           0.019%  H 17 s(100.00%)
                           0.016%  H 18 s(100.00%)
                           0.047%  C 19 s( 57.19%)p 0.75( 42.81%)
  32. (2.00000)  97.1905% BD ( 2) C 14- C 16
                           1.367%  C  1 s(  0.00%)p 1.00(100.00%)
                           0.469%  C  2 s(  0.00%)p 1.00(100.00%)
                           0.030%  C  3 s(  0.00%)p 1.00(100.00%)
                           0.339%  C  4 s(  0.00%)p 1.00(100.00%)
                           0.024%  C  5 s(  0.00%)p 1.00(100.00%)
                           0.020%  C  9 s(  0.00%)p 1.00(100.00%)
                           0.073%  C 10 s(  0.00%)p 1.00(100.00%)
                          48.399%  C 14 s(  0.00%)p 1.00(100.00%)
                          48.792%  C 16 s(  0.00%)p 1.00(100.00%)
                           0.488%  C 19 s(  0.00%)p 1.00(100.00%)
  33. (2.00000)  99.4242% BD ( 1) C 16- H 17
                           0.066%  C  1 s( 52.01%)p 0.92( 47.99%)
                           0.037%  C  2 s( 29.42%)p 2.40( 70.58%)
                           0.037%  H  6 s(100.00%)
                           0.225%  C 14 s(  5.39%)p17.54( 94.61%)
                           0.129%  H 15 s(100.00%)
                          52.305%  C 16 s( 34.23%)p 1.92( 65.77%)
                          47.170%  H 17 s(100.00%)
                           0.027%  H 18 s(100.00%)
  34. (2.00000)  99.4424% BD ( 1) C 16- H 18
                           0.160%  C  1 s( 45.70%)p 1.19( 54.30%)
                           0.240%  C 14 s( 12.47%)p 7.02( 87.53%)
                           0.053%  H 15 s(100.00%)
                          52.387%  C 16 s( 34.27%)p 1.92( 65.73%)
                           0.028%  H 17 s(100.00%)
                          47.104%  H 18 s(100.00%)
  35. (2.00000)  99.2966% BD ( 1) C 19- H 20
                           0.153%  C  1 s( 13.50%)p 6.40( 86.50%)
                           0.080%  C  2 s( 40.95%)p 1.44( 59.05%)
                           0.101%  C  4 s( 43.51%)p 1.30( 56.49%)
                           0.160%  C  5 s( 17.47%)p 4.72( 82.53%)
                           0.013%  H  6 s(100.00%)
                           0.036%  H  8 s(100.00%)
                           0.011%  C  9 s( 37.88%)p 1.64( 62.12%)
                           0.055%  C 14 s( 81.36%)p 0.23( 18.64%)
                           0.016%  H 15 s(100.00%)
                          52.290%  C 19 s( 34.76%)p 1.88( 65.24%)
                          47.072%  H 20 s(100.00%)

 Individual LMO bond orders greater than 0.002 in magnitude,
 with the overlap between the hybrids in the NLMO given:

 Atom I / Atom J / NLMO / Bond Order / Hybrid Overlap /
    1       2      11     0.9921540       0.6959287
    1       2      12     0.0029030       0.0720663
    1       2      13     0.0029846       0.0950817
    1       2      14     0.0691631       0.2049812
    1       2      15     0.0029665       0.0975674
    1       2      16     0.1274237       0.2049812
    1       2      17     0.0032266       0.0873349
    1       2      19    -0.0020216      -0.5061539
    1       2      21     0.0838027       0.2049812
    1       2      32    -0.0093807      -0.2049812
    1       3      11     0.0029359       0.0045838
    1       3      14    -0.0701675      -0.0233725
    1       3      15     0.0029665       0.0063482
    1       3      16     0.1274237       0.0233725
    1       3      17     0.0032266       0.1006888
    1       3      19    -0.0020216      -0.0240036
    1       3      21    -0.0825324      -0.0233725
    1       3      26    -0.0067558      -0.0233725
    1       4      14    -0.0512660      -0.0082416
    1       4      15     0.0027522       0.0163911
    1       4      16     0.1262977       0.0082416
    1       4      17    -0.0020484      -0.0338858
    1       4      19    -0.0020216      -0.0326912
    1       4      21    -0.0893669      -0.0082416
    1       4      23    -0.0020484      -0.0338858
    1       4      24     0.0027522       0.0163911
    1       4      26     0.0067558       0.0082416
    1       4      32     0.0067774       0.0082416
    1       4      35    -0.0020216      -0.0326912
    1       5      13     0.0028448       0.0018878
    1       5      14     0.1568261       0.0229772
    1       5      16    -0.0309721      -0.0229772
    1       5      21    -0.0893669      -0.0229772
    1       5      23    -0.0020484      -0.0242694
    1       5      24     0.0027522       0.0008008
    1       5      26    -0.0067558      -0.0229772
    1       5      35     0.0030507       0.1015538
    1       6      17    -0.0032266      -0.0120593
    1       7      19     0.0020216       0.0095024
    1       8      23     0.0020484       0.0096371
    1       9      14    -0.0048760      -0.0000825
    1       9      16     0.0022773       0.0000825
    1       9      21    -0.0223166      -0.0000825
    1       9      26     0.0067558       0.0000825
    1      10      14     0.0047142       0.0000022
    1      10      16    -0.0024304      -0.0000022
    1      10      21     0.0221598       0.0000022
    1      10      26     0.0067558       0.0000022
    1      14      11     0.0022712       0.0408204
    1      14      12     0.9885879       0.6515221
    1      14      13     0.0023053       0.0503481
    1      14      14     0.0219470       0.1779852
    1      14      21     0.0059920       0.1779852
    1      14      30     0.0030746       0.0556959
    1      14      32     0.0273359       0.1779852
    1      14      34    -0.0032100      -0.5100349
    1      15      30    -0.0030746      -0.0237119
    1      16      12    -0.0037276      -0.0014664
    1      16      14    -0.0219302      -0.0190839
    1      16      21    -0.0057059      -0.0190839
    1      16      30     0.0030746       0.0750010
    1      16      32     0.0273359       0.0190839
    1      16      34    -0.0032100      -0.0279306
    1      17      30    -0.0030746      -0.0409832
    1      18      12     0.0022072       0.0092745
    1      18      34     0.0032100       0.0088049
    1      19      11     0.0028669       0.0922948
    1      19      12     0.0027863       0.0767904
    1      19      13     0.9902608       0.6947024
    1      19      14     0.7415596       0.2044973
    1      19      16    -0.0300968      -0.2044973
    1      19      21    -0.0893669      -0.2044973
    1      19      23    -0.0020484      -0.5036925
    1      19      24     0.0027522       0.0927915
    1      19      32    -0.0097658      -0.2044973
    1      19      35     0.0030507       0.0818727
    1      20      35    -0.0030507      -0.0159394
    2       3      11     0.0029359       0.1013666
    2       3      14    -0.0691631      -0.2121876
    2       3      15     0.9938106       0.7067981
    2       3      16     0.8385660       0.2121876
    2       3      17     0.0032821       0.0988987
    2       3      18     0.0028448       0.0986114
    2       3      19     0.0032032       0.0963231
    2       3      21    -0.0825324      -0.2121876
    2       4      14    -0.0512660      -0.0229772
    2       4      15     0.0027522       0.0008008
    2       4      16     0.1262977       0.0229772
    2       4      17    -0.0020484      -0.0242694
    2       4      18     0.0028448       0.0018878
    2       4      19     0.0030507       0.1015538
    2       4      21    -0.0838027      -0.0229772
    2       4      32    -0.0067774      -0.0229772
    2       5      13     0.0028448       0.0192604
    2       5      14     0.0691631       0.0095406
    2       5      16    -0.0309721      -0.0095406
    2       5      18     0.0028448       0.0192604
    2       5      21    -0.0838027      -0.0095406
    2       6      17     0.9393429       0.6590034
    2       7      19    -0.0032032      -0.0057746
    2       9      14    -0.0048760      -0.0005242
    2       9      16     0.0022773       0.0005242
    2       9      18    -0.0023053      -0.0003740
    2       9      21    -0.0223166      -0.0005242
    2      10      14     0.0047142       0.0000078
    2      10      16    -0.0024304      -0.0000078
    2      10      21     0.0221598       0.0000078
    2      14      11    -0.0022712      -0.0371914
    2      14      12    -0.0029030      -0.0187991
    2      14      13     0.0023053       0.0841982
    2      14      14     0.0219470       0.0179063
    2      14      21     0.0059920       0.0179063
    2      14      32    -0.0093807      -0.0179063
    2      16      12     0.0029030       0.0066198
    2      16      14    -0.0219302      -0.0047517
    2      16      21    -0.0057059      -0.0047517
    2      16      32    -0.0093807      -0.0047517
    2      18      12     0.0022072       0.0004785
    2      19      11     0.0028669       0.0043904
    2      19      12     0.0027863       0.1227512
    2      19      13     0.0029846       0.0055759
    2      19      14     0.0691631       0.0245600
    2      19      16    -0.0300968      -0.0245600
    2      19      21    -0.0838027      -0.0245600
    2      19      32     0.0093807       0.0245600
    3       4      14     0.0512660       0.2044973
    3       4      15     0.0027522       0.0927915
    3       4      16     0.1262977       0.2044973
    3       4      17    -0.0020484      -0.5036925
    3       4      18     0.9902608       0.6947024
    3       4      19     0.0030507       0.0818727
    3       4      20     0.0028669       0.0922948
    3       4      21     0.0825324       0.2044973
    3       4      22     0.0027863       0.0767904
    3       4      26    -0.0097062      -0.2044973
    3       5      14    -0.0701675      -0.0245600
    3       5      16    -0.0309721      -0.0245600
    3       5      18     0.0029846       0.0055759
    3       5      20     0.0028669       0.0043904
    3       5      21     0.0825324       0.0245600
    3       5      22     0.0027863       0.1227512
    3       5      26     0.0094343       0.0245600
    3       6      17    -0.0032821      -0.0032974
    3       7      19     0.9414388       0.6584494
    3       9      14     0.0048760       0.0200922
    3       9      16     0.0022773       0.0200922
    3       9      18    -0.0023053      -0.0255402
    3       9      20     0.0022712       0.1007500
    3       9      21     0.0223166       0.0200922
    3       9      22    -0.0027863      -0.0123449
    3       9      26    -0.0097062      -0.0200922
    3      10      14    -0.0047142      -0.0005793
    3      10      16    -0.0024304      -0.0005793
    3      10      21    -0.0221598      -0.0005793
    3      10      22    -0.0027863      -0.0004305
    3      10      26    -0.0097062      -0.0005793
    3      13      22     0.0022072       0.0000230
    3      14      11    -0.0022712      -0.0003810
    3      14      14    -0.0219470      -0.0004805
    3      14      21    -0.0059920      -0.0004805
    3      16      14     0.0219302       0.0000562
    3      16      21     0.0057059       0.0000562
    3      19      11     0.0028669       0.0202907
    3      19      14    -0.0701675      -0.0098219
    3      19      16    -0.0300968      -0.0098219
    3      19      20     0.0028669       0.0202907
    3      19      21     0.0825324       0.0098219
    4       5      14    -0.0512660      -0.2049812
    4       5      16    -0.0309721      -0.2049812
    4       5      18     0.0029846       0.0950817
    4       5      20     0.9921540       0.6959287
    4       5      21     0.7807442       0.2049812
    4       5      22     0.0029030       0.0720663
    4       5      23     0.0032266       0.0873349
    4       5      24     0.0029665       0.0975674
    4       5      26    -0.0094343      -0.2049812
    4       5      35    -0.0020216      -0.5061539
    4       6      17     0.0020484       0.0096371
    4       7      19    -0.0030507      -0.0159394
    4       8      23    -0.0032266      -0.0120593
    4       9      14     0.0048760       0.1779852
    4       9      16     0.0022773       0.1779852
    4       9      18     0.0023053       0.0503481
    4       9      20     0.0022712       0.0408204
    4       9      21     0.0223166       0.1779852
    4       9      22     0.9885879       0.6515221
    4       9      26     0.0273567       0.1779852
    4       9      27     0.0030746       0.0556959
    4       9      29    -0.0032100      -0.5100349
    4      10      14    -0.0047142      -0.0190839
    4      10      16    -0.0024304      -0.0190839
    4      10      21    -0.0221598      -0.0190839
    4      10      22    -0.0037276      -0.0014664
    4      10      26     0.0273567       0.0190839
    4      10      27     0.0030746       0.0750010
    4      10      29    -0.0032100      -0.0279306
    4      11      27    -0.0030746      -0.0409832
    4      12      27    -0.0030746      -0.0237119
    4      13      22     0.0022072       0.0092745
    4      13      29     0.0032100       0.0088049
    4      14      14    -0.0219470      -0.0000825
    4      14      21    -0.0059920      -0.0000825
    4      14      32     0.0067774       0.0000825
    4      16      14     0.0219302       0.0000022
    4      16      21     0.0057059       0.0000022
    4      16      32     0.0067774       0.0000022
    4      19      14    -0.0512660      -0.0233725
    4      19      16    -0.0300968      -0.0233725
    4      19      20     0.0029359       0.0045838
    4      19      21     0.1035409       0.0233725
    4      19      23     0.0032266       0.1006888
    4      19      24     0.0029665       0.0063482
    4      19      32    -0.0067774      -0.0233725
    4      19      35    -0.0020216      -0.0240036
    4      20      35     0.0020216       0.0095024
    5       8      23     0.9393429       0.6590034
    5       9      14    -0.0048760      -0.0179063
    5       9      16    -0.0022773      -0.0179063
    5       9      18     0.0023053       0.0841982
    5       9      20    -0.0022712      -0.0371914
    5       9      21     0.0223166       0.0179063
    5       9      22    -0.0029030      -0.0187991
    5       9      26    -0.0094343      -0.0179063
    5      10      14     0.0047142       0.0047517
    5      10      16     0.0024304       0.0047517
    5      10      21    -0.0221598      -0.0047517
    5      10      22     0.0029030       0.0066198
    5      10      26    -0.0094343      -0.0047517
    5      13      22     0.0022072       0.0004785
    5      14      13    -0.0023053      -0.0003740
    5      14      14     0.0219470       0.0005242
    5      14      21    -0.0059920      -0.0005242
    5      16      14    -0.0219302      -0.0000078
    5      16      21     0.0057059       0.0000078
    5      19      13     0.0028448       0.0986114
    5      19      14     0.1568261       0.2121876
    5      19      16     0.0300968       0.2121876
    5      19      20     0.0029359       0.1013666
    5      19      21     0.1035409       0.2121876
    5      19      23     0.0032821       0.0988987
    5      19      24     0.9938106       0.7067981
    5      19      35     0.0032032       0.0963231
    5      20      35    -0.0032032      -0.0057746
    8      19      23    -0.0032821      -0.0032974
    9      10      14    -0.0047142      -0.2354730
    9      10      16    -0.0022773      -0.2354730
    9      10      21    -0.0221598      -0.2354730
    9      10      22     0.0037276       0.1109387
    9      10      25     0.9951235       0.7411632
    9      10      26     0.9680063       0.2354730
    9      10      27     0.0044676       0.1342409
    9      10      28     0.0044957       0.1245021
    9      10      29     0.0048036       0.1327998
    9      11      27    -0.0032153      -0.0274823
    9      11      28     0.0044957       0.0076581
    9      12      27     0.9428112       0.6557816
    9      12      28    -0.0025722      -0.4568009
    9      13      22    -0.0022072      -0.0302745
    9      13      29     0.0048036       0.0192166
    9      14      14    -0.0048760      -0.0000002
    9      14      21    -0.0059920      -0.0000002
    9      16      14     0.0048760       0.0000000
    9      16      21     0.0057059       0.0000000
    9      19      14    -0.0048760      -0.0004805
    9      19      16    -0.0022773      -0.0004805
    9      19      20    -0.0022712      -0.0003810
    9      19      21     0.0223166       0.0004805
   10      11      27    -0.0032153      -0.5213871
   10      11      28     0.9433979       0.6593336
   10      12      27     0.0044676       0.0203433
   10      12      28    -0.0025722      -0.0319179
   10      13      22    -0.0022072      -0.4792295
   10      13      29     0.9420755       0.6592362
   10      14      14     0.0047142       0.0000000
   10      14      21     0.0059920       0.0000000
   10      16      14     0.0047142       0.0000000
   10      16      21     0.0057059       0.0000000
   10      19      14     0.0047142       0.0000562
   10      19      16     0.0024304       0.0000562
   10      19      21    -0.0221598      -0.0000562
   11      12      27     0.0032153       0.0145542
   11      12      28     0.0025722       0.0145542
   14      15      30     0.9428112       0.6557816
   14      15      33    -0.0025722      -0.4568009
   14      16      12     0.0037276       0.1109387
   14      16      14    -0.0219302      -0.2354730
   14      16      21    -0.0057059      -0.2354731
   14      16      30     0.0044676       0.1342409
   14      16      31     0.9951235       0.7411632
   14      16      32     0.9679730       0.2354730
   14      16      33     0.0044957       0.1245021
   14      16      34     0.0048036       0.1327998
   14      17      30    -0.0032153      -0.0274823
   14      17      33     0.0044957       0.0076581
   14      18      12    -0.0022072      -0.0302745
   14      18      34     0.0048036       0.0192166
   14      19      11     0.0022712       0.1007500
   14      19      12    -0.0027863      -0.0123449
   14      19      13    -0.0023053      -0.0255402
   14      19      14     0.0219470       0.0200922
   14      19      21    -0.0059920      -0.0200922
   14      19      32    -0.0097658      -0.0200922
   15      16      30     0.0044676       0.0203433
   15      16      33    -0.0025722      -0.0319179
   15      17      30     0.0032153       0.0145542
   15      17      33     0.0025722       0.0145542
   16      17      30    -0.0032153      -0.5213871
   16      17      33     0.9433979       0.6593336
   16      18      12    -0.0022072      -0.4792295
   16      18      34     0.9420755       0.6592362
   16      19      12    -0.0027863      -0.0004305
   16      19      14    -0.0219302      -0.0005793
   16      19      21     0.0057059       0.0005793
   16      19      32    -0.0097658      -0.0005793
   18      19      12     0.0022072       0.0000230
   19      20      35     0.9414388       0.6584494


 Atom-Atom Net Linear NLMO/NPA Bond Orders:

     Atom    1       2       3       4       5       6       7       8       9
     ---- ------  ------  ------  ------  ------  ------  ------  ------  ------
   1.  C  0.0000  1.2697 -0.0283 -0.0068  0.0329 -0.0085  0.0037  0.0045 -0.0142
   2.  C  1.2697  0.0000  1.6900 -0.0123 -0.0478  0.9317 -0.0069  0.0039 -0.0233
   3.  C -0.0283  1.6900  0.0000  1.2454 -0.0059 -0.0072  0.9342  0.0052  0.0107
   4.  C -0.0068 -0.0123  1.2454  0.0000  1.6877  0.0045 -0.0071 -0.0085  1.0448
   5.  C  0.0329 -0.0478 -0.0059  1.6877  0.0000  0.0039  0.0038  0.9317 -0.0048
   6.  H -0.0085  0.9317 -0.0072  0.0045  0.0039  0.0000 -0.0017  0.0046 -0.0017
   7.  H  0.0037 -0.0069  0.9342 -0.0071  0.0038 -0.0017  0.0000 -0.0006 -0.0041
   8.  H  0.0045  0.0039  0.0052 -0.0085  0.9317  0.0046 -0.0006  0.0000 -0.0034
   9.  C -0.0142 -0.0233  0.0107  1.0448 -0.0048 -0.0017 -0.0041 -0.0034  0.0000
  10.  C  0.0289  0.0281 -0.0370 -0.0112 -0.0259  0.0016 -0.0006  0.0008  1.9500
  11.  H  0.0003 -0.0006  0.0008 -0.0057  0.0008  0.0003  0.0008  0.0026 -0.0004
  12.  H -0.0002 -0.0012 -0.0032 -0.0074  0.0056 -0.0008  0.0034  0.0004  0.9357
  13.  H  0.0005  0.0016  0.0024  0.0074  0.0024 -0.0005 -0.0010 -0.0018  0.0021
  14.  C  1.0448  0.0096 -0.0248 -0.0156  0.0160 -0.0034 -0.0018 -0.0017 -0.0044
  15.  H -0.0074  0.0056  0.0010 -0.0002 -0.0012  0.0004  0.0019 -0.0008 -0.0004
  16.  C -0.0112 -0.0402  0.0288  0.0305 -0.0109  0.0008 -0.0002  0.0016  0.0076
  17.  H -0.0057  0.0008 -0.0021  0.0003 -0.0006  0.0026 -0.0003  0.0003 -0.0003
  18.  H  0.0074  0.0024  0.0019  0.0005  0.0016 -0.0018 -0.0003 -0.0005  0.0000
  19.  C  1.6073 -0.0321 -0.0199  0.0191  1.2937  0.0052  0.0038 -0.0072  0.0167
  20.  H -0.0071  0.0038  0.0038  0.0037 -0.0069 -0.0006  0.0047 -0.0017 -0.0018

     Atom   10      11      12      13      14      15      16      17      18
     ---- ------  ------  ------  ------  ------  ------  ------  ------  ------
   1.  C  0.0289  0.0003 -0.0002  0.0005  1.0448 -0.0074 -0.0112 -0.0057  0.0074
   2.  C  0.0281 -0.0006 -0.0012  0.0016  0.0096  0.0056 -0.0402  0.0008  0.0024
   3.  C -0.0370  0.0008 -0.0032  0.0024 -0.0248  0.0010  0.0288 -0.0021  0.0019
   4.  C -0.0112 -0.0057 -0.0074  0.0074 -0.0156 -0.0002  0.0305  0.0003  0.0005
   5.  C -0.0259  0.0008  0.0056  0.0024  0.0160 -0.0012 -0.0109 -0.0006  0.0016
   6.  H  0.0016  0.0003 -0.0008 -0.0005 -0.0034  0.0004  0.0008  0.0026 -0.0018
   7.  H -0.0006  0.0008  0.0034 -0.0010 -0.0018  0.0019 -0.0002 -0.0003 -0.0003
   8.  H  0.0008  0.0026  0.0004 -0.0018 -0.0017 -0.0008  0.0016  0.0003 -0.0005
   9.  C  1.9500 -0.0004  0.9357  0.0021 -0.0044 -0.0004  0.0076 -0.0003  0.0000
  10.  C  0.0000  0.9375  0.0003  0.9377  0.0078  0.0001  0.0153  0.0001  0.0001
  11.  H  0.9375  0.0000  0.0074 -0.0029 -0.0003 -0.0000  0.0001  0.0000  0.0001
  12.  H  0.0003  0.0074  0.0000 -0.0028 -0.0004  0.0001  0.0001 -0.0000 -0.0001
  13.  H  0.9377 -0.0029 -0.0028  0.0000  0.0000 -0.0001  0.0001  0.0001  0.0000
  14.  C  0.0078 -0.0003 -0.0004  0.0000  0.0000  0.9357  1.9500 -0.0004  0.0021
  15.  H  0.0001 -0.0000  0.0001 -0.0001  0.9357  0.0000  0.0003  0.0074 -0.0028
  16.  C  0.0153  0.0001  0.0001  0.0001  1.9500  0.0003  0.0000  0.9375  0.9377
  17.  H  0.0001  0.0000 -0.0000  0.0001 -0.0004  0.0074  0.9375  0.0000 -0.0029
  18.  H  0.0001  0.0001 -0.0001  0.0000  0.0021 -0.0028  0.9377 -0.0029  0.0000
  19.  C -0.0122 -0.0021  0.0010  0.0019 -0.0044 -0.0032 -0.0224  0.0008  0.0024
  20.  H -0.0002 -0.0003  0.0019 -0.0003 -0.0041  0.0034 -0.0006  0.0008 -0.0010

     Atom   19      20
     ---- ------  ------
   1.  C  1.6073 -0.0071
   2.  C -0.0321  0.0038
   3.  C -0.0199  0.0038
   4.  C  0.0191  0.0037
   5.  C  1.2937 -0.0069
   6.  H  0.0052 -0.0006
   7.  H  0.0038  0.0047
   8.  H -0.0072 -0.0017
   9.  C  0.0167 -0.0018
  10.  C -0.0122 -0.0002
  11.  H -0.0021 -0.0003
  12.  H  0.0010  0.0019
  13.  H  0.0019 -0.0003
  14.  C -0.0044 -0.0041
  15.  H -0.0032  0.0034
  16.  C -0.0224 -0.0006
  17.  H  0.0008  0.0008
  18.  H  0.0024 -0.0010
  19.  C  0.0000  0.9342
  20.  H  0.9342  0.0000


 Linear NLMO/NPA Bond Orders, Totals by Atom:

     Atom    1
     ---- ------
   1.  C  3.9108
   2.  C  3.7830
   3.  C  3.7960
   4.  C  3.9692
   5.  C  3.8762
   6.  H  0.9295
   7.  H  0.9318
   8.  H  0.9295
   9.  C  3.9088
  10.  C  3.8214
  11.  H  0.9386
  12.  H  0.9400
  13.  H  0.9471
  14.  C  3.9045
  15.  H  0.9400
  16.  C  3.8252
  17.  H  0.9386
  18.  H  0.9471
  19.  C  3.7828
  20.  H  0.9318


 DIPOLE MOMENT ANALYSIS:

 [Print threshold: Net dipole > 0.02 Debye]

                                 NLMO bond dipole            NBO bond dipole
                             -------------------------  ------------------------
          Orbital              x     y     z   Total      x     y     z   Total
 ===============================================================================
   1. CR ( 1) C  1          -10.82 -5.78 -0.00 12.27   -10.83 -5.78  0.00 12.27

   2. CR ( 1) C  2          -10.22  6.35  0.00 12.03   -10.22  6.35  0.00 12.03

   3. CR ( 1) C  3            0.37 11.98  0.00 11.98     0.37 11.98  0.00 11.98

   4. CR ( 1) C  4           10.82  5.78 -0.00 12.27    10.83  5.78  0.00 12.27

   5. CR ( 1) C  5           10.22 -6.35  0.00 12.03    10.22 -6.35  0.00 12.03

   6. CR ( 1) C  9           21.89 12.21  0.00 25.07    21.89 12.21  0.00 25.07

   7. CR ( 1) C 10           32.45  7.68  0.00 33.34    32.45  7.68  0.00 33.34

   8. CR ( 1) C 14          -21.89-12.21 -0.00 25.07   -21.89-12.21  0.00 25.07

   9. CR ( 1) C 16          -32.45 -7.68 -0.00 33.34   -32.45 -7.68  0.00 33.34

  10. CR ( 1) C 19           -0.37-11.98 -0.00 11.98    -0.37-11.98  0.00 11.98

  11. BD ( 1) C  1- C  2    -10.75  0.28 -0.00 10.75   -10.78  0.34 -0.00 10.79
                                             deloc  37: -0.12 -0.02  0.00  0.12
                                             deloc  42: -0.11  0.03 -0.00  0.12
                                             deloc  38:  0.09 -0.02 -0.00  0.09
                                             deloc  60:  0.05 -0.07 -0.00  0.09
                                             deloc  40:  0.08  0.01 -0.00  0.08
                                             deloc  44:  0.05  0.06 -0.00  0.08
                                             deloc  55: -0.04 -0.05  0.00  0.06
                                             deloc  43:  0.03  0.03  0.00  0.04
                                             deloc  49:  0.02 -0.03  0.00  0.03

  12. BD ( 1) C  1- C 14    -16.47 -8.75  0.00 18.65   -16.51 -8.82  0.00 18.71
                                             deloc  55:  0.05 -0.14 -0.00  0.15
                                             deloc  36: -0.04  0.13  0.00  0.13
                                             deloc  38:  0.07 -0.09  0.00  0.12
                                             deloc  56: -0.07  0.08 -0.00  0.10
                                             deloc  59: -0.10 -0.00 -0.00  0.10
                                             deloc  49:  0.07 -0.01  0.00  0.07
                                             deloc  40:  0.03  0.06  0.00  0.07
                                             deloc  58: -0.06  0.00  0.00  0.06
                                             deloc  42:  0.01  0.04  0.00  0.04
                                             deloc  60:  0.04 -0.01  0.00  0.04

  13. BD ( 1) C  1- C 19     -5.69 -9.00 -0.00 10.64    -5.64 -9.04 -0.00 10.65
                                             deloc  60: -0.04 -0.12  0.00  0.12
                                             deloc  37: -0.08 -0.09  0.00  0.12
                                             deloc  42: -0.03  0.08 -0.00  0.09
                                             deloc  49:  0.05  0.07  0.00  0.09
                                             deloc  36:  0.03  0.08 -0.00  0.09
                                             deloc  48:  0.08  0.00  0.00  0.08
                                             deloc  56: -0.05 -0.01 -0.00  0.05
                                             deloc  45:  0.04  0.01  0.00  0.04
                                             deloc  40: -0.01  0.03 -0.00  0.04
                                             deloc  55: -0.03 -0.01  0.00  0.03

  14. BD ( 2) C  1- C 19     -1.99 -5.31  0.00  5.67    -5.56 -9.08  0.00 10.65
                                             deloc  46:  3.34  1.46  0.00  3.65
                                             deloc  41:  0.10  2.74 -0.00  2.74
                                             deloc  57: -1.01 -0.08  0.00  1.01
                                             deloc  39:  0.58 -0.35  0.00  0.68
                                             deloc  51:  0.33  0.20 -0.00  0.39
                                             deloc  21:  0.23 -0.20  0.00  0.30

  15. BD ( 1) C  2- C  3     -4.94  9.18  0.00 10.42    -4.97  9.26  0.00 10.51
                                             deloc  44: -0.03  0.11 -0.00  0.11
                                             deloc  42: -0.07  0.08  0.00  0.11
                                             deloc  43:  0.05 -0.07 -0.00  0.09
                                             deloc  36:  0.03 -0.08 -0.00  0.08
                                             deloc  37: -0.04 -0.07 -0.00  0.08
                                             deloc  47:  0.07 -0.01  0.00  0.07
                                             deloc  38: -0.01 -0.03 -0.00  0.03
                                             deloc  45:  0.03 -0.00 -0.00  0.03

  16. BD ( 2) C  2- C  3     -2.94  5.54 -0.00  6.27    -5.04  9.38 -0.00 10.65
                                             deloc  46:  2.38 -1.15  0.00  2.65
                                             deloc  39: -0.37 -2.60  0.00  2.63
                                             deloc  14: -0.26 -0.16  0.00  0.31
                                             deloc  21:  0.27  0.13  0.00  0.30
                                             deloc  51:  0.16  0.01  0.00  0.16
                                             deloc  57: -0.08 -0.06  0.00  0.10

  17. BD ( 1) C  2- H  6    -17.13 10.77 -0.00 20.24   -17.31 10.93 -0.00 20.47
                                             deloc  36: -0.05 -0.11 -0.00  0.12
                                             deloc  40:  0.07  0.08  0.00  0.11
                                             deloc  43:  0.09  0.01  0.00  0.09
                                             deloc  38:  0.02 -0.07 -0.00  0.07
                                             deloc  37:  0.01 -0.05  0.00  0.05
                                             deloc  44:  0.04  0.01  0.00  0.04
                                             deloc  58: -0.03 -0.02  0.00  0.03

  18. BD ( 1) C  3- C  4      5.69  9.00 -0.00 10.64     5.64  9.04 -0.00 10.65
                                             deloc  44:  0.04  0.12 -0.00  0.12
                                             deloc  47:  0.08  0.09  0.00  0.12
                                             deloc  48:  0.03 -0.08 -0.00  0.09
                                             deloc  40: -0.05 -0.07  0.00  0.09
                                             deloc  45: -0.03 -0.08 -0.00  0.09
                                             deloc  42: -0.08 -0.00  0.00  0.08
                                             deloc  50:  0.05  0.01  0.00  0.05
                                             deloc  36: -0.04 -0.01 -0.00  0.04
                                             deloc  49:  0.01 -0.03  0.00  0.04
                                             deloc  52:  0.03  0.01 -0.00  0.03

  19. BD ( 1) C  3- H  7      0.60 20.20 -0.00 20.21     0.58 20.44 -0.00 20.45
                                             deloc  43:  0.12 -0.02 -0.00  0.12
                                             deloc  40: -0.11 -0.01  0.00  0.11
                                             deloc  36: -0.06 -0.07  0.00  0.09
                                             deloc  45:  0.04 -0.06 -0.00  0.07
                                             deloc  42: -0.03 -0.03 -0.00  0.04
                                             deloc  47:  0.02 -0.03  0.00  0.04

  20. BD ( 1) C  4- C  5     10.75 -0.28 -0.00 10.75    10.78 -0.34 -0.00 10.79
                                             deloc  47:  0.12  0.02  0.00  0.12
                                             deloc  48:  0.11 -0.03 -0.00  0.12
                                             deloc  43: -0.09  0.02 -0.00  0.09
                                             deloc  44: -0.05  0.07 -0.00  0.09
                                             deloc  49: -0.08 -0.01  0.00  0.08
                                             deloc  60: -0.05 -0.06  0.00  0.08
                                             deloc  52:  0.04  0.05 -0.00  0.06
                                             deloc  38: -0.03 -0.03  0.00  0.04
                                             deloc  40: -0.02  0.03  0.00  0.03

  21. BD ( 2) C  4- C  5      4.92 -0.24  0.00  4.93    10.68 -0.43  0.00 10.69
                                             deloc  39: -3.32 -1.80  0.00  3.77
                                             deloc  41: -2.79  1.72 -0.00  3.28
                                             deloc  51:  0.80  0.50 -0.00  0.94
                                             deloc  57: -0.47 -0.12  0.00  0.49
                                             deloc  46: -0.00 -0.07 -0.00  0.07
                                             deloc  14:  0.04 -0.03  0.00  0.05

  22. BD ( 1) C  4- C  9     16.47  8.75  0.00 18.65    16.51  8.82  0.00 18.71
                                             deloc  52: -0.05  0.14  0.00  0.15
                                             deloc  45:  0.04 -0.13  0.00  0.13
                                             deloc  43: -0.07  0.09  0.00  0.12
                                             deloc  50:  0.07 -0.08  0.00  0.10
                                             deloc  54:  0.10  0.00  0.00  0.10
                                             deloc  40: -0.07  0.01 -0.00  0.07
                                             deloc  49: -0.03 -0.06  0.00  0.07
                                             deloc  53:  0.06 -0.00  0.00  0.06
                                             deloc  48: -0.01 -0.04 -0.00  0.04
                                             deloc  44: -0.04  0.01  0.00  0.04

  23. BD ( 1) C  5- H  8     17.13-10.77 -0.00 20.24    17.31-10.93 -0.00 20.47
                                             deloc  45:  0.05  0.11 -0.00  0.12
                                             deloc  49: -0.07 -0.08  0.00  0.11
                                             deloc  38: -0.09 -0.01 -0.00  0.09
                                             deloc  43: -0.02  0.07 -0.00  0.07
                                             deloc  47: -0.01  0.05  0.00  0.05
                                             deloc  60: -0.04 -0.01  0.00  0.04
                                             deloc  53:  0.03  0.02 -0.00  0.03

  24. BD ( 1) C  5- C 19      4.94 -9.18  0.00 10.42     4.97 -9.26  0.00 10.51
                                             deloc  60:  0.03 -0.11  0.00  0.11
                                             deloc  48:  0.07 -0.08  0.00  0.11
                                             deloc  38: -0.05  0.07  0.00  0.09
                                             deloc  45: -0.03  0.08  0.00  0.08
                                             deloc  47:  0.04  0.07  0.00  0.08
                                             deloc  37: -0.07  0.01 -0.00  0.07
                                             deloc  43:  0.01  0.03 -0.00  0.03
                                             deloc  36: -0.03  0.00 -0.00  0.03

  25. BD ( 1) C  9- C 10     27.06  9.75  0.00 28.77    27.14  9.78  0.00 28.85
                                             deloc  47: -0.07 -0.09  0.00  0.11
                                             deloc  53: -0.01 -0.10  0.00  0.10
                                             deloc  54:  0.05  0.07  0.00  0.09
                                             deloc  52:  0.01  0.09  0.00  0.09
                                             deloc  43: -0.04 -0.01 -0.00  0.04

  26. BD ( 2) C  9- C 10     25.95  9.52 -0.00 27.64    27.31  9.98 -0.00 29.08
                                             deloc  46: -0.62 -0.33  0.00  0.70
                                             deloc  39: -0.22 -0.11  0.00  0.24
                                             deloc  16: -0.22  0.00 -0.00  0.22
                                             deloc  57: -0.10 -0.03 -0.00  0.11
                                             deloc  14: -0.07 -0.02  0.00  0.08
                                             deloc  41: -0.08  0.01  0.00  0.08
                                             deloc  21: -0.03  0.03  0.00  0.04

  27. BD ( 1) C  9- H 12     21.04 20.38  0.00 29.29    21.06 20.64  0.00 29.48
                                             deloc  53:  0.10 -0.11 -0.00  0.14
                                             deloc  47: -0.14 -0.03  0.00  0.14
                                             deloc  45: -0.05 -0.06 -0.00  0.08
                                             deloc  50:  0.08  0.00  0.00  0.08
                                             deloc  54:  0.04 -0.04 -0.00  0.05
                                             deloc  43: -0.02 -0.02 -0.00  0.03

  28. BD ( 1) C 10- H 11     33.75 -0.44  0.00 33.76    33.88 -0.58  0.00 33.89
                                             deloc  54:  0.12  0.04  0.00  0.13
                                             deloc  52: -0.08  0.08 -0.00  0.11
                                             deloc  50: -0.09 -0.00  0.00  0.09
                                             deloc  47: -0.05  0.05  0.00  0.07
                                             deloc  48: -0.03 -0.02 -0.00  0.04

  29. BD ( 1) C 10- H 13     39.09 12.46 -0.00 41.03    39.30 12.53 -0.00 41.24
                                             deloc  47: -0.15 -0.00  0.00  0.15
                                             deloc  53:  0.06 -0.11 -0.00  0.13
                                             deloc  50: -0.05  0.06  0.00  0.08
                                             deloc  52: -0.05  0.00  0.00  0.05

  30. BD ( 1) C 14- H 15    -21.04-20.38 -0.00 29.29   -21.06-20.64 -0.00 29.48
                                             deloc  58: -0.10  0.11 -0.00  0.14
                                             deloc  37:  0.14  0.03  0.00  0.14
                                             deloc  36:  0.05  0.06 -0.00  0.08
                                             deloc  56: -0.08 -0.00 -0.00  0.08
                                             deloc  59: -0.04  0.04  0.00  0.05
                                             deloc  38:  0.02  0.02 -0.00  0.03

  31. BD ( 1) C 14- C 16    -27.06 -9.75 -0.00 28.77   -27.14 -9.78 -0.00 28.85
                                             deloc  37:  0.07  0.09 -0.00  0.11
                                             deloc  58:  0.01  0.10 -0.00  0.10
                                             deloc  59: -0.05 -0.07 -0.00  0.09
                                             deloc  55: -0.01 -0.09 -0.00  0.09
                                             deloc  38:  0.04  0.01  0.00  0.04

  32. BD ( 2) C 14- C 16    -25.95 -9.52  0.00 27.64   -27.31 -9.98  0.00 29.08
                                             deloc  39:  0.75  0.10 -0.00  0.76
                                             deloc  46:  0.22  0.08  0.00  0.23
                                             deloc  16:  0.15  0.13 -0.00  0.20
                                             deloc  51:  0.10  0.03  0.00  0.11
                                             deloc  21:  0.07  0.04 -0.00  0.08
                                             deloc  41:  0.04  0.04 -0.00  0.06
                                             deloc  14:  0.00  0.03 -0.00  0.03

  33. BD ( 1) C 16- H 17    -33.75  0.44  0.00 33.76   -33.88  0.58  0.00 33.89
                                             deloc  59: -0.12 -0.04  0.00  0.13
                                             deloc  55:  0.08 -0.08 -0.00  0.11
                                             deloc  56:  0.09  0.00 -0.00  0.09
                                             deloc  37:  0.05 -0.05  0.00  0.07
                                             deloc  42:  0.03  0.02  0.00  0.04

  34. BD ( 1) C 16- H 18    -39.09-12.46  0.00 41.03   -39.30-12.53  0.00 41.24
                                             deloc  37:  0.15  0.00  0.00  0.15
                                             deloc  58: -0.06  0.11  0.00  0.13
                                             deloc  56:  0.05 -0.06 -0.00  0.08
                                             deloc  55:  0.05 -0.00  0.00  0.05

  35. BD ( 1) C 19- H 20     -0.60-20.20  0.00 20.21    -0.58-20.44  0.00 20.45
                                             deloc  38: -0.12  0.02  0.00  0.12
                                             deloc  49:  0.11  0.01  0.00  0.11
                                             deloc  45:  0.06  0.07 -0.00  0.09
                                             deloc  36: -0.04  0.06 -0.00  0.07
                                             deloc  48:  0.03  0.03  0.00  0.04
                                             deloc  37: -0.02  0.03  0.00  0.04
                            ----------------------------------------------------
         Net dipole moment   -0.00 -0.00  0.00  0.00     0.08 -0.13  0.00  0.15
 Delocalization correction                              -0.08  0.13  0.00  0.15
                            ----------------------------------------------------
       Total dipole moment   -0.00 -0.00  0.00  0.00    -0.00 -0.00  0.00  0.00

 NBO analysis completed in 0.12 CPU seconds (0 wall seconds)
 Maximum scratch memory used by NBO was 253586 words (1.93 MB)
 Maximum scratch memory used by GENNBO was 6510 words (0.05 MB)

 Total cpu seconds     user:       1.563   user+sys:       1.563
  
 Total elapsed time:    6 seconds

Job dvb_sp_ks_nbo completed on anonymized-host at Wed Jul 29 11:08:04 2026
