Job dvb_sp_ks started on anonymized-host at Wed Jul 29 10:54:30 2026
jobid: 6530f035-8b5d-11f1-be87-00be43be7bed

  +------------------------------------------------------------------------+
  |  Jaguar version 13.3, release 113                                      |
  |                                                                        |
  |  Copyright Schrodinger, Inc.                                           |
  |  All Rights Reserved.                                                  |
  |                                                                        |
  |  The following have contributed to Jaguar (listed alphabetically):     |
  |  Ty Balduf, Mike Beachy, Chandler Bennett, Art Bochevarov,             |
  |  Dale Braden, Yixiang Cao, Alan Chien, Chris Cortis,                   |
  |  Rich Friesner, Jim Furness, Bill Goddard, Hod Greeley,                |
  |  Tom Hughes, Leif Jacobson, Jean-Marc Langlois, Daniel Levine,         |
  |  Daniel Mainz, Rob Murphy, Dean Philipp, Tom Pollard,                  |
  |  Murco Ringnalda, Pablo Videla, Mark Watson, Haoyu Yu.                 |
  |                                                                        |
  |  Use of this program should be acknowledged in publications as:        |
  |                                                                        |
  |  Jaguar, version 13.3, Schrodinger, Inc., New York, NY, 2026.          |
  |                                                                        |
  |  Y. Cao, T. Balduf, M. D. Beachy, M. C. Bennett, A. D. Bochevarov,     |
  |  A. Chien, P. A. Dub, K. G. Dyall, J. W. Furness, M. D. Halls,         |
  |  T. F. Hughes, L. D. Jacobson, H. S. Kwak, D. S. Levine, D. T. Mainz,  |
  |  K. B. Moore, M. Svensson, P. E. Videla, M. A. Watson, R. A. Friesner, |
  |  "Quantum chemical package Jaguar: A survey of recent developments     |
  |  and unique features", J. Chem. Phys. 161, 052502 (2024).              |
  |  DOI: 10.1063/5.0213317                                                |
  +------------------------------------------------------------------------+
  
  start of program pre
  
  Job name: dvb_sp_ks
  Executables used: /scr/shared/builds/2026-3/build/jaguar-v13.3/bin/Linux-x86_64
  Temporary files : /scr/shared/jobs/6530f035-8b5d-11f1-be87-00be43be7bed
  Basis file : using default basis file from /scr/shared/builds/2026-3/build
  Maestro file (input):  dvb_sp_ks.mae
  Maestro file (output): dvb_sp_ks.01.mae
  
 Contents of input file: &gen and (if present) &atomic sections only
 ----------------Contents start----------------
&gen
ip102=8
basis=sto-3g
ip1=2
mulken=1
ip18=2
dftname=b3lyp
ipvirt=-1
&
 -----------------Contents end-----------------
 
  basis set:               sto-3g                          
  net molecular charge:    0
  multiplicity:            1
  
  number of basis functions....           60
  
  Basis set name for each atom
  
  Atom     Basis 
  C1       sto-3g                          
  C2       sto-3g                          
  C3       sto-3g                          
  C4       sto-3g                          
  C5       sto-3g                          
  H6       sto-3g                          
  H7       sto-3g                          
  H8       sto-3g                          
  C9       sto-3g                          
  C10      sto-3g                          
  H11      sto-3g                          
  H12      sto-3g                          
  H13      sto-3g                          
  C14      sto-3g                          
  H15      sto-3g                          
  C16      sto-3g                          
  H17      sto-3g                          
  H18      sto-3g                          
  C19      sto-3g                          
  H20      sto-3g                          
  
  Gaussian basis set information
  
                                                        renorm    mfac*renorm
   atom    fn   prim  L        z            coef         coef         coef
 -------- ----- ---- --- -------------  -----------  -----------  -----------
 C1           1    1   S  7.161684E+01   1.5433E-01   2.7078E+00   2.7078E+00
 C1           1    2   S  1.304510E+01   5.3533E-01   2.6189E+00   2.6189E+00
 C1           1    3   S  3.530512E+00   4.4463E-01   8.1619E-01   8.1619E-01
 C1           2    4   S  2.941249E+00  -9.9967E-02  -1.6002E-01  -1.6002E-01
 C1           2    5   S  6.834831E-01   3.9951E-01   2.1404E-01   2.1404E-01
 C1           2    6   S  2.222899E-01   7.0012E-01   1.6154E-01   1.6154E-01
 C1           3    7   X  2.941249E+00   1.5592E-01   8.5604E-01   8.5604E-01
              4        Y                                           8.5604E-01
              5        Z                                           8.5604E-01
 C1           3    8   X  6.834831E-01   6.0768E-01   5.3830E-01   5.3830E-01
              4        Y                                           5.3830E-01
              5        Z                                           5.3830E-01
 C1           3    9   X  2.222899E-01   3.9196E-01   8.5276E-02   8.5276E-02
              4        Y                                           8.5276E-02
              5        Z                                           8.5276E-02
 C2           6    1   S  7.161684E+01   1.5433E-01   2.7078E+00   2.7078E+00
 C2           6    2   S  1.304510E+01   5.3533E-01   2.6189E+00   2.6189E+00
 C2           6    3   S  3.530512E+00   4.4463E-01   8.1619E-01   8.1619E-01
 C2           7    4   S  2.941249E+00  -9.9967E-02  -1.6002E-01  -1.6002E-01
 C2           7    5   S  6.834831E-01   3.9951E-01   2.1404E-01   2.1404E-01
 C2           7    6   S  2.222899E-01   7.0012E-01   1.6154E-01   1.6154E-01
 C2           8    7   X  2.941249E+00   1.5592E-01   8.5604E-01   8.5604E-01
              9        Y                                           8.5604E-01
             10        Z                                           8.5604E-01
 C2           8    8   X  6.834831E-01   6.0768E-01   5.3830E-01   5.3830E-01
              9        Y                                           5.3830E-01
             10        Z                                           5.3830E-01
 C2           8    9   X  2.222899E-01   3.9196E-01   8.5276E-02   8.5276E-02
              9        Y                                           8.5276E-02
             10        Z                                           8.5276E-02
 C3          11    1   S  7.161684E+01   1.5433E-01   2.7078E+00   2.7078E+00
 C3          11    2   S  1.304510E+01   5.3533E-01   2.6189E+00   2.6189E+00
 C3          11    3   S  3.530512E+00   4.4463E-01   8.1619E-01   8.1619E-01
 C3          12    4   S  2.941249E+00  -9.9967E-02  -1.6002E-01  -1.6002E-01
 C3          12    5   S  6.834831E-01   3.9951E-01   2.1404E-01   2.1404E-01
 C3          12    6   S  2.222899E-01   7.0012E-01   1.6154E-01   1.6154E-01
 C3          13    7   X  2.941249E+00   1.5592E-01   8.5604E-01   8.5604E-01
             14        Y                                           8.5604E-01
             15        Z                                           8.5604E-01
 C3          13    8   X  6.834831E-01   6.0768E-01   5.3830E-01   5.3830E-01
             14        Y                                           5.3830E-01
             15        Z                                           5.3830E-01
 C3          13    9   X  2.222899E-01   3.9196E-01   8.5276E-02   8.5276E-02
             14        Y                                           8.5276E-02
             15        Z                                           8.5276E-02
 C4          16    1   S  7.161684E+01   1.5433E-01   2.7078E+00   2.7078E+00
 C4          16    2   S  1.304510E+01   5.3533E-01   2.6189E+00   2.6189E+00
 C4          16    3   S  3.530512E+00   4.4463E-01   8.1619E-01   8.1619E-01
 C4          17    4   S  2.941249E+00  -9.9967E-02  -1.6002E-01  -1.6002E-01
 C4          17    5   S  6.834831E-01   3.9951E-01   2.1404E-01   2.1404E-01
 C4          17    6   S  2.222899E-01   7.0012E-01   1.6154E-01   1.6154E-01
 C4          18    7   X  2.941249E+00   1.5592E-01   8.5604E-01   8.5604E-01
             19        Y                                           8.5604E-01
             20        Z                                           8.5604E-01
 C4          18    8   X  6.834831E-01   6.0768E-01   5.3830E-01   5.3830E-01
             19        Y                                           5.3830E-01
             20        Z                                           5.3830E-01
 C4          18    9   X  2.222899E-01   3.9196E-01   8.5276E-02   8.5276E-02
             19        Y                                           8.5276E-02
             20        Z                                           8.5276E-02
 C5          21    1   S  7.161684E+01   1.5433E-01   2.7078E+00   2.7078E+00
 C5          21    2   S  1.304510E+01   5.3533E-01   2.6189E+00   2.6189E+00
 C5          21    3   S  3.530512E+00   4.4463E-01   8.1619E-01   8.1619E-01
 C5          22    4   S  2.941249E+00  -9.9967E-02  -1.6002E-01  -1.6002E-01
 C5          22    5   S  6.834831E-01   3.9951E-01   2.1404E-01   2.1404E-01
 C5          22    6   S  2.222899E-01   7.0012E-01   1.6154E-01   1.6154E-01
 C5          23    7   X  2.941249E+00   1.5592E-01   8.5604E-01   8.5604E-01
             24        Y                                           8.5604E-01
             25        Z                                           8.5604E-01
 C5          23    8   X  6.834831E-01   6.0768E-01   5.3830E-01   5.3830E-01
             24        Y                                           5.3830E-01
             25        Z                                           5.3830E-01
 C5          23    9   X  2.222899E-01   3.9196E-01   8.5276E-02   8.5276E-02
             24        Y                                           8.5276E-02
             25        Z                                           8.5276E-02
 H6          26    1   S  3.425251E+00   1.5433E-01   2.7693E-01   2.7693E-01
 H6          26    2   S  6.239137E-01   5.3533E-01   2.6784E-01   2.6784E-01
 H6          26    3   S  1.688554E-01   4.4463E-01   8.3474E-02   8.3474E-02
 H7          27    1   S  3.425251E+00   1.5433E-01   2.7693E-01   2.7693E-01
 H7          27    2   S  6.239137E-01   5.3533E-01   2.6784E-01   2.6784E-01
 H7          27    3   S  1.688554E-01   4.4463E-01   8.3474E-02   8.3474E-02
 H8          28    1   S  3.425251E+00   1.5433E-01   2.7693E-01   2.7693E-01
 H8          28    2   S  6.239137E-01   5.3533E-01   2.6784E-01   2.6784E-01
 H8          28    3   S  1.688554E-01   4.4463E-01   8.3474E-02   8.3474E-02
 C9          29    1   S  7.161684E+01   1.5433E-01   2.7078E+00   2.7078E+00
 C9          29    2   S  1.304510E+01   5.3533E-01   2.6189E+00   2.6189E+00
 C9          29    3   S  3.530512E+00   4.4463E-01   8.1619E-01   8.1619E-01
 C9          30    4   S  2.941249E+00  -9.9967E-02  -1.6002E-01  -1.6002E-01
 C9          30    5   S  6.834831E-01   3.9951E-01   2.1404E-01   2.1404E-01
 C9          30    6   S  2.222899E-01   7.0012E-01   1.6154E-01   1.6154E-01
 C9          31    7   X  2.941249E+00   1.5592E-01   8.5604E-01   8.5604E-01
             32        Y                                           8.5604E-01
             33        Z                                           8.5604E-01
 C9          31    8   X  6.834831E-01   6.0768E-01   5.3830E-01   5.3830E-01
             32        Y                                           5.3830E-01
             33        Z                                           5.3830E-01
 C9          31    9   X  2.222899E-01   3.9196E-01   8.5276E-02   8.5276E-02
             32        Y                                           8.5276E-02
             33        Z                                           8.5276E-02
 C10         34    1   S  7.161684E+01   1.5433E-01   2.7078E+00   2.7078E+00
 C10         34    2   S  1.304510E+01   5.3533E-01   2.6189E+00   2.6189E+00
 C10         34    3   S  3.530512E+00   4.4463E-01   8.1619E-01   8.1619E-01
 C10         35    4   S  2.941249E+00  -9.9967E-02  -1.6002E-01  -1.6002E-01
 C10         35    5   S  6.834831E-01   3.9951E-01   2.1404E-01   2.1404E-01
 C10         35    6   S  2.222899E-01   7.0012E-01   1.6154E-01   1.6154E-01
 C10         36    7   X  2.941249E+00   1.5592E-01   8.5604E-01   8.5604E-01
             37        Y                                           8.5604E-01
             38        Z                                           8.5604E-01
 C10         36    8   X  6.834831E-01   6.0768E-01   5.3830E-01   5.3830E-01
             37        Y                                           5.3830E-01
             38        Z                                           5.3830E-01
 C10         36    9   X  2.222899E-01   3.9196E-01   8.5276E-02   8.5276E-02
             37        Y                                           8.5276E-02
             38        Z                                           8.5276E-02
 H11         39    1   S  3.425251E+00   1.5433E-01   2.7693E-01   2.7693E-01
 H11         39    2   S  6.239137E-01   5.3533E-01   2.6784E-01   2.6784E-01
 H11         39    3   S  1.688554E-01   4.4463E-01   8.3474E-02   8.3474E-02
 H12         40    1   S  3.425251E+00   1.5433E-01   2.7693E-01   2.7693E-01
 H12         40    2   S  6.239137E-01   5.3533E-01   2.6784E-01   2.6784E-01
 H12         40    3   S  1.688554E-01   4.4463E-01   8.3474E-02   8.3474E-02
 H13         41    1   S  3.425251E+00   1.5433E-01   2.7693E-01   2.7693E-01
 H13         41    2   S  6.239137E-01   5.3533E-01   2.6784E-01   2.6784E-01
 H13         41    3   S  1.688554E-01   4.4463E-01   8.3474E-02   8.3474E-02
 C14         42    1   S  7.161684E+01   1.5433E-01   2.7078E+00   2.7078E+00
 C14         42    2   S  1.304510E+01   5.3533E-01   2.6189E+00   2.6189E+00
 C14         42    3   S  3.530512E+00   4.4463E-01   8.1619E-01   8.1619E-01
 C14         43    4   S  2.941249E+00  -9.9967E-02  -1.6002E-01  -1.6002E-01
 C14         43    5   S  6.834831E-01   3.9951E-01   2.1404E-01   2.1404E-01
 C14         43    6   S  2.222899E-01   7.0012E-01   1.6154E-01   1.6154E-01
 C14         44    7   X  2.941249E+00   1.5592E-01   8.5604E-01   8.5604E-01
             45        Y                                           8.5604E-01
             46        Z                                           8.5604E-01
 C14         44    8   X  6.834831E-01   6.0768E-01   5.3830E-01   5.3830E-01
             45        Y                                           5.3830E-01
             46        Z                                           5.3830E-01
 C14         44    9   X  2.222899E-01   3.9196E-01   8.5276E-02   8.5276E-02
             45        Y                                           8.5276E-02
             46        Z                                           8.5276E-02
 H15         47    1   S  3.425251E+00   1.5433E-01   2.7693E-01   2.7693E-01
 H15         47    2   S  6.239137E-01   5.3533E-01   2.6784E-01   2.6784E-01
 H15         47    3   S  1.688554E-01   4.4463E-01   8.3474E-02   8.3474E-02
 C16         48    1   S  7.161684E+01   1.5433E-01   2.7078E+00   2.7078E+00
 C16         48    2   S  1.304510E+01   5.3533E-01   2.6189E+00   2.6189E+00
 C16         48    3   S  3.530512E+00   4.4463E-01   8.1619E-01   8.1619E-01
 C16         49    4   S  2.941249E+00  -9.9967E-02  -1.6002E-01  -1.6002E-01
 C16         49    5   S  6.834831E-01   3.9951E-01   2.1404E-01   2.1404E-01
 C16         49    6   S  2.222899E-01   7.0012E-01   1.6154E-01   1.6154E-01
 C16         50    7   X  2.941249E+00   1.5592E-01   8.5604E-01   8.5604E-01
             51        Y                                           8.5604E-01
             52        Z                                           8.5604E-01
 C16         50    8   X  6.834831E-01   6.0768E-01   5.3830E-01   5.3830E-01
             51        Y                                           5.3830E-01
             52        Z                                           5.3830E-01
 C16         50    9   X  2.222899E-01   3.9196E-01   8.5276E-02   8.5276E-02
             51        Y                                           8.5276E-02
             52        Z                                           8.5276E-02
 H17         53    1   S  3.425251E+00   1.5433E-01   2.7693E-01   2.7693E-01
 H17         53    2   S  6.239137E-01   5.3533E-01   2.6784E-01   2.6784E-01
 H17         53    3   S  1.688554E-01   4.4463E-01   8.3474E-02   8.3474E-02
 H18         54    1   S  3.425251E+00   1.5433E-01   2.7693E-01   2.7693E-01
 H18         54    2   S  6.239137E-01   5.3533E-01   2.6784E-01   2.6784E-01
 H18         54    3   S  1.688554E-01   4.4463E-01   8.3474E-02   8.3474E-02
 C19         55    1   S  7.161684E+01   1.5433E-01   2.7078E+00   2.7078E+00
 C19         55    2   S  1.304510E+01   5.3533E-01   2.6189E+00   2.6189E+00
 C19         55    3   S  3.530512E+00   4.4463E-01   8.1619E-01   8.1619E-01
 C19         56    4   S  2.941249E+00  -9.9967E-02  -1.6002E-01  -1.6002E-01
 C19         56    5   S  6.834831E-01   3.9951E-01   2.1404E-01   2.1404E-01
 C19         56    6   S  2.222899E-01   7.0012E-01   1.6154E-01   1.6154E-01
 C19         57    7   X  2.941249E+00   1.5592E-01   8.5604E-01   8.5604E-01
             58        Y                                           8.5604E-01
             59        Z                                           8.5604E-01
 C19         57    8   X  6.834831E-01   6.0768E-01   5.3830E-01   5.3830E-01
             58        Y                                           5.3830E-01
             59        Z                                           5.3830E-01
 C19         57    9   X  2.222899E-01   3.9196E-01   8.5276E-02   8.5276E-02
             58        Y                                           8.5276E-02
             59        Z                                           8.5276E-02
 H20         60    1   S  3.425251E+00   1.5433E-01   2.7693E-01   2.7693E-01
 H20         60    2   S  6.239137E-01   5.3533E-01   2.6784E-01   2.6784E-01
 H20         60    3   S  1.688554E-01   4.4463E-01   8.3474E-02   8.3474E-02
  
  Effective Core Potential 
  
  Atom      Electrons represented by ECP
 C1                     0
 C2                     0
 C3                     0
 C4                     0
 C5                     0
 H6                     0
 H7                     0
 H8                     0
 C9                     0
 C10                    0
 H11                    0
 H12                    0
 H13                    0
 C14                    0
 H15                    0
 C16                    0
 H17                    0
 H18                    0
 C19                    0
 H20                    0
  
  no dealiasing set available for atom            1
  switch to all-analytic calculation
  
 Input geometry:
                                   angstroms
  atom               x                 y                 z
  C1           -0.0758150000      0.0000000000      0.0269380000 
  C2           -0.0045600000      0.0000000000      1.4463040000 
  C3            1.2336810000      0.0000000000      2.1042190000 
  C4            2.4572420000      0.0000000000      1.3787840000 
  C5            2.3859860000      0.0000000000     -0.0405820000 
  H6           -0.9288540000      0.0000000000      2.0382910000 
  H7            1.2652340000      0.0000000000      3.2024280000 
  H8            3.3102810000      0.0000000000     -0.6325690000 
  C9            3.7520430000      0.0000000000      2.1313240000 
  C10           4.9872240000      0.0000000000      1.6008690000 
  H11           5.1663340000      0.0000000000      0.5196130000 
  H12           3.6421500000      0.0000000000      3.2262300000 
  H13           5.8793430000      0.0000000000      2.2379240000 
  C14          -1.3706160000      0.0000000000     -0.7256020000 
  H15          -1.2607230000      0.0000000000     -1.8205080000 
  C16          -2.6057970000      0.0000000000     -0.1951460000 
  H17          -2.7849070000      0.0000000000      0.8861090000 
  H18          -3.4979160000      0.0000000000     -0.8322020000 
  C19           1.1477460000      0.0000000000     -0.6984970000 
  H20           1.1161930000      0.0000000000     -1.7967060000 
   
  principal moments of inertia:
        amu*angstrom^2:               109.23592               737.84463               847.08055
                g*cm^2:          1.81390497E-38          1.22521968E-37          1.40661017E-37
   
  rotational constants:
               cm^(-1):      0.15432312      0.02284713      0.01990086
                   GHz:      4.62649088      0.68493960      0.59661269
   
  Molecular weight:     130.08 amu
   
  Stoichiometry: C10H10
  Molecular Point Group: C2h     
	Molecule translated to center of mass 
	Molecule reoriented along symmetry axes
  Point Group used: C2h
  
  
 Symmetrized geometry:
                                   angstroms
  atom               x                 y                 z
  C1            1.2665285000      0.6759230000      0.0000000000 
  C2            1.1952730000     -0.7434430000      0.0000000000 
  C3           -0.0429675000     -1.4013580000      0.0000000000 
  C4           -1.2665285000     -0.6759230000      0.0000000000 
  C5           -1.1952730000      0.7434430000      0.0000000000 
  H6            2.1195675000     -1.3354300000      0.0000000000 
  H7           -0.0745205000     -2.4995670000      0.0000000000 
  H8           -2.1195675000      1.3354300000      0.0000000000 
  C9           -2.5613295000     -1.4284630000      0.0000000000 
  C10          -3.7965105000     -0.8980075000      0.0000000000 
  H11          -3.9756205000      0.1832480000      0.0000000000 
  H12          -2.4514365000     -2.5233690000      0.0000000000 
  H13          -4.6886295000     -1.5350630000      0.0000000000 
  C14           2.5613295000      1.4284630000      0.0000000000 
  H15           2.4514365000      2.5233690000      0.0000000000 
  C16           3.7965105000      0.8980075000      0.0000000000 
  H17           3.9756205000     -0.1832480000      0.0000000000 
  H18           4.6886295000      1.5350630000      0.0000000000 
  C19           0.0429675000      1.4013580000      0.0000000000 
  H20           0.0745205000      2.4995670000      0.0000000000 
   
  nuclear repulsion energy.......           445.899321568 hartrees
 
 Non-default options chosen:
   SCF calculation type: DFT(b3lyp)                  
   DFT=Becke_3_Parameter/HF+Slater+Becke88+VWN+LYP (B3LYP)
   Include all virtuals in output
   Mulliken populations computed by atom
   Q will be stored on disk for fine grid
  
 Non-default print settings:
      1=  2  18=  2 102=  8
  
 Temporary integer options set:
     73=  2
  
  end of program pre
   
 Time(pre)  user:       0.663  user+sys:       0.663  wallclock:       0.603
  
  start of program onee
  
   
  overlap matrix:
   
             1              2              3              4              5
   1    1.000000E+00
   2    2.483624E-01   1.000000E+00
   3    0.000000E+00   0.000000E+00   1.000000E+00
   4    0.000000E+00   0.000000E+00   0.000000E+00   1.000000E+00
   5    0.000000E+00   0.000000E+00   0.000000E+00   0.000000E+00   1.000000E+00
   6    5.850666E-07   3.564737E-02  -2.965142E-03  -5.906382E-02   0.000000E+00
   7    3.564737E-02   3.541460E-01  -1.906289E-02  -3.797211E-01   0.000000E+00
   8    2.965142E-03   1.906289E-02   2.036441E-01  -2.663556E-02   0.000000E+00
   9    5.906382E-02   3.797211E-01  -2.663556E-02  -3.255829E-01   0.000000E+00
  10    0.000000E+00   0.000000E+00   0.000000E+00   0.000000E+00   2.049812E-01
  11    0.000000E+00   1.593342E-03  -1.987345E-03  -3.152566E-03   0.000000E+00
  12    1.593342E-03   5.633000E-02  -4.462557E-02  -7.079048E-02   0.000000E+00
  13    1.987345E-03   4.462557E-02  -1.554861E-02  -6.174136E-02   0.000000E+00
  14    3.152566E-03   7.079048E-02  -6.174136E-02  -7.456913E-02   0.000000E+00
  15    0.000000E+00   0.000000E+00   0.000000E+00   0.000000E+00   2.337249E-02
  16    0.000000E+00   2.981916E-04  -7.181694E-04  -3.832738E-04   0.000000E+00
  17    2.981916E-04   2.168351E-02  -3.128179E-02  -1.669451E-02   0.000000E+00
  18    7.181694E-04   3.128179E-02  -4.021669E-02  -2.586129E-02   0.000000E+00
  19    3.832738E-04   1.669451E-02  -2.586129E-02  -5.560114E-03   0.000000E+00
  20    0.000000E+00   0.000000E+00   0.000000E+00   0.000000E+00   8.241581E-03
  21    0.000000E+00   1.551477E-03  -3.637739E-03   9.977251E-05   0.000000E+00
  22    1.551477E-03   5.546960E-02  -8.251837E-02   2.263237E-03   0.000000E+00
  23    3.637739E-03   8.251837E-02  -1.120994E-01   3.704754E-03   0.000000E+00
  24   -9.977251E-05  -2.263237E-03   3.704754E-03   2.287559E-02   0.000000E+00
  25    0.000000E+00   0.000000E+00   0.000000E+00   0.000000E+00   2.297720E-02
  26    5.035218E-03   9.225424E-02   4.678803E-02  -1.103200E-01   0.000000E+00
  27    8.028312E-05   5.921399E-03  -3.841835E-03  -9.097138E-03   0.000000E+00
  28    7.942685E-05   5.881757E-03  -9.632506E-03   1.876115E-03   0.000000E+00
  29    0.000000E+00   8.313468E-08  -3.015903E-07  -1.658009E-07   0.000000E+00
  30    8.313468E-08   2.567472E-04  -4.988408E-04  -2.742405E-04   0.000000E+00
  31    3.015903E-07   4.988408E-04  -8.987428E-04  -5.394648E-04   0.000000E+00
  32    1.658009E-07   2.742405E-04  -5.394648E-04  -2.140353E-04   0.000000E+00
  33    0.000000E+00   0.000000E+00   0.000000E+00   0.000000E+00   8.253842E-05
  34    0.000000E+00   0.000000E+00   0.000000E+00   0.000000E+00   0.000000E+00
  35    0.000000E+00   7.014124E-06  -1.776461E-05  -5.522427E-06   0.000000E+00
  36    0.000000E+00   1.776461E-05  -4.287835E-05  -1.401570E-05   0.000000E+00
  37    0.000000E+00   5.522427E-06  -1.401570E-05  -2.149477E-06   0.000000E+00
  38    0.000000E+00   0.000000E+00   0.000000E+00   0.000000E+00   2.207539E-06
  39    8.127326E-09   2.318633E-05  -5.290947E-05  -4.972612E-06   0.000000E+00
  40    6.810945E-08   8.196952E-05  -1.337015E-04  -1.150496E-04   0.000000E+00
  41    0.000000E+00   3.035051E-07  -7.796759E-07  -2.894722E-07   0.000000E+00
  42    1.431417E-07   2.956747E-02   4.263861E-02   2.478161E-02   0.000000E+00
  43    2.956747E-02   3.177157E-01   3.043981E-01   1.769166E-01   0.000000E+00
  44   -4.263861E-02  -3.043981E-01  -1.942025E-01  -2.163160E-01   0.000000E+00
  45   -2.478161E-02  -1.769166E-01  -2.163160E-01   5.226208E-02   0.000000E+00
  46    0.000000E+00   0.000000E+00   0.000000E+00   0.000000E+00   1.779852E-01
  47    4.907231E-03   9.056739E-02   6.366048E-02   9.925606E-02   0.000000E+00
  48    0.000000E+00   1.158990E-03   2.791195E-03   2.450140E-04   0.000000E+00
  49    1.158990E-03   4.688726E-02   7.082180E-02   6.216812E-03   0.000000E+00
  50   -2.791195E-03  -7.082180E-02  -9.800540E-02  -1.027822E-02   0.000000E+00
  51   -2.450140E-04  -6.216812E-03  -1.027822E-02   1.818169E-02   0.000000E+00
  52    0.000000E+00   0.000000E+00   0.000000E+00   0.000000E+00   1.908392E-02
  53    7.335966E-04   2.452346E-02   3.496098E-02  -1.108765E-02   0.000000E+00
  54    5.774994E-05   4.819993E-03   7.906021E-03   1.984856E-03   0.000000E+00
  55    5.716404E-07   3.553606E-02  -5.071306E-02   3.006718E-02   0.000000E+00
  56    3.553606E-02   3.535095E-01  -3.266334E-01   1.936571E-01   0.000000E+00
  57    5.071306E-02   3.266334E-01  -1.886475E-01   2.330909E-01   0.000000E+00
  58   -3.006718E-02  -1.936571E-01   2.330909E-01   6.630043E-02   0.000000E+00
  59    0.000000E+00   0.000000E+00   0.000000E+00   0.000000E+00   2.044973E-01
  60    5.114686E-03   9.329643E-02  -6.620893E-02   1.012925E-01   0.000000E+00
   
             6              7              8              9             10
   6    1.000000E+00
   7    2.483624E-01   1.000000E+00
   8    0.000000E+00   0.000000E+00   1.000000E+00
   9    0.000000E+00   0.000000E+00   0.000000E+00   1.000000E+00
  10    0.000000E+00   0.000000E+00   0.000000E+00   0.000000E+00   1.000000E+00
  11    8.203868E-07   3.731501E-02  -5.463815E-02  -2.903092E-02   0.000000E+00
  12    3.731501E-02   3.635573E-01  -3.418464E-01  -1.816334E-01   0.000000E+00
  13    5.463815E-02   3.418464E-01  -2.089501E-01  -2.237633E-01   0.000000E+00
  14    2.903092E-02   1.816334E-01  -2.237633E-01   9.329531E-02   0.000000E+00
  15    0.000000E+00   0.000000E+00   0.000000E+00   0.000000E+00   2.121876E-01
  16    0.000000E+00   1.551477E-03  -3.637739E-03   9.977251E-05   0.000000E+00
  17    1.551477E-03   5.546960E-02  -8.251837E-02   2.263237E-03   0.000000E+00
  18    3.637739E-03   8.251837E-02  -1.120994E-01   3.704754E-03   0.000000E+00
  19   -9.977251E-05  -2.263237E-03   3.704754E-03   2.287559E-02   0.000000E+00
  20    0.000000E+00   0.000000E+00   0.000000E+00   0.000000E+00   2.297720E-02
  21    0.000000E+00   3.793948E-04  -8.624485E-04   5.364308E-04   0.000000E+00
  22    3.793948E-04   2.483225E-02  -3.406067E-02   2.118526E-02   0.000000E+00
  23    8.624485E-04   3.406067E-02  -4.077429E-02   3.129514E-02   0.000000E+00
  24   -5.364308E-04  -2.118526E-02   3.129514E-02  -9.924559E-03   0.000000E+00
  25    0.000000E+00   0.000000E+00   0.000000E+00   0.000000E+00   9.540576E-03
  26    6.117741E-02   4.863787E-01   3.912738E-01  -2.506009E-01   0.000000E+00
  27    5.267886E-03   9.529470E-02  -7.222754E-02  -9.989066E-02   0.000000E+00
  28    1.095187E-05   1.731322E-03  -2.650033E-03   1.661945E-03   0.000000E+00
  29    0.000000E+00   2.479443E-06  -8.838318E-06  -1.611676E-06   0.000000E+00
  30    2.479443E-06   1.573620E-03  -3.074727E-03  -5.606794E-04   0.000000E+00
  31    8.838318E-06   3.074727E-03  -5.653592E-03  -1.126528E-03   0.000000E+00
  32    1.611676E-06   5.606794E-04  -1.126528E-03   3.187874E-04   0.000000E+00
  33    0.000000E+00   0.000000E+00   0.000000E+00   0.000000E+00   5.242109E-04
  34    0.000000E+00   9.932773E-10  -3.851566E-09  -1.192591E-10   0.000000E+00
  35    9.932773E-10   2.474949E-05  -6.195869E-05  -1.918475E-06   0.000000E+00
  36    3.851566E-09   6.195869E-05  -1.479060E-04  -4.821819E-06   0.000000E+00
  37    1.192591E-10   1.918475E-06  -4.821819E-06   7.669139E-06   0.000000E+00
  38    0.000000E+00   0.000000E+00   0.000000E+00   0.000000E+00   7.818441E-06
  39    8.743370E-09   2.421346E-05  -5.451328E-05   9.769485E-06   0.000000E+00
  40    5.592794E-06   1.150633E-03  -1.915926E-03  -9.351464E-04   0.000000E+00
  41    0.000000E+00   1.748657E-06  -4.446792E-06  -5.982712E-07   0.000000E+00
  42    0.000000E+00   1.047835E-03   1.362356E-03   2.166022E-03   0.000000E+00
  43    1.047835E-03   4.424995E-02   3.594528E-02   5.714973E-02   0.000000E+00
  44   -1.362356E-03  -3.594528E-02  -1.399982E-02  -5.072782E-02   0.000000E+00
  45   -2.166022E-03  -5.714973E-02  -5.072782E-02  -6.274634E-02   0.000000E+00
  46    0.000000E+00   0.000000E+00   0.000000E+00   0.000000E+00   1.790629E-02
  47    6.482744E-05   5.180288E-03   3.128998E-03   8.137354E-03   0.000000E+00
  48    0.000000E+00   1.187795E-04   2.936423E-04   1.852962E-04   0.000000E+00
  49    1.187795E-04   1.296821E-02   1.873342E-02   1.182129E-02   0.000000E+00
  50   -2.936423E-04  -1.873342E-02  -2.400496E-02  -1.814624E-02   0.000000E+00
  51   -1.852962E-04  -1.182129E-02  -1.814624E-02  -6.699034E-03   0.000000E+00
  52    0.000000E+00   0.000000E+00   0.000000E+00   0.000000E+00   4.751726E-03
  53    7.479033E-04   2.483919E-02   3.637629E-02   7.329233E-03   0.000000E+00
  54    3.261309E-06   8.302793E-04   1.314208E-03   8.571785E-04   0.000000E+00
  55    0.000000E+00   1.721209E-03  -1.889496E-03   3.516943E-03   0.000000E+00
  56    1.721209E-03   5.890337E-02  -4.120094E-02   7.668784E-02   0.000000E+00
  57    1.889496E-03   4.120094E-02  -7.215677E-03   5.914449E-02   0.000000E+00
  58   -3.516943E-03  -7.668784E-02   5.914449E-02  -8.552639E-02   0.000000E+00
  59    0.000000E+00   0.000000E+00   0.000000E+00   0.000000E+00   2.456001E-02
  60    8.553213E-05   6.161210E-03  -3.347034E-03   9.684980E-03   0.000000E+00
   
            11             12             13             14             15
  11    1.000000E+00
  12    2.483624E-01   1.000000E+00
  13    0.000000E+00   0.000000E+00   1.000000E+00
  14    0.000000E+00   0.000000E+00   0.000000E+00   1.000000E+00
  15    0.000000E+00   0.000000E+00   0.000000E+00   0.000000E+00   1.000000E+00
  16    5.716404E-07   3.553606E-02  -5.071306E-02   3.006718E-02   0.000000E+00
  17    3.553606E-02   3.535095E-01  -3.266334E-01   1.936571E-01   0.000000E+00
  18    5.071306E-02   3.266334E-01  -1.886475E-01   2.330909E-01   0.000000E+00
  19   -3.006718E-02  -1.936571E-01   2.330909E-01   6.630043E-02   0.000000E+00
  20    0.000000E+00   0.000000E+00   0.000000E+00   0.000000E+00   2.044973E-01
  21    0.000000E+00   1.721209E-03  -1.889496E-03   3.516943E-03   0.000000E+00
  22    1.721209E-03   5.890337E-02  -4.120094E-02   7.668784E-02   0.000000E+00
  23    1.889496E-03   4.120094E-02  -7.215677E-03   5.914449E-02   0.000000E+00
  24   -3.516943E-03  -7.668784E-02   5.914449E-02  -8.552639E-02   0.000000E+00
  25    0.000000E+00   0.000000E+00   0.000000E+00   0.000000E+00   2.456001E-02
  26    5.315940E-03   9.591861E-02   1.239131E-01   3.777669E-03   0.000000E+00
  27    6.102870E-02   4.857813E-01  -1.333401E-02  -4.640930E-01   0.000000E+00
  28    8.409860E-05   6.096248E-03  -6.133118E-03   8.082945E-03   0.000000E+00
  29    0.000000E+00   1.257045E-03  -3.013836E-03  -3.243776E-05   0.000000E+00
  30    1.257045E-03   4.912941E-02  -7.411060E-02  -7.976485E-04   0.000000E+00
  31    3.013836E-03   7.411060E-02  -1.024456E-01  -1.318868E-03   0.000000E+00
  32    3.243776E-05   7.976485E-04  -1.318868E-03   2.007797E-02   0.000000E+00
  33    0.000000E+00   0.000000E+00   0.000000E+00   0.000000E+00   2.009216E-02
  34    0.000000E+00   2.969516E-06  -1.057736E-05   1.418425E-06   0.000000E+00
  35    2.969516E-06   1.733922E-03  -3.391797E-03   4.548404E-04   0.000000E+00
  36    1.057736E-05   3.391797E-03  -6.251224E-03   9.159679E-04   0.000000E+00
  37   -1.418425E-06  -4.548404E-04   9.159679E-04   4.564236E-04   0.000000E+00
  38    0.000000E+00   0.000000E+00   0.000000E+00   0.000000E+00   5.792550E-04
  39    2.326393E-06   6.772238E-04  -1.201564E-03   4.841529E-04   0.000000E+00
  40    1.326212E-03   3.644478E-02  -4.762268E-02  -2.218553E-02   0.000000E+00
  41    2.837745E-07   1.918596E-04  -3.942908E-04  -1.134793E-05   0.000000E+00
  42    0.000000E+00   2.117594E-06   5.232719E-06   5.685856E-06   0.000000E+00
  43    2.117594E-06   1.445719E-03   1.955124E-03   2.124431E-03   0.000000E+00
  44   -5.232719E-06  -1.955124E-03  -2.235736E-03  -2.951406E-03   0.000000E+00
  45   -5.685856E-06  -2.124431E-03  -2.951406E-03  -2.726532E-03   0.000000E+00
  46    0.000000E+00   0.000000E+00   0.000000E+00   0.000000E+00   4.804558E-04
  47    2.796078E-07   1.901728E-04   2.098243E-04   3.301402E-04   0.000000E+00
  48    0.000000E+00   4.068450E-08   1.480037E-07   8.863563E-08   0.000000E+00
  49    4.068450E-08   1.756811E-04   3.413519E-04   2.044270E-04   0.000000E+00
  50   -1.480037E-07  -3.413519E-04  -6.139119E-04  -4.013326E-04   0.000000E+00
  51   -8.863563E-08  -2.044270E-04  -4.013326E-04  -1.841151E-04   0.000000E+00
  52    0.000000E+00   0.000000E+00   0.000000E+00   0.000000E+00   5.623276E-05
  53    2.840718E-06   7.638924E-04   1.388415E-03   4.208547E-04   0.000000E+00
  54    1.191138E-09   7.487542E-06   1.535859E-05   9.531517E-06   0.000000E+00
  55    0.000000E+00   3.978994E-04   3.251624E-05   1.060497E-03   0.000000E+00
  56    3.978994E-04   2.550851E-02   1.259654E-03   4.108283E-02   0.000000E+00
  57   -3.251624E-05  -1.259654E-03   9.754879E-03  -2.186225E-03   0.000000E+00
  58   -1.060497E-03  -4.108283E-02  -2.186225E-03  -6.148045E-02   0.000000E+00
  59    0.000000E+00   0.000000E+00   0.000000E+00   0.000000E+00   9.821912E-03
  60    1.146536E-05   1.780393E-03   9.666819E-05   3.209650E-03   0.000000E+00
   
            16             17             18             19             20
  16    1.000000E+00
  17    2.483624E-01   1.000000E+00
  18    0.000000E+00   0.000000E+00   1.000000E+00
  19    0.000000E+00   0.000000E+00   0.000000E+00   1.000000E+00
  20    0.000000E+00   0.000000E+00   0.000000E+00   0.000000E+00   1.000000E+00
  21    5.850666E-07   3.564737E-02   2.965142E-03   5.906382E-02   0.000000E+00
  22    3.564737E-02   3.541460E-01   1.906289E-02   3.797211E-01   0.000000E+00
  23   -2.965142E-03  -1.906289E-02   2.036441E-01  -2.663556E-02   0.000000E+00
  24   -5.906382E-02  -3.797211E-01  -2.663556E-02  -3.255829E-01   0.000000E+00
  25    0.000000E+00   0.000000E+00   0.000000E+00   0.000000E+00   2.049812E-01
  26    7.942685E-05   5.881757E-03   9.632506E-03  -1.876115E-03   0.000000E+00
  27    5.114686E-03   9.329643E-02   6.620893E-02  -1.012925E-01   0.000000E+00
  28    5.035218E-03   9.225424E-02  -4.678803E-02   1.103200E-01   0.000000E+00
  29    1.431417E-07   2.956747E-02  -4.263861E-02  -2.478161E-02   0.000000E+00
  30    2.956747E-02   3.177157E-01  -3.043981E-01  -1.769166E-01   0.000000E+00
  31    4.263861E-02   3.043981E-01  -1.942025E-01  -2.163160E-01   0.000000E+00
  32    2.478161E-02   1.769166E-01  -2.163160E-01   5.226208E-02   0.000000E+00
  33    0.000000E+00   0.000000E+00   0.000000E+00   0.000000E+00   1.779852E-01
  34    0.000000E+00   1.158990E-03  -2.791195E-03  -2.450140E-04   0.000000E+00
  35    1.158990E-03   4.688726E-02  -7.082180E-02  -6.216812E-03   0.000000E+00
  36    2.791195E-03   7.082180E-02  -9.800540E-02  -1.027822E-02   0.000000E+00
  37    2.450140E-04   6.216812E-03  -1.027822E-02   1.818169E-02   0.000000E+00
  38    0.000000E+00   0.000000E+00   0.000000E+00   0.000000E+00   1.908392E-02
  39    7.335966E-04   2.452346E-02  -3.496098E-02   1.108765E-02   0.000000E+00
  40    4.907231E-03   9.056739E-02  -6.366048E-02  -9.925606E-02   0.000000E+00
  41    5.774994E-05   4.819993E-03  -7.906021E-03  -1.984856E-03   0.000000E+00
  42    0.000000E+00   8.313468E-08   3.015903E-07   1.658009E-07   0.000000E+00
  43    8.313468E-08   2.567472E-04   4.988408E-04   2.742405E-04   0.000000E+00
  44   -3.015903E-07  -4.988408E-04  -8.987428E-04  -5.394648E-04   0.000000E+00
  45   -1.658009E-07  -2.742405E-04  -5.394648E-04  -2.140353E-04   0.000000E+00
  46    0.000000E+00   0.000000E+00   0.000000E+00   0.000000E+00   8.253842E-05
  47    6.810945E-08   8.196952E-05   1.337015E-04   1.150496E-04   0.000000E+00
  48    0.000000E+00   0.000000E+00   0.000000E+00   0.000000E+00   0.000000E+00
  49    0.000000E+00   7.014124E-06   1.776461E-05   5.522427E-06   0.000000E+00
  50    0.000000E+00  -1.776461E-05  -4.287835E-05  -1.401570E-05   0.000000E+00
  51    0.000000E+00  -5.522427E-06  -1.401570E-05  -2.149477E-06   0.000000E+00
  52    0.000000E+00   0.000000E+00   0.000000E+00   0.000000E+00   2.207539E-06
  53    8.127326E-09   2.318633E-05   5.290947E-05   4.972612E-06   0.000000E+00
  54    0.000000E+00   3.035051E-07   7.796759E-07   2.894722E-07   0.000000E+00
  55    0.000000E+00   1.593342E-03   1.987345E-03   3.152566E-03   0.000000E+00
  56    1.593342E-03   5.633000E-02   4.462557E-02   7.079048E-02   0.000000E+00
  57   -1.987345E-03  -4.462557E-02  -1.554861E-02  -6.174136E-02   0.000000E+00
  58   -3.152566E-03  -7.079048E-02  -6.174136E-02  -7.456913E-02   0.000000E+00
  59    0.000000E+00   0.000000E+00   0.000000E+00   0.000000E+00   2.337249E-02
  60    8.028312E-05   5.921399E-03   3.841835E-03   9.097138E-03   0.000000E+00
   
            21             22             23             24             25
  21    1.000000E+00
  22    2.483624E-01   1.000000E+00
  23    0.000000E+00   0.000000E+00   1.000000E+00
  24    0.000000E+00   0.000000E+00   0.000000E+00   1.000000E+00
  25    0.000000E+00   0.000000E+00   0.000000E+00   0.000000E+00   1.000000E+00
  26    1.095187E-05   1.731322E-03   2.650033E-03  -1.661945E-03   0.000000E+00
  27    8.553213E-05   6.161210E-03   3.347034E-03  -9.684980E-03   0.000000E+00
  28    6.117741E-02   4.863787E-01  -3.912738E-01   2.506009E-01   0.000000E+00
  29    0.000000E+00   1.047835E-03  -1.362356E-03  -2.166022E-03   0.000000E+00
  30    1.047835E-03   4.424995E-02  -3.594528E-02  -5.714973E-02   0.000000E+00
  31    1.362356E-03   3.594528E-02  -1.399982E-02  -5.072782E-02   0.000000E+00
  32    2.166022E-03   5.714973E-02  -5.072782E-02  -6.274634E-02   0.000000E+00
  33    0.000000E+00   0.000000E+00   0.000000E+00   0.000000E+00   1.790629E-02
  34    0.000000E+00   1.187795E-04  -2.936423E-04  -1.852962E-04   0.000000E+00
  35    1.187795E-04   1.296821E-02  -1.873342E-02  -1.182129E-02   0.000000E+00
  36    2.936423E-04   1.873342E-02  -2.400496E-02  -1.814624E-02   0.000000E+00
  37    1.852962E-04   1.182129E-02  -1.814624E-02  -6.699034E-03   0.000000E+00
  38    0.000000E+00   0.000000E+00   0.000000E+00   0.000000E+00   4.751726E-03
  39    7.479033E-04   2.483919E-02  -3.637629E-02  -7.329233E-03   0.000000E+00
  40    6.482744E-05   5.180288E-03  -3.128998E-03  -8.137354E-03   0.000000E+00
  41    3.261309E-06   8.302793E-04  -1.314208E-03  -8.571785E-04   0.000000E+00
  42    0.000000E+00   2.479443E-06   8.838318E-06   1.611676E-06   0.000000E+00
  43    2.479443E-06   1.573620E-03   3.074727E-03   5.606794E-04   0.000000E+00
  44   -8.838318E-06  -3.074727E-03  -5.653592E-03  -1.126528E-03   0.000000E+00
  45   -1.611676E-06  -5.606794E-04  -1.126528E-03   3.187874E-04   0.000000E+00
  46    0.000000E+00   0.000000E+00   0.000000E+00   0.000000E+00   5.242109E-04
  47    5.592794E-06   1.150633E-03   1.915926E-03   9.351464E-04   0.000000E+00
  48    0.000000E+00   9.932773E-10   3.851566E-09   1.192591E-10   0.000000E+00
  49    9.932773E-10   2.474949E-05   6.195869E-05   1.918475E-06   0.000000E+00
  50   -3.851566E-09  -6.195869E-05  -1.479060E-04  -4.821819E-06   0.000000E+00
  51   -1.192591E-10  -1.918475E-06  -4.821819E-06   7.669139E-06   0.000000E+00
  52    0.000000E+00   0.000000E+00   0.000000E+00   0.000000E+00   7.818441E-06
  53    8.743370E-09   2.421346E-05   5.451328E-05  -9.769485E-06   0.000000E+00
  54    0.000000E+00   1.748657E-06   4.446792E-06   5.982712E-07   0.000000E+00
  55    8.203868E-07   3.731501E-02   5.463815E-02   2.903092E-02   0.000000E+00
  56    3.731501E-02   3.635573E-01   3.418464E-01   1.816334E-01   0.000000E+00
  57   -5.463815E-02  -3.418464E-01  -2.089501E-01  -2.237633E-01   0.000000E+00
  58   -2.903092E-02  -1.816334E-01  -2.237633E-01   9.329531E-02   0.000000E+00
  59    0.000000E+00   0.000000E+00   0.000000E+00   0.000000E+00   2.121876E-01
  60    5.267886E-03   9.529470E-02   7.222754E-02   9.989066E-02   0.000000E+00
   
            26             27             28             29             30
  26    1.000000E+00
  27    5.104386E-02   1.000000E+00
  28    1.044690E-04   7.105971E-04   1.000000E+00
  29    2.357492E-07   1.132165E-03   8.450300E-04   1.000000E+00
  30    1.717598E-04   3.275690E-02   2.693658E-02   2.483624E-01   1.000000E+00
  31    3.552115E-04   4.381781E-02   6.305321E-03   0.000000E+00   0.000000E+00
  32    7.059841E-06  -1.887295E-02   3.944937E-02   0.000000E+00   0.000000E+00
  33    0.000000E+00   0.000000E+00   0.000000E+00   0.000000E+00   0.000000E+00
  34    0.000000E+00   5.752357E-06   8.618489E-04   2.238238E-06   4.283234E-02
  35    1.782372E-06   1.170426E-03   2.729222E-02   4.283234E-02   3.931364E-01
  36    4.557444E-06   1.989974E-03   2.427500E-02   6.526599E-02   3.747199E-01
  37   -3.369679E-07  -8.562791E-04   3.233067E-02  -2.802885E-02  -1.609256E-01
  38    0.000000E+00   0.000000E+00   0.000000E+00   0.000000E+00   0.000000E+00
  39    1.349946E-06   2.381114E-04   8.737808E-02   5.582260E-03   9.935226E-02
  40    2.463726E-04   6.214084E-02   2.439700E-03   6.078063E-02   4.847823E-01
  41    1.665678E-07   2.529067E-04   2.569559E-03   5.786726E-03   1.019618E-01
  42    8.450300E-04   1.807478E-07   2.357492E-07   0.000000E+00   0.000000E+00
  43    2.693658E-02   1.465887E-04   1.717598E-04   0.000000E+00   5.759968E-07
  44   -6.305321E-03  -1.704183E-04  -3.552115E-04   0.000000E+00  -1.472965E-06
  45   -3.944937E-02  -2.539629E-04  -7.059841E-06   0.000000E+00  -8.214783E-07
  46    0.000000E+00   0.000000E+00   0.000000E+00   0.000000E+00   0.000000E+00
  47    2.439700E-03   1.446313E-05   2.463726E-04   0.000000E+00   2.652950E-07
  48    8.618489E-04   1.625072E-08   0.000000E+00   0.000000E+00   0.000000E+00
  49    2.729222E-02   3.497971E-05   1.782372E-06   0.000000E+00   6.160926E-09
  50   -2.427500E-02  -5.906609E-05  -4.557444E-06   0.000000E+00  -1.953816E-08
  51   -3.233067E-02  -5.184186E-05   3.369679E-07   0.000000E+00  -7.149431E-09
  52    0.000000E+00   0.000000E+00   0.000000E+00   0.000000E+00   0.000000E+00
  53    8.737808E-02   2.906497E-04   1.349946E-06   0.000000E+00   7.882889E-08
  54    2.569559E-03   1.566010E-06   1.665678E-07   0.000000E+00   2.277194E-10
  55    8.409860E-05   1.146536E-05   5.315940E-03   0.000000E+00   2.117594E-06
  56    6.096248E-03   1.780393E-03   9.591861E-02   2.117594E-06   1.445719E-03
  57    6.133118E-03  -9.666819E-05  -1.239131E-01  -5.232719E-06  -1.955124E-03
  58   -8.082945E-03  -3.209650E-03  -3.777669E-03  -5.685856E-06  -2.124431E-03
  59    0.000000E+00   0.000000E+00   0.000000E+00   0.000000E+00   0.000000E+00
  60    7.105971E-04   1.073879E-04   5.104386E-02   1.807478E-07   1.465887E-04
   
            31             32             33             34             35
  31    1.000000E+00
  32    0.000000E+00   1.000000E+00
  33    0.000000E+00   0.000000E+00   1.000000E+00
  34   -6.526599E-02   2.802885E-02   0.000000E+00   1.000000E+00
  35   -3.747199E-01   1.609256E-01   0.000000E+00   2.483624E-01   1.000000E+00
  36   -2.404894E-01   2.044048E-01   0.000000E+00   0.000000E+00   0.000000E+00
  37    2.044048E-01   1.476903E-01   0.000000E+00   0.000000E+00   0.000000E+00
  38    0.000000E+00   0.000000E+00   2.354730E-01   0.000000E+00   0.000000E+00
  39   -8.430973E-02   9.607847E-02   0.000000E+00   6.141061E-02   4.873131E-01
  40    4.630559E-02  -4.613603E-01   0.000000E+00   6.086937E-03   1.057536E-01
  41   -1.305750E-01  -6.543174E-03   0.000000E+00   6.137647E-02   4.871765E-01
  42    0.000000E+00   0.000000E+00   0.000000E+00   0.000000E+00   0.000000E+00
  43    1.472965E-06   8.214783E-07   0.000000E+00   0.000000E+00   6.160926E-09
  44   -3.588218E-06  -2.101964E-06   0.000000E+00   0.000000E+00  -1.953816E-08
  45   -2.101964E-06  -9.915293E-07   0.000000E+00   0.000000E+00  -7.149431E-09
  46    0.000000E+00   0.000000E+00   1.807441E-07   0.000000E+00   0.000000E+00
  47    5.736179E-07   4.522137E-07   0.000000E+00   0.000000E+00   8.614158E-09
  48    0.000000E+00   0.000000E+00   0.000000E+00   0.000000E+00   0.000000E+00
  49    1.953816E-08   7.149431E-09   0.000000E+00   0.000000E+00   0.000000E+00
  50   -6.003037E-08  -2.267300E-08   0.000000E+00   0.000000E+00   0.000000E+00
  51   -2.267300E-08  -6.365530E-09   0.000000E+00   0.000000E+00   0.000000E+00
  52    0.000000E+00   0.000000E+00   1.931009E-09   0.000000E+00   0.000000E+00
  53    2.223102E-07   4.234758E-08   0.000000E+00   0.000000E+00   2.636463E-10
  54    7.110011E-10   2.906320E-10   0.000000E+00   0.000000E+00   0.000000E+00
  55    5.232719E-06   5.685856E-06   0.000000E+00   0.000000E+00   4.068450E-08
  56    1.955124E-03   2.124431E-03   0.000000E+00   4.068450E-08   1.756811E-04
  57   -2.235736E-03  -2.951406E-03   0.000000E+00  -1.480037E-07  -3.413519E-04
  58   -2.951406E-03  -2.726532E-03   0.000000E+00  -8.863563E-08  -2.044270E-04
  59    0.000000E+00   0.000000E+00   4.804558E-04   0.000000E+00   0.000000E+00
  60    1.704183E-04   2.539629E-04   0.000000E+00   1.625072E-08   3.497971E-05
   
            36             37             38             39             40
  36    1.000000E+00
  37    0.000000E+00   1.000000E+00
  38    0.000000E+00   0.000000E+00   1.000000E+00
  39   -7.602612E-02   4.589563E-01   0.000000E+00   1.000000E+00
  40    8.603791E-02  -1.039666E-01   0.000000E+00   1.455418E-02   1.000000E+00
  41   -3.785249E-01  -2.703018E-01   0.000000E+00   1.492778E-01   5.478315E-02
  42    0.000000E+00   0.000000E+00   0.000000E+00   0.000000E+00   0.000000E+00
  43    1.953816E-08   7.149431E-09   0.000000E+00   7.882889E-08   2.652950E-07
  44   -6.003037E-08  -2.267300E-08   0.000000E+00  -2.223102E-07  -5.736179E-07
  45   -2.267300E-08  -6.365530E-09   0.000000E+00  -4.234758E-08  -4.522137E-07
  46    0.000000E+00   0.000000E+00   1.931009E-09   0.000000E+00   0.000000E+00
  47    2.317848E-08   1.269254E-08   0.000000E+00   1.480081E-07   6.509444E-08
  48    0.000000E+00   0.000000E+00   0.000000E+00   0.000000E+00   0.000000E+00
  49    0.000000E+00   0.000000E+00   0.000000E+00   2.636463E-10   8.614158E-09
  50    0.000000E+00   0.000000E+00   0.000000E+00  -8.824629E-10  -2.317848E-08
  51    0.000000E+00   0.000000E+00   0.000000E+00  -8.115519E-11  -1.269254E-08
  52    0.000000E+00   0.000000E+00   0.000000E+00   0.000000E+00   0.000000E+00
  53    8.824629E-10   8.115519E-11   0.000000E+00   1.000463E-09   1.480081E-07
  54    0.000000E+00   0.000000E+00   0.000000E+00   0.000000E+00   2.910896E-10
  55    1.480037E-07   8.863563E-08   0.000000E+00   2.840718E-06   2.796078E-07
  56    3.413519E-04   2.044270E-04   0.000000E+00   7.638924E-04   1.901728E-04
  57   -6.139119E-04  -4.013326E-04   0.000000E+00  -1.388415E-03  -2.098243E-04
  58   -4.013326E-04  -1.841151E-04   0.000000E+00  -4.208547E-04  -3.301402E-04
  59    0.000000E+00   0.000000E+00   5.623276E-05   0.000000E+00   0.000000E+00
  60    5.906609E-05   5.184186E-05   0.000000E+00   2.906497E-04   1.446313E-05
   
            41             42             43             44             45
  41    1.000000E+00
  42    0.000000E+00   1.000000E+00
  43    2.277194E-10   2.483624E-01   1.000000E+00
  44   -7.110011E-10   0.000000E+00   0.000000E+00   1.000000E+00
  45   -2.906320E-10   0.000000E+00   0.000000E+00   0.000000E+00   1.000000E+00
  46    0.000000E+00   0.000000E+00   0.000000E+00   0.000000E+00   0.000000E+00
  47    2.910896E-10   6.078063E-02   4.847823E-01  -4.630559E-02   4.613603E-01
  48    0.000000E+00   2.238238E-06   4.283234E-02   6.526599E-02  -2.802885E-02
  49    0.000000E+00   4.283234E-02   3.931364E-01   3.747199E-01  -1.609256E-01
  50    0.000000E+00  -6.526599E-02  -3.747199E-01  -2.404894E-01   2.044048E-01
  51    0.000000E+00   2.802885E-02   1.609256E-01   2.044048E-01   1.476903E-01
  52    0.000000E+00   0.000000E+00   0.000000E+00   0.000000E+00   0.000000E+00
  53    0.000000E+00   5.582260E-03   9.935226E-02   8.430973E-02  -9.607847E-02
  54    0.000000E+00   5.786726E-03   1.019618E-01   1.305750E-01   6.543174E-03
  55    1.191138E-09   0.000000E+00   1.257045E-03  -3.013836E-03  -3.243776E-05
  56    7.487542E-06   1.257045E-03   4.912941E-02  -7.411060E-02  -7.976485E-04
  57   -1.535859E-05   3.013836E-03   7.411060E-02  -1.024456E-01  -1.318868E-03
  58   -9.531517E-06   3.243776E-05   7.976485E-04  -1.318868E-03   2.007797E-02
  59    0.000000E+00   0.000000E+00   0.000000E+00   0.000000E+00   0.000000E+00
  60    1.566010E-06   1.132165E-03   3.275690E-02  -4.381781E-02   1.887295E-02
   
            46             47             48             49             50
  46    1.000000E+00
  47    0.000000E+00   1.000000E+00
  48    0.000000E+00   6.086937E-03   1.000000E+00
  49    0.000000E+00   1.057536E-01   2.483624E-01   1.000000E+00
  50    0.000000E+00  -8.603791E-02   0.000000E+00   0.000000E+00   1.000000E+00
  51    0.000000E+00   1.039666E-01   0.000000E+00   0.000000E+00   0.000000E+00
  52    2.354730E-01   0.000000E+00   0.000000E+00   0.000000E+00   0.000000E+00
  53    0.000000E+00   1.455418E-02   6.141061E-02   4.873131E-01   7.602612E-02
  54    0.000000E+00   5.478315E-02   6.137647E-02   4.871765E-01   3.785249E-01
  55    0.000000E+00   1.326212E-03   0.000000E+00   2.969516E-06  -1.057736E-05
  56    0.000000E+00   3.644478E-02   2.969516E-06   1.733922E-03  -3.391797E-03
  57    0.000000E+00   4.762268E-02   1.057736E-05   3.391797E-03  -6.251224E-03
  58    0.000000E+00   2.218553E-02  -1.418425E-06  -4.548404E-04   9.159679E-04
  59    2.009216E-02   0.000000E+00   0.000000E+00   0.000000E+00   0.000000E+00
  60    0.000000E+00   6.214084E-02   5.752357E-06   1.170426E-03  -1.989974E-03
   
            51             52             53             54             55
  51    1.000000E+00
  52    0.000000E+00   1.000000E+00
  53   -4.589563E-01   0.000000E+00   1.000000E+00
  54    2.703018E-01   0.000000E+00   1.492778E-01   1.000000E+00
  55    1.418425E-06   0.000000E+00   2.326393E-06   2.837745E-07   1.000000E+00
  56    4.548404E-04   0.000000E+00   6.772238E-04   1.918596E-04   2.483624E-01
  57    9.159679E-04   0.000000E+00   1.201564E-03   3.942908E-04   0.000000E+00
  58    4.564236E-04   0.000000E+00  -4.841529E-04   1.134793E-05   0.000000E+00
  59    0.000000E+00   5.792550E-04   0.000000E+00   0.000000E+00   0.000000E+00
  60    8.562791E-04   0.000000E+00   2.381114E-04   2.529067E-04   6.102870E-02
   
            56             57             58             59             60
  56    1.000000E+00
  57    0.000000E+00   1.000000E+00
  58    0.000000E+00   0.000000E+00   1.000000E+00
  59    0.000000E+00   0.000000E+00   0.000000E+00   1.000000E+00
  60    4.857813E-01   1.333401E-02   4.640930E-01   0.000000E+00   1.000000E+00
   
  smallest eigenvalue of S:    1.814E-01
  number of canonical orbitals.....           60
  end of program onee
   
 Time(onee)  user:       0.162  user+sys:       0.162  wallclock:       0.116
  
  start of program hfig
  
  initial wavefunction generated automatically from atomic wavefunctions
 
  Irreducible     Total no   No of occupied orbitals 
  representation  orbitals   Shell_1  Shell_2    ...
  Ag                25         15
  Bg                 5          3
  Au                 5          2
  Bu                25         15
  ------------------------
  Orbital occupation/shell    1.000
 
  end of program hfig
   
 Time(hfig)  user:       0.521  user+sys:       0.521  wallclock:       0.538
  
  start of program probe
  
  end of program probe
   
 Time(probe)  user:       0.179  user+sys:       0.179  wallclock:       0.104
  
  start of program grid
  
   grid     grid set  grid #  grid sym
  ------    --------  ------  --------
  coarse        0        0        1
  medium        0        0        1
  fine          0        0        1
  ultrafine     0        0        1
  charge        0        0        1
  gradient      0        0        1
  density       0        0        1
  DFT-fine    -11        1        4
  DFT-med.    -10        2        4
  DFT-grad    -12        3        4
  DFT-der2      0        0        1
  DFT-cphf      0        0        1
  LMP2-enrg     0        0        1
  LMP2-grad     0        0        1
  DFT-cphf2     0        0        1
  PBF-dens      0        0        1
  plotting      0        0        1
  Rel-grad    -17        0        1
  Extreme       0        0        1
  Extreme-G     0        0        1
  
  number of gridpoints: 
                 total
  grid # 1       24300
  grid # 2        7560
  grid # 3       30010
   
  end of program grid
   
 Time(grid)  user:       0.423  user+sys:       0.423  wallclock:       0.417
  
  start of program scf
  
 number of electrons..........         70
 number of alpha electrons....         35
 number of beta electrons.....         35
 number of orbitals, total....         60
 number of doubly-occ'd orbs..         35
 number of open shell orbs....          0
 number of occupied orbitals..         35
 number of virtual orbitals...         25
 number of hamiltonians.......          1
 number of shells.............          1
 SCF type: DFT=Becke_3_Parameter/HF+Slater+Becke88+VWN+LYP (B3LYP)
 Energy computed using fully analytic integrals.
 Convergence Criteria:
    Energy (econv):       5.00E-05
    RMS density (dconv):  1.00E-04
  
       i  u  d  i  g                   
       t  p  i  c  r                                 RMS    maximum
       e  d  i  u  i                       energy  density   DIIS  
       r  t  s  t  d       total energy    change  change    error 
  
etot    1  N  N  0  N    -382.08750463917           7.5E-03  1.4E-01
etot    2  Y  Y  0  N    -382.28109456798  1.9E-01  4.4E-03  5.8E-02
etot    3  N  Y  0  N    -382.29956631533  1.8E-02  2.5E-03  2.1E-02
etot    4  Y  Y  0  N    -382.30552897255  6.0E-03  9.5E-04  1.4E-02
etot    5  N  Y  0  N    -382.30825591102  2.7E-03  4.7E-05  2.7E-04
etot    6  N  Y  0  N    -382.30825708483  1.2E-06  2.4E-05  2.5E-04
etot    7  N  N  0  N    -382.30825874339  1.7E-06  0.0E+00  0.0E+00
  
  
 Energy components, in hartrees:
   (A)  Nuclear repulsion............     445.89932156785
   (E)  Total one-electron terms.....   -1400.56699171691
   (I)  Total two-electron terms.....     572.35941140567
   (J)    Coulomb....................     630.20305324269
   (K)    Exchange+Correlation.......     -57.84364183703
   (L)  Electronic energy............    -828.20758031124  (E+I)
   (N)  Total energy.................    -382.30825874339  (A+L)
   (O)  Gas phase energy.............    -382.30825874339
  
 SCFE: SCF energy: DFT(b3lyp)      -382.30825874339 hartrees   iterations:   7
  
 
 HOMO energy:    -0.15308
 LUMO energy:     0.03742
 
  Orbital energies (hartrees)/symmetry label: 
   -10.02022 Bu        -10.02017 Ag        -10.00809 Bu        -10.00809 Ag     
   -10.00680 Bu        -10.00680 Ag        -10.00612 Bu        -10.00598 Ag     
    -9.99229 Bu         -9.99229 Ag         -0.80953 Ag         -0.75398 Bu     
    -0.71795 Ag         -0.69981 Bu         -0.66750 Bu         -0.58870 Ag     
    -0.55894 Ag         -0.53166 Bu         -0.51018 Ag         -0.45745 Ag     
    -0.43936 Bu         -0.41061 Bu         -0.39796 Bu         -0.39606 Ag     
    -0.37399 Bu         -0.35115 Bu         -0.34729 Ag         -0.32453 Au     
    -0.31125 Bu         -0.29280 Ag         -0.28747 Ag         -0.26354 Bg     
    -0.21244 Au         -0.19508 Bg         -0.15308 Bg          0.03742 Au     
     0.09034 Au          0.11062 Bg          0.18221 Au          0.27251 Bg     
     0.33223 Ag          0.34073 Bu          0.37936 Bu          0.38145 Ag     
     0.41097 Ag          0.41195 Bu          0.42675 Bu          0.43963 Ag     
     0.45276 Bu          0.47825 Ag          0.52623 Ag          0.54582 Bu     
     0.57600 Ag          0.59941 Bu          0.62499 Bu          0.63971 Ag     
     0.68280 Ag          0.71725 Bu          0.77955 Ag          0.79456 Bu     
 
  end of program scf
   
 Time(scf)  user:       1.149  user+sys:       1.149  wallclock:       1.420
  
  start of program ch
  
  Atomic charges from Mulliken population analysis: 
   
 Atom       C1           C2           C3           C4           C5      
 Charge   -0.00453     -0.07722     -0.07644     -0.00453     -0.07722
   
 Atom       H6           H7           H8           C9           C10     
 Charge    0.07921      0.07766      0.07921     -0.07640     -0.15489
   
 Atom       H11          H12          H13          C14          H15     
 Charge    0.07635      0.07690      0.07936     -0.07640      0.07690
   
 Atom       C16          H17          H18          C19          H20     
 Charge   -0.15489      0.07635      0.07936     -0.07644      0.07766
  
  sum of atomic charges:    -0.000000
   
  end of program ch
   
 Time(ch)  user:       0.199  user+sys:       0.199  wallclock:       0.534
  
  start of program post
  
  
 ***************************************** 
 
 occupied + virtual orbitals: final wave function in AO space
 
 ***************************************** 
   
   
                              1         2         3         4         5
  eigenvalues-            -10.02022 -10.02017 -10.00809 -10.00809 -10.00680
  occupations-              2.00000   2.00000   2.00000   2.00000   2.00000
    1 C1               S    0.69930   0.69930  -0.02811  -0.02831  -0.02707
    2 C1               S    0.03157   0.03136   0.00413   0.00407   0.00781
    3 C1               X   -0.00085  -0.00062   0.00371   0.00369  -0.00199
    4 C1               Y   -0.00032  -0.00018   0.00197   0.00195  -0.00293
    5 C1               Z    0.00000   0.00000   0.00000   0.00000   0.00000
    6 C2               S   -0.01907  -0.01934   0.00740   0.01022  -0.62490
    7 C2               S   -0.00771  -0.00688   0.00042   0.00043  -0.03067
    8 C2               X    0.00007  -0.00037  -0.00011  -0.00008   0.00269
    9 C2               Y   -0.00438  -0.00441   0.00010   0.00019   0.00062
   10 C2               Z    0.00000   0.00000   0.00000   0.00000   0.00000
   11 C3               S    0.01842  -0.01890  -0.00820   0.01106   0.31439
   12 C3               S    0.00772  -0.00691  -0.00051   0.00053   0.01987
   13 C3               X   -0.00362   0.00391   0.00004  -0.00012   0.00363
   14 C3               Y    0.00250  -0.00218  -0.00012   0.00016   0.00236
   15 C3               Z    0.00000   0.00000   0.00000   0.00000   0.00000
   16 C4               S   -0.69930   0.69930   0.02811  -0.02831   0.02707
   17 C4               S   -0.03157   0.03136  -0.00413   0.00407  -0.00781
   18 C4               X   -0.00085   0.00062   0.00371  -0.00369  -0.00199
   19 C4               Y   -0.00032   0.00018   0.00197  -0.00195  -0.00293
   20 C4               Z    0.00000   0.00000   0.00000   0.00000   0.00000
   21 C5               S    0.01907  -0.01934  -0.00740   0.01022   0.62490
   22 C5               S    0.00771  -0.00688  -0.00042   0.00043   0.03067
   23 C5               X    0.00007   0.00037  -0.00011   0.00008   0.00269
   24 C5               Y   -0.00438   0.00441   0.00010  -0.00019   0.00062
   25 C5               Z    0.00000   0.00000   0.00000   0.00000   0.00000
   26 H6               S    0.00033   0.00022   0.00006   0.00006   0.00574
   27 H7               S   -0.00033   0.00022   0.00007  -0.00008  -0.00301
   28 H8               S   -0.00033   0.00022  -0.00006   0.00006  -0.00574
   29 C9               S    0.02748  -0.02784   0.69983  -0.69975   0.00930
   30 C9               S    0.00673  -0.00680   0.03078  -0.03077   0.00053
   31 C9               X    0.00347  -0.00350  -0.00126   0.00127  -0.00005
   32 C9               Y    0.00213  -0.00215   0.00036  -0.00035   0.00004
   33 C9               Z    0.00000   0.00000   0.00000   0.00000   0.00000
   34 C10              S   -0.00018   0.00020  -0.00814   0.00814  -0.00093
   35 C10              S   -0.00047   0.00048  -0.00762   0.00761  -0.00023
   36 C10              X   -0.00027   0.00027  -0.00423   0.00423  -0.00011
   37 C10              Y   -0.00009   0.00010   0.00178  -0.00178  -0.00004
   38 C10              Z    0.00000   0.00000   0.00000   0.00000   0.00000
   39 H11              S    0.00015  -0.00014   0.00019  -0.00019   0.00016
   40 H12              S   -0.00033   0.00034  -0.00642   0.00642  -0.00013
   41 H13              S    0.00003  -0.00003   0.00022  -0.00022  -0.00001
   42 C14              S   -0.02748  -0.02784  -0.69983  -0.69975  -0.00930
   43 C14              S   -0.00673  -0.00680  -0.03078  -0.03077  -0.00053
   44 C14              X    0.00347   0.00350  -0.00126  -0.00127  -0.00005
   45 C14              Y    0.00213   0.00215   0.00036   0.00035   0.00004
   46 C14              Z    0.00000   0.00000   0.00000   0.00000   0.00000
   47 H15              S    0.00033   0.00034   0.00642   0.00642   0.00013
   48 C16              S    0.00018   0.00020   0.00814   0.00814   0.00093
   49 C16              S    0.00047   0.00048   0.00762   0.00761   0.00023
   50 C16              X   -0.00027  -0.00027  -0.00423  -0.00423  -0.00011
   51 C16              Y   -0.00009  -0.00010   0.00178   0.00178  -0.00004
   52 C16              Z    0.00000   0.00000   0.00000   0.00000   0.00000
   53 H17              S   -0.00015  -0.00014  -0.00019  -0.00019  -0.00016
   54 H18              S   -0.00003  -0.00003  -0.00022  -0.00022   0.00001
   55 C19              S   -0.01842  -0.01890   0.00820   0.01106  -0.31439
   56 C19              S   -0.00772  -0.00691   0.00051   0.00053  -0.01987
   57 C19              X   -0.00362  -0.00391   0.00004   0.00012   0.00363
   58 C19              Y    0.00250   0.00218  -0.00012  -0.00016   0.00236
   59 C19              Z    0.00000   0.00000   0.00000   0.00000   0.00000
   60 H20              S    0.00033   0.00022  -0.00007  -0.00008   0.00301
   
                              6         7         8         9        10
  eigenvalues-            -10.00680 -10.00612 -10.00598  -9.99229  -9.99229
  occupations-              2.00000   2.00000   2.00000   2.00000   2.00000
    1 C1               S   -0.00805  -0.00847  -0.02793   0.00018   0.00018
    2 C1               S    0.00201   0.00258   0.00726   0.00016   0.00016
    3 C1               X    0.00170  -0.00324  -0.00327   0.00005   0.00005
    4 C1               Y   -0.00488   0.00385  -0.00016  -0.00001  -0.00001
    5 C1               Z    0.00000   0.00000   0.00000   0.00000   0.00000
    6 C2               S   -0.60947   0.31576  -0.34462   0.00079   0.00085
    7 C2               S   -0.03006   0.00802  -0.00944  -0.00001  -0.00004
    8 C2               X    0.00259   0.00309  -0.00309  -0.00010  -0.00008
    9 C2               Y    0.00083   0.00200  -0.00175  -0.00004  -0.00003
   10 C2               Z    0.00000   0.00000   0.00000   0.00000   0.00000
   11 C3               S    0.34433   0.62560  -0.60964  -0.00029   0.00059
   12 C3               S    0.02088   0.02468  -0.02355   0.00000  -0.00006
   13 C3               X    0.00347  -0.00154   0.00164  -0.00008   0.00003
   14 C3               Y    0.00225  -0.00005   0.00053  -0.00002  -0.00001
   15 C3               Z    0.00000   0.00000   0.00000   0.00000   0.00000
   16 C4               S   -0.00805   0.00847  -0.02793  -0.00018   0.00018
   17 C4               S    0.00201  -0.00258   0.00726  -0.00016   0.00016
   18 C4               X   -0.00170  -0.00324   0.00327   0.00005  -0.00005
   19 C4               Y    0.00488   0.00385   0.00016  -0.00001   0.00001
   20 C4               Z    0.00000   0.00000   0.00000   0.00000   0.00000
   21 C5               S   -0.60947  -0.31576  -0.34462  -0.00079   0.00085
   22 C5               S   -0.03006  -0.00802  -0.00944   0.00001  -0.00004
   23 C5               X   -0.00259   0.00309   0.00309  -0.00010   0.00008
   24 C5               Y   -0.00083   0.00200   0.00175  -0.00004   0.00003
   25 C5               Z    0.00000   0.00000   0.00000   0.00000   0.00000
   26 H6               S    0.00563  -0.00269   0.00313   0.00010   0.00010
   27 H7               S   -0.00320  -0.00556   0.00557   0.00001  -0.00002
   28 H8               S    0.00563   0.00269   0.00313  -0.00010   0.00010
   29 C9               S   -0.00315   0.00369  -0.01363  -0.00903   0.00904
   30 C9               S   -0.00013   0.00022  -0.00060   0.00689  -0.00689
   31 C9               X    0.00010  -0.00003   0.00016  -0.00419   0.00419
   32 C9               Y   -0.00009  -0.00001   0.00005   0.00184  -0.00184
   33 C9               Z    0.00000   0.00000   0.00000   0.00000   0.00000
   34 C10              S    0.00048   0.00005   0.00107  -0.70048   0.70048
   35 C10              S    0.00011  -0.00006   0.00027  -0.03086   0.03086
   36 C10              X    0.00004  -0.00004   0.00017  -0.00116   0.00116
   37 C10              Y    0.00003   0.00004   0.00001   0.00055  -0.00055
   38 C10              Z    0.00000   0.00000   0.00000   0.00000   0.00000
   39 H11              S   -0.00016  -0.00006  -0.00007   0.00636  -0.00636
   40 H12              S    0.00006  -0.00007   0.00021  -0.00004   0.00004
   41 H13              S    0.00001   0.00001   0.00001   0.00637  -0.00637
   42 C14              S   -0.00315  -0.00369  -0.01363   0.00903   0.00904
   43 C14              S   -0.00013  -0.00022  -0.00060  -0.00689  -0.00689
   44 C14              X   -0.00010  -0.00003  -0.00016  -0.00419  -0.00419
   45 C14              Y    0.00009  -0.00001  -0.00005   0.00184   0.00184
   46 C14              Z    0.00000   0.00000   0.00000   0.00000   0.00000
   47 H15              S    0.00006   0.00007   0.00021   0.00004   0.00004
   48 C16              S    0.00048  -0.00005   0.00107   0.70048   0.70048
   49 C16              S    0.00011   0.00006   0.00027   0.03086   0.03086
   50 C16              X   -0.00004  -0.00004  -0.00017  -0.00116  -0.00116
   51 C16              Y   -0.00003   0.00004  -0.00001   0.00055   0.00055
   52 C16              Z    0.00000   0.00000   0.00000   0.00000   0.00000
   53 H17              S   -0.00016   0.00006  -0.00007  -0.00636  -0.00636
   54 H18              S    0.00001  -0.00001   0.00001  -0.00637  -0.00637
   55 C19              S    0.34433  -0.62560  -0.60964   0.00029   0.00059
   56 C19              S    0.02088  -0.02468  -0.02355  -0.00000  -0.00006
   57 C19              X   -0.00347  -0.00154  -0.00164  -0.00008  -0.00003
   58 C19              Y   -0.00225  -0.00005  -0.00053  -0.00002   0.00001
   59 C19              Z    0.00000   0.00000   0.00000   0.00000   0.00000
   60 H20              S   -0.00320   0.00556   0.00557  -0.00001  -0.00002
   
                             11        12        13        14        15
  eigenvalues-             -0.80953  -0.75398  -0.71795  -0.69981  -0.66750
  occupations-              2.00000   2.00000   2.00000   2.00000   2.00000
    1 C1               S   -0.10784   0.10359   0.00464  -0.01218  -0.09969
    2 C1               S    0.27463  -0.27384  -0.01510   0.03297   0.27410
    3 C1               X   -0.03695  -0.02974  -0.08774  -0.06123  -0.04812
    4 C1               Y   -0.01840  -0.01464  -0.04083   0.11116  -0.03457
    5 C1               Z    0.00000   0.00000   0.00000   0.00000   0.00000
    6 C2               S   -0.09762   0.04290  -0.04179   0.12039  -0.07277
    7 C2               S    0.24676  -0.11278   0.10908  -0.32475   0.20070
    8 C2               X   -0.04453  -0.02973  -0.04544   0.05124   0.02718
    9 C2               Y    0.03339  -0.05720  -0.01317   0.05378   0.06655
   10 C2               Z    0.00000   0.00000   0.00000   0.00000   0.00000
   11 C3               S   -0.09786  -0.03891  -0.04623   0.13215   0.04131
   12 C3               S    0.24698   0.10181   0.12121  -0.35662  -0.11414
   13 C3               X   -0.00325  -0.06474   0.03004  -0.05494   0.09857
   14 C3               Y    0.05502   0.00694   0.02707  -0.01417  -0.00657
   15 C3               Z    0.00000   0.00000   0.00000   0.00000   0.00000
   16 C4               S   -0.10784  -0.10359   0.00464   0.01218   0.09969
   17 C4               S    0.27463   0.27384  -0.01510  -0.03297  -0.27410
   18 C4               X    0.03695  -0.02974   0.08774  -0.06123  -0.04812
   19 C4               Y    0.01840  -0.01464   0.04083   0.11116  -0.03457
   20 C4               Z    0.00000   0.00000   0.00000   0.00000   0.00000
   21 C5               S   -0.09762  -0.04290  -0.04179  -0.12039   0.07277
   22 C5               S    0.24676   0.11278   0.10908   0.32475  -0.20070
   23 C5               X    0.04453  -0.02973   0.04544   0.05124   0.02718
   24 C5               Y   -0.03339  -0.05720   0.01317   0.05378   0.06655
   25 C5               Z    0.00000   0.00000   0.00000   0.00000   0.00000
   26 H6               S    0.04510  -0.03057   0.01682  -0.09022   0.05280
   27 H7               S    0.04496   0.02682   0.02325  -0.09831  -0.03268
   28 H8               S    0.04510   0.03057   0.01682   0.09022  -0.05280
   29 C9               S   -0.04970  -0.11386   0.11929   0.00055  -0.05161
   30 C9               S    0.12779   0.29728  -0.31495  -0.00219   0.13680
   31 C9               X    0.02288  -0.00277   0.06878  -0.02444  -0.13482
   32 C9               Y    0.02127   0.03499  -0.02444   0.01581  -0.00407
   33 C9               Z    0.00000   0.00000   0.00000   0.00000   0.00000
   34 C10              S   -0.02463  -0.08070   0.11743  -0.01403  -0.11035
   35 C10              S    0.06260   0.20927  -0.30970   0.03668   0.29971
   36 C10              X    0.02322   0.05915  -0.06563   0.00530   0.02650
   37 C10              Y   -0.00525  -0.01942   0.02967   0.00360  -0.02746
   38 C10              Z    0.00000   0.00000   0.00000   0.00000   0.00000
   39 H11              S    0.01407   0.04848  -0.07409   0.01442   0.07750
   40 H12              S    0.02567   0.06716  -0.07661  -0.01016   0.03741
   41 H13              S    0.01058   0.04373  -0.07489   0.00863   0.09005
   42 C14              S   -0.04970   0.11386   0.11929  -0.00055   0.05161
   43 C14              S    0.12779  -0.29728  -0.31495   0.00219  -0.13680
   44 C14              X   -0.02288  -0.00277  -0.06878  -0.02444  -0.13482
   45 C14              Y   -0.02127   0.03499   0.02444   0.01581  -0.00407
   46 C14              Z    0.00000   0.00000   0.00000   0.00000   0.00000
   47 H15              S    0.02567  -0.06716  -0.07661   0.01016  -0.03741
   48 C16              S   -0.02463   0.08070   0.11743   0.01403   0.11035
   49 C16              S    0.06260  -0.20927  -0.30970  -0.03668  -0.29971
   50 C16              X   -0.02322   0.05915   0.06563   0.00530   0.02650
   51 C16              Y    0.00525  -0.01942  -0.02967   0.00360  -0.02746
   52 C16              Z    0.00000   0.00000   0.00000   0.00000   0.00000
   53 H17              S    0.01407  -0.04848  -0.07409  -0.01442  -0.07750
   54 H18              S    0.01058  -0.04373  -0.07489  -0.00863  -0.09005
   55 C19              S   -0.09786   0.03891  -0.04623  -0.13215  -0.04131
   56 C19              S    0.24698  -0.10181   0.12121   0.35662   0.11414
   57 C19              X    0.00325  -0.06474  -0.03004  -0.05494   0.09857
   58 C19              Y   -0.05502   0.00694  -0.02707  -0.01417  -0.00657
   59 C19              Z    0.00000   0.00000   0.00000   0.00000   0.00000
   60 H20              S    0.04496  -0.02682   0.02325   0.09831   0.03268
   
                             16        17        18        19        20
  eigenvalues-             -0.58870  -0.55894  -0.53166  -0.51018  -0.45745
  occupations-              2.00000   2.00000   2.00000   2.00000   2.00000
    1 C1               S   -0.07120  -0.05404  -0.01328   0.05455   0.03232
    2 C1               S    0.20692   0.15993   0.03788  -0.16213  -0.10654
    3 C1               X    0.03041   0.11928  -0.11111   0.14130  -0.10949
    4 C1               Y    0.13675  -0.15593  -0.09421   0.02669  -0.09081
    5 C1               Z    0.00000   0.00000   0.00000   0.00000   0.00000
    6 C2               S    0.08138  -0.05793  -0.03037  -0.05251  -0.01946
    7 C2               S   -0.23220   0.17206   0.09197   0.16684   0.05511
    8 C2               X    0.00203   0.13351   0.06225   0.09926  -0.15610
    9 C2               Y    0.07011   0.13632   0.05946  -0.17986   0.03754
   10 C2               Z    0.00000   0.00000   0.00000   0.00000   0.00000
   11 C3               S   -0.00233   0.11047   0.05071  -0.00657   0.01316
   12 C3               S    0.00809  -0.32616  -0.15455   0.02419  -0.05093
   13 C3               X   -0.16085   0.00962   0.00679   0.14284   0.08960
   14 C3               Y   -0.02258   0.08973  -0.00341  -0.14568   0.17519
   15 C3               Z    0.00000   0.00000   0.00000   0.00000   0.00000
   16 C4               S   -0.07120  -0.05404   0.01328   0.05455   0.03232
   17 C4               S    0.20692   0.15993  -0.03788  -0.16213  -0.10654
   18 C4               X   -0.03041  -0.11928  -0.11111  -0.14130   0.10949
   19 C4               Y   -0.13675   0.15593  -0.09421  -0.02669   0.09081
   20 C4               Z    0.00000   0.00000   0.00000   0.00000   0.00000
   21 C5               S    0.08138  -0.05793   0.03037  -0.05251  -0.01946
   22 C5               S   -0.23220   0.17206  -0.09197   0.16684   0.05511
   23 C5               X   -0.00203  -0.13351   0.06225  -0.09926   0.15610
   24 C5               Y   -0.07011  -0.13632   0.05946   0.17986  -0.03754
   25 C5               Z    0.00000   0.00000   0.00000   0.00000   0.00000
   26 H6               S   -0.10547   0.08357   0.05476   0.16972  -0.09072
   27 H7               S    0.01859  -0.16973  -0.05025   0.09822  -0.13597
   28 H8               S   -0.10547   0.08357  -0.05476   0.16972  -0.09072
   29 C9               S   -0.05305  -0.00724  -0.09884  -0.05918  -0.04005
   30 C9               S    0.15955   0.02349   0.30261   0.18088   0.12725
   31 C9               X    0.14917   0.05755   0.07648   0.01912  -0.13823
   32 C9               Y   -0.03535   0.06959  -0.09669  -0.06164  -0.16804
   33 C9               Z    0.00000   0.00000   0.00000   0.00000   0.00000
   34 C10              S    0.08417   0.03712   0.08080   0.05145   0.01680
   35 C10              S   -0.24273  -0.11129  -0.24927  -0.16311  -0.06309
   36 C10              X    0.04802   0.04209   0.12615   0.10284   0.05972
   37 C10              Y   -0.02105   0.02911  -0.08688  -0.04894  -0.20456
   38 C10              Z    0.00000   0.00000   0.00000   0.00000   0.00000
   39 H11              S   -0.10371  -0.02210  -0.16034  -0.09496  -0.17903
   40 H12              S    0.08018  -0.03291   0.17059   0.11258   0.15269
   41 H13              S   -0.09841  -0.06703  -0.12487  -0.09694   0.02172
   42 C14              S   -0.05305  -0.00724   0.09884  -0.05918  -0.04005
   43 C14              S    0.15955   0.02349  -0.30261   0.18088   0.12725
   44 C14              X   -0.14917  -0.05755   0.07648  -0.01912   0.13823
   45 C14              Y    0.03535  -0.06959  -0.09669   0.06164   0.16804
   46 C14              Z    0.00000   0.00000   0.00000   0.00000   0.00000
   47 H15              S    0.08018  -0.03291  -0.17059   0.11258   0.15269
   48 C16              S    0.08417   0.03712  -0.08080   0.05145   0.01680
   49 C16              S   -0.24273  -0.11129   0.24927  -0.16311  -0.06309
   50 C16              X   -0.04802  -0.04209   0.12615  -0.10284  -0.05972
   51 C16              Y    0.02105  -0.02911  -0.08688   0.04894   0.20456
   52 C16              Z    0.00000   0.00000   0.00000   0.00000   0.00000
   53 H17              S   -0.10371  -0.02210   0.16034  -0.09496  -0.17903
   54 H18              S   -0.09841  -0.06703   0.12487  -0.09694   0.02172
   55 C19              S   -0.00233   0.11047  -0.05071  -0.00657   0.01316
   56 C19              S    0.00809  -0.32616   0.15455   0.02419  -0.05093
   57 C19              X    0.16085  -0.00962   0.00679  -0.14284  -0.08960
   58 C19              Y    0.02258  -0.08973  -0.00341   0.14568  -0.17519
   59 C19              Z    0.00000   0.00000   0.00000   0.00000   0.00000
   60 H20              S    0.01859  -0.16973   0.05025   0.09822  -0.13597
   
                             21        22        23        24        25
  eigenvalues-             -0.43936  -0.41061  -0.39796  -0.39606  -0.37399
  occupations-              2.00000   2.00000   2.00000   2.00000   2.00000
    1 C1               S    0.02308   0.06918   0.02269   0.02163  -0.00327
    2 C1               S   -0.07909  -0.23441  -0.07712  -0.07143   0.01147
    3 C1               X   -0.16793   0.05715   0.06656  -0.00460  -0.10125
    4 C1               Y    0.07581  -0.08726   0.25390  -0.01787   0.05626
    5 C1               Z    0.00000   0.00000   0.00000   0.00000   0.00000
    6 C2               S   -0.04237  -0.04410   0.01171   0.01835   0.02014
    7 C2               S    0.13821   0.15322  -0.03639  -0.06838  -0.06375
    8 C2               X   -0.06483   0.20582   0.02759  -0.14080   0.27316
    9 C2               Y   -0.12500  -0.05102  -0.25544  -0.00820  -0.10640
   10 C2               Z    0.00000   0.00000   0.00000   0.00000   0.00000
   11 C3               S    0.02223   0.04766  -0.00114  -0.02533   0.02853
   12 C3               S   -0.07485  -0.16390   0.00104   0.08466  -0.09087
   13 C3               X    0.16918  -0.12899   0.11137   0.07511  -0.03896
   14 C3               Y    0.07650   0.18868   0.04188   0.03169  -0.33904
   15 C3               Z    0.00000   0.00000   0.00000   0.00000   0.00000
   16 C4               S   -0.02308  -0.06918  -0.02269   0.02163   0.00327
   17 C4               S    0.07909   0.23441   0.07712  -0.07143  -0.01147
   18 C4               X   -0.16793   0.05715   0.06656   0.00460  -0.10125
   19 C4               Y    0.07581  -0.08726   0.25390   0.01787   0.05626
   20 C4               Z    0.00000   0.00000   0.00000   0.00000   0.00000
   21 C5               S    0.04237   0.04410  -0.01171   0.01835  -0.02014
   22 C5               S   -0.13821  -0.15322   0.03639  -0.06838   0.06375
   23 C5               X   -0.06483   0.20582   0.02759   0.14080   0.27316
   24 C5               Y   -0.12500  -0.05102  -0.25544   0.00820  -0.10640
   25 C5               Z    0.00000   0.00000   0.00000   0.00000   0.00000
   26 H6               S    0.06116   0.23129   0.13357  -0.11386   0.21709
   27 H7               S   -0.10026  -0.22526  -0.03728   0.00666   0.25368
   28 H8               S   -0.06116  -0.23129  -0.13357  -0.11386  -0.21709
   29 C9               S   -0.01679   0.01518   0.00247  -0.02763   0.00183
   30 C9               S    0.05129  -0.04179  -0.01457   0.08050  -0.00431
   31 C9               X    0.02494   0.13286  -0.18616  -0.15877   0.05603
   32 C9               Y    0.24032   0.00269  -0.01847   0.21259   0.03740
   33 C9               Z    0.00000   0.00000   0.00000   0.00000   0.00000
   34 C10              S    0.00804  -0.01193  -0.00102  -0.00449  -0.00427
   35 C10              S   -0.03104   0.04985  -0.00769   0.00005   0.01778
   36 C10              X    0.16974  -0.15221   0.04475   0.32489  -0.01830
   37 C10              Y    0.15266   0.02983  -0.25023   0.09712   0.07452
   38 C10              Z    0.00000   0.00000   0.00000   0.00000   0.00000
   39 H11              S    0.07240   0.04348  -0.21586   0.02385   0.05433
   40 H12              S   -0.15583  -0.02640  -0.01209  -0.14576  -0.01486
   41 H13              S   -0.17750   0.10504   0.08728  -0.26203  -0.01653
   42 C14              S    0.01679  -0.01518  -0.00247  -0.02763  -0.00183
   43 C14              S   -0.05129   0.04179   0.01457   0.08050   0.00431
   44 C14              X    0.02494   0.13286  -0.18616   0.15877   0.05603
   45 C14              Y    0.24032   0.00269  -0.01847  -0.21259   0.03740
   46 C14              Z    0.00000   0.00000   0.00000   0.00000   0.00000
   47 H15              S    0.15583   0.02640   0.01209  -0.14576   0.01486
   48 C16              S   -0.00804   0.01193   0.00102  -0.00449   0.00427
   49 C16              S    0.03104  -0.04985   0.00769   0.00005  -0.01778
   50 C16              X    0.16974  -0.15221   0.04475  -0.32489  -0.01830
   51 C16              Y    0.15266   0.02983  -0.25023  -0.09712   0.07452
   52 C16              Z    0.00000   0.00000   0.00000   0.00000   0.00000
   53 H17              S   -0.07240  -0.04348   0.21586   0.02385  -0.05433
   54 H18              S    0.17750  -0.10504  -0.08728  -0.26203   0.01653
   55 C19              S   -0.02223  -0.04766   0.00114  -0.02533  -0.02853
   56 C19              S    0.07485   0.16390  -0.00104   0.08466   0.09087
   57 C19              X    0.16918  -0.12899   0.11137  -0.07511  -0.03896
   58 C19              Y    0.07650   0.18868   0.04188  -0.03169  -0.33904
   59 C19              Z    0.00000   0.00000   0.00000   0.00000   0.00000
   60 H20              S    0.10026   0.22526   0.03728   0.00666  -0.25368
   
                             26        27        28        29        30
  eigenvalues-             -0.35115  -0.34729  -0.32453  -0.31125  -0.29280
  occupations-              2.00000   2.00000   2.00000   2.00000   2.00000
    1 C1               S    0.00299   0.02517   0.00000   0.01060  -0.00358
    2 C1               S   -0.01100  -0.09058   0.00000  -0.04607   0.02344
    3 C1               X   -0.22178  -0.02662   0.00000  -0.20043   0.29605
    4 C1               Y    0.10335   0.08313   0.00000  -0.16437  -0.03200
    5 C1               Z    0.00000   0.00000   0.33755   0.00000   0.00000
    6 C2               S   -0.00661  -0.00756   0.00000  -0.01374  -0.00857
    7 C2               S    0.01850   0.02540   0.00000   0.04720   0.02358
    8 C2               X   -0.16179  -0.11384   0.00000  -0.03686  -0.24779
    9 C2               Y   -0.12944  -0.10386   0.00000   0.13847  -0.00337
   10 C2               Z    0.00000   0.00000   0.29724   0.00000   0.00000
   11 C3               S    0.01733   0.00529   0.00000   0.00708   0.00226
   12 C3               S   -0.06274  -0.02690   0.00000  -0.02193  -0.00732
   13 C3               X    0.24571   0.08725   0.00000  -0.01815   0.30528
   14 C3               Y   -0.02418   0.16393   0.00000  -0.07589  -0.03279
   15 C3               Z    0.00000   0.00000   0.29783   0.00000   0.00000
   16 C4               S   -0.00299   0.02517   0.00000  -0.01060  -0.00358
   17 C4               S    0.01100  -0.09058   0.00000   0.04607   0.02344
   18 C4               X   -0.22178   0.02662   0.00000  -0.20043  -0.29605
   19 C4               Y    0.10335  -0.08313   0.00000  -0.16437   0.03200
   20 C4               Z    0.00000   0.00000   0.33755   0.00000   0.00000
   21 C5               S    0.00661  -0.00756   0.00000   0.01374  -0.00857
   22 C5               S   -0.01850   0.02540   0.00000  -0.04720   0.02358
   23 C5               X   -0.16179   0.11384   0.00000  -0.03686   0.24779
   24 C5               Y   -0.12944   0.10386   0.00000   0.13847   0.00337
   25 C5               Z    0.00000   0.00000   0.29724   0.00000   0.00000
   26 H6               S   -0.04718   0.00587   0.00000  -0.05261  -0.23759
   27 H7               S   -0.00664  -0.15579   0.00000   0.04756   0.01599
   28 H8               S    0.04718   0.00587   0.00000   0.05261  -0.23759
   29 C9               S    0.00121  -0.01704   0.00000  -0.00255  -0.01995
   30 C9               S    0.01195   0.07181   0.00000   0.00596   0.08291
   31 C9               X    0.24084   0.14988   0.00000   0.09151   0.22142
   32 C9               Y   -0.13132  -0.16884   0.00000   0.25978   0.12471
   33 C9               Z    0.00000   0.00000   0.17405   0.00000   0.00000
   34 C10              S    0.02049   0.01045   0.00000  -0.00343   0.00828
   35 C10              S   -0.05653  -0.02679   0.00000   0.01419  -0.02118
   36 C10              X   -0.27027  -0.04833   0.00000  -0.06672  -0.14590
   37 C10              Y    0.03414   0.29564   0.00000  -0.23272  -0.02431
   38 C10              Z    0.00000   0.00000   0.09250   0.00000   0.00000
   39 H11              S    0.05109   0.26811   0.00000  -0.23060  -0.05584
   40 H12              S    0.14602   0.19990   0.00000  -0.25874  -0.07082
   41 H13              S    0.15726  -0.14372   0.00000   0.21303   0.13786
   42 C14              S   -0.00121  -0.01704   0.00000   0.00255  -0.01995
   43 C14              S   -0.01195   0.07181   0.00000  -0.00596   0.08291
   44 C14              X    0.24084  -0.14988   0.00000   0.09151  -0.22142
   45 C14              Y   -0.13132   0.16884   0.00000   0.25978  -0.12471
   46 C14              Z    0.00000   0.00000   0.17405   0.00000   0.00000
   47 H15              S   -0.14602   0.19990   0.00000   0.25874  -0.07082
   48 C16              S   -0.02049   0.01045   0.00000   0.00343   0.00828
   49 C16              S    0.05653  -0.02679   0.00000  -0.01419  -0.02118
   50 C16              X   -0.27027   0.04833   0.00000  -0.06672   0.14590
   51 C16              Y    0.03414  -0.29564   0.00000  -0.23272   0.02431
   52 C16              Z    0.00000   0.00000   0.09250   0.00000   0.00000
   53 H17              S   -0.05109   0.26811   0.00000   0.23060  -0.05584
   54 H18              S   -0.15726  -0.14372   0.00000  -0.21303   0.13786
   55 C19              S   -0.01733   0.00529   0.00000  -0.00708   0.00226
   56 C19              S    0.06274  -0.02690   0.00000   0.02193  -0.00732
   57 C19              X    0.24571  -0.08725   0.00000  -0.01815  -0.30528
   58 C19              Y   -0.02418  -0.16393   0.00000  -0.07589   0.03279
   59 C19              Z    0.00000   0.00000   0.29783   0.00000   0.00000
   60 H20              S    0.00664  -0.15579   0.00000  -0.04756   0.01599
   
                             31        32        33        34        35
  eigenvalues-             -0.28747  -0.26354  -0.21244  -0.19508  -0.15308
  occupations-              2.00000   2.00000   2.00000   2.00000   2.00000
    1 C1               S    0.00708   0.00000   0.00000   0.00000   0.00000
    2 C1               S   -0.03412   0.00000   0.00000   0.00000   0.00000
    3 C1               X    0.01101   0.00000   0.00000   0.00000   0.00000
    4 C1               Y   -0.31164   0.00000   0.00000   0.00000   0.00000
    5 C1               Z    0.00000   0.34887   0.01799  -0.00476   0.38763
    6 C2               S   -0.00799   0.00000   0.00000   0.00000   0.00000
    7 C2               S    0.02304   0.00000   0.00000   0.00000   0.00000
    8 C2               X   -0.00239   0.00000   0.00000   0.00000   0.00000
    9 C2               Y    0.29643   0.00000   0.00000   0.00000   0.00000
   10 C2               Z    0.00000   0.13283   0.17677   0.45822   0.22867
   11 C3               S    0.01197   0.00000   0.00000   0.00000   0.00000
   12 C3               S   -0.03539   0.00000   0.00000   0.00000   0.00000
   13 C3               X    0.03072   0.00000   0.00000   0.00000   0.00000
   14 C3               Y   -0.22751   0.00000   0.00000   0.00000   0.00000
   15 C3               Z    0.00000  -0.13069   0.17919   0.46304  -0.21713
   16 C4               S    0.00708   0.00000   0.00000   0.00000   0.00000
   17 C4               S   -0.03412   0.00000   0.00000   0.00000   0.00000
   18 C4               X   -0.01101   0.00000   0.00000   0.00000   0.00000
   19 C4               Y    0.31164   0.00000   0.00000   0.00000   0.00000
   20 C4               Z    0.00000  -0.34887   0.01799   0.00476  -0.38763
   21 C5               S   -0.00799   0.00000   0.00000   0.00000   0.00000
   22 C5               S    0.02304   0.00000   0.00000   0.00000   0.00000
   23 C5               X    0.00239   0.00000   0.00000   0.00000   0.00000
   24 C5               Y   -0.29643   0.00000   0.00000   0.00000   0.00000
   25 C5               Z    0.00000  -0.13283   0.17677  -0.45822  -0.22867
   26 H6               S   -0.15638   0.00000   0.00000   0.00000   0.00000
   27 H7               S    0.25911   0.00000   0.00000   0.00000   0.00000
   28 H8               S   -0.15638   0.00000   0.00000   0.00000   0.00000
   29 C9               S    0.01071   0.00000   0.00000   0.00000   0.00000
   30 C9               S   -0.03676   0.00000   0.00000   0.00000   0.00000
   31 C9               X   -0.05862   0.00000   0.00000   0.00000   0.00000
   32 C9               Y   -0.16262   0.00000   0.00000   0.00000   0.00000
   33 C9               Z    0.00000  -0.37657  -0.41378   0.00219   0.22357
   34 C10              S    0.00481   0.00000   0.00000   0.00000   0.00000
   35 C10              S   -0.01873   0.00000   0.00000   0.00000   0.00000
   36 C10              X   -0.00180   0.00000   0.00000   0.00000   0.00000
   37 C10              Y    0.11436   0.00000   0.00000   0.00000   0.00000
   38 C10              Z    0.00000  -0.27145  -0.41788  -0.00740   0.39738
   39 H11              S    0.11389   0.00000   0.00000   0.00000   0.00000
   40 H12              S    0.18073   0.00000   0.00000   0.00000   0.00000
   41 H13              S   -0.08696   0.00000   0.00000   0.00000   0.00000
   42 C14              S    0.01071   0.00000   0.00000   0.00000   0.00000
   43 C14              S   -0.03676   0.00000   0.00000   0.00000   0.00000
   44 C14              X    0.05862   0.00000   0.00000   0.00000   0.00000
   45 C14              Y    0.16262   0.00000   0.00000   0.00000   0.00000
   46 C14              Z    0.00000   0.37657  -0.41378  -0.00219  -0.22357
   47 H15              S    0.18073   0.00000   0.00000   0.00000   0.00000
   48 C16              S    0.00481   0.00000   0.00000   0.00000   0.00000
   49 C16              S   -0.01873   0.00000   0.00000   0.00000   0.00000
   50 C16              X    0.00180   0.00000   0.00000   0.00000   0.00000
   51 C16              Y   -0.11436   0.00000   0.00000   0.00000   0.00000
   52 C16              Z    0.00000   0.27145  -0.41788   0.00740  -0.39738
   53 H17              S    0.11389   0.00000   0.00000   0.00000   0.00000
   54 H18              S   -0.08696   0.00000   0.00000   0.00000   0.00000
   55 C19              S    0.01197   0.00000   0.00000   0.00000   0.00000
   56 C19              S   -0.03539   0.00000   0.00000   0.00000   0.00000
   57 C19              X   -0.03072   0.00000   0.00000   0.00000   0.00000
   58 C19              Y    0.22751   0.00000   0.00000   0.00000   0.00000
   59 C19              Z    0.00000   0.13069   0.17919  -0.46304   0.21713
   60 H20              S    0.25911   0.00000   0.00000   0.00000   0.00000
   
                             36        37        38        39        40
  eigenvalues-              0.03742   0.09034   0.11062   0.18221   0.27251
  occupations-              0.00000   0.00000   0.00000   0.00000   0.00000
    1 C1               S    0.00000   0.00000   0.00000   0.00000   0.00000
    2 C1               S    0.00000   0.00000   0.00000   0.00000   0.00000
    3 C1               X    0.00000   0.00000   0.00000   0.00000   0.00000
    4 C1               Y    0.00000   0.00000   0.00000   0.00000   0.00000
    5 C1               Z    0.44250  -0.03145   0.02318  -0.49751  -0.54354
    6 C2               S    0.00000   0.00000   0.00000   0.00000   0.00000
    7 C2               S    0.00000   0.00000   0.00000   0.00000   0.00000
    8 C2               X    0.00000   0.00000   0.00000   0.00000   0.00000
    9 C2               Y    0.00000   0.00000   0.00000   0.00000   0.00000
   10 C2               Z   -0.27645  -0.55356  -0.23204   0.19987   0.46723
   11 C3               S    0.00000   0.00000   0.00000   0.00000   0.00000
   12 C3               S    0.00000   0.00000   0.00000   0.00000   0.00000
   13 C3               X    0.00000   0.00000   0.00000   0.00000   0.00000
   14 C3               Y    0.00000   0.00000   0.00000   0.00000   0.00000
   15 C3               Z   -0.23308   0.58256   0.24060   0.16622  -0.46416
   16 C4               S    0.00000   0.00000   0.00000   0.00000   0.00000
   17 C4               S    0.00000   0.00000   0.00000   0.00000   0.00000
   18 C4               X    0.00000   0.00000   0.00000   0.00000   0.00000
   19 C4               Y    0.00000   0.00000   0.00000   0.00000   0.00000
   20 C4               Z    0.44250  -0.03145  -0.02318  -0.49751   0.54354
   21 C5               S    0.00000   0.00000   0.00000   0.00000   0.00000
   22 C5               S    0.00000   0.00000   0.00000   0.00000   0.00000
   23 C5               X    0.00000   0.00000   0.00000   0.00000   0.00000
   24 C5               Y    0.00000   0.00000   0.00000   0.00000   0.00000
   25 C5               Z   -0.27645  -0.55356   0.23204   0.19987  -0.46723
   26 H6               S    0.00000   0.00000   0.00000   0.00000   0.00000
   27 H7               S    0.00000   0.00000   0.00000   0.00000   0.00000
   28 H8               S    0.00000   0.00000   0.00000   0.00000   0.00000
   29 C9               S    0.00000   0.00000   0.00000   0.00000   0.00000
   30 C9               S    0.00000   0.00000   0.00000   0.00000   0.00000
   31 C9               X    0.00000   0.00000   0.00000   0.00000   0.00000
   32 C9               Y    0.00000   0.00000   0.00000   0.00000   0.00000
   33 C9               Z    0.25630   0.00474  -0.52223   0.52903  -0.28760
   34 C10              S    0.00000   0.00000   0.00000   0.00000   0.00000
   35 C10              S    0.00000   0.00000   0.00000   0.00000   0.00000
   36 C10              X    0.00000   0.00000   0.00000   0.00000   0.00000
   37 C10              Y    0.00000   0.00000   0.00000   0.00000   0.00000
   38 C10              Z   -0.44990   0.00958   0.52317  -0.37946   0.15593
   39 H11              S    0.00000   0.00000   0.00000   0.00000   0.00000
   40 H12              S    0.00000   0.00000   0.00000   0.00000   0.00000
   41 H13              S    0.00000   0.00000   0.00000   0.00000   0.00000
   42 C14              S    0.00000   0.00000   0.00000   0.00000   0.00000
   43 C14              S    0.00000   0.00000   0.00000   0.00000   0.00000
   44 C14              X    0.00000   0.00000   0.00000   0.00000   0.00000
   45 C14              Y    0.00000   0.00000   0.00000   0.00000   0.00000
   46 C14              Z    0.25630   0.00474   0.52223   0.52903   0.28760
   47 H15              S    0.00000   0.00000   0.00000   0.00000   0.00000
   48 C16              S    0.00000   0.00000   0.00000   0.00000   0.00000
   49 C16              S    0.00000   0.00000   0.00000   0.00000   0.00000
   50 C16              X    0.00000   0.00000   0.00000   0.00000   0.00000
   51 C16              Y    0.00000   0.00000   0.00000   0.00000   0.00000
   52 C16              Z   -0.44990   0.00958  -0.52317  -0.37946  -0.15593
   53 H17              S    0.00000   0.00000   0.00000   0.00000   0.00000
   54 H18              S    0.00000   0.00000   0.00000   0.00000   0.00000
   55 C19              S    0.00000   0.00000   0.00000   0.00000   0.00000
   56 C19              S    0.00000   0.00000   0.00000   0.00000   0.00000
   57 C19              X    0.00000   0.00000   0.00000   0.00000   0.00000
   58 C19              Y    0.00000   0.00000   0.00000   0.00000   0.00000
   59 C19              Z   -0.23308   0.58256  -0.24060   0.16622   0.46416
   60 H20              S    0.00000   0.00000   0.00000   0.00000   0.00000
   
                             41        42        43        44        45
  eigenvalues-              0.33223   0.34073   0.37936   0.38145   0.41097
  occupations-              0.00000   0.00000   0.00000   0.00000   0.00000
    1 C1               S    0.06827   0.03447   0.05772   0.02322  -0.05127
    2 C1               S   -0.40187  -0.20238  -0.33490  -0.14003   0.30960
    3 C1               X   -0.22958  -0.03837  -0.46784   0.10430   0.23051
    4 C1               Y   -0.17117  -0.31293  -0.05364  -0.07120  -0.19892
    5 C1               Z    0.00000   0.00000   0.00000   0.00000   0.00000
    6 C2               S    0.04637  -0.01586  -0.00437  -0.02119   0.10107
    7 C2               S   -0.28006   0.09631   0.01907   0.13504  -0.61769
    8 C2               X   -0.18162   0.08346  -0.39299   0.25420   0.02596
    9 C2               Y    0.15223  -0.26988   0.15243  -0.09924  -0.03292
   10 C2               Z    0.00000   0.00000   0.00000   0.00000   0.00000
   11 C3               S    0.02805   0.00630   0.02501  -0.06449  -0.07375
   12 C3               S   -0.17274  -0.03075  -0.15233   0.39387   0.45118
   13 C3               X   -0.04825   0.10445  -0.26178  -0.11795   0.16697
   14 C3               Y    0.30605  -0.33997   0.05370  -0.04369   0.00814
   15 C3               Z    0.00000   0.00000   0.00000   0.00000   0.00000
   16 C4               S    0.06827  -0.03447  -0.05772   0.02322  -0.05127
   17 C4               S   -0.40187   0.20238   0.33490  -0.14003   0.30960
   18 C4               X    0.22958  -0.03837  -0.46784  -0.10430  -0.23051
   19 C4               Y    0.17117  -0.31293  -0.05364   0.07120   0.19892
   20 C4               Z    0.00000   0.00000   0.00000   0.00000   0.00000
   21 C5               S    0.04637   0.01586   0.00437  -0.02119   0.10107
   22 C5               S   -0.28006  -0.09631  -0.01907   0.13504  -0.61769
   23 C5               X    0.18162   0.08346  -0.39299  -0.25420  -0.02596
   24 C5               Y   -0.15223  -0.26988   0.15243   0.09924   0.03292
   25 C5               Z    0.00000   0.00000   0.00000   0.00000   0.00000
   26 H6               S    0.42301  -0.26832   0.41183  -0.30090   0.22060
   27 H7               S    0.41343  -0.31980   0.11864  -0.29379  -0.22947
   28 H8               S    0.42301   0.26832  -0.41183  -0.30090   0.22060
   29 C9               S   -0.04919  -0.00768   0.09276   0.06352   0.02401
   30 C9               S    0.27732   0.04713  -0.54205  -0.38199  -0.15301
   31 C9               X    0.24205  -0.09692  -0.29620  -0.03768  -0.26615
   32 C9               Y    0.34255  -0.39711  -0.16184   0.33956   0.06031
   33 C9               Z    0.00000   0.00000   0.00000   0.00000   0.00000
   34 C10              S    0.03977  -0.00253  -0.04970  -0.02109   0.10408
   35 C10              S   -0.23024   0.01915   0.29034   0.11804  -0.65166
   36 C10              X    0.09516  -0.06190  -0.10009   0.12673   0.14982
   37 C10              Y    0.18175  -0.34076  -0.14196   0.36420  -0.19555
   38 C10              Z    0.00000   0.00000   0.00000   0.00000   0.00000
   39 H11              S   -0.11364   0.32397   0.01431  -0.39454   0.51132
   40 H12              S    0.14911  -0.43471   0.15707   0.57565   0.17154
   41 H13              S    0.35643  -0.28598  -0.34672   0.24846   0.32603
   42 C14              S   -0.04919   0.00768  -0.09276   0.06352   0.02401
   43 C14              S    0.27732  -0.04713   0.54205  -0.38199  -0.15301
   44 C14              X   -0.24205  -0.09692  -0.29620   0.03768   0.26615
   45 C14              Y   -0.34255  -0.39711  -0.16184  -0.33956  -0.06031
   46 C14              Z    0.00000   0.00000   0.00000   0.00000   0.00000
   47 H15              S    0.14911   0.43471  -0.15707   0.57565   0.17154
   48 C16              S    0.03977   0.00253   0.04970  -0.02109   0.10408
   49 C16              S   -0.23024  -0.01915  -0.29034   0.11804  -0.65166
   50 C16              X   -0.09516  -0.06190  -0.10009  -0.12673  -0.14982
   51 C16              Y   -0.18175  -0.34076  -0.14196  -0.36420   0.19555
   52 C16              Z    0.00000   0.00000   0.00000   0.00000   0.00000
   53 H17              S   -0.11364  -0.32397  -0.01431  -0.39454   0.51132
   54 H18              S    0.35643   0.28598   0.34672   0.24846   0.32603
   55 C19              S    0.02805  -0.00630  -0.02501  -0.06449  -0.07375
   56 C19              S   -0.17274   0.03075   0.15233   0.39387   0.45118
   57 C19              X    0.04825   0.10445  -0.26178   0.11795  -0.16697
   58 C19              Y   -0.30605  -0.33997   0.05370   0.04369  -0.00814
   59 C19              Z    0.00000   0.00000   0.00000   0.00000   0.00000
   60 H20              S    0.41343   0.31980  -0.11864  -0.29379  -0.22947
   
                             46        47        48        49        50
  eigenvalues-              0.41195   0.42675   0.43963   0.45276   0.47825
  occupations-              0.00000   0.00000   0.00000   0.00000   0.00000
    1 C1               S    0.08154   0.01995   0.12927  -0.06171  -0.03772
    2 C1               S   -0.47871  -0.12530  -0.78448   0.36685   0.23569
    3 C1               X   -0.05072   0.19398   0.02012  -0.14835  -0.16095
    4 C1               Y    0.10764   0.18460   0.03063   0.09912   0.31375
    5 C1               Z    0.00000   0.00000   0.00000   0.00000   0.00000
    6 C2               S   -0.10162  -0.00548  -0.06682   0.06661  -0.09701
    7 C2               S    0.61451   0.02170   0.41739  -0.40829   0.61524
    8 C2               X    0.12991   0.03693   0.15954  -0.18717  -0.12793
    9 C2               Y    0.04127   0.23385   0.30151   0.11444  -0.18949
   10 C2               Z    0.00000   0.00000   0.00000   0.00000   0.00000
   11 C3               S    0.07459   0.05754  -0.07854  -0.05889   0.11207
   12 C3               S   -0.44351  -0.35693   0.49031   0.35657  -0.70832
   13 C3               X   -0.05025   0.19550  -0.26201  -0.16898  -0.07761
   14 C3               Y    0.09339   0.40287  -0.10389   0.09493  -0.12601
   15 C3               Z    0.00000   0.00000   0.00000   0.00000   0.00000
   16 C4               S   -0.08154  -0.01995   0.12927   0.06171  -0.03772
   17 C4               S    0.47871   0.12530  -0.78448  -0.36685   0.23569
   18 C4               X   -0.05072   0.19398  -0.02012  -0.14835   0.16095
   19 C4               Y    0.10764   0.18460  -0.03063   0.09912  -0.31375
   20 C4               Z    0.00000   0.00000   0.00000   0.00000   0.00000
   21 C5               S    0.10162   0.00548  -0.06682  -0.06661  -0.09701
   22 C5               S   -0.61451  -0.02170   0.41739   0.40829   0.61524
   23 C5               X    0.12991   0.03693  -0.15954  -0.18717   0.12793
   24 C5               Y    0.04127   0.23385  -0.30151   0.11444   0.18949
   25 C5               Z    0.00000   0.00000   0.00000   0.00000   0.00000
   26 H6               S   -0.35498   0.05236  -0.19755   0.47239  -0.33072
   27 H7               S    0.32972   0.59909  -0.31501  -0.08309   0.22023
   28 H8               S    0.35498  -0.05236  -0.19755  -0.47239  -0.33072
   29 C9               S    0.03966  -0.07275  -0.09339  -0.07115   0.03095
   30 C9               S   -0.25038   0.45646   0.56416   0.43045  -0.21600
   31 C9               X   -0.21527   0.12288   0.12063  -0.09040  -0.07953
   32 C9               Y    0.09558  -0.19567  -0.08166  -0.09227   0.00785
   33 C9               Z    0.00000   0.00000   0.00000   0.00000   0.00000
   34 C10              S    0.08560  -0.02017   0.06762   0.11374   0.06444
   35 C10              S   -0.53818   0.13520  -0.41067  -0.71196  -0.41415
   36 C10              X    0.20521  -0.26732   0.04667   0.07329   0.40608
   37 C10              Y   -0.19499  -0.14172   0.01755  -0.12841  -0.00300
   38 C10              Z    0.00000   0.00000   0.00000   0.00000   0.00000
   39 H11              S    0.44830   0.04896   0.21120   0.52536   0.29391
   40 H12              S    0.20606  -0.44118  -0.36823  -0.29679   0.07528
   41 H13              S    0.31303  -0.33919   0.25901   0.32974   0.47568
   42 C14              S   -0.03966   0.07275  -0.09339   0.07115   0.03095
   43 C14              S    0.25038  -0.45646   0.56416  -0.43045  -0.21600
   44 C14              X   -0.21527   0.12288  -0.12063  -0.09040   0.07953
   45 C14              Y    0.09558  -0.19567   0.08166  -0.09227  -0.00785
   46 C14              Z    0.00000   0.00000   0.00000   0.00000   0.00000
   47 H15              S   -0.20606   0.44118  -0.36823   0.29679   0.07528
   48 C16              S   -0.08560   0.02017   0.06762  -0.11374   0.06444
   49 C16              S    0.53818  -0.13520  -0.41067   0.71196  -0.41415
   50 C16              X    0.20521  -0.26732  -0.04667   0.07329  -0.40608
   51 C16              Y   -0.19499  -0.14172  -0.01755  -0.12841   0.00300
   52 C16              Z    0.00000   0.00000   0.00000   0.00000   0.00000
   53 H17              S   -0.44830  -0.04896   0.21120  -0.52536   0.29391
   54 H18              S   -0.31303   0.33919   0.25901  -0.32974   0.47568
   55 C19              S   -0.07459  -0.05754  -0.07854   0.05889   0.11207
   56 C19              S    0.44351   0.35693   0.49031  -0.35657  -0.70832
   57 C19              X   -0.05025   0.19550   0.26201  -0.16898   0.07761
   58 C19              Y    0.09339   0.40287   0.10389   0.09493   0.12601
   59 C19              Z    0.00000   0.00000   0.00000   0.00000   0.00000
   60 H20              S   -0.32972  -0.59909  -0.31501   0.08309   0.22023
   
                             51        52        53        54        55
  eigenvalues-              0.52623   0.54582   0.57600   0.59941   0.62499
  occupations-              0.00000   0.00000   0.00000   0.00000   0.00000
    1 C1               S   -0.06734  -0.00385   0.00195  -0.05698  -0.09057
    2 C1               S    0.44939   0.01559  -0.01936   0.39396   0.61355
    3 C1               X   -0.52969  -0.24123  -0.01077  -0.07458   0.11839
    4 C1               Y   -0.31008   0.51249   0.21510   0.23698  -0.17978
    5 C1               Z    0.00000   0.00000   0.00000   0.00000   0.00000
    6 C2               S    0.04927  -0.03566  -0.00343  -0.08770   0.03295
    7 C2               S   -0.31934   0.24874   0.02966   0.60282  -0.21709
    8 C2               X    0.11410   0.38955  -0.54638  -0.27037  -0.06616
    9 C2               Y   -0.29134   0.33201   0.37774  -0.43730  -0.41479
   10 C2               Z    0.00000   0.00000   0.00000   0.00000   0.00000
   11 C3               S    0.01208  -0.09696   0.00248   0.03733   0.00836
   12 C3               S   -0.07918   0.64987  -0.02202  -0.25391  -0.07089
   13 C3               X    0.29248  -0.10246  -0.02593  -0.75010  -0.17782
   14 C3               Y   -0.38975  -0.05437  -0.56524  -0.03295   0.20496
   15 C3               Z    0.00000   0.00000   0.00000   0.00000   0.00000
   16 C4               S   -0.06734   0.00385   0.00195   0.05698   0.09057
   17 C4               S    0.44939  -0.01559  -0.01936  -0.39396  -0.61355
   18 C4               X    0.52969  -0.24123   0.01077  -0.07458   0.11839
   19 C4               Y    0.31008   0.51249  -0.21510   0.23698  -0.17978
   20 C4               Z    0.00000   0.00000   0.00000   0.00000   0.00000
   21 C5               S    0.04927   0.03566  -0.00343   0.08770  -0.03295
   22 C5               S   -0.31934  -0.24874   0.02966  -0.60282   0.21709
   23 C5               X   -0.11410   0.38955   0.54638  -0.27037  -0.06616
   24 C5               Y    0.29134   0.33201  -0.37774  -0.43730  -0.41479
   25 C5               Z    0.00000   0.00000   0.00000   0.00000   0.00000
   26 H6               S   -0.04345  -0.20946   0.51897  -0.25991  -0.00526
   27 H7               S   -0.26118  -0.30791  -0.44772   0.07600   0.13961
   28 H8               S   -0.04345   0.20946   0.51897   0.25991   0.00526
   29 C9               S   -0.07433  -0.02681   0.05211  -0.06084   0.02222
   30 C9               S    0.48591   0.19396  -0.35616   0.41801  -0.17182
   31 C9               X    0.04330  -0.12751   0.18309  -0.04499   0.35423
   32 C9               Y   -0.14806   0.23585  -0.06144  -0.09174   0.44779
   33 C9               Z    0.00000   0.00000   0.00000   0.00000   0.00000
   34 C10              S    0.01880   0.00872  -0.04222   0.00738  -0.01842
   35 C10              S   -0.11654  -0.06778   0.28701  -0.04630   0.13079
   36 C10              X    0.01113  -0.45060   0.27820  -0.18220  -0.05838
   37 C10              Y    0.36609  -0.17428  -0.00044   0.22575  -0.57395
   38 C10              Z    0.00000   0.00000   0.00000   0.00000   0.00000
   39 H11              S   -0.23526   0.09700  -0.13138  -0.21070   0.35975
   40 H12              S   -0.30523   0.14797   0.09592  -0.24545   0.34723
   41 H13              S    0.24818  -0.35584   0.06101   0.01377  -0.33990
   42 C14              S   -0.07433   0.02681   0.05211   0.06084  -0.02222
   43 C14              S    0.48591  -0.19396  -0.35616  -0.41801   0.17182
   44 C14              X   -0.04330  -0.12751  -0.18309  -0.04499   0.35423
   45 C14              Y    0.14806   0.23585   0.06144  -0.09174   0.44779
   46 C14              Z    0.00000   0.00000   0.00000   0.00000   0.00000
   47 H15              S   -0.30523  -0.14797   0.09592   0.24545  -0.34723
   48 C16              S    0.01880  -0.00872  -0.04222  -0.00738   0.01842
   49 C16              S   -0.11654   0.06778   0.28701   0.04630  -0.13079
   50 C16              X   -0.01113  -0.45060  -0.27820  -0.18220  -0.05838
   51 C16              Y   -0.36609  -0.17428   0.00044   0.22575  -0.57395
   52 C16              Z    0.00000   0.00000   0.00000   0.00000   0.00000
   53 H17              S   -0.23526  -0.09700  -0.13138   0.21070  -0.35975
   54 H18              S    0.24818   0.35584   0.06101  -0.01377   0.33990
   55 C19              S    0.01208   0.09696   0.00248  -0.03733  -0.00836
   56 C19              S   -0.07918  -0.64987  -0.02202   0.25391   0.07089
   57 C19              X   -0.29248  -0.10246   0.02593  -0.75010  -0.17782
   58 C19              Y    0.38975  -0.05437   0.56524  -0.03295   0.20496
   59 C19              Z    0.00000   0.00000   0.00000   0.00000   0.00000
   60 H20              S   -0.26118   0.30791  -0.44772  -0.07600  -0.13961
   
                             56        57        58        59        60
  eigenvalues-              0.63971   0.68280   0.71725   0.77955   0.79456
  occupations-              0.00000   0.00000   0.00000   0.00000   0.00000
    1 C1               S    0.01517   0.01610  -0.02068  -0.00498  -0.04438
    2 C1               S   -0.09114  -0.10266   0.14579   0.03296   0.33026
    3 C1               X   -0.30862  -0.40494  -0.27915  -0.27073  -0.56860
    4 C1               Y   -0.22780   0.00159   0.38232   0.64914  -0.37214
    5 C1               Z    0.00000   0.00000   0.00000   0.00000   0.00000
    6 C2               S   -0.03184   0.01749  -0.02012  -0.00709   0.05727
    7 C2               S    0.21873  -0.12656   0.15059   0.04812  -0.41801
    8 C2               X   -0.23190   0.43192   0.19109   0.25187   0.52884
    9 C2               Y   -0.25940   0.12241   0.10723   0.54579  -0.35075
   10 C2               Z    0.00000   0.00000   0.00000   0.00000   0.00000
   11 C3               S    0.02717  -0.01918  -0.04640   0.00709  -0.05135
   12 C3               S   -0.19065   0.13826   0.33544  -0.04900   0.37231
   13 C3               X   -0.27929   0.41050  -0.18465   0.58372   0.04724
   14 C3               Y   -0.36259   0.01944   0.14819  -0.05375   0.61342
   15 C3               Z    0.00000   0.00000   0.00000   0.00000   0.00000
   16 C4               S    0.01517   0.01610   0.02068  -0.00498   0.04438
   17 C4               S   -0.09114  -0.10266  -0.14579   0.03296  -0.33026
   18 C4               X    0.30862   0.40494  -0.27915   0.27073  -0.56860
   19 C4               Y    0.22780  -0.00159   0.38232  -0.64914  -0.37214
   20 C4               Z    0.00000   0.00000   0.00000   0.00000   0.00000
   21 C5               S   -0.03184   0.01749   0.02012  -0.00709  -0.05727
   22 C5               S    0.21873  -0.12656  -0.15059   0.04812   0.41801
   23 C5               X    0.23190  -0.43192   0.19109  -0.25187   0.52884
   24 C5               Y    0.25940  -0.12241   0.10723  -0.54579  -0.35075
   25 C5               Z    0.00000   0.00000   0.00000   0.00000   0.00000
   26 H6               S   -0.05849  -0.19144  -0.10581   0.04175  -0.27560
   27 H7               S   -0.20943  -0.04173  -0.01815  -0.00660   0.26963
   28 H8               S   -0.05849  -0.19144   0.10581   0.04175   0.27560
   29 C9               S   -0.04092   0.04174   0.06141  -0.02708   0.01254
   30 C9               S    0.28400  -0.32729  -0.46564   0.21545  -0.07679
   31 C9               X   -0.01299   0.66378   0.63328  -0.44086  -0.33868
   32 C9               Y    0.57769   0.10524  -0.42892   0.30397  -0.13199
   33 C9               Z    0.00000   0.00000   0.00000   0.00000   0.00000
   34 C10              S    0.03114  -0.04916  -0.07104   0.04149   0.01013
   35 C10              S   -0.22588   0.36772   0.53616  -0.32456  -0.08598
   36 C10              X   -0.45191   0.37606   0.63814  -0.38379  -0.07591
   37 C10              Y   -0.33314  -0.48478  -0.19976   0.13988   0.20700
   38 C10              Z    0.00000   0.00000   0.00000   0.00000   0.00000
   39 H11              S    0.28851   0.26168   0.01132  -0.03401  -0.13567
   40 H12              S    0.31754   0.14479  -0.17373   0.15836  -0.04549
   41 H13              S   -0.33199  -0.11571   0.09364  -0.04719   0.06419
   42 C14              S   -0.04092   0.04174  -0.06141  -0.02708  -0.01254
   43 C14              S    0.28400  -0.32729   0.46564   0.21545   0.07679
   44 C14              X    0.01299  -0.66378   0.63328   0.44086  -0.33868
   45 C14              Y   -0.57769  -0.10524  -0.42892  -0.30397  -0.13199
   46 C14              Z    0.00000   0.00000   0.00000   0.00000   0.00000
   47 H15              S    0.31754   0.14479   0.17373   0.15836   0.04549
   48 C16              S    0.03114  -0.04916   0.07104   0.04149  -0.01013
   49 C16              S   -0.22588   0.36772  -0.53616  -0.32456   0.08598
   50 C16              X    0.45191  -0.37606   0.63814   0.38379  -0.07591
   51 C16              Y    0.33314   0.48478  -0.19976  -0.13988   0.20700
   52 C16              Z    0.00000   0.00000   0.00000   0.00000   0.00000
   53 H17              S    0.28851   0.26168  -0.01132  -0.03401   0.13567
   54 H18              S   -0.33199  -0.11571  -0.09364  -0.04719  -0.06419
   55 C19              S    0.02717  -0.01918   0.04640   0.00709   0.05135
   56 C19              S   -0.19065   0.13826  -0.33544  -0.04900  -0.37231
   57 C19              X    0.27929  -0.41050  -0.18465  -0.58372   0.04724
   58 C19              Y    0.36259  -0.01944   0.14819   0.05375   0.61342
   59 C19              Z    0.00000   0.00000   0.00000   0.00000   0.00000
   60 H20              S   -0.20943  -0.04173   0.01815  -0.00660  -0.26963
   
  
  end of program post
   
 Time(post)  user:       0.170  user+sys:       0.170  wallclock:       0.431

 Total cpu seconds     user:       2.205   user+sys:       2.205
  
 Total elapsed time:    8 seconds

Job dvb_sp_ks completed on anonymized-host at Wed Jul 29 10:54:38 2026
