MAEFILE: dvb_un_sp_ks.01.mae
&gen 
ip102=3 
iuhf=1 
basis=sto-3g 
ip1=2 
molchg=1 
multip=2 
mulken=1 
dftname=b3lyp 
&
&zmat
 C1              1.2310450000             0.7385760000            0.0000000000
 C2              1.2310450000            -0.6825780000            0.0000000000
 C3              0.0273500000            -1.4017495000            0.0000000000
 C4             -1.2310450000            -0.7385760000            0.0000000000
 C5             -1.2310450000             0.6825780000            0.0000000000
 H6              2.1838585000            -1.2274770000            0.0000000000
 H7              0.0508990000            -2.5001595000            0.0000000000
 H8             -2.1838585000             1.2274770000            0.0000000000
 C9             -2.4864860000            -1.5550890000            0.0000000000
 C10            -3.7467100000            -1.0872315000            0.0000000000
 H11            -3.9798080000            -0.0163160000            0.0000000000
 H12            -2.3218350000            -2.6431080000            0.0000000000
 H13            -4.6057660000            -1.7682155000            0.0000000000
 C14             2.4864860000             1.5550890000            0.0000000000
 H15             2.3218350000             2.6431080000            0.0000000000
 C16             3.7467100000             1.0872315000            0.0000000000
 H17             3.9798080000             0.0163160000            0.0000000000
 H18             4.6057660000             1.7682155000            0.0000000000
 C19            -0.0273500000             1.4017495000            0.0000000000
 H20            -0.0508990000             2.5001595000            0.0000000000
&
&guess  basgss=sto-3g numd=5
Alpha Molecular Orbitals
    1 Alpha Orbital Energy   -10.253575 Occupation  1.000000 Symmetry Bu      
  0.700266727836838  0.031277450108122 -0.000939471118594 -0.000434096490681
  0.000000000000000 -0.007290927792462 -0.007105369858622  0.000223508547214
 -0.004428161332970  0.000000000000000  0.006980123376820  0.007122357406364
 -0.003823473137512  0.002278813138641  0.000000000000000 -0.700266727836838
 -0.031277450108122 -0.000939471118594 -0.000434096490681  0.000000000000000
  0.007290927792462  0.007105369858622  0.000223508547214 -0.004428161332970
  0.000000000000000  0.000216984982271 -0.000222993896273 -0.000216984982271
  0.008889287088754  0.005881822551088  0.003377922746604  0.002287387171946
  0.000000000000000 -0.000035859678772 -0.000273294065514 -0.000145096092527
 -0.000146823685924  0.000000000000000  0.000139966614109 -0.000153312179816
  0.000024120005478 -0.008889287088754 -0.005881822551088  0.003377922746604
  0.002287387171946  0.000000000000000  0.000153312179816  0.000035859678772
  0.000273294065514 -0.000145096092527 -0.000146823685924  0.000000000000000
 -0.000139966614109 -0.000024120005478 -0.006980123376820 -0.007122357406364
 -0.003823473137512  0.002278813138641  0.000000000000000  0.000222993896273
    2 Alpha Orbital Energy   -10.253525 Occupation  1.000000 Symmetry Ag      
  0.700290208318676  0.031084619284158 -0.000710051102522 -0.000286723755215
  0.000000000000000 -0.007635493199148 -0.006494414935628 -0.000082167407450
 -0.004414386400514  0.000000000000000 -0.007405449624685 -0.006531728544701
  0.003964271492689 -0.002034566333883  0.000000000000000  0.700290208318676
  0.031084619284158  0.000710051102522  0.000286723755215  0.000000000000000
 -0.007635493199148 -0.006494414935628  0.000082167407450  0.004414386400514
  0.000000000000000  0.000108985208629  0.000110714362560  0.000108985208629
 -0.008996763046378 -0.005942634266021 -0.003413748133649 -0.002310249529890
  0.000000000000000  0.000042889497950  0.000273403380347  0.000149372794730
  0.000149139182863  0.000000000000000 -0.000132681081284  0.000161465173773
 -0.000023277061024 -0.008996763046378 -0.005942634266021  0.003413748133649
  0.002310249529890  0.000000000000000  0.000161465173773  0.000042889497950
  0.000273403380347 -0.000149372794730 -0.000149139182863  0.000000000000000
 -0.000132681081284 -0.000023277061024 -0.007405449624685 -0.006531728544701
 -0.003964271492689  0.002034566333883  0.000000000000000  0.000110714362560
    3 Alpha Orbital Energy   -10.219263 Occupation  1.000000 Symmetry Bu      
 -0.009787168435087  0.007543044690532 -0.001017963695564 -0.003913534302993
  0.000000000000000 -0.684109600984167 -0.031794986045010  0.001906047423067
 -0.000045821908302  0.000000000000000  0.149241842845098  0.013235470208127
  0.003662158686168  0.002585105578365  0.000000000000000  0.009787168435087
 -0.007543044690532 -0.001017963695564 -0.003913534302993  0.000000000000000
  0.684109600984167  0.031794986045010  0.001906047423067 -0.000045821908302
  0.000000000000000  0.006165316120870 -0.001516000161627 -0.006165316120870
 -0.002016143235702  0.000147868314434  0.000023452463796  0.000081413127913
  0.000000000000000 -0.002916215576196 -0.000195006764674 -0.000044006806826
 -0.000072888754492  0.000000000000000  0.000187154671208 -0.000023610218805
  0.000003983879981  0.002016143235702 -0.000147868314434  0.000023452463796
  0.000081413127913  0.000000000000000  0.000023610218805  0.002916215576196
  0.000195006764674 -0.000044006806826 -0.000072888754492  0.000000000000000
 -0.000187154671208 -0.000003983879981 -0.149241842845098 -0.013235470208127
  0.003662158686168  0.002585105578365  0.000000000000000  0.001516000161627
    4 Alpha Orbital Energy   -10.219229 Occupation  1.000000 Symmetry Ag      
 -0.006223221387270  0.004162924328950  0.000958375895104 -0.004788175623024
  0.000000000000000 -0.678361645102802 -0.031502703313833  0.001750624743826
  0.000229359658207  0.000000000000000  0.173577426413758  0.013917641528189
  0.003661290012073  0.002519291447031  0.000000000000000 -0.006223221387270
  0.004162924328950 -0.000958375895104  0.004788175623024  0.000000000000000
 -0.678361645102802 -0.031502703313833 -0.001750624743826 -0.000229359658207
  0.000000000000000  0.006179408328543 -0.001612293501267  0.006179408328543
  0.005112804354714  0.000149265566244  0.000089690349569 -0.000089046028399
  0.000000000000000  0.002163484541582  0.000125167095403  0.000010681383085
  0.000064479365837  0.000000000000000 -0.000184615815742  0.000004058211352
 -0.000002182225439  0.005112804354714  0.000149265566244 -0.000089690349569
  0.000089046028399  0.000000000000000  0.000004058211352  0.002163484541582
  0.000125167095403 -0.000010681383085 -0.000064479365837  0.000000000000000
 -0.000184615815742 -0.000002182225439  0.173577426413758  0.013917641528189
 -0.003661290012073 -0.002519291447031  0.000000000000000 -0.001612293501267
    5 Alpha Orbital Energy   -10.218038 Occupation  1.000000 Symmetry Bu      
 -0.002222936355298  0.002774792591772 -0.004835014680086  0.001905854992379
  0.000000000000000  0.141548395406317  0.000121906078269  0.003343425724847
  0.002083271842355  0.000000000000000  0.642086313472493  0.027056445908766
 -0.000697872554507  0.000645090073003  0.000000000000000  0.002222936355298
 -0.002774792591772 -0.004835014680086  0.001905854992379  0.000000000000000
 -0.141548395406317 -0.000121906078269  0.003343425724847  0.002083271842355
  0.000000000000000 -0.001144338935018 -0.005681671254754  0.001144338935018
 -0.241237341475010 -0.010661884001989  0.000549022368413 -0.000192076405992
  0.000000000000000  0.019406407731643  0.003329890037208  0.001501278773189
 -0.000541061243587  0.000000000000000 -0.000234071789243  0.002144921395033
 -0.000221278658830  0.241237341475010  0.010661884001989  0.000549022368413
 -0.000192076405992  0.000000000000000 -0.002144921395033 -0.019406407731643
 -0.003329890037208  0.001501278773189 -0.000541061243587  0.000000000000000
  0.000234071789243  0.000221278658830 -0.642086313472493 -0.027056445908766
 -0.000697872554507  0.000645090073003  0.000000000000000  0.005681671254754
    6 Alpha Orbital Energy   -10.217925 Occupation  1.000000 Symmetry Ag      
 -0.012990375277172  0.008336661844544 -0.002451628754480  0.001487529292772
  0.000000000000000 -0.166909560175203 -0.001453222966710 -0.003409964065186
 -0.002066174532115  0.000000000000000 -0.643009784851860 -0.026768850778272
  0.000824664748690 -0.000163589758945  0.000000000000000 -0.012990375277172
  0.008336661844544  0.002451628754480 -0.001487529292772  0.000000000000000
 -0.166909560175203 -0.001453222966710  0.003409964065186  0.002066174532115
  0.000000000000000  0.001535358238466  0.005826452776982  0.001535358238466
 -0.221425197691560 -0.010065655107002  0.000555993361721 -0.000164892185141
  0.000000000000000  0.023492486021422  0.003412324729344  0.001489160346324
 -0.000466814624809  0.000000000000000 -0.000265284240708  0.002087327251338
 -0.000238668829820 -0.221425197691560 -0.010065655107002 -0.000555993361721
  0.000164892185141  0.000000000000000  0.002087327251338  0.023492486021422
  0.003412324729344 -0.001489160346324  0.000466814624809  0.000000000000000
 -0.000265284240708 -0.000238668829820 -0.643009784851860 -0.026768850778272
 -0.000824664748690  0.000163589758945  0.000000000000000  0.005826452776982
    7 Alpha Orbital Energy   -10.217683 Occupation  1.000000 Symmetry Ag      
 -0.006267798666548  0.002573161820073  0.004534823165185  0.001652603591170
  0.000000000000000  0.051024844280002  0.000154979726171  0.001001682738629
  0.000727740496149  0.000000000000000  0.216915809713459  0.009053673887067
 -0.000217180545850  0.000207540912658  0.000000000000000 -0.006267798666548
  0.002573161820073 -0.004534823165185 -0.001652603591170  0.000000000000000
  0.051024844280002  0.000154979726171 -0.001001682738629 -0.000727740496149
  0.000000000000000 -0.000296627557401 -0.001939953671659 -0.000296627557401
 -0.661860861782391 -0.029596374148593  0.001466700727697 -0.000589616817393
  0.000000000000000  0.053987992601834  0.009258646120933  0.004177697223362
 -0.001514020728612  0.000000000000000 -0.000602067141208  0.005976962541869
 -0.000626870520227 -0.661860861782391 -0.029596374148593 -0.001466700727697
  0.000589616817393  0.000000000000000  0.005976962541869  0.053987992601834
  0.009258646120933 -0.004177697223362  0.001514020728612  0.000000000000000
 -0.000602067141208 -0.000626870520227  0.216915809713459  0.009053673887067
  0.000217180545850 -0.000207540912658  0.000000000000000 -0.001939953671659
    8 Alpha Orbital Energy   -10.217679 Occupation  1.000000 Symmetry Bu      
 -0.011405935591058  0.006453842384154  0.001992055414169  0.002921267149529
  0.000000000000000  0.050395158316905 -0.000212073100548  0.001170727471792
  0.000764923328192  0.000000000000000  0.236740558111850  0.010103613072040
 -0.000267775236104  0.000213920476458  0.000000000000000  0.011405935591058
 -0.006453842384154  0.001992055414169  0.002921267149529  0.000000000000000
 -0.050395158316905  0.000212073100548  0.001170727471792  0.000764923328192
  0.000000000000000 -0.000252605864156 -0.002104108517314  0.000252605864156
  0.654926241069823  0.029401494757528 -0.001456845853427  0.000586395411747
  0.000000000000000 -0.055236685109807 -0.009278669862540 -0.004172522880535
  0.001488198906431  0.000000000000000  0.000609763615151 -0.005956342728829
  0.000631669485494 -0.654926241069823 -0.029401494757528 -0.001456845853427
  0.000586395411747  0.000000000000000  0.005956342728829  0.055236685109807
  0.009278669862540 -0.004172522880535  0.001488198906431  0.000000000000000
 -0.000609763615151 -0.000631669485494 -0.236740558111850 -0.010103613072040
 -0.000267775236104  0.000213920476458  0.000000000000000  0.002104108517314
    9 Alpha Orbital Energy   -10.215349 Occupation  1.000000 Symmetry Bu      
  0.000844354505081 -0.000239697366535 -0.000193022274636 -0.000146372871002
  0.000000000000000  0.002827866491790  0.000099876150668 -0.000102163817953
 -0.000047969299837  0.000000000000000 -0.001515876426201 -0.000080741341590
 -0.000087529651920 -0.000031668383358  0.000000000000000 -0.000844354505081
  0.000239697366535 -0.000193022274636 -0.000146372871002  0.000000000000000
 -0.002827866491790 -0.000099876150668 -0.000102163817953 -0.000047969299837
  0.000000000000000  0.000070072366743  0.000024453667199 -0.000070072366743
 -0.059411727563085  0.004748075178309 -0.004239328003529  0.001611430963618
  0.000000000000000 -0.698056544878023 -0.030302935095285 -0.001058189442184
  0.000409537949065  0.000000000000000  0.006314077865093  0.000411407212742
  0.006308132160889  0.059411727563085 -0.004748075178309 -0.004239328003529
  0.001611430963618  0.000000000000000 -0.000411407212742  0.698056544878023
  0.030302935095285 -0.001058189442184  0.000409537949065  0.000000000000000
 -0.006314077865093 -0.006308132160889  0.001515876426201  0.000080741341590
 -0.000087529651920 -0.000031668383358  0.000000000000000 -0.000024453667199
   10 Alpha Orbital Energy   -10.215349 Occupation  1.000000 Symmetry Ag      
  0.000896932230182 -0.000266730491929 -0.000178669303614 -0.000149323136707
  0.000000000000000  0.003797996151710  0.000066297403818 -0.000054129978502
 -0.000025410341269  0.000000000000000  0.004343847294152  0.000079827955023
  0.000013866637421 -0.000019719870045  0.000000000000000  0.000896932230182
 -0.000266730491929  0.000178669303614  0.000149323136707  0.000000000000000
  0.003797996151710  0.000066297403818  0.000054129978502  0.000025410341269
  0.000000000000000  0.000060730091185 -0.000052894858640  0.000060730091185
  0.059516710360890 -0.004744146856561  0.004237374831999 -0.001611832151083
  0.000000000000000  0.698031442466086  0.030300169385829  0.001056893669554
 -0.000409476337995  0.000000000000000 -0.006313889927412 -0.000413118774660
 -0.006308005308499  0.059516710360890 -0.004744146856561 -0.004237374831999
  0.001611832151083  0.000000000000000 -0.000413118774660  0.698031442466086
  0.030300169385829 -0.001056893669554  0.000409476337995  0.000000000000000
 -0.006313889927412 -0.006308005308499  0.004343847294152  0.000079827955023
 -0.000013866637421  0.000019719870045  0.000000000000000 -0.000052894858640
   11 Alpha Orbital Energy    -1.020803 Occupation  1.000000 Symmetry Ag      
 -0.112352763599064  0.290599085596683 -0.041785664670517 -0.024969826117536
  0.000000000000000 -0.096171496836653  0.241109649242259 -0.048365880553447
  0.039347584465863  0.000000000000000 -0.095683128512811  0.239273427341345
 -0.011295539318091  0.061129775564825  0.000000000000000 -0.112352763599064
  0.290599085596683  0.041785664670517  0.024969826117536  0.000000000000000
 -0.096171496836653  0.241109649242259  0.048365880553447 -0.039347584465863
  0.000000000000000  0.038476400630442  0.037407118418468  0.038476400630442
 -0.046517885656400  0.118012220105323  0.021519914928722  0.024375653358705
  0.000000000000000 -0.022732716466096  0.058668381657709  0.023406357366045
 -0.003692075202330  0.000000000000000  0.011129585564340  0.020397495417192
  0.007997598384774 -0.046517885656400  0.118012220105323 -0.021519914928722
 -0.024375653358705  0.000000000000000  0.020397495417192 -0.022732716466096
  0.058668381657709 -0.023406357366045  0.003692075202330  0.000000000000000
  0.011129585564340  0.007997598384774 -0.095683128512811  0.239273427341345
  0.011295539318091 -0.061129775564825  0.000000000000000  0.037407118418468
   12 Alpha Orbital Energy    -0.961910 Occupation  1.000000 Symmetry Bu      
  0.112397659916675 -0.302374283309430 -0.023179644349283 -0.010101797143589
  0.000000000000000  0.046785359263786 -0.121943813924665 -0.025511338760187
 -0.065809347962877  0.000000000000000 -0.040743695236664  0.105586472394138
 -0.070268364758543  0.007874948508123  0.000000000000000 -0.112397659916675
  0.302374283309430 -0.023179644349283 -0.010101797143589  0.000000000000000
 -0.046785359263786  0.121943813924665 -0.025511338760187 -0.065809347962877
  0.000000000000000 -0.028348544792124  0.023529181785209  0.028348544792124
 -0.108125877516566  0.278953952327680 -0.002432600802237  0.041917539708684
  0.000000000000000 -0.076155730728116  0.200657472482238  0.063351113041597
 -0.014952263809722  0.000000000000000  0.039899543540037  0.054330739129135
  0.033852519570452  0.108125877516566 -0.278953952327680 -0.002432600802237
  0.041917539708684  0.000000000000000 -0.054330739129135  0.076155730728116
 -0.200657472482238  0.063351113041597 -0.014952263809722  0.000000000000000
 -0.039899543540037 -0.033852519570452  0.040743695236664 -0.105586472394138
 -0.070268364758543  0.007874948508123  0.000000000000000 -0.023529181785209
   13 Alpha Orbital Energy    -0.921626 Occupation  1.000000 Symmetry Ag      
  0.005408988137667 -0.017675694713474 -0.089945592678131 -0.045939136418217
  0.000000000000000 -0.038892825837003  0.101230413400761 -0.045703972192262
 -0.011708468702580  0.000000000000000 -0.043856308044174  0.114577360413506
  0.024751545741617  0.031345513067841  0.000000000000000  0.005408988137667
 -0.017675694713474  0.089945592678131  0.045939136418217  0.000000000000000
 -0.038892825837003  0.101230413400761  0.045703972192262  0.011708468702580
  0.000000000000000  0.013159880990437  0.019047229396179  0.013159880990437
  0.119563912432258 -0.312557787627522  0.074451696741390 -0.030593120326136
  0.000000000000000  0.120094200519806 -0.322380930566174 -0.078891877897436
  0.026245426406829  0.000000000000000 -0.066801903769187 -0.065769974370040
 -0.063582478114497  0.119563912432258 -0.312557787627522 -0.074451696741390
  0.030593120326136  0.000000000000000 -0.065769974370040  0.120094200519806
 -0.322380930566174  0.078891877897436 -0.026245426406829  0.000000000000000
 -0.066801903769187 -0.063582478114497 -0.043856308044174  0.114577360413506
 -0.024751545741617 -0.031345513067841  0.000000000000000  0.019047229396179
   14 Alpha Orbital Energy    -0.899093 Occupation  1.000000 Symmetry Bu      
  0.016980399610938 -0.047127624908534  0.075500729859484 -0.115462975989079
  0.000000000000000 -0.118554066550943  0.321180310198344 -0.054934922742546
 -0.049491966701627  0.000000000000000 -0.134458661234492  0.363680811358092
  0.043914711684763  0.029086491187195  0.000000000000000 -0.016980399610938
  0.047127624908534  0.075500729859484 -0.115462975989079  0.000000000000000
  0.118554066550943 -0.321180310198344 -0.054934922742546 -0.049491966701627
  0.000000000000000  0.078957883278596  0.087068490035810 -0.078957883278596
  0.001997017664720 -0.004389278029073  0.030389421016746 -0.014262331095535
  0.000000000000000  0.018096094358672 -0.048512830258856 -0.008461772089488
 -0.002525002706486  0.000000000000000 -0.014668724336348  0.007288136739109
 -0.009775301056312 -0.001997017664720  0.004389278029073  0.030389421016746
 -0.014262331095535  0.000000000000000 -0.007288136739109 -0.018096094358672
  0.048512830258856 -0.008461772089488 -0.002525002706486  0.000000000000000
  0.014668724336348  0.009775301056312  0.134458661234492 -0.363680811358092
  0.043914711684763  0.029086491187195  0.000000000000000 -0.087068490035810
   15 Alpha Orbital Energy    -0.876858 Occupation  1.000000 Symmetry Bu      
 -0.095397028713307  0.266810467882087 -0.053018708310033 -0.049478714963515
  0.000000000000000 -0.074396423666668  0.203704780441632  0.015039961162041
  0.067999318669369  0.000000000000000  0.032819031119631 -0.089586111348399
  0.096247061567963 -0.005294417225407  0.000000000000000  0.095397028713307
 -0.266810467882087 -0.053018708310033 -0.049478714963515  0.000000000000000
  0.074396423666668 -0.203704780441632  0.015039961162041  0.067999318669369
  0.000000000000000  0.046397018393192 -0.021271077420311 -0.046397018393192
 -0.061666915297370  0.162483616340836 -0.132472408170905 -0.002738017237994
  0.000000000000000 -0.113960934321978  0.313801034272125  0.046509530217398
 -0.027239987694801  0.000000000000000  0.069104160566062  0.037929655725462
  0.074478132896109  0.061666915297370 -0.162483616340836 -0.132472408170905
 -0.002738017237994  0.000000000000000 -0.037929655725462  0.113960934321978
 -0.313801034272125  0.046509530217398 -0.027239987694801  0.000000000000000
 -0.069104160566062 -0.074478132896109 -0.032819031119631  0.089586111348399
  0.096247061567963 -0.005294417225407  0.000000000000000  0.021271077420311
   16 Alpha Orbital Energy    -0.787256 Occupation  1.000000 Symmetry Ag      
 -0.075278932607226  0.224689318888831  0.026059882495840  0.151547133128568
  0.000000000000000  0.086097791019195 -0.247349816373740  0.009890340891194
  0.066196418979519  0.000000000000000  0.000198118544019  0.000680283760319
 -0.169714468818412 -0.034769483889941  0.000000000000000 -0.075278932607226
  0.224689318888831 -0.026059882495840 -0.151547133128568  0.000000000000000
  0.086097791019195 -0.247349816373740 -0.009890340891194 -0.066196418979519
  0.000000000000000 -0.095737729208303  0.015137722155552 -0.095737729208303
 -0.049082263257688  0.148049245665475  0.156040661487901 -0.019279389885255
  0.000000000000000  0.081826123499600 -0.240395721950263  0.034118961878674
 -0.012999882840405  0.000000000000000 -0.086291827043053  0.065788665221264
 -0.080181798727825 -0.049082263257688  0.148049245665475 -0.156040661487901
  0.019279389885255  0.000000000000000  0.065788665221264  0.081826123499600
 -0.240395721950263 -0.034118961878674  0.012999882840405  0.000000000000000
 -0.086291827043053 -0.080181798727825  0.000198118544019  0.000680283760319
  0.169714468818412  0.034769483889941  0.000000000000000  0.015137722155552
   17 Alpha Orbital Energy    -0.759641 Occupation  1.000000 Symmetry Ag      
 -0.052462093066290  0.159146120969231  0.143339620984980 -0.164020953550488
  0.000000000000000 -0.057554729879958  0.171377295159921  0.132653808098417
  0.148488329838318  0.000000000000000  0.113093265903709 -0.334535170561393
  0.014272755390690  0.068058676947953  0.000000000000000 -0.052462093066290
  0.159146120969231 -0.143339620984980  0.164020953550488  0.000000000000000
 -0.057554729879958  0.171377295159921 -0.132653808098417 -0.148488329838318
  0.000000000000000  0.076889810445321 -0.144771197922218  0.076889810445321
 -0.004902165557170  0.016396221560286  0.058075330764731  0.069906650384284
  0.000000000000000  0.039474986437645 -0.120260230544290  0.032146943923593
  0.031250609975570  0.000000000000000 -0.021612477316014 -0.028719471402455
 -0.056669025381130 -0.004902165557170  0.016396221560286 -0.058075330764731
 -0.069906650384284  0.000000000000000 -0.028719471402455  0.039474986437645
 -0.120260230544290 -0.032146943923593 -0.031250609975570  0.000000000000000
 -0.021612477316014 -0.056669025381130  0.113093265903709 -0.334535170561393
 -0.014272755390690 -0.068058676947953  0.000000000000000 -0.144771197922217
   18 Alpha Orbital Energy    -0.722730 Occupation  1.000000 Symmetry Bu      
 -0.008958229349682  0.025446725403615 -0.127042531703831 -0.118173448243247
  0.000000000000000 -0.029865188609538  0.091295897284636  0.056151175955457
  0.069623889104740  0.000000000000000  0.050052175737067 -0.153586049411798
  0.004808760643838 -0.012159357771965  0.000000000000000  0.008958229349682
 -0.025446725403615 -0.127042531703831 -0.118173448243247  0.000000000000000
  0.029865188609538 -0.091295897284636  0.056151175955457  0.069623889104740
  0.000000000000000  0.046532982875839 -0.041976293759990 -0.046532982875839
 -0.100003434108969  0.309029011561419  0.098689379264696 -0.078803637652637
  0.000000000000000  0.085064672806479 -0.268546716860194  0.125345625318497
 -0.075696034013897  0.000000000000000 -0.146928722750448  0.152869658951179
 -0.114657186843627  0.100003434108969 -0.309029011561419  0.098689379264696
 -0.078803637652637  0.000000000000000 -0.152869658951179 -0.085064672806479
  0.268546716860194  0.125345625318497 -0.075696034013897  0.000000000000000
  0.146928722750448  0.114657186843627 -0.050052175737067  0.153586049411798
  0.004808760643838 -0.012159357771965  0.000000000000000  0.041976293759990
   19 Alpha Orbital Energy    -0.703812 Occupation  1.000000 Symmetry Ag      
  0.049398141401166 -0.150681742611004  0.154525940550695  0.050441172668187
  0.000000000000000 -0.053181424711047  0.171617097528057  0.101575827917418
 -0.178656225852942  0.000000000000000 -0.015434598908418  0.053134769339727
  0.149852361994308 -0.144530953705404  0.000000000000000  0.049398141401166
 -0.150681742611004 -0.154525940550695 -0.050441172668187  0.000000000000000
 -0.053181424711047  0.171617097528057 -0.101575827917418  0.178656225852942
  0.000000000000000  0.155114192520594  0.101301030677615  0.155114192520594
 -0.060136240614093  0.185718415657362  0.038432105164540 -0.050297135364963
  0.000000000000000  0.054945911463425 -0.177301417979013  0.099899774666022
 -0.040042376471246  0.000000000000000 -0.087996796805393  0.100003011667773
 -0.087869086198464 -0.060136240614093  0.185718415657362 -0.038432105164540
  0.050297135364963  0.000000000000000  0.100003011667773  0.054945911463425
 -0.177301417979013 -0.099899774666022  0.040042376471246  0.000000000000000
 -0.087996796805393 -0.087869086198464 -0.015434598908418  0.053134769339727
 -0.149852361994308  0.144530953705404  0.000000000000000  0.101301030677615
   20 Alpha Orbital Energy    -0.650309 Occupation  1.000000 Symmetry Ag      
  0.030804781493925 -0.104041396770664 -0.098558245906334 -0.096019319209613
  0.000000000000000 -0.015012606167125  0.041014893602713 -0.156316926028153
  0.037007974483836  0.000000000000000  0.016297616208511 -0.061538804380710
  0.076417407909747  0.173474523222727  0.000000000000000  0.030804781493925
 -0.104041396770664  0.098558245906334  0.096019319209613  0.000000000000000
 -0.015012606167125  0.041014893602713  0.156316926028153 -0.037007974483836
  0.000000000000000 -0.088570968214110 -0.122396031756899 -0.088570968214110
 -0.048985017367147  0.157639180639488 -0.129067370497992 -0.168289418012632
  0.000000000000000  0.024491035219488 -0.090926975255502  0.097561971072441
 -0.206933094970287  0.000000000000000 -0.177792346811063  0.145538636806165
 -0.003546536891028 -0.048985017367147  0.157639180639488  0.129067370497992
  0.168289418012632  0.000000000000000  0.145538636806165  0.024491035219488
 -0.090926975255502 -0.097561971072441  0.206933094970287  0.000000000000000
 -0.177792346811063 -0.003546536891028  0.016297616208511 -0.061538804380710
 -0.076417407909747 -0.173474523222727  0.000000000000000 -0.122396031756899
   21 Alpha Orbital Energy    -0.635116 Occupation  1.000000 Symmetry Bu      
  0.016529342912399 -0.058123945461236 -0.201311147231045  0.107340388051136
  0.000000000000000 -0.036768562131871  0.119961910354293 -0.091937664270266
 -0.150425804188830  0.000000000000000  0.016059070516406 -0.054918870491817
  0.208181732522653  0.058072531760250  0.000000000000000 -0.016529342912399
  0.058123945461236 -0.201311147231045  0.107340388051136  0.000000000000000
  0.036768562131871 -0.119961910354293 -0.091937664270266 -0.150425804188830
  0.000000000000000  0.039438992903276 -0.062110516207286 -0.039438992903276
 -0.012035724101956  0.035225074588384  0.010512008960796  0.232453262505766
  0.000000000000000  0.014250192050527 -0.052789685351476  0.154496684152960
  0.148887257317914  0.000000000000000  0.050806547477814 -0.136950211154451
 -0.150645334173028  0.012035724101956 -0.035225074588384  0.010512008960796
  0.232453262505766  0.000000000000000  0.136950211154451 -0.014250192050527
  0.052789685351476  0.154496684152960  0.148887257317914  0.000000000000000
 -0.050806547477814  0.150645334173028 -0.016059070516406  0.054918870491817
  0.208181732522653  0.058072531760250  0.000000000000000  0.062110516207286
   22 Alpha Orbital Energy    -0.603753 Occupation  1.000000 Symmetry Bu      
  0.048280896329117 -0.168671921426635 -0.003966028859145 -0.201840250607214
  0.000000000000000 -0.047951952995473  0.165710859752706  0.156716787269604
  0.087130041952177  0.000000000000000  0.047614553921937 -0.163317089191854
 -0.151163519995151  0.130756562093630  0.000000000000000 -0.048280896329117
  0.168671921426635 -0.003966028859145 -0.201840250607214  0.000000000000000
  0.047951952995473 -0.165710859752706  0.156716787269604  0.087130041952177
  0.000000000000000  0.129278711817195 -0.168187751470433 -0.129278711817195
  0.012300628070454 -0.032874961964367  0.200420628636669  0.073648778605537
  0.000000000000000 -0.014587447630831  0.063180003485647 -0.137594594310743
  0.171492799339999  0.000000000000000  0.149658655921356 -0.052425257647639
  0.025071316259391 -0.012300628070454  0.032874961964367  0.200420628636669
  0.073648778605537  0.000000000000000  0.052425257647639  0.014587447630831
 -0.063180003485647 -0.137594594310743  0.171492799339999  0.000000000000000
 -0.149658655921356 -0.025071316259391 -0.047614553921937  0.163317089191854
 -0.151163519995151  0.130756562093630  0.000000000000000  0.168187751470433
   23 Alpha Orbital Energy    -0.596039 Occupation  1.000000 Symmetry Bu      
  0.050868716061108 -0.178209664896474  0.090959184077694  0.183481563087281
  0.000000000000000 -0.020001517362593  0.074768931677671  0.165627554628738
 -0.239274239899180  0.000000000000000  0.028588174563306 -0.102454172554479
  0.024984951976157  0.140297379131188  0.000000000000000 -0.050868716061108
  0.178209664896474  0.090959184077694  0.183481563087281  0.000000000000000
  0.020001517362593 -0.074768931677671  0.165627554628738 -0.239274239899180
  0.000000000000000  0.239308887916245 -0.146067196094919 -0.239308887916245
  0.005576721666897 -0.019252230350048 -0.092571076439378 -0.037643982534132
  0.000000000000000 -0.005275068971118  0.013213489150834 -0.019616775927609
 -0.189164609501076  0.000000000000000 -0.138561251736473 -0.003380648436945
  0.096688774262185 -0.005576721666897  0.019252230350048 -0.092571076439378
 -0.037643982534132  0.000000000000000  0.003380648436945  0.005275068971118
 -0.013213489150834 -0.019616775927609 -0.189164609501076  0.000000000000000
  0.138561251736473 -0.096688774262185 -0.028588174563306  0.102454172554479
  0.024984951976157  0.140297379131188  0.000000000000000  0.146067196094919
   24 Alpha Orbital Energy    -0.587892 Occupation  1.000000 Symmetry Ag      
  0.017558516898686 -0.059916989590720  0.001952748823674 -0.010500481034141
  0.000000000000000  0.020664372483372 -0.076670682492046 -0.132026912706601
 -0.014444951320298  0.000000000000000 -0.024756124595460  0.083807889026527
  0.062267036598037  0.032053047941747  0.000000000000000  0.017558516898686
 -0.059916989590720 -0.001952748823674  0.010500481034141  0.000000000000000
  0.020664372483372 -0.076670682492046  0.132026912706601  0.014444951320298
  0.000000000000000 -0.102909534176966  0.008611840702949 -0.102909534176966
 -0.022006446339897  0.061913823632439 -0.154037711526370  0.225637738219145
  0.000000000000000  0.002772646459559 -0.024680329244958  0.325604519842714
  0.129987711662412  0.000000000000000  0.020576365363421 -0.151087898334053
 -0.245732182085842 -0.022006446339897  0.061913823632439  0.154037711526370
 -0.225637738219145  0.000000000000000 -0.151087898334053  0.002772646459559
 -0.024680329244958 -0.325604519842714 -0.129987711662412  0.000000000000000
  0.020576365363421 -0.245732182085842 -0.024756124595460  0.083807889026527
 -0.062267036598037 -0.032053047941747  0.000000000000000  0.008611840702949
   25 Alpha Orbital Energy    -0.568424 Occupation  1.000000 Symmetry Bu      
  0.004164079109982 -0.015124360049172  0.135022293698130 -0.057720483551883
  0.000000000000000 -0.016708879422641  0.052793971705165 -0.249426323273798
  0.111882244978694  0.000000000000000 -0.021464565521883  0.066380546343373
 -0.014943286204491  0.355732616084622  0.000000000000000 -0.004164079109982
  0.015124360049172  0.135022293698130 -0.057720483551883  0.000000000000000
  0.016708879422641 -0.052793971705165 -0.249426323273798  0.111882244978694
  0.000000000000000 -0.189531070792938 -0.249054366711507  0.189531070792938
 -0.003584902670098  0.008102890813269 -0.089269053734858 -0.014154145449039
  0.000000000000000  0.003290780423158 -0.017174306799634  0.073301748064483
 -0.066792040317178  0.000000000000000 -0.054242800916886 -0.008521245635257
 -0.019038641520506  0.003584902670098 -0.008102890813269 -0.089269053734858
 -0.014154145449039  0.000000000000000  0.008521245635257 -0.003290780423158
  0.017174306799634  0.073301748064483 -0.066792040317178  0.000000000000000
  0.054242800916886  0.019038641520506  0.021464565521883 -0.066380546343373
 -0.014943286204491  0.355732616084622  0.000000000000000  0.249054366711507
   26 Alpha Orbital Energy    -0.552423 Occupation  1.000000 Symmetry Bu      
  0.005340185899183 -0.019814234246070 -0.200448321226733  0.066191785215033
  0.000000000000000 -0.008695345990485  0.024839544105651 -0.188829303502801
 -0.101602282862609  0.000000000000000  0.011706095404933 -0.044481527241049
  0.220847025788044  0.044395466231722  0.000000000000000 -0.005340185899183
  0.019814234246070 -0.200448321226733  0.066191785215033  0.000000000000000
  0.008695345990485 -0.024839544105651 -0.188829303502801 -0.101602282862609
  0.000000000000000 -0.074555321845181 -0.043929133710537  0.074555321845181
  0.000916155951985  0.012829102189708  0.234295985063352 -0.139035046512213
  0.000000000000000  0.012898652043101 -0.030110858032530 -0.295961849250548
 -0.021806079801396  0.000000000000000  0.031027258748715  0.139499914609278
  0.177749225553802 -0.000916155951985 -0.012829102189708  0.234295985063352
 -0.139035046512213  0.000000000000000 -0.139499914609278 -0.012898652043101
  0.030110858032530 -0.295961849250548 -0.021806079801396  0.000000000000000
 -0.031027258748715 -0.177749225553802 -0.011706095404933  0.044481527241049
  0.220847025788044  0.044395466231722  0.000000000000000  0.043929133710537
   27 Alpha Orbital Energy    -0.537361 Occupation  1.000000 Symmetry Ag      
  0.023367580246739 -0.085576094848540  0.000362983190838  0.100246628453475
  0.000000000000000 -0.009105755849621  0.030555386218536 -0.133892951207944
 -0.124392622841904  0.000000000000000  0.008658854222797 -0.040018538126931
  0.107507205089627  0.194357263793770  0.000000000000000  0.023367580246739
 -0.085576094848540 -0.000362983190838 -0.100246628453475  0.000000000000000
 -0.009105755849621  0.030555386218536  0.133892951207944  0.124392622841904
  0.000000000000000 -0.006354784120869 -0.169303525792166 -0.006354784120869
 -0.023711400582039  0.097039614396022  0.181489821843312 -0.134383786394608
  0.000000000000000  0.009634858949560 -0.023724171188064 -0.069898461891980
  0.289635923103288  0.000000000000000  0.237766737923392  0.172349178064919
 -0.115210227249137 -0.023711400582039  0.097039614396022 -0.181489821843312
  0.134383786394608  0.000000000000000  0.172349178064919  0.009634858949560
 -0.023724171188064  0.069898461891980 -0.289635923103288  0.000000000000000
  0.237766737923392 -0.115210227249137  0.008658854222797 -0.040018538126931
 -0.107507205089627 -0.194357263793770  0.000000000000000 -0.169303525792166
   28 Alpha Orbital Energy    -0.533673 Occupation  1.000000 Symmetry Au      
  0.000000000000000  0.000000000000000  0.000000000000000  0.000000000000000
  0.362084432220837  0.000000000000000  0.000000000000000  0.000000000000000
  0.000000000000000  0.287300147974166  0.000000000000000  0.000000000000000
  0.000000000000000  0.000000000000000  0.285449356432623  0.000000000000000
  0.000000000000000  0.000000000000000  0.000000000000000  0.362084432220837
  0.000000000000000  0.000000000000000  0.000000000000000  0.000000000000000
  0.287300147974166  0.000000000000000  0.000000000000000  0.000000000000000
  0.000000000000000  0.000000000000000  0.000000000000000  0.000000000000000
  0.163682263860820  0.000000000000000  0.000000000000000  0.000000000000000
  0.000000000000000  0.092624687744437  0.000000000000000  0.000000000000000
  0.000000000000000  0.000000000000000  0.000000000000000  0.000000000000000
  0.000000000000000  0.163682263860820  0.000000000000000  0.000000000000000
  0.000000000000000  0.000000000000000  0.000000000000000  0.092624687744437
  0.000000000000000  0.000000000000000  0.000000000000000  0.000000000000000
  0.000000000000000  0.000000000000000  0.285449356432623  0.000000000000000
   29 Alpha Orbital Energy    -0.501175 Occupation  1.000000 Symmetry Bu      
  0.014355122985344 -0.060047005880284 -0.173223655916990 -0.157998520303983
  0.000000000000000 -0.010228991677373  0.035988628094855 -0.036225827641827
  0.120476148353782  0.000000000000000  0.003954006709501 -0.011060132710096
 -0.023466656197548 -0.068850400680496  0.000000000000000 -0.014355122985344
  0.060047005880284 -0.173223655916990 -0.157998520303983  0.000000000000000
  0.010228991677373 -0.035988628094855 -0.036225827641827  0.120476148353782
  0.000000000000000 -0.039522056422567  0.039959517666283  0.039522056422567
  0.005423293876087 -0.025950362026438  0.042472858411433  0.270074227169551
  0.000000000000000 -0.006625284506846  0.024316937560937 -0.051923123884327
 -0.272321934196893  0.000000000000000 -0.235019296544975 -0.260070704327232
  0.205567636373940 -0.005423293876087  0.025950362026438  0.042472858411433
  0.270074227169551  0.000000000000000  0.260070704327232  0.006625284506846
 -0.024316937560937 -0.051923123884327 -0.272321934196893  0.000000000000000
  0.235019296544975 -0.205567636373940 -0.003954006709501  0.011060132710096
 -0.023466656197548 -0.068850400680496  0.000000000000000 -0.039959517666283
   30 Alpha Orbital Energy    -0.492982 Occupation  1.000000 Symmetry Ag      
 -0.005251206144306  0.027249737322685  0.297261470659209 -0.075320372590344
  0.000000000000000 -0.003499124249192  0.003373562818028 -0.254729039435661
  0.051687813943747  0.000000000000000 -0.000688853525203  0.004875308835485
  0.290970270197582 -0.068590983876567  0.000000000000000 -0.005251206144306
  0.027249737322685 -0.297261470659209  0.075320372590344  0.000000000000000
 -0.003499124249192  0.003373562818028  0.254729039435661 -0.051687813943747
  0.000000000000000 -0.259037621510833  0.073657245968075 -0.259037621510833
 -0.013809277097299  0.058866503852205  0.180450488864111  0.117110612158467
  0.000000000000000  0.004706172453387 -0.009907017923567 -0.146046306131231
 -0.046107979586196  0.000000000000000 -0.053985742701641 -0.055814622096723
  0.129301675203000 -0.013809277097299  0.058866503852205 -0.180450488864111
 -0.117110612158467  0.000000000000000 -0.055814622096723  0.004706172453387
 -0.009907017923567  0.146046306131231  0.046107979586196  0.000000000000000
 -0.053985742701641  0.129301675203000 -0.000688853525203  0.004875308835485
 -0.290970270197582  0.068590983876567  0.000000000000000  0.073657245968075
   31 Alpha Orbital Energy    -0.482696 Occupation  1.000000 Symmetry Ag      
  0.011411690459797 -0.051405247841236 -0.028710907397431 -0.290066336476490
  0.000000000000000 -0.002436816673654  0.005093602801019  0.008244191500767
  0.274688311009589  0.000000000000000  0.005672353710021 -0.012900713961801
 -0.004980411811746 -0.221514254697624  0.000000000000000  0.011411690459797
 -0.051405247841236  0.028710907397431  0.290066336476490  0.000000000000000
 -0.002436816673654  0.005093602801019 -0.008244191500767 -0.274688311009589
  0.000000000000000 -0.112828929524074  0.235655027734904 -0.112828929524074
  0.007504832939746 -0.024395564571961 -0.065896553667466 -0.203604846934092
  0.000000000000000  0.004798275898034 -0.019332084017127  0.021105451226411
  0.156031095331731  0.000000000000000  0.140014537566401  0.199791681219933
 -0.120370969816987  0.007504832939746 -0.024395564571961  0.065896553667466
  0.203604846934092  0.000000000000000  0.199791681219933  0.004798275898034
 -0.019332084017127 -0.021105451226411 -0.156031095331731  0.000000000000000
  0.140014537566401 -0.120370969816987  0.005672353710021 -0.012900713961801
  0.004980411811746  0.221514254697624  0.000000000000000  0.235655027734904
   32 Alpha Orbital Energy    -0.473663 Occupation  1.000000 Symmetry Bg      
  0.000000000000000  0.000000000000000  0.000000000000000  0.000000000000000
  0.383869577551907  0.000000000000000  0.000000000000000  0.000000000000000
  0.000000000000000  0.140553542380704  0.000000000000000  0.000000000000000
  0.000000000000000  0.000000000000000 -0.133754046652017  0.000000000000000
  0.000000000000000  0.000000000000000  0.000000000000000 -0.383869577551907
  0.000000000000000  0.000000000000000  0.000000000000000  0.000000000000000
 -0.140553542380704  0.000000000000000  0.000000000000000  0.000000000000000
  0.000000000000000  0.000000000000000  0.000000000000000  0.000000000000000
 -0.342955233542405  0.000000000000000  0.000000000000000  0.000000000000000
  0.000000000000000 -0.265224720312380  0.000000000000000  0.000000000000000
  0.000000000000000  0.000000000000000  0.000000000000000  0.000000000000000
  0.000000000000000  0.342955233542405  0.000000000000000  0.000000000000000
  0.000000000000000  0.000000000000000  0.000000000000000  0.265224720312380
  0.000000000000000  0.000000000000000  0.000000000000000  0.000000000000000
  0.000000000000000  0.000000000000000  0.133754046652017  0.000000000000000
   33 Alpha Orbital Energy    -0.417935 Occupation  1.000000 Symmetry Au      
  0.000000000000000  0.000000000000000  0.000000000000000  0.000000000000000
 -0.028590218220098  0.000000000000000  0.000000000000000  0.000000000000000
  0.000000000000000 -0.167848219323937  0.000000000000000  0.000000000000000
  0.000000000000000  0.000000000000000 -0.169154304504181  0.000000000000000
  0.000000000000000  0.000000000000000  0.000000000000000 -0.028590218220098
  0.000000000000000  0.000000000000000  0.000000000000000  0.000000000000000
 -0.167848219323937  0.000000000000000  0.000000000000000  0.000000000000000
  0.000000000000000  0.000000000000000  0.000000000000000  0.000000000000000
  0.390056059243159  0.000000000000000  0.000000000000000  0.000000000000000
  0.000000000000000  0.447313896798617  0.000000000000000  0.000000000000000
  0.000000000000000  0.000000000000000  0.000000000000000  0.000000000000000
  0.000000000000000  0.390056059243159  0.000000000000000  0.000000000000000
  0.000000000000000  0.000000000000000  0.000000000000000  0.447313896798617
  0.000000000000000  0.000000000000000  0.000000000000000  0.000000000000000
  0.000000000000000  0.000000000000000 -0.169154304504181  0.000000000000000
   34 Alpha Orbital Energy    -0.394240 Occupation  1.000000 Symmetry Bg      
  0.000000000000000  0.000000000000000  0.000000000000000  0.000000000000000
  0.004226065955379  0.000000000000000  0.000000000000000  0.000000000000000
  0.000000000000000 -0.460741313878972  0.000000000000000  0.000000000000000
  0.000000000000000  0.000000000000000 -0.460556385793481  0.000000000000000
  0.000000000000000  0.000000000000000  0.000000000000000 -0.004226065955379
  0.000000000000000  0.000000000000000  0.000000000000000  0.000000000000000
  0.460741313878972  0.000000000000000  0.000000000000000  0.000000000000000
  0.000000000000000  0.000000000000000  0.000000000000000  0.000000000000000
 -0.006233152409582  0.000000000000000  0.000000000000000  0.000000000000000
  0.000000000000000  0.002886905670269  0.000000000000000  0.000000000000000
  0.000000000000000  0.000000000000000  0.000000000000000  0.000000000000000
  0.000000000000000  0.006233152409582  0.000000000000000  0.000000000000000
  0.000000000000000  0.000000000000000  0.000000000000000 -0.002886905670269
  0.000000000000000  0.000000000000000  0.000000000000000  0.000000000000000
  0.000000000000000  0.000000000000000  0.460556385793481  0.000000000000000
   35 Alpha Orbital Energy    -0.369745 Occupation  1.000000 Symmetry Bg      
  0.000000000000000  0.000000000000000  0.000000000000000  0.000000000000000
  0.377776566655857  0.000000000000000  0.000000000000000  0.000000000000000
  0.000000000000000  0.199197997605287  0.000000000000000  0.000000000000000
  0.000000000000000  0.000000000000000 -0.195803695838646  0.000000000000000
  0.000000000000000  0.000000000000000  0.000000000000000 -0.377776566655857
  0.000000000000000  0.000000000000000  0.000000000000000  0.000000000000000
 -0.199197997605287  0.000000000000000  0.000000000000000  0.000000000000000
  0.000000000000000  0.000000000000000  0.000000000000000  0.000000000000000
  0.228483046159054  0.000000000000000  0.000000000000000  0.000000000000000
  0.000000000000000  0.429390225600953  0.000000000000000  0.000000000000000
  0.000000000000000  0.000000000000000  0.000000000000000  0.000000000000000
  0.000000000000000 -0.228483046159054  0.000000000000000  0.000000000000000
  0.000000000000000  0.000000000000000  0.000000000000000 -0.429390225600953
  0.000000000000000  0.000000000000000  0.000000000000000  0.000000000000000
  0.000000000000000  0.000000000000000  0.195803695838646  0.000000000000000
   36 Alpha Orbital Energy    -0.177496 Occupation  0.000000 Symmetry Au      
  0.000000000000000  0.000000000000000  0.000000000000000  0.000000000000000
  0.454530306321393  0.000000000000000  0.000000000000000  0.000000000000000
  0.000000000000000 -0.296984085527067  0.000000000000000  0.000000000000000
  0.000000000000000  0.000000000000000 -0.258870506280306  0.000000000000000
  0.000000000000000  0.000000000000000  0.000000000000000  0.454530306321393
  0.000000000000000  0.000000000000000  0.000000000000000  0.000000000000000
 -0.296984085527067  0.000000000000000  0.000000000000000  0.000000000000000
  0.000000000000000  0.000000000000000  0.000000000000000  0.000000000000000
  0.248012284445282  0.000000000000000  0.000000000000000  0.000000000000000
  0.000000000000000 -0.414411697275642  0.000000000000000  0.000000000000000
  0.000000000000000  0.000000000000000  0.000000000000000  0.000000000000000
  0.000000000000000  0.248012284445282  0.000000000000000  0.000000000000000
  0.000000000000000  0.000000000000000  0.000000000000000 -0.414411697275642
  0.000000000000000  0.000000000000000  0.000000000000000  0.000000000000000
  0.000000000000000  0.000000000000000 -0.258870506280306  0.000000000000000
   37 Alpha Orbital Energy    -0.111315 Occupation  0.000000 Symmetry Au      
  0.000000000000000  0.000000000000000  0.000000000000000  0.000000000000000
 -0.028590049758446  0.000000000000000  0.000000000000000  0.000000000000000
  0.000000000000000 -0.553286663029550  0.000000000000000  0.000000000000000
  0.000000000000000  0.000000000000000  0.582994645046636  0.000000000000000
  0.000000000000000  0.000000000000000  0.000000000000000 -0.028590049758446
  0.000000000000000  0.000000000000000  0.000000000000000  0.000000000000000
 -0.553286663029550  0.000000000000000  0.000000000000000  0.000000000000000
  0.000000000000000  0.000000000000000  0.000000000000000  0.000000000000000
  0.007352734819538  0.000000000000000  0.000000000000000  0.000000000000000
  0.000000000000000  0.005573080366770  0.000000000000000  0.000000000000000
  0.000000000000000  0.000000000000000  0.000000000000000  0.000000000000000
  0.000000000000000  0.007352734819538  0.000000000000000  0.000000000000000
  0.000000000000000  0.000000000000000  0.000000000000000  0.005573080366770
  0.000000000000000  0.000000000000000  0.000000000000000  0.000000000000000
  0.000000000000000  0.000000000000000  0.582994645046636  0.000000000000000
   38 Alpha Orbital Energy    -0.094412 Occupation  0.000000 Symmetry Bg      
  0.000000000000000  0.000000000000000  0.000000000000000  0.000000000000000
  0.016591334035589  0.000000000000000  0.000000000000000  0.000000000000000
  0.000000000000000 -0.235331941452282  0.000000000000000  0.000000000000000
  0.000000000000000  0.000000000000000  0.245156991430682  0.000000000000000
  0.000000000000000  0.000000000000000  0.000000000000000 -0.016591334035589
  0.000000000000000  0.000000000000000  0.000000000000000  0.000000000000000
  0.235331941452282  0.000000000000000  0.000000000000000  0.000000000000000
  0.000000000000000  0.000000000000000  0.000000000000000  0.000000000000000
 -0.540491795785449  0.000000000000000  0.000000000000000  0.000000000000000
  0.000000000000000  0.500731764509346  0.000000000000000  0.000000000000000
  0.000000000000000  0.000000000000000  0.000000000000000  0.000000000000000
  0.000000000000000  0.540491795785449  0.000000000000000  0.000000000000000
  0.000000000000000  0.000000000000000  0.000000000000000 -0.500731764509346
  0.000000000000000  0.000000000000000  0.000000000000000  0.000000000000000
  0.000000000000000  0.000000000000000 -0.245156991430682  0.000000000000000
   39 Alpha Orbital Energy    -0.029586 Occupation  0.000000 Symmetry Au      
  0.000000000000000  0.000000000000000  0.000000000000000  0.000000000000000
 -0.468228000507922  0.000000000000000  0.000000000000000  0.000000000000000
  0.000000000000000  0.193283207372266  0.000000000000000  0.000000000000000
  0.000000000000000  0.000000000000000  0.158601103741159  0.000000000000000
  0.000000000000000  0.000000000000000  0.000000000000000 -0.468228000507922
  0.000000000000000  0.000000000000000  0.000000000000000  0.000000000000000
  0.193283207372266  0.000000000000000  0.000000000000000  0.000000000000000
  0.000000000000000  0.000000000000000  0.000000000000000  0.000000000000000
  0.553705133695533  0.000000000000000  0.000000000000000  0.000000000000000
  0.000000000000000 -0.386306341114263  0.000000000000000  0.000000000000000
  0.000000000000000  0.000000000000000  0.000000000000000  0.000000000000000
  0.000000000000000  0.553705133695533  0.000000000000000  0.000000000000000
  0.000000000000000  0.000000000000000  0.000000000000000 -0.386306341114263
  0.000000000000000  0.000000000000000  0.000000000000000  0.000000000000000
  0.000000000000000  0.000000000000000  0.158601103741159  0.000000000000000
   40 Alpha Orbital Energy     0.060173 Occupation  0.000000 Symmetry Bg      
  0.000000000000000  0.000000000000000  0.000000000000000  0.000000000000000
 -0.526876636847992  0.000000000000000  0.000000000000000  0.000000000000000
  0.000000000000000  0.474286754669984  0.000000000000000  0.000000000000000
  0.000000000000000  0.000000000000000 -0.472784639131366  0.000000000000000
  0.000000000000000  0.000000000000000  0.000000000000000  0.526876636847992
  0.000000000000000  0.000000000000000  0.000000000000000  0.000000000000000
 -0.474286754669984  0.000000000000000  0.000000000000000  0.000000000000000
  0.000000000000000  0.000000000000000  0.000000000000000  0.000000000000000
 -0.291953537069977  0.000000000000000  0.000000000000000  0.000000000000000
  0.000000000000000  0.155593753300426  0.000000000000000  0.000000000000000
  0.000000000000000  0.000000000000000  0.000000000000000  0.000000000000000
  0.000000000000000  0.291953537069977  0.000000000000000  0.000000000000000
  0.000000000000000  0.000000000000000  0.000000000000000 -0.155593753300426
  0.000000000000000  0.000000000000000  0.000000000000000  0.000000000000000
  0.000000000000000  0.000000000000000  0.472784639131366  0.000000000000000
   41 Alpha Orbital Energy     0.139512 Occupation  0.000000 Symmetry Ag      
  0.082097578755729 -0.488085032547120 -0.236213359157095 -0.196025928438687
  0.000000000000000  0.038282381245816 -0.231524095128494 -0.153722261121239
  0.161259237928619  0.000000000000000  0.019240436883690 -0.118271580113991
 -0.093857896728734  0.281797618727601  0.000000000000000  0.082097578755729
 -0.488085032547120  0.236213359157095  0.196025928438687  0.000000000000000
  0.038282381245816 -0.231524095128494  0.153722261121239 -0.161259237928619
  0.000000000000000  0.389667065341541  0.378116276138131  0.389667065341541
 -0.059680193190818  0.342836640595098  0.254521086002822  0.368274727994569
  0.000000000000000  0.037409038944886 -0.216535168629846  0.052357230190633
  0.190843543403884  0.000000000000000 -0.137222266346311  0.127009665021744
  0.345781237108868 -0.059680193190818  0.342836640595098 -0.254521086002822
 -0.368274727994569  0.000000000000000  0.127009665021744  0.037409038944886
 -0.216535168629846 -0.052357230190633 -0.190843543403884  0.000000000000000
 -0.137222266346311  0.345781237108868  0.019240436883690 -0.118271580113991
  0.093857896728734 -0.281797618727602  0.000000000000000  0.378116276138132
   42 Alpha Orbital Energy     0.149076 Occupation  0.000000 Symmetry Bu      
  0.050755830398985 -0.298544899761258 -0.096704876033648 -0.359986046519220
  0.000000000000000 -0.020900815082575  0.122651291788760  0.023681233211374
 -0.261110623802071  0.000000000000000  0.017504570764339 -0.100521672002781
  0.086024661617848 -0.331502708502725  0.000000000000000 -0.050755830398985
  0.298544899761258 -0.096704876033648 -0.359986046519220  0.000000000000000
  0.020900815082575 -0.122651291788760  0.023681233211374 -0.261110623802071
  0.000000000000000 -0.219292711315683 -0.293342828563263  0.219292711315683
  0.020372844986081 -0.119952422051038 -0.145458982326436 -0.411599246533117
  0.000000000000000 -0.009809001615232  0.059549274035554 -0.014162222624226
 -0.343022705134771  0.000000000000000  0.323413037531857 -0.354296734211228
 -0.306831821723292 -0.020372844986081  0.119952422051038 -0.145458982326436
 -0.411599246533117  0.000000000000000  0.354296734211228  0.009809001615232
 -0.059549274035554 -0.014162222624226 -0.343022705134771  0.000000000000000
 -0.323413037531857  0.306831821723292 -0.017504570764339  0.100521672002781
  0.086024661617848 -0.331502708502725  0.000000000000000  0.293342828563263
   43 Alpha Orbital Energy     0.179252 Occupation  0.000000 Symmetry Bu      
  0.057982411216154 -0.338032920820026 -0.481921271764738  0.005987026473975
  0.000000000000000 -0.014688894709448  0.084578461054384 -0.383101956378178
  0.178121980424289  0.000000000000000  0.025378139241530 -0.152130087869831
 -0.313057335189992  0.083302130428724  0.000000000000000 -0.057982411216154
  0.338032920820026 -0.481921271764738  0.005987026473975  0.000000000000000
  0.014688894709448 -0.084578461054384 -0.383101956378178  0.178121980424289
  0.000000000000000  0.405922432701429  0.169262531363235 -0.405922432701429
  0.099145793327273 -0.582891706152662 -0.306758254666258 -0.105341035856237
  0.000000000000000 -0.034655071554919  0.197954503203650 -0.030378830910518
 -0.071226613585933  0.000000000000000 -0.001496146230964  0.266245710577381
 -0.214257556629014 -0.099145793327273  0.582891706152662 -0.306758254666258
 -0.105341035856237  0.000000000000000 -0.266245710577381  0.034655071554919
 -0.197954503203650 -0.030378830910518 -0.071226613585933  0.000000000000000
  0.001496146230964  0.214257556629014 -0.025378139241530  0.152130087869831
 -0.313057335189992  0.083302130428724  0.000000000000000 -0.169262531363235
   44 Alpha Orbital Energy     0.196614 Occupation  0.000000 Symmetry Ag      
  0.038825625883006 -0.237738629214890  0.141282633157449 -0.060159514485636
  0.000000000000000 -0.029625332720438  0.186513048681240  0.288321510726890
 -0.046898863601159  0.000000000000000 -0.076186818920515  0.469658305840695
 -0.152571035220057 -0.036461491619889  0.000000000000000  0.038825625883006
 -0.237738629214890 -0.141282633157449  0.060159514485636  0.000000000000000
 -0.029625332720438  0.186513048681240 -0.288321510726890  0.046898863601159
  0.000000000000000 -0.337745878889786 -0.324575022255696 -0.337745878889786
  0.053605443397667 -0.322424804170691 -0.036637162967725  0.297171041142435
  0.000000000000000 -0.022943726472016  0.133564465529553  0.081298035554816
  0.360284756390005  0.000000000000000 -0.403567245407571  0.516364543960977
  0.223104216326893  0.053605443397667 -0.322424804170691  0.036637162967725
 -0.297171041142435  0.000000000000000  0.516364543960977 -0.022943726472016
  0.133564465529553 -0.081298035554816 -0.360284756390005  0.000000000000000
 -0.403567245407571  0.223104216326893 -0.076186818920515  0.469658305840695
  0.152571035220057  0.036461491619889  0.000000000000000 -0.324575022255696
   45 Alpha Orbital Energy     0.215435 Occupation  0.000000 Symmetry Ag      
  0.069169473470174 -0.423027126983259 -0.231934393973228  0.264825385989539
  0.000000000000000 -0.124949827353429  0.769503540814527 -0.046555524794131
  0.113058692412656  0.000000000000000  0.068199772765254 -0.418017829540638
 -0.210091214039052 -0.094614949645351  0.000000000000000  0.069169473470174
 -0.423027126983259  0.231934393973228 -0.264825385989539  0.000000000000000
 -0.124949827353429  0.769503540814527  0.046555524794131 -0.113058692412656
  0.000000000000000 -0.268221909165498  0.152482557734284 -0.268221909165498
 -0.034810914736418  0.212130095065543  0.279194724644526 -0.085773510499789
  0.000000000000000 -0.082274591646562  0.522532801970027 -0.097546928681343
  0.132149416606247  0.000000000000000 -0.386943060389427 -0.257646719042800
 -0.258786456570369 -0.034810914736418  0.212130095065543 -0.279194724644526
  0.085773510499789  0.000000000000000 -0.257646719042800 -0.082274591646562
  0.522532801970027  0.097546928681343 -0.132149416606247  0.000000000000000
 -0.386943060389427 -0.258786456570369  0.068199772765254 -0.418017829540638
  0.210091214039052  0.094614949645351  0.000000000000000  0.152482557734284
Beta Molecular Orbitals
    1 Beta Orbital Energy   -10.250591 Occupation  1.000000 Symmetry Bu      
  0.700307852780007  0.030974042114400 -0.000922957177869 -0.000426040207159
  0.000000000000000 -0.008026983749987 -0.007078156285844  0.000226567213348
 -0.004369087531989  0.000000000000000  0.007681480588160  0.007093449717138
 -0.003769460700512  0.002253809531039  0.000000000000000 -0.700307852780007
 -0.030974042114400 -0.000922957177869 -0.000426040207159  0.000000000000000
  0.008026983749987  0.007078156285844  0.000226567213348 -0.004369087531989
  0.000000000000000  0.000224098300457 -0.000229404823942 -0.000224098300457
  0.009703541941475  0.005855376587365  0.003333331337730  0.002260007181458
  0.000000000000000 -0.000094554888233 -0.000285793519084 -0.000149825021715
 -0.000141733640570  0.000000000000000  0.000139707997428 -0.000159215864150
  0.000025163756074 -0.009703541941475 -0.005855376587365  0.003333331337730
  0.002260007181458  0.000000000000000  0.000159215864150  0.000094554888233
  0.000285793519084 -0.000149825021715 -0.000141733640570  0.000000000000000
 -0.000139707997428 -0.000025163756074 -0.007681480588160 -0.007093449717138
 -0.003769460700512  0.002253809531039  0.000000000000000  0.000229404823942
    2 Beta Orbital Energy   -10.250546 Occupation  1.000000 Symmetry Ag      
  0.700330061014798  0.030785464293592 -0.000695938288161 -0.000280133690320
  0.000000000000000 -0.008321312093646 -0.006452416288161 -0.000085641835163
 -0.004364161829795  0.000000000000000 -0.008065955206695 -0.006487731652598
  0.003921379824358 -0.002007493718772  0.000000000000000  0.700330061014798
  0.030785464293592  0.000695938288161  0.000280133690320  0.000000000000000
 -0.008321312093646 -0.006452416288161  0.000085641835163  0.004364161829795
  0.000000000000000  0.000115847776817  0.000116990796248  0.000115847776817
 -0.009835204367804 -0.005917108287379 -0.003368926430225 -0.002282701231083
  0.000000000000000  0.000092459558484  0.000285418115662  0.000154234033673
  0.000143968774881  0.000000000000000 -0.000132294306082  0.000167656746997
 -0.000024198027254 -0.009835204367804 -0.005917108287379  0.003368926430225
  0.002282701231083  0.000000000000000  0.000167656746997  0.000092459558484
  0.000285418115662 -0.000154234033673 -0.000143968774881  0.000000000000000
 -0.000132294306082 -0.000024198027254 -0.008065955206695 -0.006487731652598
 -0.003921379824358  0.002007493718772  0.000000000000000  0.000116990796248
    3 Beta Orbital Energy   -10.218959 Occupation  1.000000 Symmetry Bu      
 -0.010619960643893  0.007501952354202 -0.001074676673426 -0.003900728796783
  0.000000000000000 -0.682846612984306 -0.031737988452968  0.001934333666329
 -0.000022219256704  0.000000000000000  0.154745478326559  0.013437814778188
  0.003652490045788  0.002583784208859  0.000000000000000  0.010619960643893
 -0.007501952354202 -0.001074676673426 -0.003900728796783  0.000000000000000
  0.682846612984306  0.031737988452968  0.001934333666329 -0.000022219256704
  0.000000000000000  0.006143457716273 -0.001561696009051 -0.006143457716273
 -0.007365662979207 -0.000110414881872  0.000040754786297  0.000071352143435
  0.000000000000000 -0.001147807008555 -0.000058924318709 -0.000007052779995
 -0.000085610104844  0.000000000000000  0.000169202907964  0.000024872003307
 -0.000013347053041  0.007365662979207  0.000110414881872  0.000040754786297
  0.000071352143435  0.000000000000000 -0.000024872003307  0.001147807008555
  0.000058924318709 -0.000007052779995 -0.000085610104844  0.000000000000000
 -0.000169202907964  0.000013347053041 -0.154745478326559 -0.013437814778188
  0.003652490045788  0.002583784208859  0.000000000000000  0.001561696009051
    4 Beta Orbital Energy   -10.218928 Occupation  1.000000 Symmetry Ag      
 -0.006344991943103  0.003948042248810  0.000913790947923 -0.004836695897242
  0.000000000000000 -0.676257322485120 -0.031423406706881  0.001789472094519
  0.000254285961078  0.000000000000000  0.180436357805042  0.014182643800774
  0.003641332847418  0.002514384190582  0.000000000000000 -0.006344991943103
  0.003948042248810 -0.000913790947923  0.004836695897242  0.000000000000000
 -0.676257322485120 -0.031423406706881 -0.001789472094519 -0.000254285961078
  0.000000000000000  0.006146381697653 -0.001672008383911  0.006146381697653
  0.021264751734390  0.000881879717858  0.000053138625668 -0.000073089734498
  0.000000000000000  0.000546362375139 -0.000117291707820 -0.000094015891576
  0.000100675040142  0.000000000000000 -0.000166266246911 -0.000143911723679
  0.000015612262320  0.021264751734390  0.000881879717858 -0.000053138625668
  0.000073089734498  0.000000000000000 -0.000143911723679  0.000546362375139
 -0.000117291707820  0.000094015891576 -0.000100675040142  0.000000000000000
 -0.000166266246911  0.000015612262320  0.180436357805042  0.014182643800774
 -0.003641332847418 -0.002514384190582  0.000000000000000 -0.001672008383911
    5 Beta Orbital Energy   -10.218468 Occupation  1.000000 Symmetry Bu      
 -0.010803381048511  0.005092314897847  0.003578002410519  0.002038308368991
  0.000000000000000 -0.008348768691268 -0.000485524787475 -0.000066142798235
 -0.000013086426818  0.000000000000000 -0.004271722245141 -0.000013127418877
  0.000034281686165 -0.000008766352655  0.000000000000000  0.010803381048511
 -0.005092314897847  0.003578002410519  0.002038308368991  0.000000000000000
  0.008348768691268  0.000485524787475 -0.000066142798235 -0.000013086426818
  0.000000000000000  0.000211651581217  0.000027020304007 -0.000211651581217
  0.700116996172358  0.031005304707095 -0.001307388559828  0.000526502453639
  0.000000000000000 -0.018340838712272 -0.008107647308614 -0.004379360190283
  0.001560085696106  0.000000000000000  0.000288315089832 -0.006356544522933
  0.000302736197196 -0.700116996172358 -0.031005304707095 -0.001307388559828
  0.000526502453639  0.000000000000000  0.006356544522933  0.018340838712272
  0.008107647308614 -0.004379360190283  0.001560085696106  0.000000000000000
 -0.000288315089832 -0.000302736197196  0.004271722245141  0.000013127418877
  0.000034281686165 -0.000008766352655  0.000000000000000 -0.000027020304007
    6 Beta Orbital Energy   -10.218468 Occupation  1.000000 Symmetry Ag      
 -0.010772289026641  0.004959353630387  0.003658993097587  0.001913901181782
  0.000000000000000 -0.015401041389140 -0.000987444222901  0.000009496830657
  0.000107233513150  0.000000000000000  0.024247322260603  0.001196247251759
  0.000109841960579  0.000212059666046  0.000000000000000 -0.010772289026641
  0.004959353630387 -0.003658993097587 -0.001913901181782  0.000000000000000
 -0.015401041389140 -0.000987444222901 -0.000009496830657 -0.000107233513150
  0.000000000000000  0.000299734915055 -0.000195032999326  0.000299734915055
 -0.699591324548959 -0.030965917182365  0.001317512773291 -0.000523317255967
  0.000000000000000  0.018302936625018  0.008100519375555  0.004374661245669
 -0.001559784978778  0.000000000000000 -0.000290903638512  0.006350746543944
 -0.000302599530067 -0.699591324548959 -0.030965917182365 -0.001317512773291
  0.000523317255967  0.000000000000000  0.006350746543944  0.018302936625018
  0.008100519375555 -0.004374661245669  0.001559784978778  0.000000000000000
 -0.000290903638512 -0.000302599530067  0.024247322260603  0.001196247251759
 -0.000109841960579 -0.000212059666046  0.000000000000000 -0.000195032999326
    7 Beta Orbital Energy   -10.217864 Occupation  1.000000 Symmetry Bu      
 -0.006559112766364  0.004793850827697 -0.003805686462425  0.002843512950189
  0.000000000000000  0.155693756461216  0.000299729787596  0.003519437469244
  0.002217762129692  0.000000000000000  0.683104425147558  0.028739405002338
 -0.000770186070352  0.000658553104479  0.000000000000000  0.006559112766364
 -0.004793850827697 -0.003805686462425  0.002843512950189  0.000000000000000
 -0.155693756461216 -0.000299729787596  0.003519437469244  0.002217762129692
  0.000000000000000 -0.001207849610758 -0.006038145864490  0.001207849610758
  0.005928697840351  0.000408334058027  0.000002643417611  0.000023345208220
  0.000000000000000 -0.000349713720187 -0.000119349900959 -0.000068657022173
  0.000019973517572  0.000000000000000 -0.000014133305239 -0.000099399852854
  0.000007109027085 -0.005928697840351 -0.000408334058027  0.000002643417611
  0.000023345208220  0.000000000000000  0.000099399852854  0.000349713720187
  0.000119349900959 -0.000068657022173  0.000019973517572  0.000000000000000
  0.000014133305239 -0.000007109027085 -0.683104425147558 -0.028739405002338
 -0.000770186070352  0.000658553104479  0.000000000000000  0.006038145864490
    8 Beta Orbital Energy   -10.217754 Occupation  1.000000 Symmetry Ag      
 -0.011504389147050  0.007233108249922 -0.003650585435795  0.000889926221616
  0.000000000000000 -0.181905294119876 -0.001771029940729 -0.003527832439664
 -0.002177261744278  0.000000000000000 -0.676398414923314 -0.028057333157591
  0.000883435303806 -0.000189560504555  0.000000000000000 -0.011504389147050
  0.007233108249922  0.003650585435795 -0.000889926221616  0.000000000000000
 -0.181905294119876 -0.001771029940729  0.003527832439664  0.002177261744278
  0.000000000000000  0.001619661753674  0.006113212758792  0.001619661753674
 -0.019287545210719 -0.000966646370080  0.000079904529728  0.000026122691074
  0.000000000000000  0.002077717322934  0.000362573060766  0.000200145379621
 -0.000002235977976  0.000000000000000 -0.000037421122805  0.000258056080724
 -0.000002959918071 -0.019287545210719 -0.000966646370080 -0.000079904529728
 -0.000026122691074  0.000000000000000  0.000258056080724  0.002077717322934
  0.000362573060766 -0.000200145379621  0.000002235977976  0.000000000000000
 -0.000037421122805 -0.000002959918071 -0.676398414923314 -0.028057333157591
 -0.000883435303806  0.000189560504555  0.000000000000000  0.006113212758792
    9 Beta Orbital Energy   -10.210894 Occupation  1.000000 Symmetry Ag      
  0.000225576871504  0.000070158191944  0.000006399930726 -0.000031507580873
  0.000000000000000  0.001494148876691 -0.000009583215896 -0.000075801950735
 -0.000033487123154  0.000000000000000  0.001250611720105 -0.000035930625265
  0.000027037546963 -0.000008578201196  0.000000000000000  0.000225576871504
  0.000070158191944 -0.000006399930726  0.000031507580873  0.000000000000000
  0.001494148876691 -0.000009583215896  0.000075801950735  0.000033487123154
  0.000000000000000  0.000087898636832 -0.000023061401391  0.000087898636832
  0.019205738572501 -0.006420320294435  0.004235364440247 -0.001612181484623
  0.000000000000000  0.700373543556964  0.030343996444663  0.001282682484421
 -0.000488080750104  0.000000000000000 -0.006234529184330 -0.000047708582187
 -0.006228709403801  0.019205738572501 -0.006420320294435 -0.004235364440247
  0.001612181484623  0.000000000000000 -0.000047708582187  0.700373543556964
  0.030343996444663 -0.001282682484421  0.000488080750104  0.000000000000000
 -0.006234529184330 -0.006228709403801  0.001250611720105 -0.000035930625265
 -0.000027037546963  0.000008578201196  0.000000000000000 -0.000023061401391
   10 Beta Orbital Energy   -10.210893 Occupation  1.000000 Symmetry Bu      
  0.000206262942025  0.000075808726117  0.000004126268748 -0.000029320159481
  0.000000000000000  0.001282432626110  0.000014529067939 -0.000096103577642
 -0.000045179622938  0.000000000000000 -0.000492825319361 -0.000015045143112
 -0.000079367802720 -0.000025793609045  0.000000000000000 -0.000206262942025
 -0.000075808726117  0.000004126268748 -0.000029320159481  0.000000000000000
 -0.001282432626110 -0.000014529067939 -0.000096103577642 -0.000045179622938
  0.000000000000000  0.000089334512853  0.000014081131262 -0.000089334512853
 -0.019207613095236  0.006420202994761 -0.004236015481502  0.001612223147872
  0.000000000000000 -0.700374831182817 -0.030344185126625 -0.001282956543967
  0.000488021794277  0.000000000000000  0.006234418251367  0.000047320226282
  0.006228664007642  0.019207613095236 -0.006420202994761 -0.004236015481502
  0.001612223147872  0.000000000000000 -0.000047320226282  0.700374831182817
  0.030344185126625 -0.001282956543967  0.000488021794277  0.000000000000000
 -0.006234418251367 -0.006228664007642  0.000492825319361  0.000015045143112
 -0.000079367802720 -0.000025793609045  0.000000000000000 -0.000014081131262
   11 Beta Orbital Energy    -1.014743 Occupation  1.000000 Symmetry Ag      
 -0.109720011910998  0.279828680164220 -0.041145522777680 -0.024493504186981
  0.000000000000000 -0.097434704357208  0.245731083873063 -0.050230688806438
  0.037961489132748  0.000000000000000 -0.097087394188770  0.244415737556520
 -0.009288645497535  0.062162012319804  0.000000000000000 -0.109720011910998
  0.279828680164220  0.041145522777680  0.024493504186981  0.000000000000000
 -0.097434704357208  0.245731083873063  0.050230688806438 -0.037961489132748
  0.000000000000000  0.039837746712697  0.038781667144841  0.039837746712697
 -0.046935009028744  0.121370616438790  0.022629704305958  0.024544009069319
  0.000000000000000 -0.021562824800392  0.054248430453461  0.023125403069396
 -0.003594567259131  0.000000000000000  0.011178757175581  0.020922906105384
  0.007923950924728 -0.046935009028744  0.121370616438790 -0.022629704305958
 -0.024544009069319  0.000000000000000  0.020922906105384 -0.021562824800392
  0.054248430453461 -0.023125403069396  0.003594567259131  0.000000000000000
  0.011178757175581  0.007923950924728 -0.097087394188770  0.244415737556520
  0.009288645497535 -0.062162012319804  0.000000000000000  0.038781667144841
   12 Beta Orbital Energy    -0.954463 Occupation  1.000000 Symmetry Bu      
  0.110805996817691 -0.294469183629343 -0.026349125981461 -0.012329710871467
  0.000000000000000  0.046529963893681 -0.122318037909085 -0.026260863686288
 -0.065725230718314  0.000000000000000 -0.040672470619764  0.106421322797551
 -0.070749560161507  0.007200336797304  0.000000000000000 -0.110805996817691
  0.294469183629343 -0.026349125981461 -0.012329710871467  0.000000000000000
 -0.046529963893681  0.122318037909085 -0.026260863686288 -0.065725230718314
  0.000000000000000 -0.029181361976081  0.024368703231621  0.029181361976081
 -0.111297367974399  0.292113664647900  0.000818835099160  0.042372288800362
  0.000000000000000 -0.072750346095995  0.187027794728511  0.063840361754010
 -0.015013923496050  0.000000000000000  0.040102302316305  0.057271415214974
  0.033806508627985  0.111297367974399 -0.292113664647900  0.000818835099160
  0.042372288800362  0.000000000000000 -0.057271415214974  0.072750346095995
 -0.187027794728511  0.063840361754010 -0.015013923496050  0.000000000000000
 -0.040102302316305 -0.033806508627985  0.040672470619764 -0.106421322797551
 -0.070749560161507  0.007200336797304  0.000000000000000 -0.024368703231621
   13 Beta Orbital Energy    -0.913763 Occupation  1.000000 Symmetry Ag      
 -0.009220219257863  0.028045641601735  0.093908241098261  0.048993443485940
  0.000000000000000  0.040182910012919 -0.104964798995785  0.048510915055927
  0.014835799217979  0.000000000000000  0.044916293605960 -0.117851648874364
 -0.029173875359821 -0.032479131171821  0.000000000000000 -0.009220219257863
  0.028045641601735 -0.093908241098261 -0.048993443485940  0.000000000000000
  0.040182910012919 -0.104964798995785 -0.048510915055927 -0.014835799217979
  0.000000000000000 -0.014057074161818 -0.019769464520846 -0.014057074161818
 -0.124092441656261  0.329810661555358 -0.068350376741943  0.030822822593305
  0.000000000000000 -0.113195761278346  0.296679021526262  0.079864488591404
 -0.026345231541764  0.000000000000000  0.065922703815405  0.070352622743894
  0.062625270360737 -0.124092441656261  0.329810661555358  0.068350376741943
 -0.030822822593305  0.000000000000000  0.070352622743894 -0.113195761278346
  0.296679021526262 -0.079864488591404  0.026345231541764  0.000000000000000
  0.065922703815405  0.062625270360737  0.044916293605960 -0.117851648874364
  0.029173875359821  0.032479131171821  0.000000000000000 -0.019769464520846
   14 Beta Orbital Energy    -0.897453 Occupation  1.000000 Symmetry Bu      
  0.011631483943049 -0.031797282258467  0.071524461305264 -0.115306537165105
  0.000000000000000 -0.122155493013918  0.330822154539550 -0.055126590213819
 -0.047474768418529  0.000000000000000 -0.132705065665765  0.359234731467391
  0.050543465324187  0.028796585010740  0.000000000000000 -0.011631483943049
  0.031797282258467  0.071524461305264 -0.115306537165105  0.000000000000000
  0.122155493013918 -0.330822154539550 -0.055126590213819 -0.047474768418529
  0.000000000000000  0.081678005757335  0.086643426966325 -0.081678005757335
 -0.000721186227593  0.002601239358958  0.023964981748007 -0.014451227046801
  0.000000000000000  0.012082429072238 -0.031323657102541 -0.006226590752138
 -0.003657489266991  0.000000000000000 -0.011495214295335  0.008804293977588
 -0.006332626448164  0.000721186227593 -0.002601239358958  0.023964981748007
 -0.014451227046801  0.000000000000000 -0.008804293977588 -0.012082429072238
  0.031323657102541 -0.006226590752138 -0.003657489266991  0.000000000000000
  0.011495214295335  0.006332626448164  0.132705065665765 -0.359234731467391
  0.050543465324187  0.028796585010740  0.000000000000000 -0.086643426966325
   15 Beta Orbital Energy    -0.864664 Occupation  1.000000 Symmetry Bu      
 -0.094869886481097  0.262683228925061 -0.059549537337984 -0.044243307246518
  0.000000000000000 -0.069537323738834  0.192176447195600  0.019487562285487
  0.071931987493589  0.000000000000000  0.041407192683455 -0.114494518072651
  0.096782605659492 -0.005939000152322  0.000000000000000  0.094869886481097
 -0.262683228925061 -0.059549537337984 -0.044243307246518  0.000000000000000
  0.069537323738834 -0.192176447195600  0.019487562285487  0.071931987493589
  0.000000000000000  0.044811023989837 -0.028484376229899 -0.044811023989837
 -0.064609871188381  0.173328709590499 -0.136092823900737 -0.003518533175393
  0.000000000000000 -0.111135471771480  0.299802492277434  0.048096178374344
 -0.028198698974729  0.000000000000000  0.071274093939154  0.041266079333522
  0.077314603905841  0.064609871188381 -0.173328709590499 -0.136092823900737
 -0.003518533175393  0.000000000000000 -0.041266079333522  0.111135471771480
 -0.299802492277434  0.048096178374344 -0.028198698974729  0.000000000000000
 -0.071274093939154 -0.077314603905841 -0.041407192683455  0.114494518072651
  0.096782605659492 -0.005939000152322  0.000000000000000  0.028484376229899
   16 Beta Orbital Energy    -0.781943 Occupation  1.000000 Symmetry Ag      
 -0.071692550363282  0.211156708093045  0.011995186189181  0.156861571243558
  0.000000000000000  0.087283276169700 -0.251036192355959 -0.001803951523309
  0.059844673196326  0.000000000000000 -0.009070025967863  0.027798105871009
 -0.171402826960453 -0.035819396537369  0.000000000000000 -0.071692550363282
  0.211156708093045 -0.011995186189181 -0.156861571243558  0.000000000000000
  0.087283276169700 -0.251036192355959  0.001803951523309 -0.059844673196326
  0.000000000000000 -0.101712440231343  0.024799206263341 -0.101712440231343
 -0.043441568666627  0.132794434851822  0.160168184679353 -0.024657878968548
  0.000000000000000  0.082530079346282 -0.236944369528942  0.027236046161317
 -0.012719215776292  0.000000000000000 -0.090682099539387  0.063887868975601
 -0.082540677966157 -0.043441568666627  0.132794434851822 -0.160168184679353
  0.024657878968548  0.000000000000000  0.063887868975601  0.082530079346282
 -0.236944369528942 -0.027236046161317  0.012719215776292  0.000000000000000
 -0.090682099539387 -0.082540677966157 -0.009070025967863  0.027798105871009
  0.171402826960453  0.035819396537369  0.000000000000000  0.024799206263341
   17 Beta Orbital Energy    -0.755589 Occupation  1.000000 Symmetry Ag      
 -0.057484136637373  0.172050114627084  0.139049437747072 -0.153416929603685
  0.000000000000000 -0.053115345836470  0.158761258696999  0.131550020154998
  0.154677655726215  0.000000000000000  0.111377122551526 -0.329589030550265
  0.001143134565578  0.070324343438254  0.000000000000000 -0.057484136637373
  0.172050114627084 -0.139049437747072  0.153416929603685  0.000000000000000
 -0.053115345836470  0.158761258696999 -0.131550020154998 -0.154677655726215
  0.000000000000000  0.071363713860430 -0.145963077503673  0.071363713860430
 -0.005096942781042  0.017693462890679  0.071080111512175  0.070585423998844
  0.000000000000000  0.045034622433359 -0.133766164665799  0.031456394871647
  0.031478698329627  0.000000000000000 -0.028552875870348 -0.028070170985941
 -0.064448242264122 -0.005096942781042  0.017693462890679 -0.071080111512175
 -0.070585423998844  0.000000000000000 -0.028070170985941  0.045034622433359
 -0.133766164665799 -0.031456394871647 -0.031478698329627  0.000000000000000
 -0.028552875870348 -0.064448242264122  0.111377122551526 -0.329589030550265
 -0.001143134565578 -0.070324343438254  0.000000000000000 -0.145963077503673
   18 Beta Orbital Energy    -0.718820 Occupation  1.000000 Symmetry Bu      
 -0.008567873886291  0.023841511574291 -0.121368454047845 -0.117738513245378
  0.000000000000000 -0.029794940230319  0.091309724161291  0.059881645242755
  0.070471946230960  0.000000000000000  0.050213392597335 -0.154437920878908
  0.001789907540794 -0.011412062580796  0.000000000000000  0.008567873886291
 -0.023841511574291 -0.121368454047845 -0.117738513245378  0.000000000000000
  0.029794940230319 -0.091309724161291  0.059881645242755  0.070471946230960
  0.000000000000000  0.049140729643553 -0.043146789950855 -0.049140729643553
 -0.095869457850965  0.298095618789561  0.107278904232142 -0.083076412026942
  0.000000000000000  0.087597114926870 -0.270327419147808  0.117012644240159
 -0.073247956465924  0.000000000000000 -0.153721431498410  0.151900186722697
 -0.119799805232517  0.095869457850965 -0.298095618789561  0.107278904232142
 -0.083076412026942  0.000000000000000 -0.151900186722697 -0.087597114926870
  0.270327419147808  0.117012644240159 -0.073247956465924  0.000000000000000
  0.153721431498410  0.119799805232517 -0.050213392597335  0.154437920878908
  0.001789907540794 -0.011412062580796  0.000000000000000  0.043146789950855
   19 Beta Orbital Energy    -0.700686 Occupation  1.000000 Symmetry Ag      
  0.048030044008915 -0.144176637754691  0.155330494882259  0.050693034167745
  0.000000000000000 -0.052283207719694  0.168579782729438  0.107847455160149
 -0.179161760166466  0.000000000000000 -0.013509987147293  0.046873937480805
  0.148266606481046 -0.148801750069489  0.000000000000000  0.048030044008915
 -0.144176637754691 -0.155330494882259 -0.050693034167745  0.000000000000000
 -0.052283207719694  0.168579782729438 -0.107847455160149  0.179161760166466
  0.000000000000000  0.158458737871717  0.102030718998131  0.158458737871717
 -0.056898384780214  0.176271882404867  0.046179819661036 -0.049571269513531
  0.000000000000000  0.056560011750473 -0.178187662726065  0.093201167470082
 -0.035495466244064  0.000000000000000 -0.089964595762484  0.096895034668130
 -0.091871909086819 -0.056898384780214  0.176271882404867 -0.046179819661036
  0.049571269513531  0.000000000000000  0.096895034668130  0.056560011750473
 -0.178187662726065 -0.093201167470082  0.035495466244064  0.000000000000000
 -0.089964595762484 -0.091871909086819 -0.013509987147293  0.046873937480805
 -0.148266606481046  0.148801750069489  0.000000000000000  0.102030718998131
   20 Beta Orbital Energy    -0.648109 Occupation  1.000000 Symmetry Ag      
  0.031903516223739 -0.106314508223130 -0.093898998259181 -0.093743542367256
  0.000000000000000 -0.016397072155550  0.045591753331458 -0.154553513943124
  0.031802091193769  0.000000000000000  0.016720178141204 -0.062898222958150
  0.081522215119775  0.172063013782777  0.000000000000000  0.031903516223739
 -0.106314508223130  0.093898998259181  0.093743542367256  0.000000000000000
 -0.016397072155550  0.045591753331458  0.154553513943124 -0.031802091193769
  0.000000000000000 -0.085112111142380 -0.122866977200977 -0.085112111142380
 -0.049481160093916  0.159511445692774 -0.125715789368238 -0.174437675267715
  0.000000000000000  0.025818591635729 -0.093361711392236  0.094121643208043
 -0.201859811447097  0.000000000000000 -0.181393299351869  0.150591773197244
 -0.005825472232780 -0.049481160093916  0.159511445692774  0.125715789368238
  0.174437675267715  0.000000000000000  0.150591773197244  0.025818591635729
 -0.093361711392236 -0.094121643208043  0.201859811447097  0.000000000000000
 -0.181393299351869 -0.005825472232780  0.016720178141204 -0.062898222958150
 -0.081522215119775 -0.172063013782777  0.000000000000000 -0.122866977200977
   21 Beta Orbital Energy    -0.633047 Occupation  1.000000 Symmetry Bu      
  0.017556135309891 -0.061092454871955 -0.200500650138102  0.102606841890547
  0.000000000000000 -0.037280877851424  0.121516744316118 -0.090390630827763
 -0.149099473938098  0.000000000000000  0.017689709376499 -0.060287037818305
  0.206363357846976  0.063052298193469  0.000000000000000 -0.017556135309891
  0.061092454871955 -0.200500650138102  0.102606841890547  0.000000000000000
  0.037280877851424 -0.121516744316118 -0.090390630827763 -0.149099473938098
  0.000000000000000  0.040980780236044 -0.068382065499811 -0.040980780236044
 -0.012712341272469  0.038261880043024  0.014758719702214  0.236029606607087
  0.000000000000000  0.015039431105780 -0.054248756907512  0.150883880062541
  0.144322963424800  0.000000000000000  0.048464850166888 -0.138431147050411
 -0.153002611623190  0.012712341272469 -0.038261880043024  0.014758719702214
  0.236029606607087  0.000000000000000  0.138431147050411 -0.015039431105780
  0.054248756907512  0.150883880062541  0.144322963424800  0.000000000000000
 -0.048464850166888  0.153002611623190 -0.017689709376499  0.060287037818305
  0.206363357846976  0.063052298193469  0.000000000000000  0.068382065499811
   22 Beta Orbital Energy    -0.601014 Occupation  1.000000 Symmetry Bu      
  0.050602371806703 -0.174618733640238  0.006375721433226 -0.192384339988841
  0.000000000000000 -0.047839375879487  0.165405640688268  0.166289548230476
  0.076856234030795  0.000000000000000  0.046944344477737 -0.160908274275728
 -0.156234741945825  0.137246962417750  0.000000000000000 -0.050602371806703
  0.174618733640238  0.006375721433226 -0.192384339988841  0.000000000000000
  0.047839375879487 -0.165405640688268  0.166289548230476  0.076856234030795
  0.000000000000000  0.140903383940909 -0.173455716106980 -0.140903383940909
  0.013436822088451 -0.036300534867651  0.195794097242923  0.072072627804049
  0.000000000000000 -0.015658417648929  0.065548625201561 -0.138316405904402
  0.157571586192671  0.000000000000000  0.145970144875855 -0.054266137667545
  0.033906882142358 -0.013436822088451  0.036300534867651  0.195794097242923
  0.072072627804049  0.000000000000000  0.054266137667545  0.015658417648929
 -0.065548625201561 -0.138316405904402  0.157571586192671  0.000000000000000
 -0.145970144875855 -0.033906882142358 -0.046944344477737  0.160908274275728
 -0.156234741945825  0.137246962417750  0.000000000000000  0.173455716106980
   23 Beta Orbital Energy    -0.593247 Occupation  1.000000 Symmetry Bu      
  0.049087914197502 -0.169521244015530  0.092173283371023  0.192735849678993
  0.000000000000000 -0.015587451529621  0.059119374916882  0.161286149630084
 -0.246782062125069  0.000000000000000  0.025334283643228 -0.090821537284748
  0.028154662272983  0.130094721886388  0.000000000000000 -0.049087914197502
  0.169521244015530  0.092173283371023  0.192735849678993  0.000000000000000
  0.015587451529621 -0.059119374916882  0.161286149630084 -0.246782062125069
  0.000000000000000  0.235126270467856 -0.134763515465195 -0.235126270467856
  0.005002282389081 -0.017602431751223 -0.103075645104538 -0.042068315548159
  0.000000000000000 -0.004911830893656  0.011035483686550 -0.013094749222423
 -0.192741047300251  0.000000000000000 -0.146658529888614  0.000193952995713
  0.097284841885769 -0.005002282389081  0.017602431751223 -0.103075645104538
 -0.042068315548159  0.000000000000000 -0.000193952995713  0.004911830893656
 -0.011035483686550 -0.013094749222423 -0.192741047300251  0.000000000000000
  0.146658529888614 -0.097284841885769 -0.025334283643228  0.090821537284748
  0.028154662272983  0.130094721886388  0.000000000000000  0.134763515465195
   24 Beta Orbital Energy    -0.584998 Occupation  1.000000 Symmetry Ag      
  0.017955321309853 -0.060247773967811  0.006376936421614 -0.010670473606039
  0.000000000000000  0.020485711181994 -0.076196260044934 -0.134590055120969
 -0.016394135719190  0.000000000000000 -0.024672971536944  0.083514326146638
  0.067391204364147  0.030665926941437  0.000000000000000  0.017955321309853
 -0.060247773967811 -0.006376936421614  0.010670473606039  0.000000000000000
  0.020485711181994 -0.076196260044934  0.134590055120969  0.016394135719190
  0.000000000000000 -0.105383483561185  0.009524328226679 -0.105383483561185
 -0.023378725862069  0.067194601361330 -0.156132283184983  0.228621920591056
  0.000000000000000  0.002899224006839 -0.025124682669193  0.321012634695502
  0.121714498084106  0.000000000000000  0.015518024129626 -0.151948934002845
 -0.247978726161664 -0.023378725862069  0.067194601361330  0.156132283184983
 -0.228621920591056  0.000000000000000 -0.151948934002845  0.002899224006839
 -0.025124682669193 -0.321012634695502 -0.121714498084106  0.000000000000000
  0.015518024129626 -0.247978726161664 -0.024672971536944  0.083514326146638
 -0.067391204364147 -0.030665926941437  0.000000000000000  0.009524328226679
   25 Beta Orbital Energy    -0.567705 Occupation  1.000000 Symmetry Bu      
  0.005029822184676 -0.017855068493102  0.125220484976601 -0.051822309187058
  0.000000000000000 -0.017134154142707  0.054166421324656 -0.256994420545136
  0.103875302992733  0.000000000000000 -0.020944684505629  0.064659323217730
 -0.004332137673662  0.359135825072598  0.000000000000000 -0.005029822184676
  0.017855068493102  0.125220484976601 -0.051822309187058  0.000000000000000
  0.017134154142707 -0.054166421324656 -0.256994420545136  0.103875302992733
  0.000000000000000 -0.191059103742464 -0.252613647658669  0.191059103742464
 -0.003667981615216  0.009351481910126 -0.077105008009263 -0.026299005403172
  0.000000000000000  0.004067863651886 -0.018687022409037  0.054200428888074
 -0.069549080516897  0.000000000000000 -0.055299802283638  0.002371162978595
 -0.007695348703474  0.003667981615216 -0.009351481910126 -0.077105008009263
 -0.026299005403172  0.000000000000000 -0.002371162978595 -0.004067863651886
  0.018687022409037  0.054200428888074 -0.069549080516897  0.000000000000000
  0.055299802283638  0.007695348703474  0.020944684505629 -0.064659323217730
 -0.004332137673662  0.359135825072598  0.000000000000000  0.252613647658669
   26 Beta Orbital Energy    -0.549484 Occupation  1.000000 Symmetry Bu      
  0.005279663179722 -0.019363672806796 -0.203150030483384  0.070812962789403
  0.000000000000000 -0.007405523846677  0.020723542195641 -0.171617206413525
 -0.110622609234490  0.000000000000000  0.013721961732755 -0.051227892082162
  0.221615747298423  0.025262382379783  0.000000000000000 -0.005279663179722
  0.019363672806796 -0.203150030483384  0.070812962789403  0.000000000000000
  0.007405523846677 -0.020723542195641 -0.171617206413525 -0.110622609234490
  0.000000000000000 -0.061695516075527 -0.031846055236893  0.061695516075527
  0.002292819089586  0.008132640753536  0.243241496839601 -0.141384495664727
  0.000000000000000  0.013085142606620 -0.029386424033985 -0.296500969636262
 -0.013658901378089  0.000000000000000  0.037118513573022  0.141253786499438
  0.179730578113641 -0.002292819089586 -0.008132640753536  0.243241496839601
 -0.141384495664727  0.000000000000000 -0.141253786499438 -0.013085142606620
  0.029386424033985 -0.296500969636262 -0.013658901378089  0.000000000000000
 -0.037118513573022 -0.179730578113641 -0.013721961732755  0.051227892082162
  0.221615747298423  0.025262382379783  0.000000000000000  0.031846055236893
   27 Beta Orbital Energy    -0.535407 Occupation  1.000000 Symmetry Ag      
  0.023366696397693 -0.084335502592354  0.002330012476363  0.102126434675401
  0.000000000000000 -0.008320359545066  0.027612152465947 -0.134370937392270
 -0.128063580105307  0.000000000000000  0.008256645102463 -0.038562758371210
  0.109171620636337  0.192897601003653  0.000000000000000  0.023366696397693
 -0.084335502592354 -0.002330012476363 -0.102126434675401  0.000000000000000
 -0.008320359545066  0.027612152465947  0.134370937392270  0.128063580105307
  0.000000000000000 -0.006515511294929 -0.169186084627948 -0.006515511294929
 -0.022485405163975  0.092545349077660  0.184315815045378 -0.129934371444410
  0.000000000000000  0.009523678294728 -0.022610621570951 -0.068614275653804
  0.287405273748743  0.000000000000000  0.243028025390995  0.166572780618599
 -0.118561888900783 -0.022485405163975  0.092545349077660 -0.184315815045378
  0.129934371444410  0.000000000000000  0.166572780618599  0.009523678294728
 -0.022610621570951  0.068614275653804 -0.287405273748743  0.000000000000000
  0.243028025390995 -0.118561888900783  0.008256645102463 -0.038562758371210
 -0.109171620636337 -0.192897601003653  0.000000000000000 -0.169186084627948
   28 Beta Orbital Energy    -0.517380 Occupation  1.000000 Symmetry Au      
  0.000000000000000  0.000000000000000  0.000000000000000  0.000000000000000
 -0.335598304377950  0.000000000000000  0.000000000000000  0.000000000000000
  0.000000000000000 -0.299312774138413  0.000000000000000  0.000000000000000
  0.000000000000000  0.000000000000000 -0.298476500525217  0.000000000000000
  0.000000000000000  0.000000000000000  0.000000000000000 -0.335598304377950
  0.000000000000000  0.000000000000000  0.000000000000000  0.000000000000000
 -0.299312774138413  0.000000000000000  0.000000000000000  0.000000000000000
  0.000000000000000  0.000000000000000  0.000000000000000  0.000000000000000
 -0.178353663555044  0.000000000000000  0.000000000000000  0.000000000000000
  0.000000000000000 -0.082302440715762  0.000000000000000  0.000000000000000
  0.000000000000000  0.000000000000000  0.000000000000000  0.000000000000000
  0.000000000000000 -0.178353663555044  0.000000000000000  0.000000000000000
  0.000000000000000  0.000000000000000  0.000000000000000 -0.082302440715762
  0.000000000000000  0.000000000000000  0.000000000000000  0.000000000000000
  0.000000000000000  0.000000000000000 -0.298476500525217  0.000000000000000
   29 Beta Orbital Energy    -0.499557 Occupation  1.000000 Symmetry Bu      
  0.013819859740490 -0.057627881074600 -0.171256069471881 -0.155608878825054
  0.000000000000000 -0.010282440645046  0.036111868244367 -0.038066362848677
  0.120443162757835  0.000000000000000  0.003879478298415 -0.010840182719953
 -0.021842906102550 -0.067301038523285  0.000000000000000 -0.013819859740490
  0.057627881074600 -0.171256069471881 -0.155608878825054  0.000000000000000
  0.010282440645046 -0.036111868244367 -0.038066362848677  0.120443162757835
  0.000000000000000 -0.040647281253013  0.039301640371475  0.040647281253013
  0.004615187954059 -0.022034151884623  0.044879557749589  0.267629680285764
  0.000000000000000 -0.006399687538266  0.023124492287805 -0.054857763023660
 -0.270787501217881  0.000000000000000 -0.240368149549130 -0.255905554772904
  0.213065389330231 -0.004615187954059  0.022034151884623  0.044879557749589
  0.267629680285764  0.000000000000000  0.255905554772904  0.006399687538266
 -0.023124492287805 -0.054857763023660 -0.270787501217881  0.000000000000000
  0.240368149549130 -0.213065389330231 -0.003879478298415  0.010840182719953
 -0.021842906102550 -0.067301038523285  0.000000000000000 -0.039301640371475
   30 Beta Orbital Energy    -0.491480 Occupation  1.000000 Symmetry Ag      
 -0.005985556585016  0.030494021997767  0.296095674125562 -0.054997349947284
  0.000000000000000 -0.003960759881320  0.005648565235162 -0.250841196125790
  0.032630388790863  0.000000000000000 -0.000026692354993  0.001829075553009
  0.290715011148609 -0.054417860762182  0.000000000000000 -0.005985556585016
  0.030494021997767 -0.296095674125562  0.054997349947284  0.000000000000000
 -0.003960759881320  0.005648565235162  0.250841196125790 -0.032630388790863
  0.000000000000000 -0.248502342444183  0.056948364985238 -0.248502342444183
 -0.013755885614193  0.059160548393469  0.188774704973796  0.130423990154768
  0.000000000000000  0.004547279924005 -0.008752071843900 -0.149375950738591
 -0.058442596708278  0.000000000000000 -0.066097923586770 -0.069243199327761
  0.143606670628397 -0.013755885614193  0.059160548393469 -0.188774704973796
 -0.130423990154768  0.000000000000000 -0.069243199327761  0.004547279924005
 -0.008752071843900  0.149375950738591  0.058442596708278  0.000000000000000
 -0.066097923586770  0.143606670628397 -0.000026692354993  0.001829075553009
 -0.290715011148608  0.054417860762182  0.000000000000000  0.056948364985238
   31 Beta Orbital Energy    -0.481121 Occupation  1.000000 Symmetry Ag      
  0.010767594361008 -0.048029557173438 -0.005400982265859 -0.292810753911241
  0.000000000000000 -0.003480701089430  0.008301772509568 -0.011040154837247
  0.278339122679899  0.000000000000000  0.006256756227927 -0.015158746006898
  0.018708413202372 -0.224266827393857  0.000000000000000  0.010767594361008
 -0.048029557173438  0.005400982265859  0.292810753911241  0.000000000000000
 -0.003480701089430  0.008301772509568  0.011040154837247 -0.278339122679899
  0.000000000000000 -0.131681290861851  0.239162195979703 -0.131681290861851
  0.006810938931886 -0.021993366818746 -0.052845327719251 -0.194825960678455
  0.000000000000000  0.005198576761224 -0.019858467654757  0.011469358958918
  0.152453704112255  0.000000000000000  0.139552746752128  0.194687836979186
 -0.115029170782871  0.006810938931886 -0.021993366818746  0.052845327719251
  0.194825960678455  0.000000000000000  0.194687836979186  0.005198576761224
 -0.019858467654757 -0.011469358958918 -0.152453704112255  0.000000000000000
  0.139552746752128 -0.115029170782871  0.006256756227927 -0.015158746006898
 -0.018708413202372  0.224266827393857  0.000000000000000  0.239162195979703
   32 Beta Orbital Energy    -0.450814 Occupation  1.000000 Symmetry Bg      
  0.000000000000000  0.000000000000000  0.000000000000000  0.000000000000000
 -0.360331635669852  0.000000000000000  0.000000000000000  0.000000000000000
  0.000000000000000 -0.134213980817991  0.000000000000000  0.000000000000000
  0.000000000000000  0.000000000000000  0.128544579397424  0.000000000000000
  0.000000000000000  0.000000000000000  0.000000000000000  0.360331635669852
  0.000000000000000  0.000000000000000  0.000000000000000  0.000000000000000
  0.134213980817991  0.000000000000000  0.000000000000000  0.000000000000000
  0.000000000000000  0.000000000000000  0.000000000000000  0.000000000000000
  0.390226815484331  0.000000000000000  0.000000000000000  0.000000000000000
  0.000000000000000  0.236564984352076  0.000000000000000  0.000000000000000
  0.000000000000000  0.000000000000000  0.000000000000000  0.000000000000000
  0.000000000000000 -0.390226815484331  0.000000000000000  0.000000000000000
  0.000000000000000  0.000000000000000  0.000000000000000 -0.236564984352076
  0.000000000000000  0.000000000000000  0.000000000000000  0.000000000000000
  0.000000000000000  0.000000000000000 -0.128544579397424  0.000000000000000
   33 Beta Orbital Energy    -0.391073 Occupation  1.000000 Symmetry Bg      
  0.000000000000000  0.000000000000000  0.000000000000000  0.000000000000000
  0.004094910207604  0.000000000000000  0.000000000000000  0.000000000000000
  0.000000000000000 -0.459639111958477  0.000000000000000  0.000000000000000
  0.000000000000000  0.000000000000000 -0.461657689120909  0.000000000000000
  0.000000000000000  0.000000000000000  0.000000000000000 -0.004094910207604
  0.000000000000000  0.000000000000000  0.000000000000000  0.000000000000000
  0.459639111958477  0.000000000000000  0.000000000000000  0.000000000000000
  0.000000000000000  0.000000000000000  0.000000000000000  0.000000000000000
 -0.004887635350866  0.000000000000000  0.000000000000000  0.000000000000000
  0.000000000000000  0.004584162206273  0.000000000000000  0.000000000000000
  0.000000000000000  0.000000000000000  0.000000000000000  0.000000000000000
  0.000000000000000  0.004887635350866  0.000000000000000  0.000000000000000
  0.000000000000000  0.000000000000000  0.000000000000000 -0.004584162206273
  0.000000000000000  0.000000000000000  0.000000000000000  0.000000000000000
  0.000000000000000  0.000000000000000  0.461657689120909  0.000000000000000
   34 Beta Orbital Energy    -0.388802 Occupation  1.000000 Symmetry Au      
  0.000000000000000  0.000000000000000  0.000000000000000  0.000000000000000
 -0.012473165411512  0.000000000000000  0.000000000000000  0.000000000000000
  0.000000000000000  0.192351902186929  0.000000000000000  0.000000000000000
  0.000000000000000  0.000000000000000  0.195077544776542  0.000000000000000
  0.000000000000000  0.000000000000000  0.000000000000000 -0.012473165411512
  0.000000000000000  0.000000000000000  0.000000000000000  0.000000000000000
  0.192351902186929  0.000000000000000  0.000000000000000  0.000000000000000
  0.000000000000000  0.000000000000000  0.000000000000000  0.000000000000000
 -0.446199406376587  0.000000000000000  0.000000000000000  0.000000000000000
  0.000000000000000 -0.370115164734256  0.000000000000000  0.000000000000000
  0.000000000000000  0.000000000000000  0.000000000000000  0.000000000000000
  0.000000000000000 -0.446199406376587  0.000000000000000  0.000000000000000
  0.000000000000000  0.000000000000000  0.000000000000000 -0.370115164734256
  0.000000000000000  0.000000000000000  0.000000000000000  0.000000000000000
  0.000000000000000  0.000000000000000  0.195077544776542  0.000000000000000
   35 Beta Orbital Energy    -0.300531 Occupation  0.000000 Symmetry Bg      
  0.000000000000000  0.000000000000000  0.000000000000000  0.000000000000000
  0.377539157217490  0.000000000000000  0.000000000000000  0.000000000000000
  0.000000000000000  0.229160634468694  0.000000000000000  0.000000000000000
  0.000000000000000  0.000000000000000 -0.223449265780405  0.000000000000000
  0.000000000000000  0.000000000000000  0.000000000000000 -0.377539157217490
  0.000000000000000  0.000000000000000  0.000000000000000  0.000000000000000
 -0.229160634468694  0.000000000000000  0.000000000000000  0.000000000000000
  0.000000000000000  0.000000000000000  0.000000000000000  0.000000000000000
  0.258737051409364  0.000000000000000  0.000000000000000  0.000000000000000
  0.000000000000000  0.382508093654676  0.000000000000000  0.000000000000000
  0.000000000000000  0.000000000000000  0.000000000000000  0.000000000000000
  0.000000000000000 -0.258737051409364  0.000000000000000  0.000000000000000
  0.000000000000000  0.000000000000000  0.000000000000000 -0.382508093654676
  0.000000000000000  0.000000000000000  0.000000000000000  0.000000000000000
  0.000000000000000  0.000000000000000  0.223449265780405  0.000000000000000
   36 Beta Orbital Energy    -0.147052 Occupation  0.000000 Symmetry Au      
  0.000000000000000  0.000000000000000  0.000000000000000  0.000000000000000
  0.462064923033056  0.000000000000000  0.000000000000000  0.000000000000000
  0.000000000000000 -0.280762054576245  0.000000000000000  0.000000000000000
  0.000000000000000  0.000000000000000 -0.216642239849768  0.000000000000000
  0.000000000000000  0.000000000000000  0.000000000000000  0.462064923033056
  0.000000000000000  0.000000000000000  0.000000000000000  0.000000000000000
 -0.280762054576245  0.000000000000000  0.000000000000000  0.000000000000000
  0.000000000000000  0.000000000000000  0.000000000000000  0.000000000000000
  0.193950741224626  0.000000000000000  0.000000000000000  0.000000000000000
  0.000000000000000 -0.466225222069448  0.000000000000000  0.000000000000000
  0.000000000000000  0.000000000000000  0.000000000000000  0.000000000000000
  0.000000000000000  0.193950741224626  0.000000000000000  0.000000000000000
  0.000000000000000  0.000000000000000  0.000000000000000 -0.466225222069448
  0.000000000000000  0.000000000000000  0.000000000000000  0.000000000000000
  0.000000000000000  0.000000000000000 -0.216642239849768  0.000000000000000
   37 Beta Orbital Energy    -0.103218 Occupation  0.000000 Symmetry Au      
  0.000000000000000  0.000000000000000  0.000000000000000  0.000000000000000
 -0.040696023412293  0.000000000000000  0.000000000000000  0.000000000000000
  0.000000000000000 -0.548359775500109  0.000000000000000  0.000000000000000
  0.000000000000000  0.000000000000000  0.586706358557706  0.000000000000000
  0.000000000000000  0.000000000000000  0.000000000000000 -0.040696023412293
  0.000000000000000  0.000000000000000  0.000000000000000  0.000000000000000
 -0.548359775500109  0.000000000000000  0.000000000000000  0.000000000000000
  0.000000000000000  0.000000000000000  0.000000000000000  0.000000000000000
  0.005073414334881  0.000000000000000  0.000000000000000  0.000000000000000
  0.000000000000000  0.017052326956285  0.000000000000000  0.000000000000000
  0.000000000000000  0.000000000000000  0.000000000000000  0.000000000000000
  0.000000000000000  0.005073414334881  0.000000000000000  0.000000000000000
  0.000000000000000  0.000000000000000  0.000000000000000  0.017052326956285
  0.000000000000000  0.000000000000000  0.000000000000000  0.000000000000000
  0.000000000000000  0.000000000000000  0.586706358557706  0.000000000000000
   38 Beta Orbital Energy    -0.073710 Occupation  0.000000 Symmetry Bg      
  0.000000000000000  0.000000000000000  0.000000000000000  0.000000000000000
  0.036100737827445  0.000000000000000  0.000000000000000  0.000000000000000
  0.000000000000000 -0.237069076578962  0.000000000000000  0.000000000000000
  0.000000000000000  0.000000000000000  0.246388289347824  0.000000000000000
  0.000000000000000  0.000000000000000  0.000000000000000 -0.036100737827445
  0.000000000000000  0.000000000000000  0.000000000000000  0.000000000000000
  0.237069076578962  0.000000000000000  0.000000000000000  0.000000000000000
  0.000000000000000  0.000000000000000  0.000000000000000  0.000000000000000
 -0.490730306533298  0.000000000000000  0.000000000000000  0.000000000000000
  0.000000000000000  0.546355963962895  0.000000000000000  0.000000000000000
  0.000000000000000  0.000000000000000  0.000000000000000  0.000000000000000
  0.000000000000000  0.490730306533298  0.000000000000000  0.000000000000000
  0.000000000000000  0.000000000000000  0.000000000000000 -0.546355963962895
  0.000000000000000  0.000000000000000  0.000000000000000  0.000000000000000
  0.000000000000000  0.000000000000000 -0.246388289347824  0.000000000000000
   39 Beta Orbital Energy    -0.008203 Occupation  0.000000 Symmetry Au      
  0.000000000000000  0.000000000000000  0.000000000000000  0.000000000000000
 -0.480242882537742  0.000000000000000  0.000000000000000  0.000000000000000
  0.000000000000000  0.190487035877141  0.000000000000000  0.000000000000000
  0.000000000000000  0.000000000000000  0.154414500620536  0.000000000000000
  0.000000000000000  0.000000000000000  0.000000000000000 -0.480242882537742
  0.000000000000000  0.000000000000000  0.000000000000000  0.000000000000000
  0.190487035877141  0.000000000000000  0.000000000000000  0.000000000000000
  0.000000000000000  0.000000000000000  0.000000000000000  0.000000000000000
  0.527771328107041  0.000000000000000  0.000000000000000  0.000000000000000
  0.000000000000000 -0.410187873827706  0.000000000000000  0.000000000000000
  0.000000000000000  0.000000000000000  0.000000000000000  0.000000000000000
  0.000000000000000  0.527771328107041  0.000000000000000  0.000000000000000
  0.000000000000000  0.000000000000000  0.000000000000000 -0.410187873827706
  0.000000000000000  0.000000000000000  0.000000000000000  0.000000000000000
  0.000000000000000  0.000000000000000  0.154414500620536  0.000000000000000
   40 Beta Orbital Energy     0.076378 Occupation  0.000000 Symmetry Bg      
  0.000000000000000  0.000000000000000  0.000000000000000  0.000000000000000
  0.542465090932733  0.000000000000000  0.000000000000000  0.000000000000000
  0.000000000000000 -0.462654188152060  0.000000000000000  0.000000000000000
  0.000000000000000  0.000000000000000  0.460087369874971  0.000000000000000
  0.000000000000000  0.000000000000000  0.000000000000000 -0.542465090932733
  0.000000000000000  0.000000000000000  0.000000000000000  0.000000000000000
  0.462654188152060  0.000000000000000  0.000000000000000  0.000000000000000
  0.000000000000000  0.000000000000000  0.000000000000000  0.000000000000000
  0.295242178354676  0.000000000000000  0.000000000000000  0.000000000000000
  0.000000000000000 -0.169908448735588  0.000000000000000  0.000000000000000
  0.000000000000000  0.000000000000000  0.000000000000000  0.000000000000000
  0.000000000000000 -0.295242178354676  0.000000000000000  0.000000000000000
  0.000000000000000  0.000000000000000  0.000000000000000  0.169908448735588
  0.000000000000000  0.000000000000000  0.000000000000000  0.000000000000000
  0.000000000000000  0.000000000000000 -0.460087369874971  0.000000000000000
   41 Beta Orbital Energy     0.141950 Occupation  0.000000 Symmetry Ag      
  0.078903901754857 -0.466270910757022 -0.241835288890491 -0.197434660039644
  0.000000000000000  0.040579248437416 -0.245756512795611 -0.161942573434944
  0.153390671380901  0.000000000000000  0.022684548832437 -0.139294725052127
 -0.083536449667060  0.284587755508193  0.000000000000000  0.078903901754857
 -0.466270910757022  0.241835288890491  0.197434660039644  0.000000000000000
  0.040579248437416 -0.245756512795611  0.161942573434944 -0.153390671380901
  0.000000000000000  0.400308363113992  0.391387638716118  0.400308363113992
 -0.057258096012744  0.329296190109250  0.254082847507119  0.364865059547220
  0.000000000000000  0.035577714685462 -0.203609266245307  0.052702332903795
  0.188714578809534  0.000000000000000 -0.140760495607160  0.131849094704682
  0.333682766838673 -0.057258096012744  0.329296190109250 -0.254082847507119
 -0.364865059547220  0.000000000000000  0.131849094704682  0.035577714685462
 -0.203609266245307 -0.052702332903795 -0.188714578809534  0.000000000000000
 -0.140760495607160  0.333682766838673  0.022684548832437 -0.139294725052127
  0.083536449667060 -0.284587755508193  0.000000000000000  0.391387638716118
   42 Beta Orbital Energy     0.150967 Occupation  0.000000 Symmetry Bu      
  0.047429142161983 -0.277480721128183 -0.085008528800053 -0.360073606099774
  0.000000000000000 -0.019267451235624  0.113310691282059  0.033210996810636
 -0.269250375823890  0.000000000000000  0.014852279983832 -0.084755631142485
  0.089535919288019 -0.336545621532953  0.000000000000000 -0.047429142161983
  0.277480721128183 -0.085008528800053 -0.360073606099774  0.000000000000000
  0.019267451235624 -0.113310691282059  0.033210996810636 -0.269250375823890
  0.000000000000000 -0.226833015152381 -0.306916981220148  0.226833015152381
  0.015593828388225 -0.092105710810869 -0.134357955982728 -0.409958164376625
  0.000000000000000 -0.008587077748538  0.052268672575822 -0.015400745277374
 -0.338475816720658  0.000000000000000  0.318707027318507 -0.370044040753099
 -0.296503068289918 -0.015593828388225  0.092105710810869 -0.134357955982728
 -0.409958164376625  0.000000000000000  0.370044040753099  0.008587077748538
 -0.052268672575822 -0.015400745277374 -0.338475816720658  0.000000000000000
 -0.318707027318507  0.296503068289918 -0.014852279983832  0.084755631142485
  0.089535919288019 -0.336545621532953  0.000000000000000  0.306916981220148
   43 Beta Orbital Energy     0.181117 Occupation  0.000000 Symmetry Bu      
  0.058247649771323 -0.337384531134233 -0.489152273762626 -0.011449903144113
  0.000000000000000 -0.013967267865793  0.080143365837949 -0.388533354698385
  0.161756022140319  0.000000000000000  0.024869049604832 -0.149182048079802
 -0.317056139266600  0.068667533859583  0.000000000000000 -0.058247649771323
  0.337384531134233 -0.489152273762626 -0.011449903144113  0.000000000000000
  0.013967267865793 -0.080143365837949 -0.388533354698385  0.161756022140319
  0.000000000000000  0.406119524736661  0.151444221460781 -0.406119524736661
  0.098635161867170 -0.581185492385633 -0.314591074015693 -0.114928431344452
  0.000000000000000 -0.032601352511954  0.183561510840170 -0.028227658240745
 -0.083847486175440  0.000000000000000  0.019081198829057  0.254594910339937
 -0.212210530291197 -0.098635161867170  0.581185492385633 -0.314591074015693
 -0.114928431344452  0.000000000000000 -0.254594910339937  0.032601352511954
 -0.183561510840170 -0.028227658240745 -0.083847486175440  0.000000000000000
 -0.019081198829057  0.212210530291197 -0.024869049604832  0.149182048079802
 -0.317056139266600  0.068667533859583  0.000000000000000 -0.151444221460781
   44 Beta Orbital Energy     0.198120 Occupation  0.000000 Symmetry Ag      
  0.031791953935627 -0.193758264053823  0.146721238711177 -0.080021111077830
  0.000000000000000 -0.019819725132942  0.126386307871008  0.284634462474069
 -0.063496424470871  0.000000000000000 -0.077197610950708  0.475289073945594
 -0.131820042746337 -0.027450762250681  0.000000000000000  0.031791953935627
 -0.193758264053823 -0.146721238711177  0.080021111077830  0.000000000000000
 -0.019819725132942  0.126386307871008 -0.284634462474069  0.063496424470871
  0.000000000000000 -0.313043897641206 -0.320478477056278 -0.313043897641206
  0.057272049929789 -0.345427308884959 -0.056495918130423  0.314891190242106
  0.000000000000000 -0.017140442599149  0.095744986198115  0.091104889534861
  0.353636736522150  0.000000000000000 -0.375651083199405  0.549417515161181
  0.244314054613577  0.057272049929789 -0.345427308884959  0.056495918130423
 -0.314891190242106  0.000000000000000  0.549417515161181 -0.017140442599149
  0.095744986198115 -0.091104889534861 -0.353636736522150  0.000000000000000
 -0.375651083199405  0.244314054613577 -0.077197610950708  0.475289073945594
  0.131820042746337  0.027450762250681  0.000000000000000 -0.320478477056278
&
&valid
version=1.0
geometry
atom_num=20
   6     1.2310450000     0.7385760000     0.0000000000
   6     1.2310450000    -0.6825780000     0.0000000000
   6     0.0273500000    -1.4017495000     0.0000000000
   6    -1.2310450000    -0.7385760000     0.0000000000
   6    -1.2310450000     0.6825780000     0.0000000000
   1     2.1838585000    -1.2274770000     0.0000000000
   1     0.0508990000    -2.5001595000     0.0000000000
   1    -2.1838585000     1.2274770000     0.0000000000
   6    -2.4864860000    -1.5550890000     0.0000000000
   6    -3.7467100000    -1.0872315000     0.0000000000
   1    -3.9798080000    -0.0163160000     0.0000000000
   1    -2.3218350000    -2.6431080000     0.0000000000
   1    -4.6057660000    -1.7682155000     0.0000000000
   6     2.4864860000     1.5550890000     0.0000000000
   1     2.3218350000     2.6431080000     0.0000000000
   6     3.7467100000     1.0872315000     0.0000000000
   1     3.9798080000     0.0163160000     0.0000000000
   1     4.6057660000     1.7682155000     0.0000000000
   6    -0.0273500000     1.4017495000     0.0000000000
   1    -0.0508990000     2.5001595000     0.0000000000
end
molecule
molchg=1
multip=2
qs_cuts=   0    0    0
end
basis
name=sto-3g                          
numd=5
atom_basis_num=0
end
&
