MAEFILE: dvb_un_sp_hf.01.mae
&gen 
ip102=3 
iuhf=1 
basis=sto-3g 
ip1=2 
molchg=1 
multip=2 
mulken=1 
&
&zmat
 C1              1.2310450000             0.7385760000            0.0000000000
 C2              1.2310450000            -0.6825780000            0.0000000000
 C3              0.0273500000            -1.4017495000            0.0000000000
 C4             -1.2310450000            -0.7385760000            0.0000000000
 C5             -1.2310450000             0.6825780000            0.0000000000
 H6              2.1838585000            -1.2274770000            0.0000000000
 H7              0.0508990000            -2.5001595000            0.0000000000
 H8             -2.1838585000             1.2274770000            0.0000000000
 C9             -2.4864860000            -1.5550890000            0.0000000000
 C10            -3.7467100000            -1.0872315000            0.0000000000
 H11            -3.9798080000            -0.0163160000            0.0000000000
 H12            -2.3218350000            -2.6431080000            0.0000000000
 H13            -4.6057660000            -1.7682155000            0.0000000000
 C14             2.4864860000             1.5550890000            0.0000000000
 H15             2.3218350000             2.6431080000            0.0000000000
 C16             3.7467100000             1.0872315000            0.0000000000
 H17             3.9798080000             0.0163160000            0.0000000000
 H18             4.6057660000             1.7682155000            0.0000000000
 C19            -0.0273500000             1.4017495000            0.0000000000
 H20            -0.0508990000             2.5001595000            0.0000000000
&
&guess  basgss=sto-3g numd=5
Alpha Molecular Orbitals
    1 Alpha Orbital Energy   -11.307833 Occupation  1.000000 Symmetry Bu      
  0.701499554911800  0.025667312355737 -0.000847366242103 -0.000398690133982
  0.000000000000000  0.001667278248264 -0.005040436263812  0.000087276276456
 -0.003191780280035  0.000000000000000 -0.001676853062102  0.005065724478149
 -0.002796679766446  0.001576922909249  0.000000000000000 -0.701499554911800
 -0.025667312355737 -0.000847366242103 -0.000398690133982  0.000000000000000
 -0.001667278248264  0.005040436263812  0.000087276276456 -0.003191780280035
  0.000000000000000  0.000082519345329 -0.000089030988276 -0.000082519345329
  0.000589463444906  0.004187681743757  0.002451160251388  0.001642999533399
  0.000000000000000  0.000102125874238 -0.000133010416866 -0.000041755113286
 -0.000080529617136  0.000000000000000  0.000103858889243 -0.000028807324623
  0.000021541713275 -0.000589463444906 -0.004187681743757  0.002451160251388
  0.001642999533399  0.000000000000000  0.000028807324623 -0.000102125874238
  0.000133010416866 -0.000041755113286 -0.000080529617136  0.000000000000000
 -0.000103858889243 -0.000021541713275  0.001676853062102 -0.005065724478149
 -0.002796679766446  0.001576922909249  0.000000000000000  0.000089030988276
    2 Alpha Orbital Energy   -11.307770 Occupation  1.000000 Symmetry Ag      
  0.701535182933138  0.025547558157218 -0.000655192235567 -0.000275681582688
  0.000000000000000  0.001054610358928 -0.004736928085221  0.000023059477198
 -0.003221172803605  0.000000000000000  0.001006270768041 -0.004783037802454
  0.002857096721311 -0.001562103196111  0.000000000000000  0.701535182933138
  0.025547558157218  0.000655192235567  0.000275681582688  0.000000000000000
  0.001054610358928 -0.004736928085221 -0.000023059477198  0.003221172803605
  0.000000000000000 -0.000011868129610 -0.000009212602954 -0.000011868129610
 -0.000618944063955 -0.004242332927548 -0.002484950792443 -0.001664382984548
  0.000000000000000 -0.000096946581737  0.000132825259737  0.000044274130226
  0.000082273539892  0.000000000000000 -0.000099053550804  0.000033917918063
 -0.000020964397220 -0.000618944063955 -0.004242332927548  0.002484950792443
  0.001664382984548  0.000000000000000  0.000033917918063 -0.000096946581737
  0.000132825259737 -0.000044274130226 -0.000082273539892  0.000000000000000
 -0.000099053550804 -0.000020964397220  0.001006270768041 -0.004783037802454
 -0.002857096721311  0.001562103196111  0.000000000000000 -0.000009212602954
    3 Alpha Orbital Energy   -11.262490 Occupation  1.000000 Symmetry Bu      
  0.000603178326816  0.002768531509858 -0.002550714390679  0.002429232594128
  0.000000000000000  0.264410049315488  0.004805967179300  0.002132877321403
  0.001591310392291  0.000000000000000  0.650098266320719  0.021477970921981
 -0.001022267820866  0.000362585305263  0.000000000000000 -0.000603178326816
 -0.002768531509858 -0.002550714390679  0.002429232594128  0.000000000000000
 -0.264410049315488 -0.004805967179300  0.002132877321403  0.001591310392291
  0.000000000000000 -0.001619483282302 -0.004197480308773  0.001619483282302
 -0.000148242177345  0.000108385473330 -0.000020017350657  0.000054354603005
  0.000000000000000  0.000037906190520 -0.000033524291162 -0.000020928257406
  0.000017898667490  0.000000000000000 -0.000026835047409 -0.000039788096173
  0.000006322699725  0.000148242177345 -0.000108385473330 -0.000020017350657
  0.000054354603005  0.000000000000000  0.000039788096173 -0.000037906190520
  0.000033524291162 -0.000020928257406  0.000017898667490  0.000000000000000
  0.000026835047409 -0.000006322699725 -0.650098266320719 -0.021477970921981
 -0.001022267820866  0.000362585305263  0.000000000000000  0.004197480308773
    4 Alpha Orbital Energy   -11.262392 Occupation  1.000000 Symmetry Ag      
  0.000448274845961  0.005665467999841 -0.002770868023890  0.000622815540286
  0.000000000000000 -0.167871402859338 -0.001369852564172 -0.002557484009993
 -0.001588709807480  0.000000000000000 -0.681447047960534 -0.023225578713518
  0.000667859327336 -0.000304497266706  0.000000000000000  0.000448274845961
  0.005665467999841  0.002770868023890 -0.000622815540286  0.000000000000000
 -0.167871402859338 -0.001369852564172  0.002557484009993  0.001588709807480
  0.000000000000000  0.001128589357843  0.004539677515258  0.001128589357843
  0.000424805792882 -0.000106776239615  0.000034365756329 -0.000007162252423
  0.000000000000000  0.000170428240400  0.000069540472568  0.000061295176780
  0.000027832401949  0.000000000000000 -0.000012123758904  0.000073213930217
  0.000011510134704  0.000424805792882 -0.000106776239615 -0.000034365756329
  0.000007162252423  0.000000000000000  0.000073213930217  0.000170428240400
  0.000069540472568 -0.000061295176780 -0.000027832401949  0.000000000000000
 -0.000012123758904  0.000011510134704 -0.681447047960534 -0.023225578713518
 -0.000667859327336  0.000304497266705  0.000000000000000  0.004539677515258
    5 Alpha Orbital Energy   -11.261797 Occupation  1.000000 Symmetry Bu      
  0.001408894702980  0.006606302525061 -0.001134124788739 -0.002368086681536
  0.000000000000000 -0.649899726062947 -0.025323902661225  0.001863412265318
  0.000060139069372  0.000000000000000  0.263923394822696  0.014219177622912
  0.002378471572768  0.001925968756656  0.000000000000000 -0.001408894702980
 -0.006606302525061 -0.001134124788739 -0.002368086681536  0.000000000000000
  0.649899726062947  0.025323902661225  0.001863412265318  0.000060139069372
  0.000000000000000  0.004303999784883 -0.001838343525990 -0.004303999784883
 -0.000219274622285  0.000237345219694  0.000069596149353  0.000060395925977
  0.000000000000000 -0.000259146942078 -0.000077012586531 -0.000052123178453
 -0.000058096489553  0.000000000000000  0.000097405673129 -0.000050692946673
 -0.000018034334872  0.000219274622285 -0.000237345219694  0.000069596149353
  0.000060395925977  0.000000000000000  0.000050692946673  0.000259146942078
  0.000077012586531 -0.000052123178453 -0.000058096489553  0.000000000000000
 -0.000097405673129  0.000018034334872 -0.263923394822696 -0.014219177622912
  0.002378471572768  0.001925968756656  0.000000000000000  0.001838343525990
    6 Alpha Orbital Energy   -11.261736 Occupation  1.000000 Symmetry Ag      
  0.000315559980441  0.003445245651544  0.000634954069660 -0.003428859617762
  0.000000000000000 -0.681297484766611 -0.025536702224951  0.001322095612119
  0.000001836908937  0.000000000000000  0.167279250352751  0.010636290612089
  0.002605415150571  0.001866785341366  0.000000000000000  0.000315559980441
  0.003445245651544 -0.000634954069660  0.003428859617762  0.000000000000000
 -0.681297484766611 -0.025536702224951 -0.001322095612119 -0.000001836908937
  0.000000000000000  0.004546702307094 -0.001107784296898  0.004546702307094
  0.000186140043781 -0.000061476670883  0.000011772676738 -0.000025139050186
  0.000000000000000  0.000231181757231  0.000056633147811  0.000034265124278
  0.000050101834175  0.000000000000000 -0.000102570317932  0.000034633037193
  0.000015312802132  0.000186140043781 -0.000061476670883 -0.000011772676738
  0.000025139050186  0.000000000000000  0.000034633037193  0.000231181757231
  0.000056633147811 -0.000034265124278 -0.000050101834175  0.000000000000000
 -0.000102570317932  0.000015312802132  0.167279250352751  0.010636290612089
 -0.002605415150571 -0.001866785341366  0.000000000000000 -0.001107784296898
    7 Alpha Orbital Energy   -11.221177 Occupation  1.000000 Symmetry Bu      
 -0.001273158534152  0.004037242683889  0.002485724634055  0.001460349070776
  0.000000000000000 -0.000172973299720 -0.000196189430862  0.000016594951303
 -0.000016186101899  0.000000000000000  0.000239947351524  0.000148053444957
  0.000005332048838  0.000033908192551  0.000000000000000  0.001273158534152
 -0.004037242683889  0.002485724634055  0.001460349070776  0.000000000000000
  0.000172973299720  0.000196189430862  0.000016594951303 -0.000016186101899
  0.000000000000000  0.000106729398298 -0.000023798734095 -0.000106729398298
  0.700038118144935  0.023868822200131 -0.000516887574495  0.000357957789288
  0.000000000000000  0.050622354160676 -0.003317389978883 -0.002816175049134
  0.000986054950786  0.000000000000000 -0.000284103673028 -0.004525870658067
 -0.000276689637571 -0.700038118144935 -0.023868822200131 -0.000516887574495
  0.000357957789288  0.000000000000000  0.004525870658067 -0.050622354160676
  0.003317389978883 -0.002816175049134  0.000986054950786  0.000000000000000
  0.000284103673028  0.000276689637571 -0.000239947351524 -0.000148053444957
  0.000005332048838  0.000033908192551  0.000000000000000  0.000023798734095
    8 Alpha Orbital Energy   -11.221176 Occupation  1.000000 Symmetry Ag      
 -0.001310000635166  0.004026392141596  0.002470105619467  0.001449708328546
  0.000000000000000 -0.000325709525141 -0.000121468603790 -0.000057748224048
 -0.000003528067294  0.000000000000000 -0.000410455040137 -0.000063610578757
  0.000020960391322  0.000045006530491  0.000000000000000 -0.001310000635166
  0.004026392141596 -0.002470105619467 -0.001449708328546  0.000000000000000
 -0.000325709525141 -0.000121468603790  0.000057748224048  0.000003528067294
  0.000000000000000  0.000119785693759  0.000034770872920  0.000119785693759
 -0.700038245322080 -0.023861506317408  0.000521947105673 -0.000354743036594
  0.000000000000000 -0.050627170558971  0.003317333268696  0.002816351713935
 -0.000986403978691  0.000000000000000  0.000284161094400  0.004526050553667
  0.000276759167150 -0.700038245322080 -0.023861506317408 -0.000521947105673
  0.000354743036594  0.000000000000000  0.004526050553667 -0.050627170558971
  0.003317333268696 -0.002816351713935  0.000986403978691  0.000000000000000
  0.000284161094400  0.000276759167150 -0.000410455040137 -0.000063610578757
 -0.000020960391322 -0.000045006530491  0.000000000000000  0.000034770872920
    9 Alpha Orbital Energy   -11.216813 Occupation  1.000000 Symmetry Bu      
  0.000020378551539  0.000461327544932  0.000210790860098  0.000152998975175
  0.000000000000000  0.000262981111225 -0.000038502217668 -0.000082451301041
 -0.000042252219845  0.000000000000000 -0.000052067740153  0.000030061870079
 -0.000061059727704 -0.000010581560806  0.000000000000000 -0.000020378551539
 -0.000461327544932  0.000210790860098  0.000152998975175  0.000000000000000
 -0.000262981111225  0.000038502217668 -0.000082451301041 -0.000042252219845
  0.000000000000000  0.000064934138372  0.000002362976102 -0.000064934138372
  0.050194084421714  0.007479527429397 -0.003272739184211  0.001253841359565
  0.000000000000000 -0.699613246667309 -0.026555504902106 -0.001433916798620
  0.000513988129379  0.000000000000000  0.004893199507562 -0.000387199620112
  0.004880105385685 -0.050194084421714 -0.007479527429397 -0.003272739184211
  0.001253841359565  0.000000000000000  0.000387199620112  0.699613246667309
  0.026555504902106 -0.001433916798620  0.000513988129379  0.000000000000000
 -0.004893199507562 -0.004880105385685  0.000052067740153 -0.000030061870079
 -0.000061059727704 -0.000010581560806  0.000000000000000 -0.000002362976102
   10 Alpha Orbital Energy   -11.216813 Occupation  1.000000 Symmetry Ag      
  0.000012696466850  0.000461355051630  0.000207906460983  0.000151157406029
  0.000000000000000  0.000264504551421 -0.000042627573443 -0.000082237818558
 -0.000035454832273  0.000000000000000  0.000094335611065 -0.000079259742658
  0.000027140974343 -0.000007605345445  0.000000000000000  0.000012696466850
  0.000461355051630 -0.000207906460983 -0.000151157406029  0.000000000000000
  0.000264504551421 -0.000042627573443  0.000082237818558  0.000035454832273
  0.000000000000000  0.000066716578864 -0.000002656516489  0.000066716578864
 -0.050198992065859 -0.007478989114451  0.003272806350469 -0.001253360070023
  0.000000000000000  0.699612924166608  0.026555284278513  0.001433794443301
 -0.000514050690647  0.000000000000000 -0.004893242431932  0.000387002517279
 -0.004880089990039 -0.050198992065859 -0.007478989114451 -0.003272806350469
  0.001253360070023  0.000000000000000  0.000387002517279  0.699612924166608
  0.026555284278513 -0.001433794443301  0.000514050690647  0.000000000000000
 -0.004893242431932 -0.004880089990039  0.000094335611065 -0.000079259742658
 -0.000027140974343  0.000007605345445  0.000000000000000 -0.000002656516489
   11 Alpha Orbital Energy    -1.326073 Occupation  1.000000 Symmetry Ag      
  0.114721337317150 -0.307828733609038  0.047083339629166  0.027694110153632
  0.000000000000000  0.095426019632306 -0.239644767021256  0.048867273755236
 -0.039473196917199  0.000000000000000  0.095536507157374 -0.239841024291865
  0.011815760790359 -0.061381889046223  0.000000000000000  0.114721337317150
 -0.307828733609038 -0.047083339629166 -0.027694110153632  0.000000000000000
  0.095426019632306 -0.239644767021256 -0.048867273755236  0.039473196917199
  0.000000000000000 -0.037062657975903 -0.036633446859437 -0.037062657975903
  0.036045249090088 -0.086086216521804 -0.022531732499522 -0.021592435392221
  0.000000000000000  0.016866836125929 -0.045746097178292 -0.017448771013000
  0.002686801012404  0.000000000000000 -0.007582050835307 -0.015943826987994
 -0.005215470573206  0.036045249090088 -0.086086216521804  0.022531732499522
  0.021592435392221  0.000000000000000 -0.015943826987994  0.016866836125929
 -0.045746097178292  0.017448771013000 -0.002686801012404  0.000000000000000
 -0.007582050835307 -0.005215470573206  0.095536507157374 -0.239841024291865
 -0.011815760790359  0.061381889046223  0.000000000000000 -0.036633446859437
   12 Alpha Orbital Energy    -1.237154 Occupation  1.000000 Symmetry Bu      
  0.129442541057840 -0.363196784723812 -0.007210402580144 -0.002112159716291
  0.000000000000000  0.053843939826383 -0.140485638528343 -0.026979275624392
 -0.079143813690729  0.000000000000000 -0.049772679446153  0.129415563014664
 -0.083125631754817  0.012557489697182  0.000000000000000 -0.129442541057840
  0.363196784723812 -0.007210402580144 -0.002112159716291  0.000000000000000
 -0.053843939826383  0.140485638528343 -0.026979275624392 -0.079143813690729
  0.000000000000000 -0.031831192837780  0.028666733961179  0.031831192837780
 -0.086803584795127  0.213404896024391  0.012324992356352  0.040786603673876
  0.000000000000000 -0.061662833673336  0.169989922639194  0.050601935121665
 -0.010634385325648  0.000000000000000  0.031289900112663  0.045379652476098
  0.025640541881812  0.086803584795127 -0.213404896024391  0.012324992356352
  0.040786603673876  0.000000000000000 -0.045379652476098  0.061662833673336
 -0.169989922639194  0.050601935121665 -0.010634385325648  0.000000000000000
 -0.031289900112663 -0.025640541881812  0.049772679446153 -0.129415563014664
 -0.083125631754817  0.012557489697182  0.000000000000000 -0.028666733961179
   13 Alpha Orbital Energy    -1.170215 Occupation  1.000000 Symmetry Ag      
  0.012410020411561 -0.040098198836841 -0.088685443830472 -0.043260066731969
  0.000000000000000 -0.031700355525097  0.083906179818728 -0.042726448817412
 -0.016002285604721  0.000000000000000 -0.037907700754653  0.101396719193753
  0.025760536470055  0.026496043560934  0.000000000000000  0.012410020411561
 -0.040098198836841  0.088685443830472  0.043260066731969  0.000000000000000
 -0.031700355525097  0.083906179818728  0.042726448817412  0.016002285604721
  0.000000000000000  0.010643486139055  0.017722544045851  0.010643486139055
  0.111158579877032 -0.279281831058653  0.072422955059842 -0.034888838551262
  0.000000000000000  0.128451528257698 -0.360629462429205 -0.076885360933561
  0.023602569400276  0.000000000000000 -0.072142419953968 -0.065494181352919
 -0.067681374707334  0.111158579877032 -0.279281831058653 -0.072422955059842
  0.034888838551262  0.000000000000000 -0.065494181352919  0.128451528257698
 -0.360629462429205  0.076885360933561 -0.023602569400276  0.000000000000000
 -0.072142419953968 -0.067681374707334 -0.037907700754653  0.101396719193753
 -0.025760536470055 -0.026496043560934  0.000000000000000  0.017722544045851
   14 Alpha Orbital Energy    -1.166027 Occupation  1.000000 Symmetry Bu      
  0.012224752241205 -0.034975977853226  0.078854411656376 -0.118402844482147
  0.000000000000000 -0.119258187196058  0.325906497078901 -0.058740474394674
 -0.043729737878103  0.000000000000000 -0.131384819770451  0.358807974768721
  0.047088818341847  0.034329410624694  0.000000000000000 -0.012224752241205
  0.034975977853226  0.078854411656376 -0.118402844482147  0.000000000000000
  0.119258187196058 -0.325906497078901 -0.058740474394674 -0.043729737878103
  0.000000000000000  0.079815051940966  0.086296652618900 -0.079815051940966
  0.004682399008065 -0.011274145916843  0.023842528127773 -0.011998944786231
  0.000000000000000  0.018035058929811 -0.050215454034510 -0.009325193028582
 -0.001407732382731  0.000000000000000 -0.012777498085464  0.004529916304053
 -0.008940736799867 -0.004682399008065  0.011274145916843  0.023842528127773
 -0.011998944786231  0.000000000000000 -0.004529916304053 -0.018035058929811
  0.050215454034510 -0.009325193028582 -0.001407732382731  0.000000000000000
  0.012777498085464  0.008940736799867  0.131384819770451 -0.358807974768721
  0.047088818341847  0.034329410624694  0.000000000000000 -0.086296652618900
   15 Alpha Orbital Energy    -1.130995 Occupation  1.000000 Symmetry Bu      
 -0.075715352734461  0.218244720225777 -0.060529245135269 -0.052839666004492
  0.000000000000000 -0.062293627481984  0.170886552489108  0.008079392384508
  0.056804517559082  0.000000000000000  0.025307979823282 -0.068700367999720
  0.081931829093818 -0.005527798488684  0.000000000000000  0.075715352734461
 -0.218244720225777 -0.060529245135269 -0.052839666004492  0.000000000000000
  0.062293627481984 -0.170886552489108  0.008079392384508  0.056804517559082
  0.000000000000000  0.039084380499328 -0.016346451109019 -0.039084380499328
 -0.072263747843872  0.183013348779359 -0.121440635232538  0.008973093539952
  0.000000000000000 -0.128386176832894  0.365300148610896  0.055718746510843
 -0.024561738753574  0.000000000000000  0.077018689525383  0.046118718206630
  0.078377699139628  0.072263747843872 -0.183013348779359 -0.121440635232538
  0.008973093539952  0.000000000000000 -0.046118718206630  0.128386176832894
 -0.365300148610896  0.055718746510843 -0.024561738753574  0.000000000000000
 -0.077018689525383 -0.078377699139628 -0.025307979823282  0.068700367999720
  0.081931829093818 -0.005527798488684  0.000000000000000  0.016346451109019
   16 Alpha Orbital Energy    -1.010878 Occupation  1.000000 Symmetry Ag      
 -0.081476966686054  0.253664004935539  0.023832142823877  0.154256706698983
  0.000000000000000  0.090625159382287 -0.264748488396596  0.014920503200206
  0.078944858810943  0.000000000000000  0.004384179018534 -0.012567022220088
 -0.185003753654336 -0.031217444699776  0.000000000000000 -0.081476966686054
  0.253664004935539 -0.023832142823877 -0.154256706698983  0.000000000000000
  0.090625159382287 -0.264748488396596 -0.014920503200206 -0.078944858810943
  0.000000000000000 -0.105105359356446  0.009347186423388 -0.105105359356446
 -0.043683000011799  0.125845112331135  0.139720935219377 -0.008932840780852
  0.000000000000000  0.072149910728282 -0.216227331591930  0.027197960429478
 -0.009538201732327  0.000000000000000 -0.071686201495704  0.060373255390100
 -0.067746129807448 -0.043683000011799  0.125845112331135 -0.139720935219377
  0.008932840780852  0.000000000000000  0.060373255390100  0.072149910728282
 -0.216227331591930 -0.027197960429478  0.009538201732327  0.000000000000000
 -0.071686201495704 -0.067746129807448  0.004384179018534 -0.012567022220088
  0.185003753654336  0.031217444699776  0.000000000000000  0.009347186423388
   17 Alpha Orbital Energy    -0.982086 Occupation  1.000000 Symmetry Ag      
 -0.052115248186562  0.163985828547172  0.143446676380814 -0.172352551369826
  0.000000000000000 -0.056233008237842  0.167332504464556  0.129928714704249
  0.150941108985660  0.000000000000000  0.112960449213369 -0.337422957208923
  0.014588679643722  0.068065882684030  0.000000000000000 -0.052115248186562
  0.163985828547172 -0.143446676380814  0.172352551369826  0.000000000000000
 -0.056233008237842  0.167332504464556 -0.129928714704249 -0.150941108985660
  0.000000000000000  0.076739753110552 -0.151481649396339  0.076739753110552
 -0.003379141539076  0.011014346579123  0.053324160060142  0.055072020428557
  0.000000000000000  0.037552293707272 -0.115530600788222  0.023927708364069
  0.022988419043464  0.000000000000000 -0.022321032004379 -0.025640858765401
 -0.048284282051330 -0.003379141539076  0.011014346579123 -0.053324160060142
 -0.055072020428557  0.000000000000000 -0.025640858765401  0.037552293707272
 -0.115530600788222 -0.023927708364069 -0.022988419043464  0.000000000000000
 -0.022321032004379 -0.048284282051330  0.112960449213369 -0.337422957208923
 -0.014588679643722 -0.068065882684030  0.000000000000000 -0.151481649396339
   18 Alpha Orbital Energy    -0.912066 Occupation  1.000000 Symmetry Bu      
 -0.001232212846423 -0.001448943717393 -0.150657539648010 -0.137080499957493
  0.000000000000000 -0.031465264715429  0.097217195943437  0.058703342292258
  0.070239233452535  0.000000000000000  0.048278962830711 -0.150310051878338
  0.002546714363892 -0.010212093750274  0.000000000000000  0.001232212846423
  0.001448943717393 -0.150657539648010 -0.137080499957493  0.000000000000000
  0.031465264715429 -0.097217195943437  0.058703342292258  0.070239233452535
  0.000000000000000  0.050864623567243 -0.045706207099195 -0.050864623567243
 -0.101035955697132  0.302280311925233  0.101264277320289 -0.067614184010446
  0.000000000000000  0.077234099761670 -0.248454737586163  0.124543547705287
 -0.068857423859950  0.000000000000000 -0.133828589522717  0.167664385310480
 -0.106702545343473  0.101035955697132 -0.302280311925233  0.101264277320289
 -0.067614184010446  0.000000000000000 -0.167664385310480 -0.077234099761670
  0.248454737586163  0.124543547705287 -0.068857423859950  0.000000000000000
  0.133828589522717  0.106702545343473 -0.048278962830711  0.150310051878338
  0.002546714363892 -0.010212093750274  0.000000000000000  0.045706207099195
   19 Alpha Orbital Energy    -0.900333 Occupation  1.000000 Symmetry Ag      
  0.036169381885854 -0.111680944584489  0.178747401185915  0.070933241295299
  0.000000000000000 -0.045824248612057  0.151238470067477  0.116603386707875
 -0.166848018482477  0.000000000000000 -0.014491269900809  0.052288789443616
  0.126484972789379 -0.156980343726066  0.000000000000000  0.036169381885854
 -0.111680944584489 -0.178747401185915 -0.070933241295299  0.000000000000000
 -0.045824248612057  0.151238470067477 -0.116603386707875  0.166848018482477
  0.000000000000000  0.161737116443051  0.114228607090801  0.161737116443051
 -0.061085316133210  0.182455873443589  0.059337553760139 -0.037164601717489
  0.000000000000000  0.053760681047218 -0.174240429054184  0.091583626492423
 -0.028199854297550  0.000000000000000 -0.078424757086037  0.104490456022192
 -0.083943471080016 -0.061085316133210  0.182455873443589 -0.059337553760139
  0.037164601717489  0.000000000000000  0.104490456022192  0.053760681047218
 -0.174240429054184 -0.091583626492423  0.028199854297550  0.000000000000000
 -0.078424757086037 -0.083943471080016 -0.014491269900809  0.052288789443616
 -0.126484972789379  0.156980343726066  0.000000000000000  0.114228607090801
   20 Alpha Orbital Energy    -0.820605 Occupation  1.000000 Symmetry Ag      
  0.033234960652625 -0.115743976415567 -0.078539636819789 -0.077897404683269
  0.000000000000000 -0.014961478652723  0.042367800141165 -0.162633394837492
  0.014432900959876  0.000000000000000  0.012193251818051 -0.047503177753511
  0.094244950469449  0.168669140147014  0.000000000000000  0.033234960652625
 -0.115743976415567  0.078539636819789  0.077897404683269  0.000000000000000
 -0.014961478652723  0.042367800141165  0.162633394837492 -0.014432900959876
  0.000000000000000 -0.088110577545379 -0.123217450392588 -0.088110577545379
 -0.058761273825478  0.184459005885173 -0.105382867625928 -0.163291509467327
  0.000000000000000  0.027112319802454 -0.099673605856897  0.110947582823207
 -0.192917071277111  0.000000000000000 -0.172988027218904  0.178198092878570
 -0.015250682351902 -0.058761273825478  0.184459005885173  0.105382867625928
  0.163291509467327  0.000000000000000  0.178198092878570  0.027112319802454
 -0.099673605856897 -0.110947582823207  0.192917071277111  0.000000000000000
 -0.172988027218904 -0.015250682351902  0.012193251818051 -0.047503177753511
 -0.094244950469449 -0.168669140147014  0.000000000000000 -0.123217450392588
   21 Alpha Orbital Energy    -0.807268 Occupation  1.000000 Symmetry Bu      
  0.023082953855046 -0.084365475033557 -0.210928540372516  0.152149146288478
  0.000000000000000 -0.036165395607319  0.119842926156449 -0.092228727560703
 -0.200681510921800  0.000000000000000  0.017627062231336 -0.060940554054135
  0.239267094885667  0.077777167516131  0.000000000000000 -0.023082953855046
  0.084365475033557 -0.210928540372516  0.152149146288478  0.000000000000000
  0.036165395607319 -0.119842926156449 -0.092228727560703 -0.200681510921800
  0.000000000000000  0.062344764489852 -0.079174379835375 -0.062344764489852
 -0.010023243159763  0.027969620437474  0.005309577857322  0.189257379036814
  0.000000000000000  0.013838756633234 -0.050781871549246  0.127703145022702
  0.104775528910786  0.000000000000000  0.029081972910866 -0.125221492913839
 -0.118099970068893  0.010023243159763 -0.027969620437474  0.005309577857322
  0.189257379036814  0.000000000000000  0.125221492913839 -0.013838756633234
  0.050781871549246  0.127703145022702  0.104775528910786  0.000000000000000
 -0.029081972910866  0.118099970068893 -0.017627062231336  0.060940554054135
  0.239267094885667  0.077777167516131  0.000000000000000  0.079174379835375
   22 Alpha Orbital Energy    -0.777895 Occupation  1.000000 Symmetry Bu      
  0.063878053472926 -0.227449733296074  0.088643713358790 -0.068545345524045
  0.000000000000000 -0.048376030678807  0.170598396634452  0.220461169720857
 -0.050075014247808  0.000000000000000  0.050366600982200 -0.176701512628780
 -0.132553127309124  0.211778088093986  0.000000000000000 -0.063878053472926
  0.227449733296074  0.088643713358790 -0.068545345524045  0.000000000000000
  0.048376030678807 -0.170598396634452  0.220461169720857 -0.050075014247808
  0.000000000000000  0.233774350804807 -0.237104541473513 -0.233774350804807
  0.016898546595933 -0.050584744710557  0.072575406695270  0.033025291013651
  0.000000000000000 -0.016424498610626  0.061904019749419 -0.101043974971128
  0.024840910135783  0.000000000000000  0.041324332878496 -0.050928847502950
  0.063233682945464 -0.016898546595933  0.050584744710557  0.072575406695270
  0.033025291013651  0.000000000000000  0.050928847502950  0.016424498610626
 -0.061904019749419 -0.101043974971128  0.024840910135783  0.000000000000000
 -0.041324332878496 -0.063233682945464 -0.050366600982200  0.176701512628780
 -0.132553127309124  0.211778088093986  0.000000000000000  0.237104541473513
   23 Alpha Orbital Energy    -0.759474 Occupation  1.000000 Symmetry Bu      
 -0.005228251397869  0.015701774732601 -0.086655456025636 -0.266801008162496
  0.000000000000000 -0.015859794341523  0.048544069395126 -0.100588238312355
  0.237552077116586  0.000000000000000  0.001163416700344 -0.002685229540389
 -0.078669015537838  0.029965333837034  0.000000000000000  0.005228251397869
 -0.015701774732601 -0.086655456025636 -0.266801008162496  0.000000000000000
  0.015859794341523 -0.048544069395126 -0.100588238312355  0.237552077116586
  0.000000000000000 -0.146408366489459 -0.029384343148003  0.146408366489459
  0.004975498542161 -0.014736098474467  0.153051484945583  0.117540376511124
  0.000000000000000 -0.002657374994847  0.017622051931250 -0.022603607270868
  0.248113850859403  0.000000000000000  0.183727405743033 -0.078265127894692
 -0.085198725167984 -0.004975498542161  0.014736098474467  0.153051484945583
  0.117540376511124  0.000000000000000  0.078265127894692  0.002657374994847
 -0.017622051931250 -0.022603607270868  0.248113850859403  0.000000000000000
 -0.183727405743033  0.085198725167984 -0.001163416700344  0.002685229540389
 -0.078669015537838  0.029965333837034  0.000000000000000  0.029384343148003
   24 Alpha Orbital Energy    -0.735553 Occupation  1.000000 Symmetry Ag      
  0.014874464150934 -0.050464192515116  0.032449408622785 -0.007483858334868
  0.000000000000000  0.016920822228253 -0.063465759547727 -0.141810199010497
 -0.012392092387572  0.000000000000000 -0.021198973756652  0.072870944908230
  0.081432067294262  0.027361620469363  0.000000000000000  0.014874464150934
 -0.050464192515116 -0.032449408622785  0.007483858334868  0.000000000000000
  0.016920822228253 -0.063465759547727  0.141810199010497  0.012392092387572
  0.000000000000000 -0.112771716575963  0.008641415770509 -0.112771716575963
 -0.024260493271799  0.068421953182676 -0.133061288251156  0.218574141563954
  0.000000000000000  0.004022314770035 -0.027011705402626  0.322379719645174
  0.140365934552642  0.000000000000000  0.030772043037737 -0.155619145360046
 -0.245745204619410 -0.024260493271799  0.068421953182676  0.133061288251156
 -0.218574141563954  0.000000000000000 -0.155619145360046  0.004022314770035
 -0.027011705402626 -0.322379719645174 -0.140365934552642  0.000000000000000
  0.030772043037737 -0.245745204619410 -0.021198973756652  0.072870944908230
 -0.081432067294262 -0.027361620469363  0.000000000000000  0.008641415770509
   25 Alpha Orbital Energy    -0.735038 Occupation  1.000000 Symmetry Bu      
  0.000642301284690 -0.003312331704171 -0.128371436837231  0.002718665193401
  0.000000000000000  0.009505288463089 -0.027664145988592  0.273370701673300
 -0.057521268074522  0.000000000000000  0.021290406724556 -0.065234220870299
 -0.039891368752235 -0.341274049740295  0.000000000000000 -0.000642301284690
  0.003312331704171 -0.128371436837231  0.002718665193401  0.000000000000000
 -0.009505288463089  0.027664145988592  0.273370701673300 -0.057521268074522
  0.000000000000000  0.194710162874318  0.237160452437472 -0.194710162874318
  0.006829131516021 -0.020348509861862  0.087363610230685  0.059957482297744
  0.000000000000000 -0.006147292629145  0.026286847876430 -0.045704467075652
  0.112675662816363  0.000000000000000  0.086179569191020 -0.037749713908083
 -0.013996743217392 -0.006829131516021  0.020348509861862  0.087363610230685
  0.059957482297744  0.000000000000000  0.037749713908083  0.006147292629145
 -0.026286847876430 -0.045704467075652  0.112675662816363  0.000000000000000
 -0.086179569191020  0.013996743217392 -0.021290406724556  0.065234220870299
 -0.039891368752235 -0.341274049740295  0.000000000000000 -0.237160452437472
   26 Alpha Orbital Energy    -0.697485 Occupation  1.000000 Symmetry Bu      
  0.009738767927633 -0.037105714045694 -0.201206515186455  0.038723737942286
  0.000000000000000 -0.007865295483875  0.023845088866789 -0.125741918174501
 -0.085549401842890  0.000000000000000  0.015300831045081 -0.055411615274827
  0.179039477398005  0.005967944380656  0.000000000000000 -0.009738767927633
  0.037105714045694 -0.201206515186455  0.038723737942286  0.000000000000000
  0.007865295483875 -0.023845088866789 -0.125741918174501 -0.085549401842890
  0.000000000000000 -0.038689323568156 -0.020669200360194  0.038689323568156
  0.007622018877255 -0.009942966091534  0.255810460674525 -0.142369240541380
  0.000000000000000  0.008289772432023 -0.012600801097197 -0.337742337478930
 -0.006247094944531  0.000000000000000  0.051419748908169  0.145806548856147
  0.193846468311348 -0.007622018877255  0.009942966091534  0.255810460674525
 -0.142369240541380  0.000000000000000 -0.145806548856147 -0.008289772432023
  0.012600801097197 -0.337742337478930 -0.006247094944531  0.000000000000000
 -0.051419748908169 -0.193846468311348 -0.015300831045081  0.055411615274827
  0.179039477398005  0.005967944380656  0.000000000000000  0.020669200360194
   27 Alpha Orbital Energy    -0.694760 Occupation  1.000000 Symmetry Au      
  0.000000000000000  0.000000000000000  0.000000000000000  0.000000000000000
  0.392640080674691  0.000000000000000  0.000000000000000  0.000000000000000
  0.000000000000000  0.284737212882022  0.000000000000000  0.000000000000000
  0.000000000000000  0.000000000000000  0.285284261130282  0.000000000000000
  0.000000000000000  0.000000000000000  0.000000000000000  0.392640080674691
  0.000000000000000  0.000000000000000  0.000000000000000  0.000000000000000
  0.284737212882022  0.000000000000000  0.000000000000000  0.000000000000000
  0.000000000000000  0.000000000000000  0.000000000000000  0.000000000000000
  0.100993931578125  0.000000000000000  0.000000000000000  0.000000000000000
  0.000000000000000  0.087828366642313  0.000000000000000  0.000000000000000
  0.000000000000000  0.000000000000000  0.000000000000000  0.000000000000000
  0.000000000000000  0.100993931578125  0.000000000000000  0.000000000000000
  0.000000000000000  0.000000000000000  0.000000000000000  0.087828366642313
  0.000000000000000  0.000000000000000  0.000000000000000  0.000000000000000
  0.000000000000000  0.000000000000000  0.285284261130282  0.000000000000000
   28 Alpha Orbital Energy    -0.680369 Occupation  1.000000 Symmetry Ag      
  0.015957617475789 -0.058003188241029  0.008594187349838  0.155401977611941
  0.000000000000000 -0.008015941520149  0.029564323054731 -0.105570523269635
 -0.162485112117947  0.000000000000000  0.006884087144385 -0.033272051475025
  0.085915762630671  0.217324870306256  0.000000000000000  0.015957617475789
 -0.058003188241029 -0.008594187349838 -0.155401977611941  0.000000000000000
 -0.008015941520149  0.029564323054731  0.105570523269635  0.162485112117947
  0.000000000000000  0.023941052143114 -0.197333273407944  0.023941052143114
 -0.018536223145768  0.074255805245155  0.184097125688380 -0.106052897059599
  0.000000000000000  0.007877865853345 -0.017896532144450 -0.081115308567492
  0.277558177345726  0.000000000000000  0.225806783105010  0.150774540898626
 -0.094396687343080 -0.018536223145768  0.074255805245155 -0.184097125688380
  0.106052897059599  0.000000000000000  0.150774540898626  0.007877865853345
 -0.017896532144450  0.081115308567492 -0.277558177345726  0.000000000000000
  0.225806783105010 -0.094396687343080  0.006884087144385 -0.033272051475025
 -0.085915762630671 -0.217324870306256  0.000000000000000 -0.197333273407944
   29 Alpha Orbital Energy    -0.636510 Occupation  1.000000 Symmetry Ag      
 -0.001964097077340  0.011953856910585  0.273620094164638 -0.163766455628521
  0.000000000000000 -0.004310290534262  0.006355753652040 -0.238985245813173
  0.144084255114988  0.000000000000000  0.002049894467952 -0.002067314716817
  0.263466683584475 -0.136980469742229  0.000000000000000 -0.001964097077340
  0.011953856910585 -0.273620094164638  0.163766455628521  0.000000000000000
 -0.004310290534262  0.006355753652040  0.238985245813173 -0.144084255114988
  0.000000000000000 -0.272645265156569  0.142017487240705 -0.272645265156569
 -0.007617620306461  0.035822630394813  0.161141264413558  0.001336051692861
  0.000000000000000  0.006353376476791 -0.015608415805474 -0.151724296661317
  0.037789974170232  0.000000000000000  0.033947631185616  0.045651794953835
  0.072593161864396 -0.007617620306461  0.035822630394813 -0.161141264413558
 -0.001336051692861  0.000000000000000  0.045651794953835  0.006353376476791
 -0.015608415805474  0.151724296661317 -0.037789974170232  0.000000000000000
  0.033947631185616  0.072593161864396  0.002049894467952 -0.002067314716817
 -0.263466683584475  0.136980469742229  0.000000000000000  0.142017487240705
   30 Alpha Orbital Energy    -0.632423 Occupation  1.000000 Symmetry Bu      
  0.017274944089484 -0.073952227601610 -0.169145251086850 -0.150978367552434
  0.000000000000000 -0.009934155704213  0.035092395800526 -0.030556521884932
  0.105765763413447  0.000000000000000  0.004311093597879 -0.012875571917680
 -0.017990452963506 -0.057271630810573  0.000000000000000 -0.017274944089484
  0.073952227601610 -0.169145251086850 -0.150978367552434  0.000000000000000
  0.009934155704213 -0.035092395800526 -0.030556521884932  0.105765763413447
  0.000000000000000 -0.033718431044245  0.031200783775047  0.033718431044245
  0.006799694748902 -0.031366999460029  0.026387854007398  0.255443118346794
  0.000000000000000 -0.006937477100978  0.025825712787160 -0.051596283257211
 -0.292414754845557  0.000000000000000 -0.238854780374162 -0.269989755135477
  0.202431516354658 -0.006799694748902  0.031366999460029  0.026387854007398
  0.255443118346794  0.000000000000000  0.269989755135477  0.006937477100978
 -0.025825712787160 -0.051596283257211 -0.292414754845557  0.000000000000000
  0.238854780374162 -0.202431516354658 -0.004311093597879  0.012875571917680
 -0.017990452963506 -0.057271630810573  0.000000000000000 -0.031200783775047
   31 Alpha Orbital Energy    -0.616321 Occupation  1.000000 Symmetry Ag      
  0.016867253595668 -0.076956593729051 -0.158523307784877 -0.234840875583015
  0.000000000000000 -0.001157488527405  0.003337068570807  0.092207286812785
  0.211524151604921  0.000000000000000  0.005706003978964 -0.016253378637549
 -0.106633115434577 -0.157766514219233  0.000000000000000  0.016867253595668
 -0.076956593729051  0.158523307784877  0.234840875583015  0.000000000000000
 -0.001157488527405  0.003337068570807 -0.092207286812785 -0.211524151604921
  0.000000000000000 -0.003534030768043  0.164285784914723 -0.003534030768043
  0.006980315917337 -0.021637383422697 -0.103470859394022 -0.233765010709972
  0.000000000000000  0.003696310154866 -0.017616215088675  0.074441246905291
  0.199208502507350  0.000000000000000  0.167992526005410  0.227150456074477
 -0.168862456302532  0.006980315917337 -0.021637383422697  0.103470859394022
  0.233765010709972  0.000000000000000  0.227150456074477  0.003696310154866
 -0.017616215088675 -0.074441246905291 -0.199208502507350  0.000000000000000
  0.167992526005410 -0.168862456302532  0.005706003978964 -0.016253378637549
  0.106633115434577  0.157766514219233  0.000000000000000  0.164285784914723
   32 Alpha Orbital Energy    -0.596625 Occupation  1.000000 Symmetry Bg      
  0.000000000000000  0.000000000000000  0.000000000000000  0.000000000000000
  0.425551095717038  0.000000000000000  0.000000000000000  0.000000000000000
  0.000000000000000  0.148021210826996  0.000000000000000  0.000000000000000
  0.000000000000000  0.000000000000000 -0.147396914503059  0.000000000000000
  0.000000000000000  0.000000000000000  0.000000000000000 -0.425551095717038
  0.000000000000000  0.000000000000000  0.000000000000000  0.000000000000000
 -0.148021210826996  0.000000000000000  0.000000000000000  0.000000000000000
  0.000000000000000  0.000000000000000  0.000000000000000  0.000000000000000
 -0.236259981833226  0.000000000000000  0.000000000000000  0.000000000000000
  0.000000000000000 -0.322394315298896  0.000000000000000  0.000000000000000
  0.000000000000000  0.000000000000000  0.000000000000000  0.000000000000000
  0.000000000000000  0.236259981833226  0.000000000000000  0.000000000000000
  0.000000000000000  0.000000000000000  0.000000000000000  0.322394315298896
  0.000000000000000  0.000000000000000  0.000000000000000  0.000000000000000
  0.000000000000000  0.000000000000000  0.147396914503059  0.000000000000000
   33 Alpha Orbital Energy    -0.531853 Occupation  1.000000 Symmetry Au      
  0.000000000000000  0.000000000000000  0.000000000000000  0.000000000000000
 -0.047458742930239  0.000000000000000  0.000000000000000  0.000000000000000
  0.000000000000000 -0.109143386270546  0.000000000000000  0.000000000000000
  0.000000000000000  0.000000000000000 -0.110626978100285  0.000000000000000
  0.000000000000000  0.000000000000000  0.000000000000000 -0.047458742930239
  0.000000000000000  0.000000000000000  0.000000000000000  0.000000000000000
 -0.109143386270546  0.000000000000000  0.000000000000000  0.000000000000000
  0.000000000000000  0.000000000000000  0.000000000000000  0.000000000000000
  0.273935482985901  0.000000000000000  0.000000000000000  0.000000000000000
  0.000000000000000  0.568482784514043  0.000000000000000  0.000000000000000
  0.000000000000000  0.000000000000000  0.000000000000000  0.000000000000000
  0.000000000000000  0.273935482985901  0.000000000000000  0.000000000000000
  0.000000000000000  0.000000000000000  0.000000000000000  0.568482784514043
  0.000000000000000  0.000000000000000  0.000000000000000  0.000000000000000
  0.000000000000000  0.000000000000000 -0.110626978100285  0.000000000000000
   34 Alpha Orbital Energy    -0.491176 Occupation  1.000000 Symmetry Bg      
  0.000000000000000  0.000000000000000  0.000000000000000  0.000000000000000
  0.368942225602231  0.000000000000000  0.000000000000000  0.000000000000000
  0.000000000000000  0.151311803735235  0.000000000000000  0.000000000000000
  0.000000000000000  0.000000000000000 -0.168162268594271  0.000000000000000
  0.000000000000000  0.000000000000000  0.000000000000000 -0.368942225602231
  0.000000000000000  0.000000000000000  0.000000000000000  0.000000000000000
 -0.151311803735235  0.000000000000000  0.000000000000000  0.000000000000000
  0.000000000000000  0.000000000000000  0.000000000000000  0.000000000000000
  0.166746705783553  0.000000000000000  0.000000000000000  0.000000000000000
  0.000000000000000  0.495959263303060  0.000000000000000  0.000000000000000
  0.000000000000000  0.000000000000000  0.000000000000000  0.000000000000000
  0.000000000000000 -0.166746705783553  0.000000000000000  0.000000000000000
  0.000000000000000  0.000000000000000  0.000000000000000 -0.495959263303060
  0.000000000000000  0.000000000000000  0.000000000000000  0.000000000000000
  0.000000000000000  0.000000000000000  0.168162268594271  0.000000000000000
   35 Alpha Orbital Energy    -0.479232 Occupation  1.000000 Symmetry Bg      
  0.000000000000000  0.000000000000000  0.000000000000000  0.000000000000000
  0.007125526316422  0.000000000000000  0.000000000000000  0.000000000000000
  0.000000000000000  0.463330407983527  0.000000000000000  0.000000000000000
  0.000000000000000  0.000000000000000  0.457880610909051  0.000000000000000
  0.000000000000000  0.000000000000000  0.000000000000000 -0.007125526316422
  0.000000000000000  0.000000000000000  0.000000000000000  0.000000000000000
 -0.463330407983527  0.000000000000000  0.000000000000000  0.000000000000000
  0.000000000000000  0.000000000000000  0.000000000000000  0.000000000000000
  0.005687090188701  0.000000000000000  0.000000000000000  0.000000000000000
  0.000000000000000  0.009060632869374  0.000000000000000  0.000000000000000
  0.000000000000000  0.000000000000000  0.000000000000000  0.000000000000000
  0.000000000000000 -0.005687090188701  0.000000000000000  0.000000000000000
  0.000000000000000  0.000000000000000  0.000000000000000 -0.009060632869374
  0.000000000000000  0.000000000000000  0.000000000000000  0.000000000000000
  0.000000000000000  0.000000000000000 -0.457880610909051  0.000000000000000
   36 Alpha Orbital Energy    -0.047523 Occupation  0.000000 Symmetry Au      
  0.000000000000000  0.000000000000000  0.000000000000000  0.000000000000000
  0.512437304574340  0.000000000000000  0.000000000000000  0.000000000000000
  0.000000000000000 -0.333616545447369  0.000000000000000  0.000000000000000
  0.000000000000000  0.000000000000000 -0.324144748938596  0.000000000000000
  0.000000000000000  0.000000000000000  0.000000000000000  0.512437304574340
  0.000000000000000  0.000000000000000  0.000000000000000  0.000000000000000
 -0.333616545447369  0.000000000000000  0.000000000000000  0.000000000000000
  0.000000000000000  0.000000000000000  0.000000000000000  0.000000000000000
  0.223376148530339  0.000000000000000  0.000000000000000  0.000000000000000
  0.000000000000000 -0.255401261442186  0.000000000000000  0.000000000000000
  0.000000000000000  0.000000000000000  0.000000000000000  0.000000000000000
  0.000000000000000  0.223376148530339  0.000000000000000  0.000000000000000
  0.000000000000000  0.000000000000000  0.000000000000000 -0.255401261442186
  0.000000000000000  0.000000000000000  0.000000000000000  0.000000000000000
  0.000000000000000  0.000000000000000 -0.324144748938596  0.000000000000000
   37 Alpha Orbital Energy     0.062156 Occupation  0.000000 Symmetry Au      
  0.000000000000000  0.000000000000000  0.000000000000000  0.000000000000000
 -0.012855729975331  0.000000000000000  0.000000000000000  0.000000000000000
  0.000000000000000 -0.563125879723245  0.000000000000000  0.000000000000000
  0.000000000000000  0.000000000000000  0.573974487382402  0.000000000000000
  0.000000000000000  0.000000000000000  0.000000000000000 -0.012855729975331
  0.000000000000000  0.000000000000000  0.000000000000000  0.000000000000000
 -0.563125879723245  0.000000000000000  0.000000000000000  0.000000000000000
  0.000000000000000  0.000000000000000  0.000000000000000  0.000000000000000
  0.011505155792431  0.000000000000000  0.000000000000000  0.000000000000000
  0.000000000000000 -0.002917878676804  0.000000000000000  0.000000000000000
  0.000000000000000  0.000000000000000  0.000000000000000  0.000000000000000
  0.000000000000000  0.011505155792431  0.000000000000000  0.000000000000000
  0.000000000000000  0.000000000000000  0.000000000000000 -0.002917878676804
  0.000000000000000  0.000000000000000  0.000000000000000  0.000000000000000
  0.000000000000000  0.000000000000000  0.573974487382402  0.000000000000000
   38 Alpha Orbital Energy     0.131686 Occupation  0.000000 Symmetry Bg      
  0.000000000000000  0.000000000000000  0.000000000000000  0.000000000000000
  0.080949795944988  0.000000000000000  0.000000000000000  0.000000000000000
  0.000000000000000 -0.291813558557308  0.000000000000000  0.000000000000000
  0.000000000000000  0.000000000000000  0.296421776014965  0.000000000000000
  0.000000000000000  0.000000000000000  0.000000000000000 -0.080949795944988
  0.000000000000000  0.000000000000000  0.000000000000000  0.000000000000000
  0.291813558557308  0.000000000000000  0.000000000000000  0.000000000000000
  0.000000000000000  0.000000000000000  0.000000000000000  0.000000000000000
 -0.569265041502467  0.000000000000000  0.000000000000000  0.000000000000000
  0.000000000000000  0.382669720238887  0.000000000000000  0.000000000000000
  0.000000000000000  0.000000000000000  0.000000000000000  0.000000000000000
  0.000000000000000  0.569265041502467  0.000000000000000  0.000000000000000
  0.000000000000000  0.000000000000000  0.000000000000000 -0.382669720238887
  0.000000000000000  0.000000000000000  0.000000000000000  0.000000000000000
  0.000000000000000  0.000000000000000 -0.296421776014965  0.000000000000000
   39 Alpha Orbital Energy     0.208863 Occupation  0.000000 Symmetry Au      
  0.000000000000000  0.000000000000000  0.000000000000000  0.000000000000000
 -0.373362238661941  0.000000000000000  0.000000000000000  0.000000000000000
  0.000000000000000  0.144914324945083  0.000000000000000  0.000000000000000
  0.000000000000000  0.000000000000000  0.118336599326971  0.000000000000000
  0.000000000000000  0.000000000000000  0.000000000000000 -0.373362238661941
  0.000000000000000  0.000000000000000  0.000000000000000  0.000000000000000
  0.144914324945083  0.000000000000000  0.000000000000000  0.000000000000000
  0.000000000000000  0.000000000000000  0.000000000000000  0.000000000000000
  0.641731601594005  0.000000000000000  0.000000000000000  0.000000000000000
  0.000000000000000 -0.365438013429818  0.000000000000000  0.000000000000000
  0.000000000000000  0.000000000000000  0.000000000000000  0.000000000000000
  0.000000000000000  0.641731601594005  0.000000000000000  0.000000000000000
  0.000000000000000  0.000000000000000  0.000000000000000 -0.365438013429818
  0.000000000000000  0.000000000000000  0.000000000000000  0.000000000000000
  0.000000000000000  0.000000000000000  0.118336599326971  0.000000000000000
   40 Alpha Orbital Energy     0.297319 Occupation  0.000000 Symmetry Bg      
  0.000000000000000  0.000000000000000  0.000000000000000  0.000000000000000
 -0.494112705616680  0.000000000000000  0.000000000000000  0.000000000000000
  0.000000000000000  0.455423963400441  0.000000000000000  0.000000000000000
  0.000000000000000  0.000000000000000 -0.452154575465991  0.000000000000000
  0.000000000000000  0.000000000000000  0.000000000000000  0.494112705616680
  0.000000000000000  0.000000000000000  0.000000000000000  0.000000000000000
 -0.455423963400441  0.000000000000000  0.000000000000000  0.000000000000000
  0.000000000000000  0.000000000000000  0.000000000000000  0.000000000000000
 -0.373512546679673  0.000000000000000  0.000000000000000  0.000000000000000
  0.000000000000000  0.182313666894899  0.000000000000000  0.000000000000000
  0.000000000000000  0.000000000000000  0.000000000000000  0.000000000000000
  0.000000000000000  0.373512546679673  0.000000000000000  0.000000000000000
  0.000000000000000  0.000000000000000  0.000000000000000 -0.182313666894899
  0.000000000000000  0.000000000000000  0.000000000000000  0.000000000000000
  0.000000000000000  0.000000000000000  0.452154575465991  0.000000000000000
   41 Alpha Orbital Energy     0.369573 Occupation  0.000000 Symmetry Ag      
  0.069405197152465 -0.425413623428213 -0.210484244212114 -0.181415476764164
  0.000000000000000  0.046050441773886 -0.284656227837620 -0.196327173414987
  0.162620587454407  0.000000000000000  0.026618282641381 -0.166318127117922
 -0.068108431304566  0.313754270409146  0.000000000000000  0.069405197152465
 -0.425413623428213  0.210484244212114  0.181415476764164  0.000000000000000
  0.046050441773886 -0.284656227837620  0.196327173414987 -0.162620587454407
  0.000000000000000  0.441340896412624  0.426872741319387  0.441340896412624
 -0.059092114997446  0.338511607931318  0.243286105107672  0.336611484630562
  0.000000000000000  0.036987837571913 -0.218006596697199  0.046697313871172
  0.153991912500848  0.000000000000000 -0.098564642209976  0.090781914113010
  0.315259099254064 -0.059092114997446  0.338511607931318 -0.243286105107672
 -0.336611484630562  0.000000000000000  0.090781914113010  0.036987837571913
 -0.218006596697199 -0.046697313871172 -0.153991912500848  0.000000000000000
 -0.098564642209976  0.315259099254064  0.026618282641381 -0.166318127117922
  0.068108431304566 -0.313754270409145  0.000000000000000  0.426872741319386
   42 Alpha Orbital Energy     0.380851 Occupation  0.000000 Symmetry Bu      
  0.032906982392276 -0.199747858949965  0.026527088486223 -0.370544802985528
  0.000000000000000 -0.015723517247122  0.095300904814381  0.109287065858110
 -0.322529717211225  0.000000000000000  0.008697027349354 -0.050647642019219
  0.154225792754628 -0.374471218848499  0.000000000000000 -0.032906982392276
  0.199747858949965  0.026527088486223 -0.370544802985528  0.000000000000000
  0.015723517247122 -0.095300904814381  0.109287065858110 -0.322529717211225
  0.000000000000000 -0.315939829249598 -0.363104804008491  0.315939829249598
  0.002757474546289 -0.018122432373406 -0.073669385414660 -0.361520625483654
  0.000000000000000 -0.005066479324348  0.034355020825035  0.001658262407288
 -0.295307234151635  0.000000000000000  0.282917066852884 -0.358202708174832
 -0.240979761579806 -0.002757474546289  0.018122432373406 -0.073669385414660
 -0.361520625483654  0.000000000000000  0.358202708174832  0.005066479324348
 -0.034355020825035  0.001658262407288 -0.295307234151635  0.000000000000000
 -0.282917066852884  0.240979761579806 -0.008697027349354  0.050647642019219
  0.154225792754628 -0.374471218848499  0.000000000000000  0.363104804008491
   43 Alpha Orbital Energy     0.420313 Occupation  0.000000 Symmetry Bu      
  0.055409097727628 -0.331587992732638 -0.479860507349478 -0.068999307174312
  0.000000000000000 -0.008193177053463  0.048624866330723 -0.398450172500834
  0.110253876893594  0.000000000000000  0.021041606438290 -0.130926912607910
 -0.302491788462576  0.006606166186554  0.000000000000000 -0.055409097727628
  0.331587992732638 -0.479860507349478 -0.068999307174312  0.000000000000000
  0.008193177053463 -0.048624866330723 -0.398450172500834  0.110253876893594
  0.000000000000000  0.397440159395634  0.078336680534136 -0.397440159395634
  0.092770883729207 -0.543508509959141 -0.319573508478393 -0.217587369818551
  0.000000000000000 -0.035921117577004  0.210585309531482 -0.054259518338444
 -0.158565742050940  0.000000000000000  0.079689440255439  0.129345148839350
 -0.302654897486479 -0.092770883729207  0.543508509959141 -0.319573508478393
 -0.217587369818551  0.000000000000000 -0.129345148839350  0.035921117577004
 -0.210585309531482 -0.054259518338444 -0.158565742050940  0.000000000000000
 -0.079689440255439  0.302654897486479 -0.021041606438290  0.130926912607910
 -0.302491788462576  0.006606166186554  0.000000000000000 -0.078336680534136
   44 Alpha Orbital Energy     0.435794 Occupation  0.000000 Symmetry Ag      
 -0.068063461503284  0.426639744615284 -0.168368728799081  0.096108574903937
  0.000000000000000  0.025222590580491 -0.162665941805306 -0.298443432462011
 -0.041505989454166  0.000000000000000  0.096853423818835 -0.608618460553242
  0.201885550803446 -0.002515208454748  0.000000000000000 -0.068063461503284
  0.426639744615284  0.168368728799081 -0.096108574903937  0.000000000000000
  0.025222590580491 -0.162665941805306  0.298443432462011  0.041505989454166
  0.000000000000000  0.292002351584407  0.343257407536687  0.292002351584407
 -0.029979629690221  0.181356665956571  0.001156088612180 -0.318475533597957
  0.000000000000000  0.004008375860198 -0.019597160976394 -0.070014561489523
 -0.335391819470891  0.000000000000000  0.333542912675101 -0.441543583762646
 -0.271892496433981 -0.029979629690221  0.181356665956571 -0.001156088612180
  0.318475533597957  0.000000000000000 -0.441543583762646  0.004008375860198
 -0.019597160976394  0.070014561489523  0.335391819470891  0.000000000000000
  0.333542912675101 -0.271892496433981  0.096853423818835 -0.608618460553242
 -0.201885550803446  0.002515208454748  0.000000000000000  0.343257407536687
   45 Alpha Orbital Energy     0.454600 Occupation  0.000000 Symmetry Ag      
 -0.075040007015008  0.471725628747577  0.210546173342732 -0.303922811822156
  0.000000000000000  0.133099091481562 -0.835077516772148  0.062392607578585
 -0.137187966084958  0.000000000000000 -0.069804014407045  0.435718960903307
  0.242042580897891  0.079507145005320  0.000000000000000 -0.075040007015008
  0.471725628747577 -0.210546173342732  0.303922811822156  0.000000000000000
  0.133099091481562 -0.835077516772148 -0.062392607578585  0.137187966084958
  0.000000000000000  0.282882440936118 -0.170907454946780  0.282882440936118
  0.032509994623224 -0.193858194481366 -0.275746048799779  0.060099446358980
  0.000000000000000  0.069391971360166 -0.451597997712270  0.058996955167596
 -0.126611219106096  0.000000000000000  0.344041361902401  0.225021350881091
  0.197186438306527  0.032509994623224 -0.193858194481366  0.275746048799779
 -0.060099446358980  0.000000000000000  0.225021350881091  0.069391971360166
 -0.451597997712270 -0.058996955167596  0.126611219106096  0.000000000000000
  0.344041361902401  0.197186438306527 -0.069804014407045  0.435718960903307
 -0.242042580897891 -0.079507145005320  0.000000000000000 -0.170907454946780
Beta Molecular Orbitals
    1 Beta Orbital Energy   -11.296045 Occupation  1.000000 Symmetry Bu      
  0.701791559089112  0.024386538178638 -0.000804097654795 -0.000377439272827
  0.000000000000000  0.000912646576375 -0.004865078400565  0.000096324998998
 -0.003005616449404  0.000000000000000 -0.000900227938785  0.004890657972655
 -0.002627808323168  0.001497324339657  0.000000000000000 -0.701791559089112
 -0.024386538178638 -0.000804097654795 -0.000377439272827  0.000000000000000
 -0.000912646576375  0.004865078400565  0.000096324998998 -0.003005616449404
  0.000000000000000  0.000090249008036 -0.000096466907664 -0.000090249008036
  0.000373537934605  0.003941461208164  0.002300992849584  0.001545595272690
  0.000000000000000  0.000016519381207 -0.000136405141584 -0.000039073825665
 -0.000073591070218  0.000000000000000  0.000101070502652 -0.000021582861753
  0.000022332261844 -0.000373537934605 -0.003941461208164  0.002300992849584
  0.001545595272690  0.000000000000000  0.000021582861753 -0.000016519381207
  0.000136405141584 -0.000039073825665 -0.000073591070218  0.000000000000000
 -0.000101070502652 -0.000022332261844  0.000900227938785 -0.004890657972655
 -0.002627808323168  0.001497324339657  0.000000000000000  0.000096466907664
    2 Beta Orbital Energy   -11.296006 Occupation  1.000000 Symmetry Ag      
  0.701820144231902  0.024288168322891 -0.000623139562390 -0.000261385980802
  0.000000000000000  0.000345200121179 -0.004539157877760  0.000017478932884
 -0.003053293618311  0.000000000000000  0.000264566303392 -0.004585106528503
  0.002711039841379 -0.001477037672461  0.000000000000000  0.701820144231902
  0.024288168322891  0.000623139562390  0.000261385980802  0.000000000000000
  0.000345200121179 -0.004539157877760 -0.000017478932884  0.003053293618311
  0.000000000000000 -0.000002168705279  0.000000417120212 -0.000002168705279
 -0.000436024866267 -0.003997154444297 -0.002334173437852 -0.001566586773430
  0.000000000000000 -0.000020868121948  0.000135384812813  0.000041706434560
  0.000075250642942  0.000000000000000 -0.000096207059928  0.000027105299937
 -0.000021602400628 -0.000436024866267 -0.003997154444297  0.002334173437852
  0.001566586773430  0.000000000000000  0.000027105299937 -0.000020868121948
  0.000135384812813 -0.000041706434560 -0.000075250642942  0.000000000000000
 -0.000096207059928 -0.000021602400628  0.000264566303392 -0.004585106528503
 -0.002711039841379  0.001477037672461  0.000000000000000  0.000000417120212
    3 Beta Orbital Energy   -11.263652 Occupation  1.000000 Symmetry Bu      
  0.000067312032334  0.001195041136273 -0.002239925648245  0.002923397233701
  0.000000000000000  0.405258962212069  0.010499846050367  0.001649008334432
  0.001525887397407  0.000000000000000  0.573030220688369  0.017738553585292
 -0.001523420836620 -0.000086201507393  0.000000000000000 -0.000067312032334
 -0.001195041136273 -0.002239925648245  0.002923397233701  0.000000000000000
 -0.405258962212069 -0.010499846050367  0.001649008334432  0.001525887397407
  0.000000000000000 -0.002569516197178 -0.003682104390471  0.002569516197178
 -0.000159747657256  0.000049244537853 -0.000035789529425  0.000039418593699
  0.000000000000000  0.000058725165169 -0.000016558662593 -0.000008681220160
  0.000030134743843  0.000000000000000 -0.000048308679646 -0.000026201439778
  0.000010529122259  0.000159747657256 -0.000049244537853 -0.000035789529425
  0.000039418593699  0.000000000000000  0.000026201439778 -0.000058725165169
  0.000016558662593 -0.000008681220160  0.000030134743843  0.000000000000000
  0.000048308679646 -0.000010529122259 -0.573030220688369 -0.017738553585292
 -0.001523420836620 -0.000086201507393  0.000000000000000  0.003682104390471
    4 Beta Orbital Energy   -11.263537 Occupation  1.000000 Symmetry Ag      
 -0.000475900000988  0.006454527563418 -0.002477168700171 -0.000426223365026
  0.000000000000000 -0.361851965075952 -0.008922803034712 -0.002046904590489
 -0.001510272841194  0.000000000000000 -0.601463234046115 -0.019107536058374
  0.001395185445142  0.000260093109260  0.000000000000000 -0.000475900000988
  0.006454527563418  0.002477168700171  0.000426223365026  0.000000000000000
 -0.361851965075952 -0.008922803034712  0.002046904590489  0.001510272841194
  0.000000000000000  0.002436489699761  0.004022989677330  0.002436489699761
  0.000882898344951 -0.000096474169181  0.000036343781104 -0.000013204576321
  0.000000000000000  0.000125418781489  0.000072549306732  0.000065515391170
  0.000042370119218  0.000000000000000 -0.000040995861242  0.000076188289608
  0.000016612710486  0.000882898344951 -0.000096474169181 -0.000036343781104
  0.000013204576321  0.000000000000000  0.000076188289608  0.000125418781489
  0.000072549306732 -0.000065515391170 -0.000042370119218  0.000000000000000
 -0.000040995861242  0.000016612710486 -0.601463234046115 -0.019107536058374
 -0.001395185445142 -0.000260093109260  0.000000000000000  0.004022989677330
    5 Beta Orbital Energy   -11.263121 Occupation  1.000000 Symmetry Bu      
  0.000437465940038  0.007091818423554 -0.001699110616485 -0.001769545183013
  0.000000000000000 -0.572730792998058 -0.023633012522505  0.002308820097514
  0.000430681629392  0.000000000000000  0.404845645215786  0.018762858932787
  0.002095097431278  0.001962791901019  0.000000000000000 -0.000437465940038
 -0.007091818423554 -0.001699110616485 -0.001769545183013  0.000000000000000
  0.572730792998058  0.023633012522505  0.002308820097514  0.000430681629392
  0.000000000000000  0.003834366439121 -0.002748328186766 -0.003834366439121
 -0.000381192026572  0.000247325420195  0.000064010905886  0.000070799754326
  0.000000000000000 -0.000114922957135 -0.000072595303082 -0.000053685365661
 -0.000052709409637  0.000000000000000  0.000087220024833 -0.000057170383447
 -0.000017445833824  0.000381192026572 -0.000247325420195  0.000064010905886
  0.000070799754326  0.000000000000000  0.000057170383447  0.000114922957135
  0.000072595303082 -0.000053685365661 -0.000052709409637  0.000000000000000
 -0.000087220024833  0.000017445833824 -0.404845645215786 -0.018762858932787
  0.002095097431278  0.001962791901019  0.000000000000000  0.002748328186766
    6 Beta Orbital Energy   -11.263100 Occupation  1.000000 Symmetry Ag      
 -0.000056161537080  0.001625114110475  0.001431643353257 -0.003481083150478
  0.000000000000000 -0.601148090189798 -0.024064195505312  0.002028884871002
  0.000484751973155  0.000000000000000  0.361344888409459  0.017059316249125
  0.002304174221377  0.001876061023177  0.000000000000000 -0.000056161537080
  0.001625114110475 -0.001431643353257  0.003481083150478  0.000000000000000
 -0.601148090189798 -0.024064195505312 -0.002028884871002 -0.000484751973155
  0.000000000000000  0.004022614301556 -0.002403652556671  0.004022614301556
  0.000107352054870 -0.000022352545642  0.000000462758460 -0.000021429272692
  0.000000000000000  0.000091659441556  0.000027880079148  0.000013410365555
  0.000039296065615  0.000000000000000 -0.000093567724298  0.000011251220361
  0.000011973976163  0.000107352054870 -0.000022352545642 -0.000000462758460
  0.000021429272692  0.000000000000000  0.000011251220361  0.000091659441556
  0.000027880079148 -0.000013410365555 -0.000039296065615  0.000000000000000
 -0.000093567724298  0.000011973976163  0.361344888409459  0.017059316249125
 -0.002304174221377 -0.001876061023177  0.000000000000000 -0.002403652556671
    7 Beta Orbital Energy   -11.237295 Occupation  1.000000 Symmetry Ag      
 -0.001110960611647  0.004296267662672  0.002655033477766  0.001562209788305
  0.000000000000000 -0.000573645172724 -0.000130422192917 -0.000071291700113
 -0.000001986660979  0.000000000000000 -0.000738778583475 -0.000074065595749
  0.000022002191222  0.000052240310554  0.000000000000000 -0.001110960611647
  0.004296267662672 -0.002655033477766 -0.001562209788305  0.000000000000000
 -0.000573645172724 -0.000130422192917  0.000071291700113  0.000001986660979
  0.000000000000000  0.000132660100008  0.000037009020414  0.000132660100008
 -0.701447547523516 -0.025997881145984  0.000775238460411 -0.000467800951268
  0.000000000000000 -0.004887959392077  0.005469302314284  0.003170305686778
 -0.001110322394361  0.000000000000000 -0.000045251501814  0.004881941595688
 -0.000051465520499 -0.701447547523516 -0.025997881145984 -0.000775238460411
  0.000467800951268  0.000000000000000  0.004881941595688 -0.004887959392077
  0.005469302314284 -0.003170305686778  0.001110322394361  0.000000000000000
 -0.000045251501814 -0.000051465520499 -0.000738778583475 -0.000074065595749
 -0.000022002191222 -0.000052240310554  0.000000000000000  0.000037009020414
    8 Beta Orbital Energy   -11.237295 Occupation  1.000000 Symmetry Bu      
 -0.001039338963631  0.004305579921239  0.002673041053899  0.001574333356037
  0.000000000000000 -0.000225544747999 -0.000206621329957  0.000008666611617
 -0.000015206448338  0.000000000000000  0.000366136572418  0.000156287395187
  0.000004252574155  0.000030636747154  0.000000000000000  0.001039338963631
 -0.004305579921239  0.002673041053899  0.001574333356037  0.000000000000000
  0.000225544747999  0.000206621329957  0.000008666611617 -0.000015206448338
  0.000000000000000  0.000117468859346 -0.000024203252670 -0.000117468859346
  0.701447522556433  0.026005370543304 -0.000769766119457  0.000471299926884
  0.000000000000000  0.004884404571732 -0.005469375868231 -0.003170085727076
  0.001109942101148  0.000000000000000  0.000045270906555 -0.004881680008282
  0.000051543853990 -0.701447522556433 -0.026005370543304 -0.000769766119457
  0.000471299926884  0.000000000000000  0.004881680008282 -0.004884404571732
  0.005469375868231 -0.003170085727076  0.001109942101148  0.000000000000000
 -0.000045270906555 -0.000051543853990 -0.000366136572418 -0.000156287395187
  0.000004252574155  0.000030636747154  0.000000000000000  0.000024203252670
    9 Beta Orbital Energy   -11.197125 Occupation  1.000000 Symmetry Ag      
  0.000018965637715  0.000201644807445  0.000048764259689  0.000065905231223
  0.000000000000000  0.000159037970737 -0.000030483456330 -0.000072923463017
 -0.000032587823456  0.000000000000000  0.000067383540895 -0.000072431209767
  0.000024065146370 -0.000010656574658  0.000000000000000  0.000018965637715
  0.000201644807445 -0.000048764259689 -0.000065905231223  0.000000000000000
  0.000159037970737 -0.000030483456330  0.000072923463017  0.000032587823456
  0.000000000000000  0.000049992541650 -0.000003065645911  0.000049992541650
 -0.004417597248549 -0.005446398182357  0.002902692896185 -0.001106422293493
  0.000000000000000  0.701909431037192  0.024085113484677  0.001145961616644
 -0.000407588762403  0.000000000000000 -0.004459817740624  0.000094193075277
 -0.004444465989532 -0.004417597248549 -0.005446398182357 -0.002902692896185
  0.001106422293493  0.000000000000000  0.000094193075277  0.701909431037192
  0.024085113484677 -0.001145961616644  0.000407588762403  0.000000000000000
 -0.004459817740624 -0.004444465989532  0.000067383540895 -0.000072431209767
 -0.000024065146370  0.000010656574658  0.000000000000000 -0.000003065645911
   10 Beta Orbital Energy   -11.197125 Occupation  1.000000 Symmetry Bu      
  0.000014573895564  0.000201534687008  0.000050642470474  0.000066949881173
  0.000000000000000  0.000144049569430 -0.000022870229444 -0.000076830551457
 -0.000038228903128  0.000000000000000 -0.000021388048080  0.000021072041523
 -0.000057120917074 -0.000010891653336  0.000000000000000 -0.000014573895564
 -0.000201534687008  0.000050642470474  0.000066949881173  0.000000000000000
 -0.000144049569430  0.000022870229444 -0.000076830551457 -0.000038228903128
  0.000000000000000  0.000049013071852  0.000002468922006 -0.000049013071852
  0.004413866836869  0.005446706200475 -0.002902865629935  0.001106722184996
  0.000000000000000 -0.701909465428769 -0.024085196929366 -0.001146081022319
  0.000407556129842  0.000000000000000  0.004459761362779 -0.000094416833647
  0.004444462425375 -0.004413866836869 -0.005446706200475 -0.002902865629935
  0.001106722184996  0.000000000000000  0.000094416833647  0.701909465428769
  0.024085196929366 -0.001146081022319  0.000407556129842  0.000000000000000
 -0.004459761362779 -0.004444462425375  0.000021388048080 -0.000021072041523
 -0.000057120917074 -0.000010891653336  0.000000000000000 -0.000002468922006
   11 Beta Orbital Energy    -1.308284 Occupation  1.000000 Symmetry Ag      
 -0.103936257352659  0.262312968639091 -0.042348907979703 -0.024807938036682
  0.000000000000000 -0.099258996584103  0.256126141681823 -0.053554662258850
  0.034183344182192  0.000000000000000 -0.099201599617872  0.255579613541781
 -0.004914354689126  0.063091270977776  0.000000000000000 -0.103936257352659
  0.262312968639091  0.042348907979703  0.024807938036682  0.000000000000000
 -0.099258996584103  0.256126141681823  0.053554662258850 -0.034183344182192
  0.000000000000000  0.040345362565136  0.039846333556735  0.040345362565136
 -0.045135129167738  0.122712750572811  0.023497856243803  0.023084055237474
  0.000000000000000 -0.016910903451686  0.039538246237003  0.019721777247555
 -0.003707121968817  0.000000000000000  0.008765986338680  0.019023360813944
  0.006087755219390 -0.045135129167738  0.122712750572811 -0.023497856243803
 -0.023084055237474  0.000000000000000  0.019023360813944 -0.016910903451686
  0.039538246237003 -0.019721777247555  0.003707121968817  0.000000000000000
  0.008765986338680  0.006087755219390 -0.099201599617872  0.255579613541781
  0.004914354689126 -0.063091270977776  0.000000000000000  0.039846333556735
   12 Beta Orbital Energy    -1.222391 Occupation  1.000000 Symmetry Bu      
 -0.111093880452126  0.293536030691106  0.025601989016806  0.014127210095403
  0.000000000000000 -0.046501737654498  0.125270552056466  0.025819550218348
  0.068586443055150  0.000000000000000  0.042382326200316 -0.113649527149581
  0.073732743469520 -0.008552890597928  0.000000000000000  0.111093880452126
 -0.293536030691106  0.025601989016806  0.014127210095403  0.000000000000000
  0.046501737654498 -0.125270552056466  0.025819550218348  0.068586443055150
  0.000000000000000  0.029548993746764 -0.026460574250410 -0.029548993746764
  0.114910973913818 -0.318116243629222 -0.011897147030845 -0.041978706539922
  0.000000000000000  0.059072847218617 -0.142032092230021 -0.059966346935778
  0.014894333482509  0.000000000000000 -0.033308381463158 -0.058356095213705
 -0.027554661001950 -0.114910973913818  0.318116243629222 -0.011897147030845
 -0.041978706539922  0.000000000000000  0.058356095213705 -0.059072847218617
  0.142032092230021 -0.059966346935778  0.014894333482509  0.000000000000000
  0.033308381463158  0.027554661001950 -0.042382326200316  0.113649527149581
  0.073732743469520 -0.008552890597928  0.000000000000000  0.026460574250410
   13 Beta Orbital Energy    -1.169429 Occupation  1.000000 Symmetry Bu      
  0.004688084685494 -0.012714340618250  0.067271426636868 -0.112707907700650
  0.000000000000000 -0.125151306138814  0.343617956991573 -0.060385830455888
 -0.041528107322186  0.000000000000000 -0.129010273706213  0.354109685696938
  0.058237765493517  0.034435349844068  0.000000000000000 -0.004688084685494
  0.012714340618250  0.067271426636868 -0.112707907700650  0.000000000000000
  0.125151306138814 -0.343617956991573 -0.060385830455888 -0.041528107322186
  0.000000000000000  0.082062114893798  0.083728157159119 -0.082062114893798
 -0.002035266753447  0.005807601289880  0.013795779002758 -0.011661200868132
  0.000000000000000  0.005385400515996 -0.013157148080594 -0.003775329958913
 -0.003014267571345  0.000000000000000 -0.006094807034950  0.007720407791084
 -0.002214484474438  0.002035266753447 -0.005807601289880  0.013795779002758
 -0.011661200868132  0.000000000000000 -0.007720407791084 -0.005385400515996
  0.013157148080594 -0.003775329958913 -0.003014267571345  0.000000000000000
  0.006094807034950  0.002214484474438  0.129010273706213 -0.354109685696938
  0.058237765493517  0.034435349844068  0.000000000000000 -0.083728157159119
   14 Beta Orbital Energy    -1.165577 Occupation  1.000000 Symmetry Ag      
 -0.020610827536030  0.058543518316913  0.101767816334953  0.057709313472696
  0.000000000000000  0.042236180562980 -0.113259633298289  0.051290880459571
  0.023051383492913  0.000000000000000  0.045181311946157 -0.122014153155844
 -0.040125103313107 -0.032481699772914  0.000000000000000 -0.020610827536030
  0.058543518316913 -0.101767816334953 -0.057709313472696  0.000000000000000
  0.042236180562980 -0.113259633298289 -0.051290880459571 -0.023051383492913
  0.000000000000000 -0.017186697018209 -0.020649418969890 -0.017186697018209
 -0.135545661402916  0.380794807523158 -0.046254078569178  0.031706576367796
  0.000000000000000 -0.092201483349671  0.226976885569640  0.080679541827179
 -0.025584799935129  0.000000000000000  0.055365489565341  0.078305446848667
  0.051763641856987 -0.135545661402916  0.380794807523158  0.046254078569178
 -0.031706576367796  0.000000000000000  0.078305446848667 -0.092201483349671
  0.226976885569640 -0.080679541827179  0.025584799935129  0.000000000000000
  0.055365489565341  0.051763641856987  0.045181311946157 -0.122014153155844
  0.040125103313107  0.032481699772914  0.000000000000000 -0.020649418969890
   15 Beta Orbital Energy    -1.090057 Occupation  1.000000 Symmetry Bu      
 -0.088255894427239  0.245446329552931 -0.084886499163342 -0.050852172037473
  0.000000000000000 -0.064336501937118  0.182818692852021  0.026379580849510
  0.080395865308061  0.000000000000000  0.053132027745954 -0.151345368790352
  0.099141564312591 -0.007586107919050  0.000000000000000  0.088255894427239
 -0.245446329552931 -0.084886499163342 -0.050852172037473  0.000000000000000
  0.064336501937118 -0.182818692852021  0.026379580849510  0.080395865308061
  0.000000000000000  0.045754719468631 -0.040302042976460 -0.045754719468631
 -0.081631487812349  0.233771576058951 -0.127331368143015 -0.003673204672511
  0.000000000000000 -0.097708487644303  0.249875536957310  0.059489111413269
 -0.028922980710099  0.000000000000000  0.066248457763646  0.056217848926505
  0.071555452767612  0.081631487812349 -0.233771576058951 -0.127331368143015
 -0.003673204672511  0.000000000000000 -0.056217848926505  0.097708487644303
 -0.249875536957310  0.059489111413269 -0.028922980710099  0.000000000000000
 -0.066248457763646 -0.071555452767612 -0.053132027745954  0.151345368790352
  0.099141564312591 -0.007586107919050  0.000000000000000  0.040302042976460
   16 Beta Orbital Energy    -0.994344 Occupation  1.000000 Symmetry Ag      
 -0.052084056432816  0.153272372266976 -0.053873543374805  0.184911200857078
  0.000000000000000  0.098362605777357 -0.291479779266670 -0.051689089660655
  0.020809381044435  0.000000000000000 -0.047596839319500  0.142905604537849
 -0.175687798192620 -0.042814427154793  0.000000000000000 -0.052084056432816
  0.153272372266976  0.053873543374805 -0.184911200857078  0.000000000000000
  0.098362605777357 -0.291479779266670  0.051689089660655 -0.020809381044435
  0.000000000000000 -0.129807936357697  0.068518056666905 -0.129807936357697
 -0.020345626402322  0.065595312428637  0.137372764086223 -0.038612728368564
  0.000000000000000  0.065833241944957 -0.179291280303009 -0.001777485460902
 -0.010160079302900  0.000000000000000 -0.077502685459646  0.048718345249088
 -0.063037875489848 -0.020345626402322  0.065595312428637 -0.137372764086223
  0.038612728368564  0.000000000000000  0.048718345249088  0.065833241944957
 -0.179291280303009  0.001777485460902  0.010160079302900  0.000000000000000
 -0.077502685459646 -0.063037875489848 -0.047596839319500  0.142905604537849
  0.175687798192620  0.042814427154793  0.000000000000000  0.068518056666905
   17 Beta Orbital Energy    -0.966473 Occupation  1.000000 Symmetry Ag      
 -0.079943316240197  0.238980522600337  0.105437719451921 -0.106861832801096
  0.000000000000000 -0.023498458509637  0.072489683406256  0.111030276251367
  0.185617059021966  0.000000000000000  0.098178907883429 -0.296286351472623
 -0.067426812482397  0.074232690125503  0.000000000000000 -0.079943316240197
  0.238980522600337 -0.105437719451921  0.106861832801096  0.000000000000000
 -0.023498458509637  0.072489683406256 -0.111030276251367 -0.185617059021966
  0.000000000000000  0.025574568522874 -0.142914512783758  0.025574568522874
 -0.001215228772728  0.007595039836446  0.125907955144943  0.053892280004795
  0.000000000000000  0.066770385297430 -0.185627939458189  0.013539564784817
  0.023987528557311  0.000000000000000 -0.058758696991803 -0.019668885328277
 -0.084417831301612 -0.001215228772728  0.007595039836446 -0.125907955144943
 -0.053892280004795  0.000000000000000 -0.019668885328277  0.066770385297430
 -0.185627939458189 -0.013539564784817 -0.023987528557311  0.000000000000000
 -0.058758696991803 -0.084417831301612  0.098178907883429 -0.296286351472623
  0.067426812482397 -0.074232690125503  0.000000000000000 -0.142914512783758
   18 Beta Orbital Energy    -0.908313 Occupation  1.000000 Symmetry Bu      
 -0.000502736464443 -0.000650981059153 -0.113544846796010 -0.124076675120420
  0.000000000000000 -0.028183661074426  0.088349480935508  0.070258855291345
  0.070482537910678  0.000000000000000  0.046484571093365 -0.145936940350487
 -0.011460493482886 -0.006703225397263  0.000000000000000  0.000502736464443
  0.000650981059153 -0.113544846796010 -0.124076675120420  0.000000000000000
  0.028183661074426 -0.088349480935508  0.070258855291345  0.070482537910678
  0.000000000000000  0.054812516087439 -0.046130731739629 -0.054812516087439
 -0.078623599792464  0.254077075753753  0.147566996075607 -0.087116696325397
  0.000000000000000  0.098366051337786 -0.288600525882819  0.082101496604023
 -0.053341224516184  0.000000000000000 -0.166091739305106  0.140787787425009
 -0.135593522989824  0.078623599792464 -0.254077075753753  0.147566996075607
 -0.087116696325397  0.000000000000000 -0.140787787425009 -0.098366051337786
  0.288600525882819  0.082101496604023 -0.053341224516184  0.000000000000000
  0.166091739305106  0.135593522989824 -0.046484571093365  0.145936940350487
 -0.011460493482886 -0.006703225397263  0.000000000000000  0.046130731739629
   19 Beta Orbital Energy    -0.893443 Occupation  1.000000 Symmetry Ag      
  0.034295302455616 -0.102817156075761  0.167408752202511  0.060253053283344
  0.000000000000000 -0.044995150656175  0.148258430454543  0.125572989655476
 -0.162768336022571  0.000000000000000 -0.006724044772910  0.026104336477867
  0.125246355743649 -0.155626138479134  0.000000000000000  0.034295302455616
 -0.102817156075761 -0.167408752202511 -0.060253053283344  0.000000000000000
 -0.044995150656175  0.148258430454543 -0.125572989655476  0.162768336022571
  0.000000000000000  0.163298887456192  0.103939918197578  0.163298887456192
 -0.048503485442989  0.155745278592258  0.093803942957606 -0.044968476708834
  0.000000000000000  0.069327295756466 -0.205268080381811  0.067147203131259
 -0.018530181470267  0.000000000000000 -0.101992966248166  0.087390662429460
 -0.109213758482038 -0.048503485442989  0.155745278592258 -0.093803942957606
  0.044968476708834  0.000000000000000  0.087390662429460  0.069327295756466
 -0.205268080381811 -0.067147203131259  0.018530181470267  0.000000000000000
 -0.101992966248166 -0.109213758482038 -0.006724044772910  0.026104336477867
 -0.125246355743649  0.155626138479134  0.000000000000000  0.103939918197578
   20 Beta Orbital Energy    -0.819732 Occupation  1.000000 Symmetry Ag      
  0.036248639678399 -0.120422114522003 -0.075873077048979 -0.075965835745645
  0.000000000000000 -0.017200811267201  0.049578375921423 -0.165585952795095
  0.006525526860296  0.000000000000000  0.014179201612586 -0.054958120754785
  0.105285572231170  0.173973149614206  0.000000000000000  0.036248639678399
 -0.120422114522003  0.075873077048979  0.075965835745645  0.000000000000000
 -0.017200811267201  0.049578375921423  0.165585952795095 -0.006525526860296
  0.000000000000000 -0.084846043661014 -0.129571175050962 -0.084846043661014
 -0.052781691654870  0.176210615876868 -0.098879248827408 -0.189133489116105
  0.000000000000000  0.033418104237160 -0.112365929643245  0.085734907566735
 -0.165761905013302  0.000000000000000 -0.183334731330167  0.169497250770100
 -0.025288783791072 -0.052781691654870  0.176210615876868  0.098879248827408
  0.189133489116105  0.000000000000000  0.169497250770100  0.033418104237160
 -0.112365929643245 -0.085734907566735  0.165761905013302  0.000000000000000
 -0.183334731330167 -0.025288783791072  0.014179201612586 -0.054958120754785
 -0.105285572231170 -0.173973149614206  0.000000000000000 -0.129571175050962
   21 Beta Orbital Energy    -0.804149 Occupation  1.000000 Symmetry Bu      
  0.027313719586080 -0.094347174651303 -0.200102375233297  0.128401974714192
  0.000000000000000 -0.036943538723881  0.122060638513416 -0.082752326791633
 -0.192734232990158  0.000000000000000  0.022642277458402 -0.078769175999610
  0.224601830821671  0.093642400167395  0.000000000000000 -0.027313719586080
  0.094347174651303 -0.200102375233297  0.128401974714192  0.000000000000000
  0.036943538723881 -0.122060638513416 -0.082752326791633 -0.192734232990158
  0.000000000000000  0.065867256417172 -0.098677465484372 -0.065867256417172
 -0.009960970288938  0.031994884957663  0.024332443783999  0.217295845910476
  0.000000000000000  0.017553433750852 -0.058520001041664  0.113707899573844
  0.097198719856712  0.000000000000000  0.023220254970615 -0.131076049440170
 -0.129902311024115  0.009960970288938 -0.031994884957663  0.024332443783999
  0.217295845910476  0.000000000000000  0.131076049440170 -0.017553433750852
  0.058520001041664  0.113707899573844  0.097198719856712  0.000000000000000
 -0.023220254970615  0.129902311024115 -0.022642277458402  0.078769175999610
  0.224601830821671  0.093642400167395  0.000000000000000  0.098677465484372
   22 Beta Orbital Energy    -0.770812 Occupation  1.000000 Symmetry Bu      
  0.064514930326599 -0.220117003795084  0.099222716044056 -0.081482215840695
  0.000000000000000 -0.043441169307241  0.154065474483478  0.225462476507352
 -0.037283887643417  0.000000000000000  0.043678981052130 -0.152760076730754
 -0.162519831577092  0.204477998657145  0.000000000000000 -0.064514930326599
  0.220117003795084  0.099222716044056 -0.081482215840695  0.000000000000000
  0.043441169307241 -0.154065474483478  0.225462476507352 -0.037283887643417
  0.000000000000000  0.225333934086022 -0.223286502690970 -0.225333934086022
  0.018064633364090 -0.056691593280443  0.082712415872936  0.037243644938026
  0.000000000000000 -0.021737173247216  0.075820069214371 -0.102804323674797
  0.030265315994574  0.000000000000000  0.062170672117534 -0.049205690375707
  0.080489810796348 -0.018064633364090  0.056691593280443  0.082712415872936
  0.037243644938026  0.000000000000000  0.049205690375707  0.021737173247216
 -0.075820069214371 -0.102804323674797  0.030265315994574  0.000000000000000
 -0.062170672117534 -0.080489810796348 -0.043678981052130  0.152760076730754
 -0.162519831577092  0.204477998657145  0.000000000000000  0.223286502690970
   23 Beta Orbital Energy    -0.753573 Occupation  1.000000 Symmetry Bu      
 -0.010835344071092  0.035179884894069 -0.070555385591892 -0.260256213350173
  0.000000000000000 -0.016462562464015  0.051546899924313 -0.137320474919218
  0.261248008342431  0.000000000000000 -0.003527023648233  0.013302324562156
 -0.072947801233028  0.053249491874650  0.000000000000000  0.010835344071092
 -0.035179884894069 -0.070555385591892 -0.260256213350173  0.000000000000000
  0.016462562464015 -0.051546899924313 -0.137320474919218  0.261248008342431
  0.000000000000000 -0.178937750956773 -0.038942930611696  0.178937750956773
  0.004013645283569 -0.011940852917443  0.155674331848169  0.113769440060217
  0.000000000000000 -0.002772016010497  0.017558084083865 -0.024121188961303
  0.204265274185842  0.000000000000000  0.178517740343585 -0.068332754897995
 -0.075841393742637 -0.004013645283569  0.011940852917443  0.155674331848169
  0.113769440060217  0.000000000000000  0.068332754897995  0.002772016010497
 -0.017558084083865 -0.024121188961303  0.204265274185842  0.000000000000000
 -0.178517740343585  0.075841393742637  0.003527023648233 -0.013302324562156
 -0.072947801233028  0.053249491874650  0.000000000000000  0.038942930611696
   24 Beta Orbital Energy    -0.735096 Occupation  1.000000 Symmetry Bu      
 -0.002936196580063  0.009282690757338 -0.129776583857768 -0.025713685111942
  0.000000000000000  0.007914893651831 -0.023136750752696  0.258394470838534
 -0.026081547233345  0.000000000000000  0.019715464076797 -0.060352579484240
 -0.045427710014489 -0.343951738688729  0.000000000000000  0.002936196580063
 -0.009282690757338 -0.129776583857768 -0.025713685111942  0.000000000000000
 -0.007914893651831  0.023136750752696  0.258394470838534 -0.026081547233345
  0.000000000000000  0.171170981427026  0.239664245126236 -0.171170981427026
  0.006369629153951 -0.020356663138082  0.096562045359486  0.092805598555847
  0.000000000000000 -0.007927266262177  0.030676519287392 -0.029428763209026
  0.121485860534944  0.000000000000000  0.106753249896425 -0.055895989523097
 -0.027097177996347 -0.006369629153951  0.020356663138082  0.096562045359486
  0.092805598555847  0.000000000000000  0.055895989523097  0.007927266262177
 -0.030676519287392 -0.029428763209026  0.121485860534944  0.000000000000000
 -0.106753249896425  0.027097177996347 -0.019715464076797  0.060352579484240
 -0.045427710014489 -0.343951738688729  0.000000000000000 -0.239664245126236
   25 Beta Orbital Energy    -0.731626 Occupation  1.000000 Symmetry Ag      
  0.015485265801741 -0.050038293801514  0.045398133795142 -0.008640897724521
  0.000000000000000  0.017022860374826 -0.064840248319225 -0.149505082412415
 -0.017263490605120  0.000000000000000 -0.021169961483509  0.072857485410428
  0.095951325041209  0.021691082106656  0.000000000000000  0.015485265801741
 -0.050038293801514 -0.045398133795142  0.008640897724521  0.000000000000000
  0.017022860374826 -0.064840248319225  0.149505082412415  0.017263490605120
  0.000000000000000 -0.119129068866548  0.012514959730614 -0.119129068866548
 -0.025508985625402  0.079495546650107 -0.142962334245167  0.247552511845412
  0.000000000000000  0.006754776881080 -0.037087389910719  0.292776843998818
  0.104825918576909  0.000000000000000  0.005666864507221 -0.162484987222461
 -0.250936172254909 -0.025508985625402  0.079495546650107  0.142962334245167
 -0.247552511845412  0.000000000000000 -0.162484987222461  0.006754776881080
 -0.037087389910719 -0.292776843998818 -0.104825918576909  0.000000000000000
  0.005666864507221 -0.250936172254909 -0.021169961483509  0.072857485410428
 -0.095951325041209 -0.021691082106656  0.000000000000000  0.012514959730614
   26 Beta Orbital Energy    -0.691633 Occupation  1.000000 Symmetry Bu      
  0.008494977579492 -0.030059034418960 -0.185847922021493  0.054942540385778
  0.000000000000000 -0.005505728792380  0.015355207457359 -0.111761247263732
 -0.104913872035524  0.000000000000000  0.017203251989576 -0.063307348290369
  0.186282771820302 -0.004983227489185  0.000000000000000 -0.008494977579492
  0.030059034418960 -0.185847922021493  0.054942540385778  0.000000000000000
  0.005505728792380 -0.015355207457359 -0.111761247263732 -0.104913872035524
  0.000000000000000 -0.026675183520795 -0.014526285713980  0.026675183520795
  0.009995227285384 -0.020957289536854  0.277860692113070 -0.161138311885759
  0.000000000000000  0.007279966907353 -0.004819074670426 -0.310121647486524
  0.013394491243738  0.000000000000000  0.072276800154791  0.146182565423632
  0.196362820113810 -0.009995227285384  0.020957289536854  0.277860692113070
 -0.161138311885759  0.000000000000000 -0.146182565423632 -0.007279966907353
  0.004819074670426 -0.310121647486524  0.013394491243738  0.000000000000000
 -0.072276800154791 -0.196362820113810 -0.017203251989576  0.063307348290369
  0.186282771820302 -0.004983227489185  0.000000000000000  0.014526285713980
   27 Beta Orbital Energy    -0.677555 Occupation  1.000000 Symmetry Ag      
  0.016600392176824 -0.057722183506629  0.026328323316911  0.153135789899105
  0.000000000000000 -0.005148571565687  0.017765716314522 -0.124428096108601
 -0.171116775956632  0.000000000000000  0.005311580135014 -0.027800362426966
  0.105628426612639  0.212523743685432  0.000000000000000  0.016600392176824
 -0.057722183506629 -0.026328323316911 -0.153135789899105  0.000000000000000
 -0.005148571565687  0.017765716314522  0.124428096108601  0.171116775956632
  0.000000000000000  0.007965522913706 -0.191742835625847  0.007965522913706
 -0.015177557809770  0.064968930046813  0.207721553441603 -0.082113838404166
  0.000000000000000  0.006474791909496 -0.010004713221456 -0.078813851151926
  0.262659866630992  0.000000000000000  0.245093169034936  0.112098877828702
 -0.099106279628388 -0.015177557809770  0.064968930046813 -0.207721553441603
  0.082113838404166  0.000000000000000  0.112098877828702  0.006474791909496
 -0.010004713221456  0.078813851151926 -0.262659866630992  0.000000000000000
  0.245093169034936 -0.099106279628388  0.005311580135014 -0.027800362426966
 -0.105628426612639 -0.212523743685432  0.000000000000000 -0.191742835625847
   28 Beta Orbital Energy    -0.644448 Occupation  1.000000 Symmetry Au      
  0.000000000000000  0.000000000000000  0.000000000000000  0.000000000000000
 -0.268359820050956  0.000000000000000  0.000000000000000  0.000000000000000
  0.000000000000000 -0.309132205258047  0.000000000000000  0.000000000000000
  0.000000000000000  0.000000000000000 -0.307025964075662  0.000000000000000
  0.000000000000000  0.000000000000000  0.000000000000000 -0.268359820050956
  0.000000000000000  0.000000000000000  0.000000000000000  0.000000000000000
 -0.309132205258047  0.000000000000000  0.000000000000000  0.000000000000000
  0.000000000000000  0.000000000000000  0.000000000000000  0.000000000000000
 -0.260846420123987  0.000000000000000  0.000000000000000  0.000000000000000
  0.000000000000000 -0.076102753250933  0.000000000000000  0.000000000000000
  0.000000000000000  0.000000000000000  0.000000000000000  0.000000000000000
  0.000000000000000 -0.260846420123987  0.000000000000000  0.000000000000000
  0.000000000000000  0.000000000000000  0.000000000000000 -0.076102753250933
  0.000000000000000  0.000000000000000  0.000000000000000  0.000000000000000
  0.000000000000000  0.000000000000000 -0.307025964075662  0.000000000000000
   29 Beta Orbital Energy    -0.631856 Occupation  1.000000 Symmetry Ag      
 -0.004487379019746  0.021193466820240  0.279447845240661 -0.133492210211728
  0.000000000000000 -0.005972848047697  0.013714624278231 -0.235855376576097
  0.122561626133732  0.000000000000000  0.004476595031659 -0.012971140220811
  0.274390474772854 -0.125882851765839  0.000000000000000 -0.004487379019746
  0.021193466820240 -0.279447845240661  0.133492210211728  0.000000000000000
 -0.005972848047697  0.013714624278231  0.235855376576097 -0.122561626133732
  0.000000000000000 -0.261241806723831  0.123670011359093 -0.261241806723831
 -0.005474175846946  0.029201826634814  0.187077238583961  0.042563629125918
  0.000000000000000  0.005165814281536 -0.008673823384743 -0.159785819957555
 -0.013581126375675  0.000000000000000 -0.008038774965166  0.001411365512275
  0.123844457311934 -0.005474175846946  0.029201826634814 -0.187077238583961
 -0.042563629125918  0.000000000000000  0.001411365512275  0.005165814281536
 -0.008673823384743  0.159785819957555  0.013581126375675  0.000000000000000
 -0.008038774965166  0.123844457311934  0.004476595031659 -0.012971140220811
 -0.274390474772854  0.125882851765839  0.000000000000000  0.123670011359093
   30 Beta Orbital Energy    -0.628403 Occupation  1.000000 Symmetry Bu      
  0.015336578628622 -0.062723078878653 -0.158166517414435 -0.136615032478325
  0.000000000000000 -0.009387244551230  0.033348496778342 -0.036617815635403
  0.102804248433834  0.000000000000000  0.003978074260452 -0.011797818561028
 -0.011293595877568 -0.051936322891109  0.000000000000000 -0.015336578628622
  0.062723078878653 -0.158166517414435 -0.136615032478325  0.000000000000000
  0.009387244551230 -0.033348496778342 -0.036617815635403  0.102804248433834
  0.000000000000000 -0.036722417694648  0.029171464632748  0.036722417694648
  0.004479349953671 -0.020641465151488  0.040891207560509  0.253258912090205
  0.000000000000000 -0.005892581626493  0.020747167467469 -0.067856522728394
 -0.284504333657920  0.000000000000000 -0.264435863902130 -0.235576353417887
  0.239780269442610 -0.004479349953671  0.020641465151488  0.040891207560509
  0.253258912090205  0.000000000000000  0.235576353417887  0.005892581626493
 -0.020747167467469 -0.067856522728394 -0.284504333657920  0.000000000000000
  0.264435863902130 -0.239780269442610 -0.003978074260452  0.011797818561028
 -0.011293595877568 -0.051936322891109  0.000000000000000 -0.029171464632748
   31 Beta Orbital Energy    -0.615007 Occupation  1.000000 Symmetry Ag      
  0.015074558708808 -0.064777158342639 -0.093418300964519 -0.241489958300228
  0.000000000000000 -0.003244638278025  0.010263274236668  0.039319861158606
  0.228774237196603  0.000000000000000  0.006198435889504 -0.017959551042849
 -0.047479952999064 -0.170027159260043  0.000000000000000  0.015074558708808
 -0.064777158342639  0.093418300964519  0.241489958300228  0.000000000000000
 -0.003244638278025  0.010263274236668 -0.039319861158606 -0.228774237196603
  0.000000000000000 -0.054150970499768  0.176394470118693 -0.054150970499768
  0.005441951878982 -0.018605449958815 -0.081677854360514 -0.237558508290437
  0.000000000000000  0.004666172712798 -0.018347470857420  0.058691026444382
  0.206878537842585  0.000000000000000  0.197444461773019  0.214783319979449
 -0.188006509461378  0.005441951878982 -0.018605449958815  0.081677854360514
  0.237558508290437  0.000000000000000  0.214783319979449  0.004666172712798
 -0.018347470857420 -0.058691026444382 -0.206878537842585  0.000000000000000
  0.197444461773019 -0.188006509461378  0.006198435889504 -0.017959551042849
  0.047479952999064  0.170027159260043  0.000000000000000  0.176394470118693
   32 Beta Orbital Energy    -0.561302 Occupation  1.000000 Symmetry Bg      
  0.000000000000000  0.000000000000000  0.000000000000000  0.000000000000000
 -0.250922719579377  0.000000000000000  0.000000000000000  0.000000000000000
  0.000000000000000 -0.076197345122478  0.000000000000000  0.000000000000000
  0.000000000000000  0.000000000000000  0.072404802380614  0.000000000000000
  0.000000000000000  0.000000000000000  0.000000000000000  0.250922719579377
  0.000000000000000  0.000000000000000  0.000000000000000  0.000000000000000
  0.076197345122478  0.000000000000000  0.000000000000000  0.000000000000000
  0.000000000000000  0.000000000000000  0.000000000000000  0.000000000000000
  0.534181393196049  0.000000000000000  0.000000000000000  0.000000000000000
  0.000000000000000  0.179389805124890  0.000000000000000  0.000000000000000
  0.000000000000000  0.000000000000000  0.000000000000000  0.000000000000000
  0.000000000000000 -0.534181393196049  0.000000000000000  0.000000000000000
  0.000000000000000  0.000000000000000  0.000000000000000 -0.179389805124890
  0.000000000000000  0.000000000000000  0.000000000000000  0.000000000000000
  0.000000000000000  0.000000000000000 -0.072404802380614  0.000000000000000
   33 Beta Orbital Energy    -0.501982 Occupation  1.000000 Symmetry Bg      
  0.000000000000000  0.000000000000000  0.000000000000000  0.000000000000000
 -0.001280958482944  0.000000000000000  0.000000000000000  0.000000000000000
  0.000000000000000 -0.463047505424359  0.000000000000000  0.000000000000000
  0.000000000000000  0.000000000000000 -0.458282066088348  0.000000000000000
  0.000000000000000  0.000000000000000  0.000000000000000  0.001280958482944
  0.000000000000000  0.000000000000000  0.000000000000000  0.000000000000000
  0.463047505424359  0.000000000000000  0.000000000000000  0.000000000000000
  0.000000000000000  0.000000000000000  0.000000000000000  0.000000000000000
 -0.005211532968944  0.000000000000000  0.000000000000000  0.000000000000000
  0.000000000000000  0.000810400056258  0.000000000000000  0.000000000000000
  0.000000000000000  0.000000000000000  0.000000000000000  0.000000000000000
  0.000000000000000  0.005211532968944  0.000000000000000  0.000000000000000
  0.000000000000000  0.000000000000000  0.000000000000000 -0.000810400056258
  0.000000000000000  0.000000000000000  0.000000000000000  0.000000000000000
  0.000000000000000  0.000000000000000  0.458282066088348  0.000000000000000
   34 Beta Orbital Energy    -0.489196 Occupation  1.000000 Symmetry Au      
  0.000000000000000  0.000000000000000  0.000000000000000  0.000000000000000
 -0.026307146504590  0.000000000000000  0.000000000000000  0.000000000000000
  0.000000000000000  0.243347367874734  0.000000000000000  0.000000000000000
  0.000000000000000  0.000000000000000  0.241432195739972  0.000000000000000
  0.000000000000000  0.000000000000000  0.000000000000000 -0.026307146504590
  0.000000000000000  0.000000000000000  0.000000000000000  0.000000000000000
  0.243347367874734  0.000000000000000  0.000000000000000  0.000000000000000
  0.000000000000000  0.000000000000000  0.000000000000000  0.000000000000000
 -0.524222207828288  0.000000000000000  0.000000000000000  0.000000000000000
  0.000000000000000 -0.199672749378605  0.000000000000000  0.000000000000000
  0.000000000000000  0.000000000000000  0.000000000000000  0.000000000000000
  0.000000000000000 -0.524222207828288  0.000000000000000  0.000000000000000
  0.000000000000000  0.000000000000000  0.000000000000000 -0.199672749378605
  0.000000000000000  0.000000000000000  0.000000000000000  0.000000000000000
  0.000000000000000  0.000000000000000  0.241432195739972  0.000000000000000
   35 Beta Orbital Energy    -0.148944 Occupation  0.000000 Symmetry Bg      
  0.000000000000000  0.000000000000000  0.000000000000000  0.000000000000000
  0.423326634180502  0.000000000000000  0.000000000000000  0.000000000000000
  0.000000000000000  0.295341678824355  0.000000000000000  0.000000000000000
  0.000000000000000  0.000000000000000 -0.301096439092735  0.000000000000000
  0.000000000000000  0.000000000000000  0.000000000000000 -0.423326634180502
  0.000000000000000  0.000000000000000  0.000000000000000  0.000000000000000
 -0.295341678824355  0.000000000000000  0.000000000000000  0.000000000000000
  0.000000000000000  0.000000000000000  0.000000000000000  0.000000000000000
  0.261086155714314  0.000000000000000  0.000000000000000  0.000000000000000
  0.000000000000000  0.207784233079970  0.000000000000000  0.000000000000000
  0.000000000000000  0.000000000000000  0.000000000000000  0.000000000000000
  0.000000000000000 -0.261086155714314  0.000000000000000  0.000000000000000
  0.000000000000000  0.000000000000000  0.000000000000000 -0.207784233079970
  0.000000000000000  0.000000000000000  0.000000000000000  0.000000000000000
  0.000000000000000  0.000000000000000  0.301096439092735  0.000000000000000
   36 Beta Orbital Energy     0.074180 Occupation  0.000000 Symmetry Au      
  0.000000000000000  0.000000000000000  0.000000000000000  0.000000000000000
  0.137232195719972  0.000000000000000  0.000000000000000  0.000000000000000
  0.000000000000000 -0.601575995297016  0.000000000000000  0.000000000000000
  0.000000000000000  0.000000000000000  0.493895773534898  0.000000000000000
  0.000000000000000  0.000000000000000  0.000000000000000  0.137232195719972
  0.000000000000000  0.000000000000000  0.000000000000000  0.000000000000000
 -0.601575995297016  0.000000000000000  0.000000000000000  0.000000000000000
  0.000000000000000  0.000000000000000  0.000000000000000  0.000000000000000
  0.014604696538303  0.000000000000000  0.000000000000000  0.000000000000000
  0.000000000000000 -0.129530310221985  0.000000000000000  0.000000000000000
  0.000000000000000  0.000000000000000  0.000000000000000  0.000000000000000
  0.000000000000000  0.014604696538303  0.000000000000000  0.000000000000000
  0.000000000000000  0.000000000000000  0.000000000000000 -0.129530310221985
  0.000000000000000  0.000000000000000  0.000000000000000  0.000000000000000
  0.000000000000000  0.000000000000000  0.493895773534898  0.000000000000000
   37 Beta Orbital Energy     0.085860 Occupation  0.000000 Symmetry Au      
  0.000000000000000  0.000000000000000  0.000000000000000  0.000000000000000
 -0.535059709993439  0.000000000000000  0.000000000000000  0.000000000000000
  0.000000000000000  0.058649983464809  0.000000000000000  0.000000000000000
  0.000000000000000  0.000000000000000  0.363140157467511  0.000000000000000
  0.000000000000000  0.000000000000000  0.000000000000000 -0.535059709993439
  0.000000000000000  0.000000000000000  0.000000000000000  0.000000000000000
  0.058649983464809  0.000000000000000  0.000000000000000  0.000000000000000
  0.000000000000000  0.000000000000000  0.000000000000000  0.000000000000000
 -0.014050418250583  0.000000000000000  0.000000000000000  0.000000000000000
  0.000000000000000  0.419239095802020  0.000000000000000  0.000000000000000
  0.000000000000000  0.000000000000000  0.000000000000000  0.000000000000000
  0.000000000000000 -0.014050418250583  0.000000000000000  0.000000000000000
  0.000000000000000  0.000000000000000  0.000000000000000  0.419239095802020
  0.000000000000000  0.000000000000000  0.000000000000000  0.000000000000000
  0.000000000000000  0.000000000000000  0.363140157467511  0.000000000000000
   38 Beta Orbital Energy     0.176046 Occupation  0.000000 Symmetry Bg      
  0.000000000000000  0.000000000000000  0.000000000000000  0.000000000000000
  0.113998631251746  0.000000000000000  0.000000000000000  0.000000000000000
  0.000000000000000 -0.228995199714681  0.000000000000000  0.000000000000000
  0.000000000000000  0.000000000000000  0.235809286652944  0.000000000000000
  0.000000000000000  0.000000000000000  0.000000000000000 -0.113998631251746
  0.000000000000000  0.000000000000000  0.000000000000000  0.000000000000000
  0.228995199714681  0.000000000000000  0.000000000000000  0.000000000000000
  0.000000000000000  0.000000000000000  0.000000000000000  0.000000000000000
 -0.332958369380254  0.000000000000000  0.000000000000000  0.000000000000000
  0.000000000000000  0.633696840364792  0.000000000000000  0.000000000000000
  0.000000000000000  0.000000000000000  0.000000000000000  0.000000000000000
  0.000000000000000  0.332958369380254  0.000000000000000  0.000000000000000
  0.000000000000000  0.000000000000000  0.000000000000000 -0.633696840364792
  0.000000000000000  0.000000000000000  0.000000000000000  0.000000000000000
  0.000000000000000  0.000000000000000 -0.235809286652944  0.000000000000000
   39 Beta Orbital Energy     0.238857 Occupation  0.000000 Symmetry Au      
  0.000000000000000  0.000000000000000  0.000000000000000  0.000000000000000
 -0.425140635118113  0.000000000000000  0.000000000000000  0.000000000000000
  0.000000000000000  0.149279322391766  0.000000000000000  0.000000000000000
  0.000000000000000  0.000000000000000  0.117419173329157  0.000000000000000
  0.000000000000000  0.000000000000000  0.000000000000000 -0.425140635118113
  0.000000000000000  0.000000000000000  0.000000000000000  0.000000000000000
  0.149279322391766  0.000000000000000  0.000000000000000  0.000000000000000
  0.000000000000000  0.000000000000000  0.000000000000000  0.000000000000000
  0.451473869005651  0.000000000000000  0.000000000000000  0.000000000000000
  0.000000000000000 -0.539879062092407  0.000000000000000  0.000000000000000
  0.000000000000000  0.000000000000000  0.000000000000000  0.000000000000000
  0.000000000000000  0.451473869005651  0.000000000000000  0.000000000000000
  0.000000000000000  0.000000000000000  0.000000000000000 -0.539879062092407
  0.000000000000000  0.000000000000000  0.000000000000000  0.000000000000000
  0.000000000000000  0.000000000000000  0.117419173329157  0.000000000000000
   40 Beta Orbital Energy     0.328919 Occupation  0.000000 Symmetry Bg      
  0.000000000000000  0.000000000000000  0.000000000000000  0.000000000000000
 -0.559283586518813  0.000000000000000  0.000000000000000  0.000000000000000
  0.000000000000000  0.438363103758901  0.000000000000000  0.000000000000000
  0.000000000000000  0.000000000000000 -0.436392815510131  0.000000000000000
  0.000000000000000  0.000000000000000  0.000000000000000  0.559283586518813
  0.000000000000000  0.000000000000000  0.000000000000000  0.000000000000000
 -0.438363103758901  0.000000000000000  0.000000000000000  0.000000000000000
  0.000000000000000  0.000000000000000  0.000000000000000  0.000000000000000
 -0.287794576991058  0.000000000000000  0.000000000000000  0.000000000000000
  0.000000000000000  0.229658085966017  0.000000000000000  0.000000000000000
  0.000000000000000  0.000000000000000  0.000000000000000  0.000000000000000
  0.000000000000000  0.287794576991058  0.000000000000000  0.000000000000000
  0.000000000000000  0.000000000000000  0.000000000000000 -0.229658085966017
  0.000000000000000  0.000000000000000  0.000000000000000  0.000000000000000
  0.000000000000000  0.000000000000000  0.436392815510131  0.000000000000000
   41 Beta Orbital Energy     0.367113 Occupation  0.000000 Symmetry Ag      
  0.067587106499190 -0.403360122449309 -0.247029949853731 -0.189499325691153
  0.000000000000000  0.047361271191070 -0.294467969062155 -0.208991542586466
  0.151829093828042  0.000000000000000  0.034429167481995 -0.215072477605964
 -0.051226184017870  0.307525539883876  0.000000000000000  0.067587106499190
 -0.403360122449309  0.247029949853731  0.189499325691153  0.000000000000000
  0.047361271191070 -0.294467969062155  0.208991542586466 -0.151829093828042
  0.000000000000000  0.456897058811851  0.451971424532456  0.456897058811851
 -0.057543117207297  0.340139608496753  0.250197549475492  0.315260190200449
  0.000000000000000  0.032776666988321 -0.184830244254447  0.029754565669656
  0.143155736820989  0.000000000000000 -0.102494690231694  0.073540893645709
  0.265103882068325 -0.057543117207297  0.340139608496753 -0.250197549475492
 -0.315260190200449  0.000000000000000  0.073540893645709  0.032776666988321
 -0.184830244254447 -0.029754565669656 -0.143155736820989  0.000000000000000
 -0.102494690231694  0.265103882068325  0.034429167481995 -0.215072477605964
  0.051226184017869 -0.307525539883876  0.000000000000000  0.451971424532456
   42 Beta Orbital Energy     0.382454 Occupation  0.000000 Symmetry Bu      
  0.031216110143561 -0.185289393248981  0.014663991665964 -0.369002263229231
  0.000000000000000 -0.014357473844349  0.087357622077182  0.105023731838516
 -0.320397769534842  0.000000000000000  0.004587377647253 -0.025791423226854
  0.139035497732888 -0.379692735114306  0.000000000000000 -0.031216110143561
  0.185289393248981  0.014663991665964 -0.369002263229231  0.000000000000000
  0.014357473844349 -0.087357622077182  0.105023731838516 -0.320397769534842
  0.000000000000000 -0.307403939656568 -0.380979833424583  0.307403939656568
 -0.001439711046393  0.007121218372387 -0.071428784941605 -0.368065033089619
  0.000000000000000 -0.005177645339702  0.034124221232148 -0.001252135368946
 -0.284010202362669  0.000000000000000  0.260734387836894 -0.389662259821934
 -0.225446585814581  0.001439711046393 -0.007121218372387 -0.071428784941605
 -0.368065033089619  0.000000000000000  0.389662259821934  0.005177645339702
 -0.034124221232148 -0.001252135368946 -0.284010202362669  0.000000000000000
 -0.260734387836894  0.225446585814581 -0.004587377647253  0.025791423226854
  0.139035497732888 -0.379692735114306  0.000000000000000  0.380979833424583
   43 Beta Orbital Energy     0.413821 Occupation  0.000000 Symmetry Bu      
  0.061202193969469 -0.356436012620450 -0.499822160335833 -0.101635497071822
  0.000000000000000 -0.013690864359075  0.081443183964036 -0.394940042011615
  0.076957393953007  0.000000000000000  0.023425266944257 -0.143782202191887
 -0.312488471524539 -0.026735677798754  0.000000000000000 -0.061202193969469
  0.356436012620450 -0.499822160335833 -0.101635497071822  0.000000000000000
  0.013690864359075 -0.081443183964036 -0.394940042011615  0.076957393953007
  0.000000000000000  0.366611901524658  0.047486759856699 -0.366611901524658
  0.097973536001380 -0.592743977335307 -0.333484084046367 -0.185994373455857
  0.000000000000000 -0.030796560678782  0.171796849929422 -0.007734005793334
 -0.145810578387928  0.000000000000000  0.086395066753098  0.187604321753035
 -0.230183943599316 -0.097973536001380  0.592743977335307 -0.333484084046367
 -0.185994373455857  0.000000000000000 -0.187604321753035  0.030796560678782
 -0.171796849929422 -0.007734005793334 -0.145810578387928  0.000000000000000
 -0.086395066753098  0.230183943599316 -0.023425266944257  0.143782202191887
 -0.312488471524539 -0.026735677798754  0.000000000000000 -0.047486759856699
   44 Beta Orbital Energy     0.437358 Occupation  0.000000 Symmetry Ag      
 -0.039412186338383  0.243809513145979 -0.176087734993815  0.155800206789307
  0.000000000000000 -0.008088158693351  0.045914056712715 -0.269660424254246
  0.025447619635022  0.000000000000000  0.090583962987813 -0.569645198963920
  0.117405369866950 -0.043536269047095  0.000000000000000 -0.039412186338383
  0.243809513145979  0.176087734993815 -0.155800206789307  0.000000000000000
 -0.008088158693351  0.045914056712715  0.269660424254246 -0.025447619635022
  0.000000000000000  0.195686360464987  0.292599949139868  0.195686360464987
 -0.049053845308348  0.305441914773675  0.050901458779259 -0.375665393996332
  0.000000000000000 -0.002341621980667  0.022441982260324 -0.096789802140157
 -0.316998356777970  0.000000000000000  0.288442475317483 -0.585156840328280
 -0.291214982075988 -0.049053845308348  0.305441914773675 -0.050901458779259
  0.375665393996332  0.000000000000000 -0.585156840328280 -0.002341621980667
  0.022441982260324  0.096789802140157  0.316998356777970  0.000000000000000
  0.288442475317483 -0.291214982075988  0.090583962987813 -0.569645198963920
 -0.117405369866950  0.043536269047095  0.000000000000000  0.292599949139868
&
&valid
version=1.0
geometry
atom_num=20
   6     1.2310450000     0.7385760000     0.0000000000
   6     1.2310450000    -0.6825780000     0.0000000000
   6     0.0273500000    -1.4017495000     0.0000000000
   6    -1.2310450000    -0.7385760000     0.0000000000
   6    -1.2310450000     0.6825780000     0.0000000000
   1     2.1838585000    -1.2274770000     0.0000000000
   1     0.0508990000    -2.5001595000     0.0000000000
   1    -2.1838585000     1.2274770000     0.0000000000
   6    -2.4864860000    -1.5550890000     0.0000000000
   6    -3.7467100000    -1.0872315000     0.0000000000
   1    -3.9798080000    -0.0163160000     0.0000000000
   1    -2.3218350000    -2.6431080000     0.0000000000
   1    -4.6057660000    -1.7682155000     0.0000000000
   6     2.4864860000     1.5550890000     0.0000000000
   1     2.3218350000     2.6431080000     0.0000000000
   6     3.7467100000     1.0872315000     0.0000000000
   1     3.9798080000     0.0163160000     0.0000000000
   1     4.6057660000     1.7682155000     0.0000000000
   6    -0.0273500000     1.4017495000     0.0000000000
   1    -0.0508990000     2.5001595000     0.0000000000
end
molecule
molchg=1
multip=2
qs_cuts=   0    0    0
end
basis
name=sto-3g                          
numd=5
atom_basis_num=0
end
&
