Job dvb_sp_hf started on anonymized-host at Wed Jul 29 10:54:28 2026
jobid: 650f9d52-8b5d-11f1-882a-00be43be7bed

  +------------------------------------------------------------------------+
  |  Jaguar version 13.3, release 113                                      |
  |                                                                        |
  |  Copyright Schrodinger, Inc.                                           |
  |  All Rights Reserved.                                                  |
  |                                                                        |
  |  The following have contributed to Jaguar (listed alphabetically):     |
  |  Ty Balduf, Mike Beachy, Chandler Bennett, Art Bochevarov,             |
  |  Dale Braden, Yixiang Cao, Alan Chien, Chris Cortis,                   |
  |  Rich Friesner, Jim Furness, Bill Goddard, Hod Greeley,                |
  |  Tom Hughes, Leif Jacobson, Jean-Marc Langlois, Daniel Levine,         |
  |  Daniel Mainz, Rob Murphy, Dean Philipp, Tom Pollard,                  |
  |  Murco Ringnalda, Pablo Videla, Mark Watson, Haoyu Yu.                 |
  |                                                                        |
  |  Use of this program should be acknowledged in publications as:        |
  |                                                                        |
  |  Jaguar, version 13.3, Schrodinger, Inc., New York, NY, 2026.          |
  |                                                                        |
  |  Y. Cao, T. Balduf, M. D. Beachy, M. C. Bennett, A. D. Bochevarov,     |
  |  A. Chien, P. A. Dub, K. G. Dyall, J. W. Furness, M. D. Halls,         |
  |  T. F. Hughes, L. D. Jacobson, H. S. Kwak, D. S. Levine, D. T. Mainz,  |
  |  K. B. Moore, M. Svensson, P. E. Videla, M. A. Watson, R. A. Friesner, |
  |  "Quantum chemical package Jaguar: A survey of recent developments     |
  |  and unique features", J. Chem. Phys. 161, 052502 (2024).              |
  |  DOI: 10.1063/5.0213317                                                |
  +------------------------------------------------------------------------+
  
  start of program pre
  
  Job name: dvb_sp_hf
  Executables used: /scr/shared/builds/2026-3/build/jaguar-v13.3/bin/Linux-x86_64
  Temporary files : /scr/shared/jobs/650f9d52-8b5d-11f1-882a-00be43be7bed
  Basis file : using default basis file from /scr/shared/builds/2026-3/build
  Maestro file (input):  dvb_sp_hf.mae
  Maestro file (output): dvb_sp_hf.01.mae
  
 Contents of input file: &gen and (if present) &atomic sections only
 ----------------Contents start----------------
&gen
ip102=8
basis=sto-3g
ip1=2
mulken=1
ip18=2
ipvirt=-1
&
 -----------------Contents end-----------------
 
  basis set:               sto-3g                          
  net molecular charge:    0
  multiplicity:            1
  
  number of basis functions....           60
  
  Basis set name for each atom
  
  Atom     Basis 
  C1       sto-3g                          
  C2       sto-3g                          
  C3       sto-3g                          
  C4       sto-3g                          
  C5       sto-3g                          
  H6       sto-3g                          
  H7       sto-3g                          
  H8       sto-3g                          
  C9       sto-3g                          
  C10      sto-3g                          
  H11      sto-3g                          
  H12      sto-3g                          
  H13      sto-3g                          
  C14      sto-3g                          
  H15      sto-3g                          
  C16      sto-3g                          
  H17      sto-3g                          
  H18      sto-3g                          
  C19      sto-3g                          
  H20      sto-3g                          
  
  Gaussian basis set information
  
                                                        renorm    mfac*renorm
   atom    fn   prim  L        z            coef         coef         coef
 -------- ----- ---- --- -------------  -----------  -----------  -----------
 C1           1    1   S  7.161684E+01   1.5433E-01   2.7078E+00   2.7078E+00
 C1           1    2   S  1.304510E+01   5.3533E-01   2.6189E+00   2.6189E+00
 C1           1    3   S  3.530512E+00   4.4463E-01   8.1619E-01   8.1619E-01
 C1           2    4   S  2.941249E+00  -9.9967E-02  -1.6002E-01  -1.6002E-01
 C1           2    5   S  6.834831E-01   3.9951E-01   2.1404E-01   2.1404E-01
 C1           2    6   S  2.222899E-01   7.0012E-01   1.6154E-01   1.6154E-01
 C1           3    7   X  2.941249E+00   1.5592E-01   8.5604E-01   8.5604E-01
              4        Y                                           8.5604E-01
              5        Z                                           8.5604E-01
 C1           3    8   X  6.834831E-01   6.0768E-01   5.3830E-01   5.3830E-01
              4        Y                                           5.3830E-01
              5        Z                                           5.3830E-01
 C1           3    9   X  2.222899E-01   3.9196E-01   8.5276E-02   8.5276E-02
              4        Y                                           8.5276E-02
              5        Z                                           8.5276E-02
 C2           6    1   S  7.161684E+01   1.5433E-01   2.7078E+00   2.7078E+00
 C2           6    2   S  1.304510E+01   5.3533E-01   2.6189E+00   2.6189E+00
 C2           6    3   S  3.530512E+00   4.4463E-01   8.1619E-01   8.1619E-01
 C2           7    4   S  2.941249E+00  -9.9967E-02  -1.6002E-01  -1.6002E-01
 C2           7    5   S  6.834831E-01   3.9951E-01   2.1404E-01   2.1404E-01
 C2           7    6   S  2.222899E-01   7.0012E-01   1.6154E-01   1.6154E-01
 C2           8    7   X  2.941249E+00   1.5592E-01   8.5604E-01   8.5604E-01
              9        Y                                           8.5604E-01
             10        Z                                           8.5604E-01
 C2           8    8   X  6.834831E-01   6.0768E-01   5.3830E-01   5.3830E-01
              9        Y                                           5.3830E-01
             10        Z                                           5.3830E-01
 C2           8    9   X  2.222899E-01   3.9196E-01   8.5276E-02   8.5276E-02
              9        Y                                           8.5276E-02
             10        Z                                           8.5276E-02
 C3          11    1   S  7.161684E+01   1.5433E-01   2.7078E+00   2.7078E+00
 C3          11    2   S  1.304510E+01   5.3533E-01   2.6189E+00   2.6189E+00
 C3          11    3   S  3.530512E+00   4.4463E-01   8.1619E-01   8.1619E-01
 C3          12    4   S  2.941249E+00  -9.9967E-02  -1.6002E-01  -1.6002E-01
 C3          12    5   S  6.834831E-01   3.9951E-01   2.1404E-01   2.1404E-01
 C3          12    6   S  2.222899E-01   7.0012E-01   1.6154E-01   1.6154E-01
 C3          13    7   X  2.941249E+00   1.5592E-01   8.5604E-01   8.5604E-01
             14        Y                                           8.5604E-01
             15        Z                                           8.5604E-01
 C3          13    8   X  6.834831E-01   6.0768E-01   5.3830E-01   5.3830E-01
             14        Y                                           5.3830E-01
             15        Z                                           5.3830E-01
 C3          13    9   X  2.222899E-01   3.9196E-01   8.5276E-02   8.5276E-02
             14        Y                                           8.5276E-02
             15        Z                                           8.5276E-02
 C4          16    1   S  7.161684E+01   1.5433E-01   2.7078E+00   2.7078E+00
 C4          16    2   S  1.304510E+01   5.3533E-01   2.6189E+00   2.6189E+00
 C4          16    3   S  3.530512E+00   4.4463E-01   8.1619E-01   8.1619E-01
 C4          17    4   S  2.941249E+00  -9.9967E-02  -1.6002E-01  -1.6002E-01
 C4          17    5   S  6.834831E-01   3.9951E-01   2.1404E-01   2.1404E-01
 C4          17    6   S  2.222899E-01   7.0012E-01   1.6154E-01   1.6154E-01
 C4          18    7   X  2.941249E+00   1.5592E-01   8.5604E-01   8.5604E-01
             19        Y                                           8.5604E-01
             20        Z                                           8.5604E-01
 C4          18    8   X  6.834831E-01   6.0768E-01   5.3830E-01   5.3830E-01
             19        Y                                           5.3830E-01
             20        Z                                           5.3830E-01
 C4          18    9   X  2.222899E-01   3.9196E-01   8.5276E-02   8.5276E-02
             19        Y                                           8.5276E-02
             20        Z                                           8.5276E-02
 C5          21    1   S  7.161684E+01   1.5433E-01   2.7078E+00   2.7078E+00
 C5          21    2   S  1.304510E+01   5.3533E-01   2.6189E+00   2.6189E+00
 C5          21    3   S  3.530512E+00   4.4463E-01   8.1619E-01   8.1619E-01
 C5          22    4   S  2.941249E+00  -9.9967E-02  -1.6002E-01  -1.6002E-01
 C5          22    5   S  6.834831E-01   3.9951E-01   2.1404E-01   2.1404E-01
 C5          22    6   S  2.222899E-01   7.0012E-01   1.6154E-01   1.6154E-01
 C5          23    7   X  2.941249E+00   1.5592E-01   8.5604E-01   8.5604E-01
             24        Y                                           8.5604E-01
             25        Z                                           8.5604E-01
 C5          23    8   X  6.834831E-01   6.0768E-01   5.3830E-01   5.3830E-01
             24        Y                                           5.3830E-01
             25        Z                                           5.3830E-01
 C5          23    9   X  2.222899E-01   3.9196E-01   8.5276E-02   8.5276E-02
             24        Y                                           8.5276E-02
             25        Z                                           8.5276E-02
 H6          26    1   S  3.425251E+00   1.5433E-01   2.7693E-01   2.7693E-01
 H6          26    2   S  6.239137E-01   5.3533E-01   2.6784E-01   2.6784E-01
 H6          26    3   S  1.688554E-01   4.4463E-01   8.3474E-02   8.3474E-02
 H7          27    1   S  3.425251E+00   1.5433E-01   2.7693E-01   2.7693E-01
 H7          27    2   S  6.239137E-01   5.3533E-01   2.6784E-01   2.6784E-01
 H7          27    3   S  1.688554E-01   4.4463E-01   8.3474E-02   8.3474E-02
 H8          28    1   S  3.425251E+00   1.5433E-01   2.7693E-01   2.7693E-01
 H8          28    2   S  6.239137E-01   5.3533E-01   2.6784E-01   2.6784E-01
 H8          28    3   S  1.688554E-01   4.4463E-01   8.3474E-02   8.3474E-02
 C9          29    1   S  7.161684E+01   1.5433E-01   2.7078E+00   2.7078E+00
 C9          29    2   S  1.304510E+01   5.3533E-01   2.6189E+00   2.6189E+00
 C9          29    3   S  3.530512E+00   4.4463E-01   8.1619E-01   8.1619E-01
 C9          30    4   S  2.941249E+00  -9.9967E-02  -1.6002E-01  -1.6002E-01
 C9          30    5   S  6.834831E-01   3.9951E-01   2.1404E-01   2.1404E-01
 C9          30    6   S  2.222899E-01   7.0012E-01   1.6154E-01   1.6154E-01
 C9          31    7   X  2.941249E+00   1.5592E-01   8.5604E-01   8.5604E-01
             32        Y                                           8.5604E-01
             33        Z                                           8.5604E-01
 C9          31    8   X  6.834831E-01   6.0768E-01   5.3830E-01   5.3830E-01
             32        Y                                           5.3830E-01
             33        Z                                           5.3830E-01
 C9          31    9   X  2.222899E-01   3.9196E-01   8.5276E-02   8.5276E-02
             32        Y                                           8.5276E-02
             33        Z                                           8.5276E-02
 C10         34    1   S  7.161684E+01   1.5433E-01   2.7078E+00   2.7078E+00
 C10         34    2   S  1.304510E+01   5.3533E-01   2.6189E+00   2.6189E+00
 C10         34    3   S  3.530512E+00   4.4463E-01   8.1619E-01   8.1619E-01
 C10         35    4   S  2.941249E+00  -9.9967E-02  -1.6002E-01  -1.6002E-01
 C10         35    5   S  6.834831E-01   3.9951E-01   2.1404E-01   2.1404E-01
 C10         35    6   S  2.222899E-01   7.0012E-01   1.6154E-01   1.6154E-01
 C10         36    7   X  2.941249E+00   1.5592E-01   8.5604E-01   8.5604E-01
             37        Y                                           8.5604E-01
             38        Z                                           8.5604E-01
 C10         36    8   X  6.834831E-01   6.0768E-01   5.3830E-01   5.3830E-01
             37        Y                                           5.3830E-01
             38        Z                                           5.3830E-01
 C10         36    9   X  2.222899E-01   3.9196E-01   8.5276E-02   8.5276E-02
             37        Y                                           8.5276E-02
             38        Z                                           8.5276E-02
 H11         39    1   S  3.425251E+00   1.5433E-01   2.7693E-01   2.7693E-01
 H11         39    2   S  6.239137E-01   5.3533E-01   2.6784E-01   2.6784E-01
 H11         39    3   S  1.688554E-01   4.4463E-01   8.3474E-02   8.3474E-02
 H12         40    1   S  3.425251E+00   1.5433E-01   2.7693E-01   2.7693E-01
 H12         40    2   S  6.239137E-01   5.3533E-01   2.6784E-01   2.6784E-01
 H12         40    3   S  1.688554E-01   4.4463E-01   8.3474E-02   8.3474E-02
 H13         41    1   S  3.425251E+00   1.5433E-01   2.7693E-01   2.7693E-01
 H13         41    2   S  6.239137E-01   5.3533E-01   2.6784E-01   2.6784E-01
 H13         41    3   S  1.688554E-01   4.4463E-01   8.3474E-02   8.3474E-02
 C14         42    1   S  7.161684E+01   1.5433E-01   2.7078E+00   2.7078E+00
 C14         42    2   S  1.304510E+01   5.3533E-01   2.6189E+00   2.6189E+00
 C14         42    3   S  3.530512E+00   4.4463E-01   8.1619E-01   8.1619E-01
 C14         43    4   S  2.941249E+00  -9.9967E-02  -1.6002E-01  -1.6002E-01
 C14         43    5   S  6.834831E-01   3.9951E-01   2.1404E-01   2.1404E-01
 C14         43    6   S  2.222899E-01   7.0012E-01   1.6154E-01   1.6154E-01
 C14         44    7   X  2.941249E+00   1.5592E-01   8.5604E-01   8.5604E-01
             45        Y                                           8.5604E-01
             46        Z                                           8.5604E-01
 C14         44    8   X  6.834831E-01   6.0768E-01   5.3830E-01   5.3830E-01
             45        Y                                           5.3830E-01
             46        Z                                           5.3830E-01
 C14         44    9   X  2.222899E-01   3.9196E-01   8.5276E-02   8.5276E-02
             45        Y                                           8.5276E-02
             46        Z                                           8.5276E-02
 H15         47    1   S  3.425251E+00   1.5433E-01   2.7693E-01   2.7693E-01
 H15         47    2   S  6.239137E-01   5.3533E-01   2.6784E-01   2.6784E-01
 H15         47    3   S  1.688554E-01   4.4463E-01   8.3474E-02   8.3474E-02
 C16         48    1   S  7.161684E+01   1.5433E-01   2.7078E+00   2.7078E+00
 C16         48    2   S  1.304510E+01   5.3533E-01   2.6189E+00   2.6189E+00
 C16         48    3   S  3.530512E+00   4.4463E-01   8.1619E-01   8.1619E-01
 C16         49    4   S  2.941249E+00  -9.9967E-02  -1.6002E-01  -1.6002E-01
 C16         49    5   S  6.834831E-01   3.9951E-01   2.1404E-01   2.1404E-01
 C16         49    6   S  2.222899E-01   7.0012E-01   1.6154E-01   1.6154E-01
 C16         50    7   X  2.941249E+00   1.5592E-01   8.5604E-01   8.5604E-01
             51        Y                                           8.5604E-01
             52        Z                                           8.5604E-01
 C16         50    8   X  6.834831E-01   6.0768E-01   5.3830E-01   5.3830E-01
             51        Y                                           5.3830E-01
             52        Z                                           5.3830E-01
 C16         50    9   X  2.222899E-01   3.9196E-01   8.5276E-02   8.5276E-02
             51        Y                                           8.5276E-02
             52        Z                                           8.5276E-02
 H17         53    1   S  3.425251E+00   1.5433E-01   2.7693E-01   2.7693E-01
 H17         53    2   S  6.239137E-01   5.3533E-01   2.6784E-01   2.6784E-01
 H17         53    3   S  1.688554E-01   4.4463E-01   8.3474E-02   8.3474E-02
 H18         54    1   S  3.425251E+00   1.5433E-01   2.7693E-01   2.7693E-01
 H18         54    2   S  6.239137E-01   5.3533E-01   2.6784E-01   2.6784E-01
 H18         54    3   S  1.688554E-01   4.4463E-01   8.3474E-02   8.3474E-02
 C19         55    1   S  7.161684E+01   1.5433E-01   2.7078E+00   2.7078E+00
 C19         55    2   S  1.304510E+01   5.3533E-01   2.6189E+00   2.6189E+00
 C19         55    3   S  3.530512E+00   4.4463E-01   8.1619E-01   8.1619E-01
 C19         56    4   S  2.941249E+00  -9.9967E-02  -1.6002E-01  -1.6002E-01
 C19         56    5   S  6.834831E-01   3.9951E-01   2.1404E-01   2.1404E-01
 C19         56    6   S  2.222899E-01   7.0012E-01   1.6154E-01   1.6154E-01
 C19         57    7   X  2.941249E+00   1.5592E-01   8.5604E-01   8.5604E-01
             58        Y                                           8.5604E-01
             59        Z                                           8.5604E-01
 C19         57    8   X  6.834831E-01   6.0768E-01   5.3830E-01   5.3830E-01
             58        Y                                           5.3830E-01
             59        Z                                           5.3830E-01
 C19         57    9   X  2.222899E-01   3.9196E-01   8.5276E-02   8.5276E-02
             58        Y                                           8.5276E-02
             59        Z                                           8.5276E-02
 H20         60    1   S  3.425251E+00   1.5433E-01   2.7693E-01   2.7693E-01
 H20         60    2   S  6.239137E-01   5.3533E-01   2.6784E-01   2.6784E-01
 H20         60    3   S  1.688554E-01   4.4463E-01   8.3474E-02   8.3474E-02
  
  Effective Core Potential 
  
  Atom      Electrons represented by ECP
 C1                     0
 C2                     0
 C3                     0
 C4                     0
 C5                     0
 H6                     0
 H7                     0
 H8                     0
 C9                     0
 C10                    0
 H11                    0
 H12                    0
 H13                    0
 C14                    0
 H15                    0
 C16                    0
 H17                    0
 H18                    0
 C19                    0
 H20                    0
  
  no dealiasing set available for atom            1
  switch to all-analytic calculation
  
 Input geometry:
                                   angstroms
  atom               x                 y                 z
  C1           -0.0758150000      0.0000000000      0.0269380000 
  C2           -0.0045600000      0.0000000000      1.4463040000 
  C3            1.2336810000      0.0000000000      2.1042190000 
  C4            2.4572420000      0.0000000000      1.3787840000 
  C5            2.3859860000      0.0000000000     -0.0405820000 
  H6           -0.9288540000      0.0000000000      2.0382910000 
  H7            1.2652340000      0.0000000000      3.2024280000 
  H8            3.3102810000      0.0000000000     -0.6325690000 
  C9            3.7520430000      0.0000000000      2.1313240000 
  C10           4.9872240000      0.0000000000      1.6008690000 
  H11           5.1663340000      0.0000000000      0.5196130000 
  H12           3.6421500000      0.0000000000      3.2262300000 
  H13           5.8793430000      0.0000000000      2.2379240000 
  C14          -1.3706160000      0.0000000000     -0.7256020000 
  H15          -1.2607230000      0.0000000000     -1.8205080000 
  C16          -2.6057970000      0.0000000000     -0.1951460000 
  H17          -2.7849070000      0.0000000000      0.8861090000 
  H18          -3.4979160000      0.0000000000     -0.8322020000 
  C19           1.1477460000      0.0000000000     -0.6984970000 
  H20           1.1161930000      0.0000000000     -1.7967060000 
   
  principal moments of inertia:
        amu*angstrom^2:               109.23592               737.84463               847.08055
                g*cm^2:          1.81390497E-38          1.22521968E-37          1.40661017E-37
   
  rotational constants:
               cm^(-1):      0.15432312      0.02284713      0.01990086
                   GHz:      4.62649088      0.68493960      0.59661269
   
  Molecular weight:     130.08 amu
   
  Stoichiometry: C10H10
  Molecular Point Group: C2h     
	Molecule translated to center of mass 
	Molecule reoriented along symmetry axes
  Point Group used: C2h
  
  
 Symmetrized geometry:
                                   angstroms
  atom               x                 y                 z
  C1            1.2665285000      0.6759230000      0.0000000000 
  C2            1.1952730000     -0.7434430000      0.0000000000 
  C3           -0.0429675000     -1.4013580000      0.0000000000 
  C4           -1.2665285000     -0.6759230000      0.0000000000 
  C5           -1.1952730000      0.7434430000      0.0000000000 
  H6            2.1195675000     -1.3354300000      0.0000000000 
  H7           -0.0745205000     -2.4995670000      0.0000000000 
  H8           -2.1195675000      1.3354300000      0.0000000000 
  C9           -2.5613295000     -1.4284630000      0.0000000000 
  C10          -3.7965105000     -0.8980075000      0.0000000000 
  H11          -3.9756205000      0.1832480000      0.0000000000 
  H12          -2.4514365000     -2.5233690000      0.0000000000 
  H13          -4.6886295000     -1.5350630000      0.0000000000 
  C14           2.5613295000      1.4284630000      0.0000000000 
  H15           2.4514365000      2.5233690000      0.0000000000 
  C16           3.7965105000      0.8980075000      0.0000000000 
  H17           3.9756205000     -0.1832480000      0.0000000000 
  H18           4.6886295000      1.5350630000      0.0000000000 
  C19           0.0429675000      1.4013580000      0.0000000000 
  H20           0.0745205000      2.4995670000      0.0000000000 
   
  nuclear repulsion energy.......           445.899321568 hartrees
 
 Non-default options chosen:
   Include all virtuals in output
   Mulliken populations computed by atom
   Q will be stored on disk for fine grid
  
 Non-default print settings:
      1=  2  18=  2 102=  8
  
 Temporary integer options set:
     73=  2
  
  end of program pre
   
 Time(pre)  user:       0.686  user+sys:       0.686  wallclock:       1.267
  
  start of program onee
  
   
  overlap matrix:
   
             1              2              3              4              5
   1    1.000000E+00
   2    2.483624E-01   1.000000E+00
   3    0.000000E+00   0.000000E+00   1.000000E+00
   4    0.000000E+00   0.000000E+00   0.000000E+00   1.000000E+00
   5    0.000000E+00   0.000000E+00   0.000000E+00   0.000000E+00   1.000000E+00
   6    5.850666E-07   3.564737E-02  -2.965142E-03  -5.906382E-02   0.000000E+00
   7    3.564737E-02   3.541460E-01  -1.906289E-02  -3.797211E-01   0.000000E+00
   8    2.965142E-03   1.906289E-02   2.036441E-01  -2.663556E-02   0.000000E+00
   9    5.906382E-02   3.797211E-01  -2.663556E-02  -3.255829E-01   0.000000E+00
  10    0.000000E+00   0.000000E+00   0.000000E+00   0.000000E+00   2.049812E-01
  11    0.000000E+00   1.593342E-03  -1.987345E-03  -3.152566E-03   0.000000E+00
  12    1.593342E-03   5.633000E-02  -4.462557E-02  -7.079048E-02   0.000000E+00
  13    1.987345E-03   4.462557E-02  -1.554861E-02  -6.174136E-02   0.000000E+00
  14    3.152566E-03   7.079048E-02  -6.174136E-02  -7.456913E-02   0.000000E+00
  15    0.000000E+00   0.000000E+00   0.000000E+00   0.000000E+00   2.337249E-02
  16    0.000000E+00   2.981916E-04  -7.181694E-04  -3.832738E-04   0.000000E+00
  17    2.981916E-04   2.168351E-02  -3.128179E-02  -1.669451E-02   0.000000E+00
  18    7.181694E-04   3.128179E-02  -4.021669E-02  -2.586129E-02   0.000000E+00
  19    3.832738E-04   1.669451E-02  -2.586129E-02  -5.560114E-03   0.000000E+00
  20    0.000000E+00   0.000000E+00   0.000000E+00   0.000000E+00   8.241581E-03
  21    0.000000E+00   1.551477E-03  -3.637739E-03   9.977251E-05   0.000000E+00
  22    1.551477E-03   5.546960E-02  -8.251837E-02   2.263237E-03   0.000000E+00
  23    3.637739E-03   8.251837E-02  -1.120994E-01   3.704754E-03   0.000000E+00
  24   -9.977251E-05  -2.263237E-03   3.704754E-03   2.287559E-02   0.000000E+00
  25    0.000000E+00   0.000000E+00   0.000000E+00   0.000000E+00   2.297720E-02
  26    5.035218E-03   9.225424E-02   4.678803E-02  -1.103200E-01   0.000000E+00
  27    8.028312E-05   5.921399E-03  -3.841835E-03  -9.097138E-03   0.000000E+00
  28    7.942685E-05   5.881757E-03  -9.632506E-03   1.876115E-03   0.000000E+00
  29    0.000000E+00   8.313468E-08  -3.015903E-07  -1.658009E-07   0.000000E+00
  30    8.313468E-08   2.567472E-04  -4.988408E-04  -2.742405E-04   0.000000E+00
  31    3.015903E-07   4.988408E-04  -8.987428E-04  -5.394648E-04   0.000000E+00
  32    1.658009E-07   2.742405E-04  -5.394648E-04  -2.140353E-04   0.000000E+00
  33    0.000000E+00   0.000000E+00   0.000000E+00   0.000000E+00   8.253842E-05
  34    0.000000E+00   0.000000E+00   0.000000E+00   0.000000E+00   0.000000E+00
  35    0.000000E+00   7.014124E-06  -1.776461E-05  -5.522427E-06   0.000000E+00
  36    0.000000E+00   1.776461E-05  -4.287835E-05  -1.401570E-05   0.000000E+00
  37    0.000000E+00   5.522427E-06  -1.401570E-05  -2.149477E-06   0.000000E+00
  38    0.000000E+00   0.000000E+00   0.000000E+00   0.000000E+00   2.207539E-06
  39    8.127326E-09   2.318633E-05  -5.290947E-05  -4.972612E-06   0.000000E+00
  40    6.810945E-08   8.196952E-05  -1.337015E-04  -1.150496E-04   0.000000E+00
  41    0.000000E+00   3.035051E-07  -7.796759E-07  -2.894722E-07   0.000000E+00
  42    1.431417E-07   2.956747E-02   4.263861E-02   2.478161E-02   0.000000E+00
  43    2.956747E-02   3.177157E-01   3.043981E-01   1.769166E-01   0.000000E+00
  44   -4.263861E-02  -3.043981E-01  -1.942025E-01  -2.163160E-01   0.000000E+00
  45   -2.478161E-02  -1.769166E-01  -2.163160E-01   5.226208E-02   0.000000E+00
  46    0.000000E+00   0.000000E+00   0.000000E+00   0.000000E+00   1.779852E-01
  47    4.907231E-03   9.056739E-02   6.366048E-02   9.925606E-02   0.000000E+00
  48    0.000000E+00   1.158990E-03   2.791195E-03   2.450140E-04   0.000000E+00
  49    1.158990E-03   4.688726E-02   7.082180E-02   6.216812E-03   0.000000E+00
  50   -2.791195E-03  -7.082180E-02  -9.800540E-02  -1.027822E-02   0.000000E+00
  51   -2.450140E-04  -6.216812E-03  -1.027822E-02   1.818169E-02   0.000000E+00
  52    0.000000E+00   0.000000E+00   0.000000E+00   0.000000E+00   1.908392E-02
  53    7.335966E-04   2.452346E-02   3.496098E-02  -1.108765E-02   0.000000E+00
  54    5.774994E-05   4.819993E-03   7.906021E-03   1.984856E-03   0.000000E+00
  55    5.716404E-07   3.553606E-02  -5.071306E-02   3.006718E-02   0.000000E+00
  56    3.553606E-02   3.535095E-01  -3.266334E-01   1.936571E-01   0.000000E+00
  57    5.071306E-02   3.266334E-01  -1.886475E-01   2.330909E-01   0.000000E+00
  58   -3.006718E-02  -1.936571E-01   2.330909E-01   6.630043E-02   0.000000E+00
  59    0.000000E+00   0.000000E+00   0.000000E+00   0.000000E+00   2.044973E-01
  60    5.114686E-03   9.329643E-02  -6.620893E-02   1.012925E-01   0.000000E+00
   
             6              7              8              9             10
   6    1.000000E+00
   7    2.483624E-01   1.000000E+00
   8    0.000000E+00   0.000000E+00   1.000000E+00
   9    0.000000E+00   0.000000E+00   0.000000E+00   1.000000E+00
  10    0.000000E+00   0.000000E+00   0.000000E+00   0.000000E+00   1.000000E+00
  11    8.203868E-07   3.731501E-02  -5.463815E-02  -2.903092E-02   0.000000E+00
  12    3.731501E-02   3.635573E-01  -3.418464E-01  -1.816334E-01   0.000000E+00
  13    5.463815E-02   3.418464E-01  -2.089501E-01  -2.237633E-01   0.000000E+00
  14    2.903092E-02   1.816334E-01  -2.237633E-01   9.329531E-02   0.000000E+00
  15    0.000000E+00   0.000000E+00   0.000000E+00   0.000000E+00   2.121876E-01
  16    0.000000E+00   1.551477E-03  -3.637739E-03   9.977251E-05   0.000000E+00
  17    1.551477E-03   5.546960E-02  -8.251837E-02   2.263237E-03   0.000000E+00
  18    3.637739E-03   8.251837E-02  -1.120994E-01   3.704754E-03   0.000000E+00
  19   -9.977251E-05  -2.263237E-03   3.704754E-03   2.287559E-02   0.000000E+00
  20    0.000000E+00   0.000000E+00   0.000000E+00   0.000000E+00   2.297720E-02
  21    0.000000E+00   3.793948E-04  -8.624485E-04   5.364308E-04   0.000000E+00
  22    3.793948E-04   2.483225E-02  -3.406067E-02   2.118526E-02   0.000000E+00
  23    8.624485E-04   3.406067E-02  -4.077429E-02   3.129514E-02   0.000000E+00
  24   -5.364308E-04  -2.118526E-02   3.129514E-02  -9.924559E-03   0.000000E+00
  25    0.000000E+00   0.000000E+00   0.000000E+00   0.000000E+00   9.540576E-03
  26    6.117741E-02   4.863787E-01   3.912738E-01  -2.506009E-01   0.000000E+00
  27    5.267886E-03   9.529470E-02  -7.222754E-02  -9.989066E-02   0.000000E+00
  28    1.095187E-05   1.731322E-03  -2.650033E-03   1.661945E-03   0.000000E+00
  29    0.000000E+00   2.479443E-06  -8.838318E-06  -1.611676E-06   0.000000E+00
  30    2.479443E-06   1.573620E-03  -3.074727E-03  -5.606794E-04   0.000000E+00
  31    8.838318E-06   3.074727E-03  -5.653592E-03  -1.126528E-03   0.000000E+00
  32    1.611676E-06   5.606794E-04  -1.126528E-03   3.187874E-04   0.000000E+00
  33    0.000000E+00   0.000000E+00   0.000000E+00   0.000000E+00   5.242109E-04
  34    0.000000E+00   9.932773E-10  -3.851566E-09  -1.192591E-10   0.000000E+00
  35    9.932773E-10   2.474949E-05  -6.195869E-05  -1.918475E-06   0.000000E+00
  36    3.851566E-09   6.195869E-05  -1.479060E-04  -4.821819E-06   0.000000E+00
  37    1.192591E-10   1.918475E-06  -4.821819E-06   7.669139E-06   0.000000E+00
  38    0.000000E+00   0.000000E+00   0.000000E+00   0.000000E+00   7.818441E-06
  39    8.743370E-09   2.421346E-05  -5.451328E-05   9.769485E-06   0.000000E+00
  40    5.592794E-06   1.150633E-03  -1.915926E-03  -9.351464E-04   0.000000E+00
  41    0.000000E+00   1.748657E-06  -4.446792E-06  -5.982712E-07   0.000000E+00
  42    0.000000E+00   1.047835E-03   1.362356E-03   2.166022E-03   0.000000E+00
  43    1.047835E-03   4.424995E-02   3.594528E-02   5.714973E-02   0.000000E+00
  44   -1.362356E-03  -3.594528E-02  -1.399982E-02  -5.072782E-02   0.000000E+00
  45   -2.166022E-03  -5.714973E-02  -5.072782E-02  -6.274634E-02   0.000000E+00
  46    0.000000E+00   0.000000E+00   0.000000E+00   0.000000E+00   1.790629E-02
  47    6.482744E-05   5.180288E-03   3.128998E-03   8.137354E-03   0.000000E+00
  48    0.000000E+00   1.187795E-04   2.936423E-04   1.852962E-04   0.000000E+00
  49    1.187795E-04   1.296821E-02   1.873342E-02   1.182129E-02   0.000000E+00
  50   -2.936423E-04  -1.873342E-02  -2.400496E-02  -1.814624E-02   0.000000E+00
  51   -1.852962E-04  -1.182129E-02  -1.814624E-02  -6.699034E-03   0.000000E+00
  52    0.000000E+00   0.000000E+00   0.000000E+00   0.000000E+00   4.751726E-03
  53    7.479033E-04   2.483919E-02   3.637629E-02   7.329233E-03   0.000000E+00
  54    3.261309E-06   8.302793E-04   1.314208E-03   8.571785E-04   0.000000E+00
  55    0.000000E+00   1.721209E-03  -1.889496E-03   3.516943E-03   0.000000E+00
  56    1.721209E-03   5.890337E-02  -4.120094E-02   7.668784E-02   0.000000E+00
  57    1.889496E-03   4.120094E-02  -7.215677E-03   5.914449E-02   0.000000E+00
  58   -3.516943E-03  -7.668784E-02   5.914449E-02  -8.552639E-02   0.000000E+00
  59    0.000000E+00   0.000000E+00   0.000000E+00   0.000000E+00   2.456001E-02
  60    8.553213E-05   6.161210E-03  -3.347034E-03   9.684980E-03   0.000000E+00
   
            11             12             13             14             15
  11    1.000000E+00
  12    2.483624E-01   1.000000E+00
  13    0.000000E+00   0.000000E+00   1.000000E+00
  14    0.000000E+00   0.000000E+00   0.000000E+00   1.000000E+00
  15    0.000000E+00   0.000000E+00   0.000000E+00   0.000000E+00   1.000000E+00
  16    5.716404E-07   3.553606E-02  -5.071306E-02   3.006718E-02   0.000000E+00
  17    3.553606E-02   3.535095E-01  -3.266334E-01   1.936571E-01   0.000000E+00
  18    5.071306E-02   3.266334E-01  -1.886475E-01   2.330909E-01   0.000000E+00
  19   -3.006718E-02  -1.936571E-01   2.330909E-01   6.630043E-02   0.000000E+00
  20    0.000000E+00   0.000000E+00   0.000000E+00   0.000000E+00   2.044973E-01
  21    0.000000E+00   1.721209E-03  -1.889496E-03   3.516943E-03   0.000000E+00
  22    1.721209E-03   5.890337E-02  -4.120094E-02   7.668784E-02   0.000000E+00
  23    1.889496E-03   4.120094E-02  -7.215677E-03   5.914449E-02   0.000000E+00
  24   -3.516943E-03  -7.668784E-02   5.914449E-02  -8.552639E-02   0.000000E+00
  25    0.000000E+00   0.000000E+00   0.000000E+00   0.000000E+00   2.456001E-02
  26    5.315940E-03   9.591861E-02   1.239131E-01   3.777669E-03   0.000000E+00
  27    6.102870E-02   4.857813E-01  -1.333401E-02  -4.640930E-01   0.000000E+00
  28    8.409860E-05   6.096248E-03  -6.133118E-03   8.082945E-03   0.000000E+00
  29    0.000000E+00   1.257045E-03  -3.013836E-03  -3.243776E-05   0.000000E+00
  30    1.257045E-03   4.912941E-02  -7.411060E-02  -7.976485E-04   0.000000E+00
  31    3.013836E-03   7.411060E-02  -1.024456E-01  -1.318868E-03   0.000000E+00
  32    3.243776E-05   7.976485E-04  -1.318868E-03   2.007797E-02   0.000000E+00
  33    0.000000E+00   0.000000E+00   0.000000E+00   0.000000E+00   2.009216E-02
  34    0.000000E+00   2.969516E-06  -1.057736E-05   1.418425E-06   0.000000E+00
  35    2.969516E-06   1.733922E-03  -3.391797E-03   4.548404E-04   0.000000E+00
  36    1.057736E-05   3.391797E-03  -6.251224E-03   9.159679E-04   0.000000E+00
  37   -1.418425E-06  -4.548404E-04   9.159679E-04   4.564236E-04   0.000000E+00
  38    0.000000E+00   0.000000E+00   0.000000E+00   0.000000E+00   5.792550E-04
  39    2.326393E-06   6.772238E-04  -1.201564E-03   4.841529E-04   0.000000E+00
  40    1.326212E-03   3.644478E-02  -4.762268E-02  -2.218553E-02   0.000000E+00
  41    2.837745E-07   1.918596E-04  -3.942908E-04  -1.134793E-05   0.000000E+00
  42    0.000000E+00   2.117594E-06   5.232719E-06   5.685856E-06   0.000000E+00
  43    2.117594E-06   1.445719E-03   1.955124E-03   2.124431E-03   0.000000E+00
  44   -5.232719E-06  -1.955124E-03  -2.235736E-03  -2.951406E-03   0.000000E+00
  45   -5.685856E-06  -2.124431E-03  -2.951406E-03  -2.726532E-03   0.000000E+00
  46    0.000000E+00   0.000000E+00   0.000000E+00   0.000000E+00   4.804558E-04
  47    2.796078E-07   1.901728E-04   2.098243E-04   3.301402E-04   0.000000E+00
  48    0.000000E+00   4.068450E-08   1.480037E-07   8.863563E-08   0.000000E+00
  49    4.068450E-08   1.756811E-04   3.413519E-04   2.044270E-04   0.000000E+00
  50   -1.480037E-07  -3.413519E-04  -6.139119E-04  -4.013326E-04   0.000000E+00
  51   -8.863563E-08  -2.044270E-04  -4.013326E-04  -1.841151E-04   0.000000E+00
  52    0.000000E+00   0.000000E+00   0.000000E+00   0.000000E+00   5.623276E-05
  53    2.840718E-06   7.638924E-04   1.388415E-03   4.208547E-04   0.000000E+00
  54    1.191138E-09   7.487542E-06   1.535859E-05   9.531517E-06   0.000000E+00
  55    0.000000E+00   3.978994E-04   3.251624E-05   1.060497E-03   0.000000E+00
  56    3.978994E-04   2.550851E-02   1.259654E-03   4.108283E-02   0.000000E+00
  57   -3.251624E-05  -1.259654E-03   9.754879E-03  -2.186225E-03   0.000000E+00
  58   -1.060497E-03  -4.108283E-02  -2.186225E-03  -6.148045E-02   0.000000E+00
  59    0.000000E+00   0.000000E+00   0.000000E+00   0.000000E+00   9.821912E-03
  60    1.146536E-05   1.780393E-03   9.666819E-05   3.209650E-03   0.000000E+00
   
            16             17             18             19             20
  16    1.000000E+00
  17    2.483624E-01   1.000000E+00
  18    0.000000E+00   0.000000E+00   1.000000E+00
  19    0.000000E+00   0.000000E+00   0.000000E+00   1.000000E+00
  20    0.000000E+00   0.000000E+00   0.000000E+00   0.000000E+00   1.000000E+00
  21    5.850666E-07   3.564737E-02   2.965142E-03   5.906382E-02   0.000000E+00
  22    3.564737E-02   3.541460E-01   1.906289E-02   3.797211E-01   0.000000E+00
  23   -2.965142E-03  -1.906289E-02   2.036441E-01  -2.663556E-02   0.000000E+00
  24   -5.906382E-02  -3.797211E-01  -2.663556E-02  -3.255829E-01   0.000000E+00
  25    0.000000E+00   0.000000E+00   0.000000E+00   0.000000E+00   2.049812E-01
  26    7.942685E-05   5.881757E-03   9.632506E-03  -1.876115E-03   0.000000E+00
  27    5.114686E-03   9.329643E-02   6.620893E-02  -1.012925E-01   0.000000E+00
  28    5.035218E-03   9.225424E-02  -4.678803E-02   1.103200E-01   0.000000E+00
  29    1.431417E-07   2.956747E-02  -4.263861E-02  -2.478161E-02   0.000000E+00
  30    2.956747E-02   3.177157E-01  -3.043981E-01  -1.769166E-01   0.000000E+00
  31    4.263861E-02   3.043981E-01  -1.942025E-01  -2.163160E-01   0.000000E+00
  32    2.478161E-02   1.769166E-01  -2.163160E-01   5.226208E-02   0.000000E+00
  33    0.000000E+00   0.000000E+00   0.000000E+00   0.000000E+00   1.779852E-01
  34    0.000000E+00   1.158990E-03  -2.791195E-03  -2.450140E-04   0.000000E+00
  35    1.158990E-03   4.688726E-02  -7.082180E-02  -6.216812E-03   0.000000E+00
  36    2.791195E-03   7.082180E-02  -9.800540E-02  -1.027822E-02   0.000000E+00
  37    2.450140E-04   6.216812E-03  -1.027822E-02   1.818169E-02   0.000000E+00
  38    0.000000E+00   0.000000E+00   0.000000E+00   0.000000E+00   1.908392E-02
  39    7.335966E-04   2.452346E-02  -3.496098E-02   1.108765E-02   0.000000E+00
  40    4.907231E-03   9.056739E-02  -6.366048E-02  -9.925606E-02   0.000000E+00
  41    5.774994E-05   4.819993E-03  -7.906021E-03  -1.984856E-03   0.000000E+00
  42    0.000000E+00   8.313468E-08   3.015903E-07   1.658009E-07   0.000000E+00
  43    8.313468E-08   2.567472E-04   4.988408E-04   2.742405E-04   0.000000E+00
  44   -3.015903E-07  -4.988408E-04  -8.987428E-04  -5.394648E-04   0.000000E+00
  45   -1.658009E-07  -2.742405E-04  -5.394648E-04  -2.140353E-04   0.000000E+00
  46    0.000000E+00   0.000000E+00   0.000000E+00   0.000000E+00   8.253842E-05
  47    6.810945E-08   8.196952E-05   1.337015E-04   1.150496E-04   0.000000E+00
  48    0.000000E+00   0.000000E+00   0.000000E+00   0.000000E+00   0.000000E+00
  49    0.000000E+00   7.014124E-06   1.776461E-05   5.522427E-06   0.000000E+00
  50    0.000000E+00  -1.776461E-05  -4.287835E-05  -1.401570E-05   0.000000E+00
  51    0.000000E+00  -5.522427E-06  -1.401570E-05  -2.149477E-06   0.000000E+00
  52    0.000000E+00   0.000000E+00   0.000000E+00   0.000000E+00   2.207539E-06
  53    8.127326E-09   2.318633E-05   5.290947E-05   4.972612E-06   0.000000E+00
  54    0.000000E+00   3.035051E-07   7.796759E-07   2.894722E-07   0.000000E+00
  55    0.000000E+00   1.593342E-03   1.987345E-03   3.152566E-03   0.000000E+00
  56    1.593342E-03   5.633000E-02   4.462557E-02   7.079048E-02   0.000000E+00
  57   -1.987345E-03  -4.462557E-02  -1.554861E-02  -6.174136E-02   0.000000E+00
  58   -3.152566E-03  -7.079048E-02  -6.174136E-02  -7.456913E-02   0.000000E+00
  59    0.000000E+00   0.000000E+00   0.000000E+00   0.000000E+00   2.337249E-02
  60    8.028312E-05   5.921399E-03   3.841835E-03   9.097138E-03   0.000000E+00
   
            21             22             23             24             25
  21    1.000000E+00
  22    2.483624E-01   1.000000E+00
  23    0.000000E+00   0.000000E+00   1.000000E+00
  24    0.000000E+00   0.000000E+00   0.000000E+00   1.000000E+00
  25    0.000000E+00   0.000000E+00   0.000000E+00   0.000000E+00   1.000000E+00
  26    1.095187E-05   1.731322E-03   2.650033E-03  -1.661945E-03   0.000000E+00
  27    8.553213E-05   6.161210E-03   3.347034E-03  -9.684980E-03   0.000000E+00
  28    6.117741E-02   4.863787E-01  -3.912738E-01   2.506009E-01   0.000000E+00
  29    0.000000E+00   1.047835E-03  -1.362356E-03  -2.166022E-03   0.000000E+00
  30    1.047835E-03   4.424995E-02  -3.594528E-02  -5.714973E-02   0.000000E+00
  31    1.362356E-03   3.594528E-02  -1.399982E-02  -5.072782E-02   0.000000E+00
  32    2.166022E-03   5.714973E-02  -5.072782E-02  -6.274634E-02   0.000000E+00
  33    0.000000E+00   0.000000E+00   0.000000E+00   0.000000E+00   1.790629E-02
  34    0.000000E+00   1.187795E-04  -2.936423E-04  -1.852962E-04   0.000000E+00
  35    1.187795E-04   1.296821E-02  -1.873342E-02  -1.182129E-02   0.000000E+00
  36    2.936423E-04   1.873342E-02  -2.400496E-02  -1.814624E-02   0.000000E+00
  37    1.852962E-04   1.182129E-02  -1.814624E-02  -6.699034E-03   0.000000E+00
  38    0.000000E+00   0.000000E+00   0.000000E+00   0.000000E+00   4.751726E-03
  39    7.479033E-04   2.483919E-02  -3.637629E-02  -7.329233E-03   0.000000E+00
  40    6.482744E-05   5.180288E-03  -3.128998E-03  -8.137354E-03   0.000000E+00
  41    3.261309E-06   8.302793E-04  -1.314208E-03  -8.571785E-04   0.000000E+00
  42    0.000000E+00   2.479443E-06   8.838318E-06   1.611676E-06   0.000000E+00
  43    2.479443E-06   1.573620E-03   3.074727E-03   5.606794E-04   0.000000E+00
  44   -8.838318E-06  -3.074727E-03  -5.653592E-03  -1.126528E-03   0.000000E+00
  45   -1.611676E-06  -5.606794E-04  -1.126528E-03   3.187874E-04   0.000000E+00
  46    0.000000E+00   0.000000E+00   0.000000E+00   0.000000E+00   5.242109E-04
  47    5.592794E-06   1.150633E-03   1.915926E-03   9.351464E-04   0.000000E+00
  48    0.000000E+00   9.932773E-10   3.851566E-09   1.192591E-10   0.000000E+00
  49    9.932773E-10   2.474949E-05   6.195869E-05   1.918475E-06   0.000000E+00
  50   -3.851566E-09  -6.195869E-05  -1.479060E-04  -4.821819E-06   0.000000E+00
  51   -1.192591E-10  -1.918475E-06  -4.821819E-06   7.669139E-06   0.000000E+00
  52    0.000000E+00   0.000000E+00   0.000000E+00   0.000000E+00   7.818441E-06
  53    8.743370E-09   2.421346E-05   5.451328E-05  -9.769485E-06   0.000000E+00
  54    0.000000E+00   1.748657E-06   4.446792E-06   5.982712E-07   0.000000E+00
  55    8.203868E-07   3.731501E-02   5.463815E-02   2.903092E-02   0.000000E+00
  56    3.731501E-02   3.635573E-01   3.418464E-01   1.816334E-01   0.000000E+00
  57   -5.463815E-02  -3.418464E-01  -2.089501E-01  -2.237633E-01   0.000000E+00
  58   -2.903092E-02  -1.816334E-01  -2.237633E-01   9.329531E-02   0.000000E+00
  59    0.000000E+00   0.000000E+00   0.000000E+00   0.000000E+00   2.121876E-01
  60    5.267886E-03   9.529470E-02   7.222754E-02   9.989066E-02   0.000000E+00
   
            26             27             28             29             30
  26    1.000000E+00
  27    5.104386E-02   1.000000E+00
  28    1.044690E-04   7.105971E-04   1.000000E+00
  29    2.357492E-07   1.132165E-03   8.450300E-04   1.000000E+00
  30    1.717598E-04   3.275690E-02   2.693658E-02   2.483624E-01   1.000000E+00
  31    3.552115E-04   4.381781E-02   6.305321E-03   0.000000E+00   0.000000E+00
  32    7.059841E-06  -1.887295E-02   3.944937E-02   0.000000E+00   0.000000E+00
  33    0.000000E+00   0.000000E+00   0.000000E+00   0.000000E+00   0.000000E+00
  34    0.000000E+00   5.752357E-06   8.618489E-04   2.238238E-06   4.283234E-02
  35    1.782372E-06   1.170426E-03   2.729222E-02   4.283234E-02   3.931364E-01
  36    4.557444E-06   1.989974E-03   2.427500E-02   6.526599E-02   3.747199E-01
  37   -3.369679E-07  -8.562791E-04   3.233067E-02  -2.802885E-02  -1.609256E-01
  38    0.000000E+00   0.000000E+00   0.000000E+00   0.000000E+00   0.000000E+00
  39    1.349946E-06   2.381114E-04   8.737808E-02   5.582260E-03   9.935226E-02
  40    2.463726E-04   6.214084E-02   2.439700E-03   6.078063E-02   4.847823E-01
  41    1.665678E-07   2.529067E-04   2.569559E-03   5.786726E-03   1.019618E-01
  42    8.450300E-04   1.807478E-07   2.357492E-07   0.000000E+00   0.000000E+00
  43    2.693658E-02   1.465887E-04   1.717598E-04   0.000000E+00   5.759968E-07
  44   -6.305321E-03  -1.704183E-04  -3.552115E-04   0.000000E+00  -1.472965E-06
  45   -3.944937E-02  -2.539629E-04  -7.059841E-06   0.000000E+00  -8.214783E-07
  46    0.000000E+00   0.000000E+00   0.000000E+00   0.000000E+00   0.000000E+00
  47    2.439700E-03   1.446313E-05   2.463726E-04   0.000000E+00   2.652950E-07
  48    8.618489E-04   1.625072E-08   0.000000E+00   0.000000E+00   0.000000E+00
  49    2.729222E-02   3.497971E-05   1.782372E-06   0.000000E+00   6.160926E-09
  50   -2.427500E-02  -5.906609E-05  -4.557444E-06   0.000000E+00  -1.953816E-08
  51   -3.233067E-02  -5.184186E-05   3.369679E-07   0.000000E+00  -7.149431E-09
  52    0.000000E+00   0.000000E+00   0.000000E+00   0.000000E+00   0.000000E+00
  53    8.737808E-02   2.906497E-04   1.349946E-06   0.000000E+00   7.882889E-08
  54    2.569559E-03   1.566010E-06   1.665678E-07   0.000000E+00   2.277194E-10
  55    8.409860E-05   1.146536E-05   5.315940E-03   0.000000E+00   2.117594E-06
  56    6.096248E-03   1.780393E-03   9.591861E-02   2.117594E-06   1.445719E-03
  57    6.133118E-03  -9.666819E-05  -1.239131E-01  -5.232719E-06  -1.955124E-03
  58   -8.082945E-03  -3.209650E-03  -3.777669E-03  -5.685856E-06  -2.124431E-03
  59    0.000000E+00   0.000000E+00   0.000000E+00   0.000000E+00   0.000000E+00
  60    7.105971E-04   1.073879E-04   5.104386E-02   1.807478E-07   1.465887E-04
   
            31             32             33             34             35
  31    1.000000E+00
  32    0.000000E+00   1.000000E+00
  33    0.000000E+00   0.000000E+00   1.000000E+00
  34   -6.526599E-02   2.802885E-02   0.000000E+00   1.000000E+00
  35   -3.747199E-01   1.609256E-01   0.000000E+00   2.483624E-01   1.000000E+00
  36   -2.404894E-01   2.044048E-01   0.000000E+00   0.000000E+00   0.000000E+00
  37    2.044048E-01   1.476903E-01   0.000000E+00   0.000000E+00   0.000000E+00
  38    0.000000E+00   0.000000E+00   2.354730E-01   0.000000E+00   0.000000E+00
  39   -8.430973E-02   9.607847E-02   0.000000E+00   6.141061E-02   4.873131E-01
  40    4.630559E-02  -4.613603E-01   0.000000E+00   6.086937E-03   1.057536E-01
  41   -1.305750E-01  -6.543174E-03   0.000000E+00   6.137647E-02   4.871765E-01
  42    0.000000E+00   0.000000E+00   0.000000E+00   0.000000E+00   0.000000E+00
  43    1.472965E-06   8.214783E-07   0.000000E+00   0.000000E+00   6.160926E-09
  44   -3.588218E-06  -2.101964E-06   0.000000E+00   0.000000E+00  -1.953816E-08
  45   -2.101964E-06  -9.915293E-07   0.000000E+00   0.000000E+00  -7.149431E-09
  46    0.000000E+00   0.000000E+00   1.807441E-07   0.000000E+00   0.000000E+00
  47    5.736179E-07   4.522137E-07   0.000000E+00   0.000000E+00   8.614158E-09
  48    0.000000E+00   0.000000E+00   0.000000E+00   0.000000E+00   0.000000E+00
  49    1.953816E-08   7.149431E-09   0.000000E+00   0.000000E+00   0.000000E+00
  50   -6.003037E-08  -2.267300E-08   0.000000E+00   0.000000E+00   0.000000E+00
  51   -2.267300E-08  -6.365530E-09   0.000000E+00   0.000000E+00   0.000000E+00
  52    0.000000E+00   0.000000E+00   1.931009E-09   0.000000E+00   0.000000E+00
  53    2.223102E-07   4.234758E-08   0.000000E+00   0.000000E+00   2.636463E-10
  54    7.110011E-10   2.906320E-10   0.000000E+00   0.000000E+00   0.000000E+00
  55    5.232719E-06   5.685856E-06   0.000000E+00   0.000000E+00   4.068450E-08
  56    1.955124E-03   2.124431E-03   0.000000E+00   4.068450E-08   1.756811E-04
  57   -2.235736E-03  -2.951406E-03   0.000000E+00  -1.480037E-07  -3.413519E-04
  58   -2.951406E-03  -2.726532E-03   0.000000E+00  -8.863563E-08  -2.044270E-04
  59    0.000000E+00   0.000000E+00   4.804558E-04   0.000000E+00   0.000000E+00
  60    1.704183E-04   2.539629E-04   0.000000E+00   1.625072E-08   3.497971E-05
   
            36             37             38             39             40
  36    1.000000E+00
  37    0.000000E+00   1.000000E+00
  38    0.000000E+00   0.000000E+00   1.000000E+00
  39   -7.602612E-02   4.589563E-01   0.000000E+00   1.000000E+00
  40    8.603791E-02  -1.039666E-01   0.000000E+00   1.455418E-02   1.000000E+00
  41   -3.785249E-01  -2.703018E-01   0.000000E+00   1.492778E-01   5.478315E-02
  42    0.000000E+00   0.000000E+00   0.000000E+00   0.000000E+00   0.000000E+00
  43    1.953816E-08   7.149431E-09   0.000000E+00   7.882889E-08   2.652950E-07
  44   -6.003037E-08  -2.267300E-08   0.000000E+00  -2.223102E-07  -5.736179E-07
  45   -2.267300E-08  -6.365530E-09   0.000000E+00  -4.234758E-08  -4.522137E-07
  46    0.000000E+00   0.000000E+00   1.931009E-09   0.000000E+00   0.000000E+00
  47    2.317848E-08   1.269254E-08   0.000000E+00   1.480081E-07   6.509444E-08
  48    0.000000E+00   0.000000E+00   0.000000E+00   0.000000E+00   0.000000E+00
  49    0.000000E+00   0.000000E+00   0.000000E+00   2.636463E-10   8.614158E-09
  50    0.000000E+00   0.000000E+00   0.000000E+00  -8.824629E-10  -2.317848E-08
  51    0.000000E+00   0.000000E+00   0.000000E+00  -8.115519E-11  -1.269254E-08
  52    0.000000E+00   0.000000E+00   0.000000E+00   0.000000E+00   0.000000E+00
  53    8.824629E-10   8.115519E-11   0.000000E+00   1.000463E-09   1.480081E-07
  54    0.000000E+00   0.000000E+00   0.000000E+00   0.000000E+00   2.910896E-10
  55    1.480037E-07   8.863563E-08   0.000000E+00   2.840718E-06   2.796078E-07
  56    3.413519E-04   2.044270E-04   0.000000E+00   7.638924E-04   1.901728E-04
  57   -6.139119E-04  -4.013326E-04   0.000000E+00  -1.388415E-03  -2.098243E-04
  58   -4.013326E-04  -1.841151E-04   0.000000E+00  -4.208547E-04  -3.301402E-04
  59    0.000000E+00   0.000000E+00   5.623276E-05   0.000000E+00   0.000000E+00
  60    5.906609E-05   5.184186E-05   0.000000E+00   2.906497E-04   1.446313E-05
   
            41             42             43             44             45
  41    1.000000E+00
  42    0.000000E+00   1.000000E+00
  43    2.277194E-10   2.483624E-01   1.000000E+00
  44   -7.110011E-10   0.000000E+00   0.000000E+00   1.000000E+00
  45   -2.906320E-10   0.000000E+00   0.000000E+00   0.000000E+00   1.000000E+00
  46    0.000000E+00   0.000000E+00   0.000000E+00   0.000000E+00   0.000000E+00
  47    2.910896E-10   6.078063E-02   4.847823E-01  -4.630559E-02   4.613603E-01
  48    0.000000E+00   2.238238E-06   4.283234E-02   6.526599E-02  -2.802885E-02
  49    0.000000E+00   4.283234E-02   3.931364E-01   3.747199E-01  -1.609256E-01
  50    0.000000E+00  -6.526599E-02  -3.747199E-01  -2.404894E-01   2.044048E-01
  51    0.000000E+00   2.802885E-02   1.609256E-01   2.044048E-01   1.476903E-01
  52    0.000000E+00   0.000000E+00   0.000000E+00   0.000000E+00   0.000000E+00
  53    0.000000E+00   5.582260E-03   9.935226E-02   8.430973E-02  -9.607847E-02
  54    0.000000E+00   5.786726E-03   1.019618E-01   1.305750E-01   6.543174E-03
  55    1.191138E-09   0.000000E+00   1.257045E-03  -3.013836E-03  -3.243776E-05
  56    7.487542E-06   1.257045E-03   4.912941E-02  -7.411060E-02  -7.976485E-04
  57   -1.535859E-05   3.013836E-03   7.411060E-02  -1.024456E-01  -1.318868E-03
  58   -9.531517E-06   3.243776E-05   7.976485E-04  -1.318868E-03   2.007797E-02
  59    0.000000E+00   0.000000E+00   0.000000E+00   0.000000E+00   0.000000E+00
  60    1.566010E-06   1.132165E-03   3.275690E-02  -4.381781E-02   1.887295E-02
   
            46             47             48             49             50
  46    1.000000E+00
  47    0.000000E+00   1.000000E+00
  48    0.000000E+00   6.086937E-03   1.000000E+00
  49    0.000000E+00   1.057536E-01   2.483624E-01   1.000000E+00
  50    0.000000E+00  -8.603791E-02   0.000000E+00   0.000000E+00   1.000000E+00
  51    0.000000E+00   1.039666E-01   0.000000E+00   0.000000E+00   0.000000E+00
  52    2.354730E-01   0.000000E+00   0.000000E+00   0.000000E+00   0.000000E+00
  53    0.000000E+00   1.455418E-02   6.141061E-02   4.873131E-01   7.602612E-02
  54    0.000000E+00   5.478315E-02   6.137647E-02   4.871765E-01   3.785249E-01
  55    0.000000E+00   1.326212E-03   0.000000E+00   2.969516E-06  -1.057736E-05
  56    0.000000E+00   3.644478E-02   2.969516E-06   1.733922E-03  -3.391797E-03
  57    0.000000E+00   4.762268E-02   1.057736E-05   3.391797E-03  -6.251224E-03
  58    0.000000E+00   2.218553E-02  -1.418425E-06  -4.548404E-04   9.159679E-04
  59    2.009216E-02   0.000000E+00   0.000000E+00   0.000000E+00   0.000000E+00
  60    0.000000E+00   6.214084E-02   5.752357E-06   1.170426E-03  -1.989974E-03
   
            51             52             53             54             55
  51    1.000000E+00
  52    0.000000E+00   1.000000E+00
  53   -4.589563E-01   0.000000E+00   1.000000E+00
  54    2.703018E-01   0.000000E+00   1.492778E-01   1.000000E+00
  55    1.418425E-06   0.000000E+00   2.326393E-06   2.837745E-07   1.000000E+00
  56    4.548404E-04   0.000000E+00   6.772238E-04   1.918596E-04   2.483624E-01
  57    9.159679E-04   0.000000E+00   1.201564E-03   3.942908E-04   0.000000E+00
  58    4.564236E-04   0.000000E+00  -4.841529E-04   1.134793E-05   0.000000E+00
  59    0.000000E+00   5.792550E-04   0.000000E+00   0.000000E+00   0.000000E+00
  60    8.562791E-04   0.000000E+00   2.381114E-04   2.529067E-04   6.102870E-02
   
            56             57             58             59             60
  56    1.000000E+00
  57    0.000000E+00   1.000000E+00
  58    0.000000E+00   0.000000E+00   1.000000E+00
  59    0.000000E+00   0.000000E+00   0.000000E+00   1.000000E+00
  60    4.857813E-01   1.333401E-02   4.640930E-01   0.000000E+00   1.000000E+00
   
  smallest eigenvalue of S:    1.814E-01
  number of canonical orbitals.....           60
  end of program onee
   
 Time(onee)  user:       0.183  user+sys:       0.183  wallclock:       0.338
  
  start of program hfig
  
  initial wavefunction generated automatically from atomic wavefunctions
 
  Irreducible     Total no   No of occupied orbitals 
  representation  orbitals   Shell_1  Shell_2    ...
  Ag                25         15
  Bg                 5          3
  Au                 5          2
  Bu                25         15
  ------------------------
  Orbital occupation/shell    1.000
 
  end of program hfig
   
 Time(hfig)  user:       0.590  user+sys:       0.590  wallclock:       0.551
  
  start of program probe
  
  end of program probe
   
 Time(probe)  user:       0.142  user+sys:       0.142  wallclock:       0.108
  
  start of program grid
  
   grid     grid set  grid #  grid sym
  ------    --------  ------  --------
  coarse        0        0        1
  medium        0        0        1
  fine          0        0        1
  ultrafine     0        0        1
  charge        0        0        1
  gradient      0        0        1
  density       0        0        1
  DFT-fine      0        0        1
  DFT-med.      0        0        1
  DFT-grad      0        0        1
  DFT-der2      0        0        1
  DFT-cphf      0        0        1
  LMP2-enrg     0        0        1
  LMP2-grad     0        0        1
  DFT-cphf2     0        0        1
  PBF-dens      0        0        1
  plotting      0        0        1
  Rel-grad    -17        0        1
  Extreme       0        0        1
  Extreme-G     0        0        1
  
  number of gridpoints: 
                 total
   
  end of program grid
   
 Time(grid)  user:       0.215  user+sys:       0.215  wallclock:       0.080
  
  start of program scf
  
 number of electrons..........         70
 number of alpha electrons....         35
 number of beta electrons.....         35
 number of orbitals, total....         60
 number of doubly-occ'd orbs..         35
 number of open shell orbs....          0
 number of occupied orbitals..         35
 number of virtual orbitals...         25
 number of hamiltonians.......          1
 number of shells.............          1
 SCF type: HF
 Energy computed using fully analytic integrals.
 Convergence Criteria:
    Energy (econv):       5.00E-05
    RMS density (dconv):  1.00E-04
  
       i  u  d  i  g                   
       t  p  i  c  r                                 RMS    maximum
       e  d  i  u  i                       energy  density   DIIS  
       r  t  s  t  d       total energy    change  change    error 
  
etot    1  N  N  0  N    -379.56010454636           8.5E-03  1.1E-01
etot    2  Y  Y  0  N    -379.75996847517  2.0E-01  2.1E-03  1.8E-02
etot    3  N  Y  0  N    -379.76876580809  8.8E-03  5.0E-04  3.4E-03
etot    4  Y  Y  0  N    -379.76908549566  3.2E-04  1.2E-04  1.8E-03
etot    5  Y  Y  0  N    -379.76912679856  4.1E-05  2.0E-05  2.8E-04
etot    6  N  N  0  N    -379.76910676521 -2.0E-05  0.0E+00  0.0E+00
  
  
 Energy components, in hartrees:
   (A)  Nuclear repulsion............     445.89932156785
   (E)  Total one-electron terms.....   -1400.14409562508
   (I)  Total two-electron terms.....     574.47566729202
   (L)  Electronic energy............    -825.66842833306  (E+I)
   (N)  Total energy.................    -379.76910676521  (A+L)
   (O)  Gas phase energy.............    -379.76910676521
  
 SCFE: SCF energy: HF      -379.76910676521 hartrees   iterations:   6
  
 
 HOMO energy:    -0.22226
 LUMO energy:     0.19884
 
  Orbital energies (hartrees)/symmetry label: 
   -11.04059 Bu        -11.04053 Ag        -11.03177 Bu        -11.03177 Ag     
   -11.02891 Bu        -11.02880 Ag        -11.02837 Bu        -11.02832 Ag     
   -11.01768 Bu        -11.01768 Ag         -1.09037 Ag         -1.02032 Bu     
    -0.97504 Ag         -0.95015 Bu         -0.90987 Bu         -0.80012 Ag     
    -0.76257 Ag         -0.72793 Bu         -0.69708 Ag         -0.62786 Ag     
    -0.60590 Bu         -0.57246 Bu         -0.55391 Bu         -0.55335 Ag     
    -0.52485 Bu         -0.49695 Bu         -0.49287 Ag         -0.46380 Au     
    -0.44666 Bu         -0.42140 Ag         -0.41563 Ag         -0.37708 Bg     
    -0.31524 Au         -0.27828 Bg         -0.22226 Bg          0.19884 Au     
     0.26882 Au          0.30868 Bg          0.39708 Au          0.52202 Bg     
     0.56471 Ag          0.57565 Bu          0.62172 Ag          0.62559 Bu     
     0.65887 Ag          0.66020 Bu          0.67831 Bu          0.69450 Ag     
     0.70557 Bu          0.74006 Ag          0.80297 Ag          0.82500 Bu     
     0.86015 Ag          0.88880 Bu          0.92118 Bu          0.93977 Ag     
     0.99025 Ag          1.02716 Bu          1.10828 Ag          1.12528 Bu     
 
  end of program scf
   
 Time(scf)  user:       0.968  user+sys:       0.968  wallclock:       1.310
  
  start of program ch
  
  Atomic charges from Mulliken population analysis: 
   
 Atom       C1           C2           C3           C4           C5      
 Charge    0.00174     -0.06043     -0.05962      0.00174     -0.06043
   
 Atom       H6           H7           H8           C9           C10     
 Charge    0.06048      0.05837      0.06048     -0.05529     -0.12380
   
 Atom       H11          H12          H13          C14          H15     
 Charge    0.05922      0.05787      0.06147     -0.05529      0.05787
   
 Atom       C16          H17          H18          C19          H20     
 Charge   -0.12380      0.05922      0.06147     -0.05962      0.05837
  
  sum of atomic charges:     0.000000
   
  end of program ch
   
 Time(ch)  user:       0.241  user+sys:       0.241  wallclock:       0.746
  
  start of program post
  
  
 ***************************************** 
 
 occupied + virtual orbitals: final wave function in AO space
 
 ***************************************** 
   
   
                              1         2         3         4         5
  eigenvalues-            -11.04059 -11.04053 -11.03177 -11.03177 -11.02891
  occupations-              2.00000   2.00000   2.00000   2.00000   2.00000
    1 C1               S    0.70148   0.70154  -0.00992  -0.01025   0.00289
    2 C1               S    0.02527   0.02519   0.00379   0.00374   0.00277
    3 C1               X   -0.00063  -0.00045   0.00264   0.00263   0.00083
    4 C1               Y   -0.00022  -0.00012   0.00139   0.00138  -0.00341
    5 C1               Z    0.00000   0.00000   0.00000   0.00000   0.00000
    6 C2               S    0.00592   0.00351   0.00206   0.00440  -0.64649
    7 C2               S   -0.00473  -0.00456  -0.00003   0.00007  -0.02146
    8 C2               X   -0.00011  -0.00015  -0.00000  -0.00004  -0.00033
    9 C2               Y   -0.00312  -0.00313   0.00002   0.00005  -0.00090
   10 C2               Z    0.00000   0.00000   0.00000   0.00000   0.00000
   11 C3               S   -0.00577   0.00323  -0.00308   0.00525  -0.27301
   12 C3               S    0.00477  -0.00461  -0.00005   0.00016  -0.00515
   13 C3               X   -0.00267   0.00271   0.00003  -0.00003   0.00244
   14 C3               Y    0.00164  -0.00165   0.00001   0.00006   0.00106
   15 C3               Z    0.00000   0.00000   0.00000   0.00000   0.00000
   16 C4               S   -0.70148   0.70154   0.00992  -0.01025  -0.00289
   17 C4               S   -0.02527   0.02519  -0.00379   0.00374  -0.00277
   18 C4               X   -0.00063   0.00045   0.00264  -0.00263   0.00083
   19 C4               Y   -0.00022   0.00012   0.00139  -0.00138  -0.00341
   20 C4               Z    0.00000   0.00000   0.00000   0.00000   0.00000
   21 C5               S   -0.00592   0.00351  -0.00206   0.00440   0.64649
   22 C5               S    0.00473  -0.00456   0.00003   0.00007   0.02146
   23 C5               X   -0.00011   0.00015  -0.00000   0.00004  -0.00033
   24 C5               Y   -0.00312   0.00313   0.00002  -0.00005  -0.00090
   25 C5               Z    0.00000   0.00000   0.00000   0.00000   0.00000
   26 H6               S    0.00005  -0.00003   0.00009   0.00009   0.00429
   27 H7               S   -0.00006  -0.00002   0.00000  -0.00001   0.00171
   28 H8               S   -0.00005  -0.00003  -0.00009   0.00009  -0.00429
   29 C9               S    0.00918  -0.00951   0.70136  -0.70133   0.00077
   30 C9               S    0.00450  -0.00456   0.02501  -0.02500   0.00014
   31 C9               X    0.00253  -0.00256  -0.00076   0.00077   0.00007
   32 C9               Y    0.00153  -0.00155   0.00027  -0.00027   0.00000
   33 C9               Z    0.00000   0.00000   0.00000   0.00000   0.00000
   34 C10              S    0.00053  -0.00050   0.01774  -0.01774  -0.00086
   35 C10              S   -0.00018   0.00019  -0.00474   0.00474  -0.00006
   36 C10              X   -0.00008   0.00009  -0.00294   0.00294  -0.00003
   37 C10              Y   -0.00007   0.00007   0.00123  -0.00123  -0.00005
   38 C10              Z    0.00000   0.00000   0.00000   0.00000   0.00000
   39 H11              S    0.00010  -0.00010  -0.00006   0.00006   0.00010
   40 H12              S   -0.00009   0.00009  -0.00478   0.00478  -0.00002
   41 H13              S    0.00002  -0.00002  -0.00004   0.00004  -0.00001
   42 C14              S   -0.00918  -0.00951  -0.70136  -0.70133  -0.00077
   43 C14              S   -0.00450  -0.00456  -0.02501  -0.02500  -0.00014
   44 C14              X    0.00253   0.00256  -0.00076  -0.00077   0.00007
   45 C14              Y    0.00153   0.00155   0.00027   0.00027   0.00000
   46 C14              Z    0.00000   0.00000   0.00000   0.00000   0.00000
   47 H15              S    0.00009   0.00009   0.00478   0.00478   0.00002
   48 C16              S   -0.00053  -0.00050  -0.01774  -0.01774   0.00086
   49 C16              S    0.00018   0.00019   0.00474   0.00474   0.00006
   50 C16              X   -0.00008  -0.00009  -0.00294  -0.00294  -0.00003
   51 C16              Y   -0.00007  -0.00007   0.00123   0.00123  -0.00005
   52 C16              Z    0.00000   0.00000   0.00000   0.00000   0.00000
   53 H17              S   -0.00010  -0.00010   0.00006   0.00006  -0.00010
   54 H18              S   -0.00002  -0.00002   0.00004   0.00004   0.00001
   55 C19              S    0.00577   0.00323   0.00308   0.00525   0.27301
   56 C19              S   -0.00477  -0.00461   0.00005   0.00016   0.00515
   57 C19              X   -0.00267  -0.00271   0.00003   0.00003   0.00244
   58 C19              Y    0.00164   0.00165   0.00001  -0.00006   0.00106
   59 C19              Z    0.00000   0.00000   0.00000   0.00000   0.00000
   60 H20              S    0.00006  -0.00002  -0.00000  -0.00001  -0.00171
   
                              6         7         8         9        10
  eigenvalues-            -11.02880 -11.02837 -11.02832 -11.01768 -11.01768
  occupations-              2.00000   2.00000   2.00000   2.00000   2.00000
    1 C1               S    0.00339   0.00682  -0.00168   0.00028   0.00024
    2 C1               S    0.00586   0.00677  -0.00330   0.00027   0.00027
    3 C1               X   -0.00089  -0.00256   0.00256   0.00010   0.00010
    4 C1               Y   -0.00260   0.00018  -0.00234   0.00009   0.00009
    5 C1               Z    0.00000   0.00000   0.00000   0.00000   0.00000
    6 C2               S   -0.67638  -0.27247  -0.18649   0.00109   0.00111
    7 C2               S   -0.02312  -0.01464  -0.01135   0.00000  -0.00001
    8 C2               X   -0.00022   0.00286   0.00293  -0.00008  -0.00008
    9 C2               Y   -0.00059   0.00111   0.00134  -0.00003  -0.00003
   10 C2               Z    0.00000   0.00000   0.00000   0.00000   0.00000
   11 C3               S   -0.18703   0.64626   0.67623  -0.00028   0.00044
   12 C3               S   -0.00210   0.02544   0.02564   0.00001  -0.00007
   13 C3               X    0.00269   0.00114   0.00087  -0.00006   0.00002
   14 C3               Y    0.00138   0.00139   0.00095  -0.00001  -0.00001
   15 C3               Z    0.00000   0.00000   0.00000   0.00000   0.00000
   16 C4               S    0.00339  -0.00682  -0.00168  -0.00028   0.00024
   17 C4               S    0.00586  -0.00677  -0.00330  -0.00027   0.00027
   18 C4               X    0.00089  -0.00256  -0.00256   0.00010  -0.00010
   19 C4               Y    0.00260   0.00018   0.00234   0.00009  -0.00009
   20 C4               Z    0.00000   0.00000   0.00000   0.00000   0.00000
   21 C5               S   -0.67638   0.27247  -0.18649  -0.00109   0.00111
   22 C5               S   -0.02312   0.01464  -0.01135  -0.00000  -0.00001
   23 C5               X    0.00022   0.00286  -0.00293  -0.00008   0.00008
   24 C5               Y    0.00059   0.00111  -0.00134  -0.00003   0.00003
   25 C5               Z    0.00000   0.00000   0.00000   0.00000   0.00000
   26 H6               S    0.00463   0.00195   0.00127   0.00005   0.00005
   27 H7               S    0.00128  -0.00438  -0.00461   0.00000  -0.00001
   28 H8               S    0.00463  -0.00195   0.00127  -0.00005   0.00005
   29 C9               S   -0.00576   0.00377   0.00394   0.01731  -0.01730
   30 C9               S   -0.00035   0.00042   0.00022   0.00603  -0.00603
   31 C9               X    0.00002   0.00005  -0.00003  -0.00296   0.00296
   32 C9               Y   -0.00004   0.00009   0.00000   0.00130  -0.00130
   33 C9               Z    0.00000   0.00000   0.00000   0.00000   0.00000
   34 C10              S    0.00101  -0.00057  -0.00003  -0.70144   0.70144
   35 C10              S    0.00016  -0.00013  -0.00007  -0.02536   0.02536
   36 C10              X    0.00009  -0.00007  -0.00006  -0.00101   0.00101
   37 C10              Y    0.00005  -0.00002   0.00001   0.00047  -0.00047
   38 C10              Z    0.00000   0.00000   0.00000   0.00000   0.00000
   39 H11              S   -0.00011   0.00006  -0.00004   0.00473  -0.00473
   40 H12              S    0.00011  -0.00009  -0.00007  -0.00018   0.00018
   41 H13              S    0.00001  -0.00000  -0.00000   0.00475  -0.00475
   42 C14              S   -0.00576  -0.00377   0.00394  -0.01731  -0.01730
   43 C14              S   -0.00035  -0.00042   0.00022  -0.00603  -0.00603
   44 C14              X   -0.00002   0.00005   0.00003  -0.00296  -0.00296
   45 C14              Y    0.00004   0.00009  -0.00000   0.00130   0.00130
   46 C14              Z    0.00000   0.00000   0.00000   0.00000   0.00000
   47 H15              S    0.00011   0.00009  -0.00007   0.00018   0.00018
   48 C16              S    0.00101   0.00057  -0.00003   0.70144   0.70144
   49 C16              S    0.00016   0.00013  -0.00007   0.02536   0.02536
   50 C16              X   -0.00009  -0.00007   0.00006  -0.00101  -0.00101
   51 C16              Y   -0.00005  -0.00002  -0.00001   0.00047   0.00047
   52 C16              Z    0.00000   0.00000   0.00000   0.00000   0.00000
   53 H17              S   -0.00011  -0.00006  -0.00004  -0.00473  -0.00473
   54 H18              S    0.00001   0.00000  -0.00000  -0.00475  -0.00475
   55 C19              S   -0.18703  -0.64626   0.67623   0.00028   0.00044
   56 C19              S   -0.00210  -0.02544   0.02564  -0.00001  -0.00007
   57 C19              X   -0.00269   0.00114  -0.00087  -0.00006  -0.00002
   58 C19              Y   -0.00138   0.00139  -0.00095  -0.00001   0.00001
   59 C19              Z    0.00000   0.00000   0.00000   0.00000   0.00000
   60 H20              S    0.00128   0.00438  -0.00461  -0.00000  -0.00001
   
                             11        12        13        14        15
  eigenvalues-             -1.09037  -1.02032  -0.97504  -0.95015  -0.90987
  occupations-              2.00000   2.00000   2.00000   2.00000   2.00000
    1 C1               S   -0.10667   0.10132   0.00309   0.01163  -0.10029
    2 C1               S    0.27530  -0.27089  -0.01050  -0.03188   0.27906
    3 C1               X   -0.03463  -0.02872  -0.08506   0.06164  -0.05028
    4 C1               Y   -0.01737  -0.01390  -0.04025  -0.11115  -0.03611
    5 C1               Z    0.00000   0.00000   0.00000   0.00000   0.00000
    6 C2               S   -0.09650   0.04177  -0.04183  -0.11949  -0.07161
    7 C2               S    0.24718  -0.11128   0.11057   0.32583   0.19914
    8 C2               X   -0.04378  -0.02705  -0.04261  -0.05626   0.02742
    9 C2               Y    0.03249  -0.05696  -0.01240  -0.05093   0.07037
   10 C2               Z    0.00000   0.00000   0.00000   0.00000   0.00000
   11 C3               S   -0.09668  -0.03761  -0.04591  -0.13075   0.04281
   12 C3               S    0.24727   0.09970   0.12219   0.35667  -0.11944
   13 C3               X   -0.00288  -0.06304   0.02831   0.05587   0.09964
   14 C3               Y    0.05397   0.00884   0.02587   0.02041  -0.00828
   15 C3               Z    0.00000   0.00000   0.00000   0.00000   0.00000
   16 C4               S   -0.10667  -0.10132   0.00309  -0.01163   0.10029
   17 C4               S    0.27530   0.27089  -0.01050   0.03188  -0.27906
   18 C4               X    0.03463  -0.02872   0.08506   0.06164  -0.05028
   19 C4               Y    0.01737  -0.01390   0.04025  -0.11115  -0.03611
   20 C4               Z    0.00000   0.00000   0.00000   0.00000   0.00000
   21 C5               S   -0.09650  -0.04177  -0.04183   0.11949   0.07161
   22 C5               S    0.24718   0.11128   0.11057  -0.32583  -0.19914
   23 C5               X    0.04378  -0.02705   0.04261  -0.05626   0.02742
   24 C5               Y   -0.03249  -0.05696   0.01240  -0.05093   0.07037
   25 C5               Z    0.00000   0.00000   0.00000   0.00000   0.00000
   26 H6               S    0.04431  -0.02933   0.01828   0.09009   0.05381
   27 H7               S    0.04418   0.02577   0.02376   0.09807  -0.03452
   28 H8               S    0.04431   0.02933   0.01828  -0.09009  -0.05381
   29 C9               S   -0.04967  -0.11309   0.11771  -0.00065  -0.05077
   30 C9               S    0.12873   0.29878  -0.31461   0.00226   0.13625
   31 C9               X    0.02136  -0.00592   0.07085   0.02172  -0.13422
   32 C9               Y    0.02225   0.03763  -0.02714  -0.01318  -0.00288
   33 C9               Z    0.00000   0.00000   0.00000   0.00000   0.00000
   34 C10              S   -0.02513  -0.08137   0.11631   0.01226  -0.10681
   35 C10              S    0.06473   0.21356  -0.30998  -0.03261   0.29240
   36 C10              X    0.02355   0.06097  -0.06885  -0.00503   0.03119
   37 C10              Y   -0.00609  -0.02082   0.03027  -0.00272  -0.02654
   38 C10              Z    0.00000   0.00000   0.00000   0.00000   0.00000
   39 H11              S    0.01395   0.04882  -0.07426  -0.01235   0.07694
   40 H12              S    0.02542   0.06675  -0.07622   0.00932   0.03766
   41 H13              S    0.01083   0.04449  -0.07483  -0.00750   0.08818
   42 C14              S   -0.04967   0.11309   0.11771   0.00065   0.05077
   43 C14              S    0.12873  -0.29878  -0.31461  -0.00226  -0.13625
   44 C14              X   -0.02136  -0.00592  -0.07085   0.02172  -0.13422
   45 C14              Y   -0.02225   0.03763   0.02714  -0.01318  -0.00288
   46 C14              Z    0.00000   0.00000   0.00000   0.00000   0.00000
   47 H15              S    0.02542  -0.06675  -0.07622  -0.00932  -0.03766
   48 C16              S   -0.02513   0.08137   0.11631  -0.01226   0.10681
   49 C16              S    0.06473  -0.21356  -0.30998   0.03261  -0.29240
   50 C16              X   -0.02355   0.06097   0.06885  -0.00503   0.03119
   51 C16              Y    0.00609  -0.02082  -0.03027  -0.00272  -0.02654
   52 C16              Z    0.00000   0.00000   0.00000   0.00000   0.00000
   53 H17              S    0.01395  -0.04882  -0.07426   0.01235  -0.07694
   54 H18              S    0.01083  -0.04449  -0.07483   0.00750  -0.08818
   55 C19              S   -0.09668   0.03761  -0.04591   0.13075  -0.04281
   56 C19              S    0.24727  -0.09970   0.12219  -0.35667   0.11944
   57 C19              X    0.00288  -0.06304  -0.02831   0.05587   0.09964
   58 C19              Y   -0.05397   0.00884  -0.02587   0.02041  -0.00828
   59 C19              Z    0.00000   0.00000   0.00000   0.00000   0.00000
   60 H20              S    0.04418  -0.02577   0.02376  -0.09807   0.03452
   
                             16        17        18        19        20
  eigenvalues-             -0.80012  -0.76257  -0.72793  -0.69708  -0.62786
  occupations-              2.00000   2.00000   2.00000   2.00000   2.00000
    1 C1               S   -0.07251  -0.05017  -0.01149   0.05636   0.02875
    2 C1               S    0.21339   0.15054   0.03316  -0.17076  -0.09606
    3 C1               X    0.03416   0.12041  -0.11543   0.13415  -0.11381
    4 C1               Y    0.13059  -0.16070  -0.09254   0.02479  -0.09042
    5 C1               Z    0.00000   0.00000   0.00000   0.00000   0.00000
    6 C2               S    0.07888  -0.06068  -0.03029  -0.05012  -0.01661
    7 C2               S   -0.22796   0.18203   0.09226   0.15887   0.04708
    8 C2               X    0.00805   0.13398   0.06081   0.08390  -0.16111
    9 C2               Y    0.07486   0.13277   0.05705  -0.17733   0.04419
   10 C2               Z    0.00000   0.00000   0.00000   0.00000   0.00000
   11 C3               S    0.00129   0.10904   0.04830  -0.00706   0.01152
   12 C3               S   -0.00209  -0.32491  -0.14800   0.02433  -0.04422
   13 C3               X   -0.16152   0.01712   0.01042   0.14723   0.08355
   14 C3               Y   -0.01806   0.08489  -0.00191  -0.13360   0.17959
   15 C3               Z    0.00000   0.00000   0.00000   0.00000   0.00000
   16 C4               S   -0.07251  -0.05017   0.01149   0.05636   0.02875
   17 C4               S    0.21339   0.15054  -0.03316  -0.17076  -0.09606
   18 C4               X   -0.03416  -0.12041  -0.11543  -0.13415   0.11381
   19 C4               Y   -0.13059   0.16070  -0.09254  -0.02479   0.09042
   20 C4               Z    0.00000   0.00000   0.00000   0.00000   0.00000
   21 C5               S    0.07888  -0.06068   0.03029  -0.05012  -0.01661
   22 C5               S   -0.22796   0.18203  -0.09226   0.15887   0.04708
   23 C5               X   -0.00805  -0.13398   0.06081  -0.08390   0.16111
   24 C5               Y   -0.07486  -0.13277   0.05705   0.17733  -0.04419
   25 C5               Z    0.00000   0.00000   0.00000   0.00000   0.00000
   26 H6               S   -0.10538   0.09254   0.05496   0.16924  -0.10386
   27 H7               S    0.01318  -0.17408  -0.05177   0.09779  -0.14685
   28 H8               S   -0.10538   0.09254  -0.05496   0.16924  -0.10386
   29 C9               S   -0.05253  -0.00666  -0.09652  -0.06068  -0.03491
   30 C9               S    0.15940   0.02201   0.29736   0.18737   0.11017
   31 C9               X    0.15097   0.05558   0.07947   0.01321  -0.13831
   32 C9               Y   -0.02979   0.06424  -0.09217  -0.07071  -0.16312
   33 C9               Z    0.00000   0.00000   0.00000   0.00000   0.00000
   34 C10              S    0.08288   0.03398   0.08038   0.05069   0.01411
   35 C10              S   -0.24101  -0.10185  -0.24831  -0.16115  -0.05358
   36 C10              X    0.04708   0.03787   0.12571   0.10543   0.05409
   37 C10              Y   -0.01920   0.02548  -0.08215  -0.05565  -0.19793
   38 C10              Z    0.00000   0.00000   0.00000   0.00000   0.00000
   39 H11              S   -0.10498  -0.02185  -0.16362  -0.10625  -0.17880
   40 H12              S    0.08120  -0.03221   0.17491   0.12520   0.15248
   41 H13              S   -0.10202  -0.06455  -0.13098  -0.09989   0.02943
   42 C14              S   -0.05253  -0.00666   0.09652  -0.06068  -0.03491
   43 C14              S    0.15940   0.02201  -0.29736   0.18737   0.11017
   44 C14              X   -0.15097  -0.05558   0.07947  -0.01321   0.13831
   45 C14              Y    0.02979  -0.06424  -0.09217   0.07071   0.16312
   46 C14              Z    0.00000   0.00000   0.00000   0.00000   0.00000
   47 H15              S    0.08120  -0.03221  -0.17491   0.12520   0.15248
   48 C16              S    0.08288   0.03398  -0.08038   0.05069   0.01411
   49 C16              S   -0.24101  -0.10185   0.24831  -0.16115  -0.05358
   50 C16              X   -0.04708  -0.03787   0.12571  -0.10543  -0.05409
   51 C16              Y    0.01920  -0.02548  -0.08215   0.05565   0.19793
   52 C16              Z    0.00000   0.00000   0.00000   0.00000   0.00000
   53 H17              S   -0.10498  -0.02185   0.16362  -0.10625  -0.17880
   54 H18              S   -0.10202  -0.06455   0.13098  -0.09989   0.02943
   55 C19              S    0.00129   0.10904  -0.04830  -0.00706   0.01152
   56 C19              S   -0.00209  -0.32491   0.14800   0.02433  -0.04422
   57 C19              X    0.16152  -0.01712   0.01042  -0.14723  -0.08355
   58 C19              Y    0.01806  -0.08489  -0.00191   0.13360  -0.17959
   59 C19              Z    0.00000   0.00000   0.00000   0.00000   0.00000
   60 H20              S    0.01318  -0.17408   0.05177   0.09779  -0.14685
   
                             21        22        23        24        25
  eigenvalues-             -0.60590  -0.57246  -0.55391  -0.55335  -0.52485
  occupations-              2.00000   2.00000   2.00000   2.00000   2.00000
    1 C1               S    0.02597   0.06573   0.01959   0.01988  -0.00311
    2 C1               S   -0.08961  -0.22268  -0.06621  -0.06505   0.01078
    3 C1               X   -0.16346   0.06026   0.06233  -0.00327  -0.09578
    4 C1               Y    0.06997  -0.08561   0.25377  -0.01521   0.05634
    5 C1               Z    0.00000   0.00000   0.00000   0.00000   0.00000
    6 C2               S   -0.04157  -0.04089   0.01137   0.01630   0.01881
    7 C2               S    0.13576   0.14140  -0.03576  -0.05981  -0.06053
    8 C2               X   -0.05483   0.20765   0.02199  -0.13919   0.27717
    9 C2               Y   -0.12905  -0.05289  -0.25469  -0.00572  -0.09585
   10 C2               Z    0.00000   0.00000   0.00000   0.00000   0.00000
   11 C3               S    0.02333   0.04528  -0.00173  -0.02330   0.02576
   12 C3               S   -0.07865  -0.15466   0.00314   0.07754  -0.08282
   13 C3               X    0.16317  -0.13469   0.11039   0.07393  -0.04989
   14 C3               Y    0.08494   0.18576   0.03582   0.03135  -0.33362
   15 C3               Z    0.00000   0.00000   0.00000   0.00000   0.00000
   16 C4               S   -0.02597  -0.06573  -0.01959   0.01988   0.00311
   17 C4               S    0.08961   0.22268   0.06621  -0.06505  -0.01078
   18 C4               X   -0.16346   0.06026   0.06233   0.00327  -0.09578
   19 C4               Y    0.06997  -0.08561   0.25377   0.01521   0.05634
   20 C4               Z    0.00000   0.00000   0.00000   0.00000   0.00000
   21 C5               S    0.04157   0.04089  -0.01137   0.01630  -0.01881
   22 C5               S   -0.13576  -0.14140   0.03576  -0.05981   0.06053
   23 C5               X   -0.05483   0.20765   0.02199   0.13919   0.27717
   24 C5               Y   -0.12905  -0.05289  -0.25469   0.00572  -0.09585
   25 C5               Z    0.00000   0.00000   0.00000   0.00000   0.00000
   26 H6               S    0.07258   0.23554   0.12965  -0.11635   0.22292
   27 H7               S   -0.11132  -0.22473  -0.03202   0.00404   0.25953
   28 H8               S   -0.07258  -0.23554  -0.12965  -0.11635  -0.22292
   29 C9               S   -0.01402   0.01551   0.00236  -0.02553   0.00151
   30 C9               S    0.04387  -0.04357  -0.01453   0.07456  -0.00342
   31 C9               X    0.02816   0.12966  -0.18500  -0.16227   0.04690
   32 C9               Y    0.23697  -0.00770  -0.01406   0.20871   0.04003
   33 C9               Z    0.00000   0.00000   0.00000   0.00000   0.00000
   34 C10              S    0.00657  -0.01138  -0.00113  -0.00368  -0.00422
   35 C10              S   -0.02470   0.04656  -0.00634  -0.00085   0.01635
   36 C10              X    0.16165  -0.15922   0.04781   0.32343  -0.00841
   37 C10              Y    0.15002   0.01772  -0.25167   0.09272   0.07208
   38 C10              Z    0.00000   0.00000   0.00000   0.00000   0.00000
   39 H11              S    0.07944   0.04004  -0.22331   0.02466   0.05665
   40 H12              S   -0.16556  -0.01596  -0.01379  -0.15199  -0.02091
   41 H13              S   -0.17847   0.11802   0.09051  -0.26784  -0.02355
   42 C14              S    0.01402  -0.01551  -0.00236  -0.02553  -0.00151
   43 C14              S   -0.04387   0.04357   0.01453   0.07456   0.00342
   44 C14              X    0.02816   0.12966  -0.18500   0.16227   0.04690
   45 C14              Y    0.23697  -0.00770  -0.01406  -0.20871   0.04003
   46 C14              Z    0.00000   0.00000   0.00000   0.00000   0.00000
   47 H15              S    0.16556   0.01596   0.01379  -0.15199   0.02091
   48 C16              S   -0.00657   0.01138   0.00113  -0.00368   0.00422
   49 C16              S    0.02470  -0.04656   0.00634  -0.00085  -0.01635
   50 C16              X    0.16165  -0.15922   0.04781  -0.32343  -0.00841
   51 C16              Y    0.15002   0.01772  -0.25167  -0.09272   0.07208
   52 C16              Z    0.00000   0.00000   0.00000   0.00000   0.00000
   53 H17              S   -0.07944  -0.04004   0.22331   0.02466  -0.05665
   54 H18              S    0.17847  -0.11802  -0.09051  -0.26784   0.02355
   55 C19              S   -0.02333  -0.04528   0.00173  -0.02330  -0.02576
   56 C19              S    0.07865   0.15466  -0.00314   0.07754   0.08282
   57 C19              X    0.16317  -0.13469   0.11039  -0.07393  -0.04989
   58 C19              Y    0.08494   0.18576   0.03582  -0.03135  -0.33362
   59 C19              Z    0.00000   0.00000   0.00000   0.00000   0.00000
   60 H20              S    0.11132   0.22473   0.03202   0.00404  -0.25953
   
                             26        27        28        29        30
  eigenvalues-             -0.49695  -0.49287  -0.46380  -0.44666  -0.42140
  occupations-              2.00000   2.00000   2.00000   2.00000   2.00000
    1 C1               S    0.00244   0.02338   0.00000   0.01012  -0.00221
    2 C1               S   -0.00884  -0.08381   0.00000  -0.04417   0.01679
    3 C1               X   -0.22370  -0.02191   0.00000  -0.20146   0.29953
    4 C1               Y    0.11216   0.07969   0.00000  -0.16647  -0.06595
    5 C1               Z    0.00000   0.00000   0.33146   0.00000   0.00000
    6 C2               S   -0.00556  -0.00714   0.00000  -0.01377  -0.00942
    7 C2               S    0.01516   0.02415   0.00000   0.04743   0.02750
    8 C2               X   -0.15118  -0.11129   0.00000  -0.03422  -0.24962
    9 C2               Y   -0.13363  -0.10156   0.00000   0.13904   0.03554
   10 C2               Z    0.00000   0.00000   0.30190   0.00000   0.00000
   11 C3               S    0.01683   0.00421   0.00000   0.00763   0.00365
   12 C3               S   -0.06047  -0.02138   0.00000  -0.02409  -0.01181
   13 C3               X    0.24766   0.08616   0.00000  -0.01173   0.30503
   14 C3               Y   -0.03508   0.16176   0.00000  -0.07539  -0.06104
   15 C3               Z    0.00000   0.00000   0.30267   0.00000   0.00000
   16 C4               S   -0.00244   0.02338   0.00000  -0.01012  -0.00221
   17 C4               S    0.00884  -0.08381   0.00000   0.04417   0.01679
   18 C4               X   -0.22370   0.02191   0.00000  -0.20146  -0.29953
   19 C4               Y    0.11216  -0.07969   0.00000  -0.16647   0.06595
   20 C4               Z    0.00000   0.00000   0.33146   0.00000   0.00000
   21 C5               S    0.00556  -0.00714   0.00000   0.01377  -0.00942
   22 C5               S   -0.01516   0.02415   0.00000  -0.04743   0.02750
   23 C5               X   -0.15118   0.11129   0.00000  -0.03422   0.24962
   24 C5               Y   -0.13363   0.10156   0.00000   0.13904  -0.03554
   25 C5               Z    0.00000   0.00000   0.30190   0.00000   0.00000
   26 H6               S   -0.04010  -0.00178   0.00000  -0.05817  -0.25178
   27 H7               S    0.00365  -0.15630   0.00000   0.04968   0.04885
   28 H8               S    0.04010  -0.00178   0.00000   0.05817  -0.25178
   29 C9               S    0.00097  -0.01521   0.00000  -0.00334  -0.01763
   30 C9               S    0.01179   0.06352   0.00000   0.01066   0.07417
   31 C9               X    0.24209   0.14318   0.00000   0.10171   0.21311
   32 C9               Y   -0.13115  -0.17165   0.00000   0.26045   0.10334
   33 C9               Z    0.00000   0.00000   0.16572   0.00000   0.00000
   34 C10              S    0.01887   0.00982   0.00000  -0.00262   0.00870
   35 C10              S   -0.05196  -0.02575   0.00000   0.01208  -0.02343
   36 C10              X   -0.26581  -0.04692   0.00000  -0.07245  -0.14254
   37 C10              Y    0.04202   0.29705   0.00000  -0.22938  -0.01342
   38 C10              Z    0.00000   0.00000   0.09918   0.00000   0.00000
   39 H11              S    0.05818   0.27329   0.00000  -0.22590  -0.03563
   40 H12              S    0.14875   0.20252   0.00000  -0.25693  -0.05064
   41 H13              S    0.15297  -0.14651   0.00000   0.21262   0.12393
   42 C14              S   -0.00097  -0.01521   0.00000   0.00334  -0.01763
   43 C14              S   -0.01179   0.06352   0.00000  -0.01066   0.07417
   44 C14              X    0.24209  -0.14318   0.00000   0.10171  -0.21311
   45 C14              Y   -0.13115   0.17165   0.00000   0.26045  -0.10334
   46 C14              Z    0.00000   0.00000   0.16572   0.00000   0.00000
   47 H15              S   -0.14875   0.20252   0.00000   0.25693  -0.05064
   48 C16              S   -0.01887   0.00982   0.00000   0.00262   0.00870
   49 C16              S    0.05196  -0.02575   0.00000  -0.01208  -0.02343
   50 C16              X   -0.26581   0.04692   0.00000  -0.07245   0.14254
   51 C16              Y    0.04202  -0.29705   0.00000  -0.22938   0.01342
   52 C16              Z    0.00000   0.00000   0.09918   0.00000   0.00000
   53 H17              S   -0.05818   0.27329   0.00000   0.22590  -0.03563
   54 H18              S   -0.15297  -0.14651   0.00000  -0.21262   0.12393
   55 C19              S   -0.01683   0.00421   0.00000  -0.00763   0.00365
   56 C19              S    0.06047  -0.02138   0.00000   0.02409  -0.01181
   57 C19              X    0.24766  -0.08616   0.00000  -0.01173  -0.30503
   58 C19              Y   -0.03508  -0.16176   0.00000  -0.07539   0.06104
   59 C19              Z    0.00000   0.00000   0.30267   0.00000   0.00000
   60 H20              S   -0.00365  -0.15630   0.00000  -0.04968   0.04885
   
                             31        32        33        34        35
  eigenvalues-             -0.41563  -0.37708  -0.31524  -0.27828  -0.22226
  occupations-              2.00000   2.00000   2.00000   2.00000   2.00000
    1 C1               S   -0.00641   0.00000   0.00000   0.00000   0.00000
    2 C1               S    0.03219   0.00000   0.00000   0.00000   0.00000
    3 C1               X    0.02773   0.00000   0.00000   0.00000   0.00000
    4 C1               Y    0.30720   0.00000   0.00000   0.00000   0.00000
    5 C1               Z    0.00000  -0.31870   0.03951  -0.00354   0.41794
    6 C2               S    0.00704   0.00000   0.00000   0.00000   0.00000
    7 C2               S   -0.02144   0.00000   0.00000   0.00000   0.00000
    8 C2               X   -0.02756   0.00000   0.00000   0.00000   0.00000
    9 C2               Y   -0.29494   0.00000   0.00000   0.00000   0.00000
   10 C2               Z    0.00000  -0.11996   0.16514  -0.46218   0.22994
   11 C3               S   -0.01152   0.00000   0.00000   0.00000   0.00000
   12 C3               S    0.03517   0.00000   0.00000   0.00000   0.00000
   13 C3               X    0.00749   0.00000   0.00000   0.00000   0.00000
   14 C3               Y    0.22816   0.00000   0.00000   0.00000   0.00000
   15 C3               Z    0.00000   0.12354   0.16459  -0.45917  -0.23387
   16 C4               S   -0.00641   0.00000   0.00000   0.00000   0.00000
   17 C4               S    0.03219   0.00000   0.00000   0.00000   0.00000
   18 C4               X   -0.02773   0.00000   0.00000   0.00000   0.00000
   19 C4               Y   -0.30720   0.00000   0.00000   0.00000   0.00000
   20 C4               Z    0.00000   0.31870   0.03951   0.00354  -0.41794
   21 C5               S    0.00704   0.00000   0.00000   0.00000   0.00000
   22 C5               S   -0.02144   0.00000   0.00000   0.00000   0.00000
   23 C5               X    0.02756   0.00000   0.00000   0.00000   0.00000
   24 C5               Y    0.29494   0.00000   0.00000   0.00000   0.00000
   25 C5               Z    0.00000   0.11996   0.16514   0.46218  -0.22994
   26 H6               S    0.12812   0.00000   0.00000   0.00000   0.00000
   27 H7               S   -0.25308   0.00000   0.00000   0.00000   0.00000
   28 H8               S    0.12812   0.00000   0.00000   0.00000   0.00000
   29 C9               S   -0.01270   0.00000   0.00000   0.00000   0.00000
   30 C9               S    0.04575   0.00000   0.00000   0.00000   0.00000
   31 C9               X    0.08703   0.00000   0.00000   0.00000   0.00000
   32 C9               Y    0.17743   0.00000   0.00000   0.00000   0.00000
   33 C9               Z    0.00000   0.38328  -0.41514  -0.00139   0.21823
   34 C10              S   -0.00316   0.00000   0.00000   0.00000   0.00000
   35 C10              S    0.01414   0.00000   0.00000   0.00000   0.00000
   36 C10              X   -0.01810   0.00000   0.00000   0.00000   0.00000
   37 C10              Y   -0.11289   0.00000   0.00000   0.00000   0.00000
   38 C10              Z    0.00000   0.30660  -0.42621   0.00070   0.35829
   39 H11              S   -0.11596   0.00000   0.00000   0.00000   0.00000
   40 H12              S   -0.18239   0.00000   0.00000   0.00000   0.00000
   41 H13              S    0.10008   0.00000   0.00000   0.00000   0.00000
   42 C14              S   -0.01270   0.00000   0.00000   0.00000   0.00000
   43 C14              S    0.04575   0.00000   0.00000   0.00000   0.00000
   44 C14              X   -0.08703   0.00000   0.00000   0.00000   0.00000
   45 C14              Y   -0.17743   0.00000   0.00000   0.00000   0.00000
   46 C14              Z    0.00000  -0.38328  -0.41514   0.00139  -0.21823
   47 H15              S   -0.18239   0.00000   0.00000   0.00000   0.00000
   48 C16              S   -0.00316   0.00000   0.00000   0.00000   0.00000
   49 C16              S    0.01414   0.00000   0.00000   0.00000   0.00000
   50 C16              X    0.01810   0.00000   0.00000   0.00000   0.00000
   51 C16              Y    0.11289   0.00000   0.00000   0.00000   0.00000
   52 C16              Z    0.00000  -0.30660  -0.42621  -0.00070  -0.35829
   53 H17              S   -0.11596   0.00000   0.00000   0.00000   0.00000
   54 H18              S    0.10008   0.00000   0.00000   0.00000   0.00000
   55 C19              S   -0.01152   0.00000   0.00000   0.00000   0.00000
   56 C19              S    0.03517   0.00000   0.00000   0.00000   0.00000
   57 C19              X   -0.00749   0.00000   0.00000   0.00000   0.00000
   58 C19              Y   -0.22816   0.00000   0.00000   0.00000   0.00000
   59 C19              Z    0.00000  -0.12354   0.16459   0.45917   0.23387
   60 H20              S   -0.25308   0.00000   0.00000   0.00000   0.00000
   
                             36        37        38        39        40
  eigenvalues-              0.19884   0.26882   0.30868   0.39708   0.52202
  occupations-              0.00000   0.00000   0.00000   0.00000   0.00000
    1 C1               S    0.00000   0.00000   0.00000   0.00000   0.00000
    2 C1               S    0.00000   0.00000   0.00000   0.00000   0.00000
    3 C1               X    0.00000   0.00000   0.00000   0.00000   0.00000
    4 C1               Y    0.00000   0.00000   0.00000   0.00000   0.00000
    5 C1               Z    0.47136   0.02181  -0.03762  -0.47380   0.53879
    6 C2               S    0.00000   0.00000   0.00000   0.00000   0.00000
    7 C2               S    0.00000   0.00000   0.00000   0.00000   0.00000
    8 C2               X    0.00000   0.00000   0.00000   0.00000   0.00000
    9 C2               Y    0.00000   0.00000   0.00000   0.00000   0.00000
   10 C2               Z   -0.27760   0.55841   0.22036   0.18734  -0.47182
   11 C3               S    0.00000   0.00000   0.00000   0.00000   0.00000
   12 C3               S    0.00000   0.00000   0.00000   0.00000   0.00000
   13 C3               X    0.00000   0.00000   0.00000   0.00000   0.00000
   14 C3               Y    0.00000   0.00000   0.00000   0.00000   0.00000
   15 C3               Z   -0.25065  -0.57843  -0.22548   0.16140   0.46940
   16 C4               S    0.00000   0.00000   0.00000   0.00000   0.00000
   17 C4               S    0.00000   0.00000   0.00000   0.00000   0.00000
   18 C4               X    0.00000   0.00000   0.00000   0.00000   0.00000
   19 C4               Y    0.00000   0.00000   0.00000   0.00000   0.00000
   20 C4               Z    0.47136   0.02181   0.03762  -0.47380  -0.53879
   21 C5               S    0.00000   0.00000   0.00000   0.00000   0.00000
   22 C5               S    0.00000   0.00000   0.00000   0.00000   0.00000
   23 C5               X    0.00000   0.00000   0.00000   0.00000   0.00000
   24 C5               Y    0.00000   0.00000   0.00000   0.00000   0.00000
   25 C5               Z   -0.27760   0.55841  -0.22036   0.18734   0.47182
   26 H6               S    0.00000   0.00000   0.00000   0.00000   0.00000
   27 H7               S    0.00000   0.00000   0.00000   0.00000   0.00000
   28 H8               S    0.00000   0.00000   0.00000   0.00000   0.00000
   29 C9               S    0.00000   0.00000   0.00000   0.00000   0.00000
   30 C9               S    0.00000   0.00000   0.00000   0.00000   0.00000
   31 C9               X    0.00000   0.00000   0.00000   0.00000   0.00000
   32 C9               Y    0.00000   0.00000   0.00000   0.00000   0.00000
   33 C9               Z    0.24701  -0.00410   0.52443   0.53503   0.27871
   34 C10              S    0.00000   0.00000   0.00000   0.00000   0.00000
   35 C10              S    0.00000   0.00000   0.00000   0.00000   0.00000
   36 C10              X    0.00000   0.00000   0.00000   0.00000   0.00000
   37 C10              Y    0.00000   0.00000   0.00000   0.00000   0.00000
   38 C10              Z   -0.41527  -0.00308  -0.53127  -0.40709  -0.15826
   39 H11              S    0.00000   0.00000   0.00000   0.00000   0.00000
   40 H12              S    0.00000   0.00000   0.00000   0.00000   0.00000
   41 H13              S    0.00000   0.00000   0.00000   0.00000   0.00000
   42 C14              S    0.00000   0.00000   0.00000   0.00000   0.00000
   43 C14              S    0.00000   0.00000   0.00000   0.00000   0.00000
   44 C14              X    0.00000   0.00000   0.00000   0.00000   0.00000
   45 C14              Y    0.00000   0.00000   0.00000   0.00000   0.00000
   46 C14              Z    0.24701  -0.00410  -0.52443   0.53503  -0.27871
   47 H15              S    0.00000   0.00000   0.00000   0.00000   0.00000
   48 C16              S    0.00000   0.00000   0.00000   0.00000   0.00000
   49 C16              S    0.00000   0.00000   0.00000   0.00000   0.00000
   50 C16              X    0.00000   0.00000   0.00000   0.00000   0.00000
   51 C16              Y    0.00000   0.00000   0.00000   0.00000   0.00000
   52 C16              Z   -0.41527  -0.00308   0.53127  -0.40709   0.15826
   53 H17              S    0.00000   0.00000   0.00000   0.00000   0.00000
   54 H18              S    0.00000   0.00000   0.00000   0.00000   0.00000
   55 C19              S    0.00000   0.00000   0.00000   0.00000   0.00000
   56 C19              S    0.00000   0.00000   0.00000   0.00000   0.00000
   57 C19              X    0.00000   0.00000   0.00000   0.00000   0.00000
   58 C19              Y    0.00000   0.00000   0.00000   0.00000   0.00000
   59 C19              Z   -0.25065  -0.57843   0.22548   0.16140  -0.46940
   60 H20              S    0.00000   0.00000   0.00000   0.00000   0.00000
   
                             41        42        43        44        45
  eigenvalues-              0.56471   0.57565   0.62172   0.62559   0.65887
  occupations-              0.00000   0.00000   0.00000   0.00000   0.00000
    1 C1               S    0.06351   0.03027  -0.02060  -0.05473   0.04396
    2 C1               S   -0.38043  -0.18085   0.12601   0.32242  -0.26978
    3 C1               X   -0.22386  -0.01615  -0.10952   0.45526  -0.22178
    4 C1               Y   -0.17059  -0.30376   0.07922   0.06745   0.18930
    5 C1               Z    0.00000   0.00000   0.00000   0.00000   0.00000
    6 C2               S    0.04827  -0.01442   0.01602   0.00039  -0.09353
    7 C2               S   -0.29737   0.08913  -0.10471   0.00415   0.58011
    8 C2               X   -0.19437   0.09687  -0.24746   0.39713  -0.03405
    9 C2               Y    0.15355  -0.27120   0.09824  -0.14524   0.01560
   10 C2               Z    0.00000   0.00000   0.00000   0.00000   0.00000
   11 C3               S    0.02905   0.00466   0.06408  -0.02334   0.07454
   12 C3               S   -0.18213  -0.02238  -0.39785   0.14546  -0.46388
   13 C3               X   -0.03865   0.11325   0.10694   0.24873  -0.15380
   14 C3               Y    0.31414  -0.33696   0.04237  -0.04377   0.00872
   15 C3               Z    0.00000   0.00000   0.00000   0.00000   0.00000
   16 C4               S    0.06351  -0.03027  -0.02060   0.05473   0.04396
   17 C4               S   -0.38043   0.18085   0.12601  -0.32242  -0.26978
   18 C4               X    0.22386  -0.01615   0.10952   0.45526   0.22178
   19 C4               Y    0.17059  -0.30376  -0.07922   0.06745  -0.18930
   20 C4               Z    0.00000   0.00000   0.00000   0.00000   0.00000
   21 C5               S    0.04827   0.01442   0.01602  -0.00039  -0.09353
   22 C5               S   -0.29737  -0.08913  -0.10471  -0.00415   0.58011
   23 C5               X    0.19437   0.09687   0.24746   0.39713   0.03405
   24 C5               Y   -0.15355  -0.27120  -0.09824  -0.14524  -0.01560
   25 C5               Z    0.00000   0.00000   0.00000   0.00000   0.00000
   26 H6               S    0.43394  -0.27424   0.28058  -0.41480  -0.20306
   27 H7               S    0.42049  -0.31677   0.28859  -0.10430   0.24562
   28 H8               S    0.43394   0.27424   0.28058   0.41480  -0.20306
   29 C9               S   -0.04743  -0.01374  -0.06460  -0.08871  -0.01555
   30 C9               S    0.27181   0.08390   0.39488   0.52632   0.10350
   31 C9               X    0.23025  -0.07805   0.04010   0.27749   0.26236
   32 C9               Y    0.33357  -0.39740  -0.35193   0.17593  -0.04615
   33 C9               Z    0.00000   0.00000   0.00000   0.00000   0.00000
   34 C10              S    0.03999  -0.00132   0.01899   0.05502  -0.10831
   35 C10              S   -0.23591   0.01331  -0.10657  -0.32923   0.68841
   36 C10              X    0.09706  -0.06778  -0.13417   0.11884  -0.15109
   37 C10              Y    0.18267  -0.34162  -0.36199   0.15995   0.20683
   38 C10              Z    0.00000   0.00000   0.00000   0.00000   0.00000
   39 H11              S   -0.10466   0.32250   0.38491  -0.00668  -0.53973
   40 H12              S    0.14522  -0.44969  -0.58606  -0.12934  -0.12887
   41 H13              S    0.35189  -0.28133  -0.25784   0.38365  -0.33670
   42 C14              S   -0.04743   0.01374  -0.06460   0.08871  -0.01555
   43 C14              S    0.27181  -0.08390   0.39488  -0.52632   0.10350
   44 C14              X   -0.23025  -0.07805  -0.04010   0.27749  -0.26236
   45 C14              Y   -0.33357  -0.39740   0.35193   0.17593   0.04615
   46 C14              Z    0.00000   0.00000   0.00000   0.00000   0.00000
   47 H15              S    0.14522   0.44969  -0.58606   0.12934  -0.12887
   48 C16              S    0.03999   0.00132   0.01899  -0.05502  -0.10831
   49 C16              S   -0.23591  -0.01331  -0.10657   0.32923   0.68841
   50 C16              X   -0.09706  -0.06778   0.13417   0.11884   0.15109
   51 C16              Y   -0.18267  -0.34162   0.36199   0.15995  -0.20683
   52 C16              Z    0.00000   0.00000   0.00000   0.00000   0.00000
   53 H17              S   -0.10466  -0.32250   0.38491   0.00668  -0.53973
   54 H18              S    0.35189   0.28133  -0.25784  -0.38365  -0.33670
   55 C19              S    0.02905  -0.00466   0.06408   0.02334   0.07454
   56 C19              S   -0.18213   0.02238  -0.39785  -0.14546  -0.46388
   57 C19              X    0.03865   0.11325  -0.10694   0.24873   0.15380
   58 C19              Y   -0.31414  -0.33696  -0.04237  -0.04377  -0.00872
   59 C19              Z    0.00000   0.00000   0.00000   0.00000   0.00000
   60 H20              S    0.42049   0.31677   0.28859   0.10430   0.24562
   
                             46        47        48        49        50
  eigenvalues-              0.66020   0.67831   0.69450   0.70557   0.74006
  occupations-              0.00000   0.00000   0.00000   0.00000   0.00000
    1 C1               S   -0.08270   0.01573   0.12970  -0.06130  -0.04078
    2 C1               S    0.49291  -0.10198  -0.79823   0.36905   0.25765
    3 C1               X    0.06497   0.20878  -0.00704  -0.14863  -0.15840
    4 C1               Y   -0.10435   0.18511   0.04756   0.09243   0.31106
    5 C1               Z    0.00000   0.00000   0.00000   0.00000   0.00000
    6 C2               S    0.09963  -0.00287  -0.07500   0.06860  -0.09485
    7 C2               S   -0.61135   0.00607   0.47551  -0.42707   0.61033
    8 C2               X   -0.10436   0.03831   0.15797  -0.19622  -0.12140
    9 C2               Y   -0.04774   0.22913   0.28766   0.12092  -0.20835
   10 C2               Z    0.00000   0.00000   0.00000   0.00000   0.00000
   11 C3               S   -0.07644   0.05554  -0.06844  -0.05876   0.11391
   12 C3               S    0.46287  -0.34999   0.43413   0.36074  -0.73031
   13 C3               X    0.05927   0.19762  -0.27604  -0.16212  -0.07351
   14 C3               Y   -0.10336   0.40958  -0.10310   0.09645  -0.10688
   15 C3               Z    0.00000   0.00000   0.00000   0.00000   0.00000
   16 C4               S    0.08270  -0.01573   0.12970   0.06130  -0.04078
   17 C4               S   -0.49291   0.10198  -0.79823  -0.36905   0.25765
   18 C4               X    0.06497   0.20878   0.00704  -0.14863   0.15840
   19 C4               Y   -0.10435   0.18511  -0.04756   0.09243  -0.31106
   20 C4               Z    0.00000   0.00000   0.00000   0.00000   0.00000
   21 C5               S   -0.09963   0.00287  -0.07500  -0.06860  -0.09485
   22 C5               S    0.61135  -0.00607   0.47551   0.42707   0.61033
   23 C5               X   -0.10436   0.03831  -0.15797  -0.19622   0.12140
   24 C5               Y   -0.04774   0.22913  -0.28766   0.12092   0.20835
   25 C5               Z    0.00000   0.00000   0.00000   0.00000   0.00000
   26 H6               S    0.32799   0.05661  -0.22512   0.48386  -0.33623
   27 H7               S   -0.34442   0.59463  -0.28631  -0.08342   0.24452
   28 H8               S   -0.32799  -0.05661  -0.22512  -0.48386  -0.33623
   29 C9               S   -0.03944  -0.07473  -0.09399  -0.07041   0.03339
   30 C9               S    0.25220   0.47590   0.57647   0.43259  -0.23427
   31 C9               X    0.22733   0.13260   0.13267  -0.09548  -0.08192
   32 C9               Y   -0.07803  -0.19096  -0.07627  -0.09045   0.01378
   33 C9               Z    0.00000   0.00000   0.00000   0.00000   0.00000
   34 C10              S   -0.08358  -0.02076   0.06340   0.11119   0.06069
   35 C10              S    0.53424   0.14110  -0.39060  -0.70693  -0.39570
   36 C10              X   -0.19449  -0.26920   0.05102   0.06661   0.39707
   37 C10              Y    0.21118  -0.12128   0.04951  -0.12461  -0.00820
   38 C10              Z    0.00000   0.00000   0.00000   0.00000   0.00000
   39 H11              S   -0.46148   0.02559   0.17243   0.51384   0.28470
   40 H12              S   -0.19052  -0.44127  -0.36777  -0.29312   0.09085
   41 H13              S   -0.29012  -0.32981   0.26704   0.32262   0.45660
   42 C14              S    0.03944   0.07473  -0.09399   0.07041   0.03339
   43 C14              S   -0.25220  -0.47590   0.57647  -0.43259  -0.23427
   44 C14              X    0.22733   0.13260  -0.13267  -0.09548   0.08192
   45 C14              Y   -0.07803  -0.19096   0.07627  -0.09045  -0.01378
   46 C14              Z    0.00000   0.00000   0.00000   0.00000   0.00000
   47 H15              S    0.19052   0.44127  -0.36777   0.29312   0.09085
   48 C16              S    0.08358   0.02076   0.06340  -0.11119   0.06069
   49 C16              S   -0.53424  -0.14110  -0.39060   0.70693  -0.39570
   50 C16              X   -0.19449  -0.26920  -0.05102   0.06661  -0.39707
   51 C16              Y    0.21118  -0.12128  -0.04951  -0.12461   0.00820
   52 C16              Z    0.00000   0.00000   0.00000   0.00000   0.00000
   53 H17              S    0.46148  -0.02559   0.17243  -0.51384   0.28470
   54 H18              S    0.29012   0.32981   0.26704  -0.32262   0.45660
   55 C19              S    0.07644  -0.05554  -0.06844   0.05876   0.11391
   56 C19              S   -0.46287   0.34999   0.43413  -0.36074  -0.73031
   57 C19              X    0.05927   0.19762   0.27604  -0.16212   0.07351
   58 C19              Y   -0.10336   0.40958   0.10310   0.09645   0.10688
   59 C19              Z    0.00000   0.00000   0.00000   0.00000   0.00000
   60 H20              S    0.34442  -0.59463  -0.28631   0.08342   0.24452
   
                             51        52        53        54        55
  eigenvalues-              0.80297   0.82500   0.86015   0.88880   0.92118
  occupations-              0.00000   0.00000   0.00000   0.00000   0.00000
    1 C1               S    0.06840  -0.00336  -0.00198   0.04956   0.09510
    2 C1               S   -0.46334   0.01235   0.02006  -0.34859  -0.65324
    3 C1               X    0.51733  -0.23631   0.01210   0.08883  -0.11357
    4 C1               Y    0.29905   0.50845  -0.22188  -0.24645   0.15753
    5 C1               Z    0.00000   0.00000   0.00000   0.00000   0.00000
    6 C2               S   -0.04799  -0.03452   0.00441   0.08791  -0.02666
    7 C2               S    0.31643   0.24381  -0.03756  -0.61279   0.17574
    8 C2               X   -0.10356   0.39030   0.54041   0.26846   0.07903
    9 C2               Y    0.29551   0.33423  -0.37574   0.40244   0.44798
   10 C2               Z    0.00000   0.00000   0.00000   0.00000   0.00000
   11 C3               S   -0.01408  -0.09476  -0.00297  -0.03517  -0.00986
   12 C3               S    0.09411   0.64490   0.02647   0.24230   0.08249
   13 C3               X   -0.29426  -0.09473   0.02666   0.73623   0.23247
   14 C3               Y    0.38310  -0.04685   0.55966   0.05108  -0.20750
   15 C3               Z    0.00000   0.00000   0.00000   0.00000   0.00000
   16 C4               S    0.06840   0.00336  -0.00198  -0.04956  -0.09510
   17 C4               S   -0.46334  -0.01235   0.02006   0.34859   0.65324
   18 C4               X   -0.51733  -0.23631  -0.01210   0.08883  -0.11357
   19 C4               Y   -0.29905   0.50845   0.22188  -0.24645   0.15753
   20 C4               Z    0.00000   0.00000   0.00000   0.00000   0.00000
   21 C5               S   -0.04799   0.03452   0.00441  -0.08791   0.02666
   22 C5               S    0.31643  -0.24381  -0.03756   0.61279  -0.17574
   23 C5               X    0.10356   0.39030  -0.54041   0.26846   0.07903
   24 C5               Y   -0.29551   0.33423   0.37574   0.40244   0.44798
   25 C5               Z    0.00000   0.00000   0.00000   0.00000   0.00000
   26 H6               S    0.04056  -0.20801  -0.50942   0.25215   0.02979
   27 H7               S    0.24959  -0.29975   0.44106  -0.05926  -0.14843
   28 H8               S    0.04056   0.20801  -0.50942  -0.25215  -0.02979
   29 C9               S    0.07219  -0.02679  -0.05271   0.06232  -0.01653
   30 C9               S   -0.47987   0.19804   0.36789  -0.43612   0.13621
   31 C9               X   -0.03089  -0.13680  -0.19795   0.08137  -0.35938
   32 C9               Y    0.15685   0.24333   0.07786   0.11757  -0.43546
   33 C9               Z    0.00000   0.00000   0.00000   0.00000   0.00000
   34 C10              S   -0.01829   0.00974   0.04126  -0.00988   0.01754
   35 C10              S    0.11562  -0.07741  -0.28736   0.06573  -0.12826
   36 C10              X   -0.01383  -0.45716  -0.30573   0.18735   0.06379
   37 C10              Y   -0.38362  -0.17590   0.00553  -0.27134   0.55182
   38 C10              Z    0.00000   0.00000   0.00000   0.00000   0.00000
   39 H11              S    0.24956   0.10234   0.11957   0.23505  -0.34134
   40 H12              S    0.30885   0.15109  -0.08465   0.26642  -0.32372
   41 H13              S   -0.25613  -0.35626  -0.07671  -0.03792   0.33128
   42 C14              S    0.07219   0.02679  -0.05271  -0.06232   0.01653
   43 C14              S   -0.47987  -0.19804   0.36789   0.43612  -0.13621
   44 C14              X    0.03089  -0.13680   0.19795   0.08137  -0.35938
   45 C14              Y   -0.15685   0.24333  -0.07786   0.11757  -0.43546
   46 C14              Z    0.00000   0.00000   0.00000   0.00000   0.00000
   47 H15              S    0.30885  -0.15109  -0.08465  -0.26642   0.32372
   48 C16              S   -0.01829  -0.00974   0.04126   0.00988  -0.01754
   49 C16              S    0.11562   0.07741  -0.28736  -0.06573   0.12826
   50 C16              X    0.01383  -0.45716   0.30573   0.18735   0.06379
   51 C16              Y    0.38362  -0.17590  -0.00553  -0.27134   0.55182
   52 C16              Z    0.00000   0.00000   0.00000   0.00000   0.00000
   53 H17              S    0.24956  -0.10234   0.11957  -0.23505   0.34134
   54 H18              S   -0.25613   0.35626  -0.07671   0.03792  -0.33128
   55 C19              S   -0.01408   0.09476  -0.00297   0.03517   0.00986
   56 C19              S    0.09411  -0.64490   0.02647  -0.24230  -0.08249
   57 C19              X    0.29426  -0.09473  -0.02666   0.73623   0.23247
   58 C19              Y   -0.38310  -0.04685  -0.55966   0.05108  -0.20750
   59 C19              Z    0.00000   0.00000   0.00000   0.00000   0.00000
   60 H20              S    0.24959   0.29975   0.44106   0.05926   0.14843
   
                             56        57        58        59        60
  eigenvalues-              0.93977   0.99025   1.02716   1.10828   1.12528
  occupations-              0.00000   0.00000   0.00000   0.00000   0.00000
    1 C1               S    0.01431   0.01706   0.02013   0.00476   0.04266
    2 C1               S   -0.08569  -0.10864  -0.14365  -0.03173  -0.32338
    3 C1               X   -0.30684  -0.42382   0.28076   0.27729   0.57357
    4 C1               Y   -0.21810  -0.03769  -0.39697  -0.65697   0.37246
    5 C1               Z    0.00000   0.00000   0.00000   0.00000   0.00000
    6 C2               S   -0.03167   0.01687   0.02170   0.00685  -0.05599
    7 C2               S    0.22119  -0.12457  -0.16383  -0.04639   0.41554
    8 C2               X   -0.25734   0.42341  -0.18904  -0.26079  -0.52684
    9 C2               Y   -0.25126   0.08761  -0.11683  -0.55728   0.34882
   10 C2               Z    0.00000   0.00000   0.00000   0.00000   0.00000
   11 C3               S    0.02811  -0.01813   0.04655  -0.00686   0.05032
   12 C3               S   -0.20094   0.13228  -0.34068   0.04705  -0.37117
   13 C3               X   -0.28331   0.38622   0.19467  -0.59851  -0.04659
   14 C3               Y   -0.37903   0.00743  -0.14543   0.05423  -0.61123
   15 C3               Z    0.00000   0.00000   0.00000   0.00000   0.00000
   16 C4               S    0.01431   0.01706  -0.02013   0.00476  -0.04266
   17 C4               S   -0.08569  -0.10864   0.14365  -0.03173   0.32338
   18 C4               X    0.30684   0.42382   0.28076  -0.27729   0.57357
   19 C4               Y    0.21810   0.03769  -0.39697   0.65697   0.37246
   20 C4               Z    0.00000   0.00000   0.00000   0.00000   0.00000
   21 C5               S   -0.03167   0.01687  -0.02170   0.00685   0.05599
   22 C5               S    0.22119  -0.12457   0.16383  -0.04639  -0.41554
   23 C5               X    0.25734  -0.42341  -0.18904   0.26079  -0.52684
   24 C5               Y    0.25126  -0.08761  -0.11683   0.55728   0.34882
   25 C5               Z    0.00000   0.00000   0.00000   0.00000   0.00000
   26 H6               S   -0.03701  -0.20005   0.10695  -0.04096   0.27514
   27 H7               S   -0.21714  -0.04778   0.02139   0.00767  -0.26958
   28 H8               S   -0.03701  -0.20005  -0.10695  -0.04096  -0.27514
   29 C9               S   -0.04321   0.03625  -0.05823   0.02389  -0.01393
   30 C9               S    0.30625  -0.29615   0.45107  -0.19562   0.08665
   31 C9               X   -0.04148   0.67618  -0.62734   0.41877   0.34060
   32 C9               Y    0.57587   0.12169   0.43126  -0.29563   0.13949
   33 C9               Z    0.00000   0.00000   0.00000   0.00000   0.00000
   34 C10              S    0.03253  -0.04647   0.06823  -0.03808  -0.00932
   35 C10              S   -0.24089   0.35640  -0.52530   0.30468   0.08206
   36 C10              X   -0.46930   0.36172  -0.63293   0.36286   0.07001
   37 C10              Y   -0.29933  -0.49300   0.19564  -0.13117  -0.20653
   38 C10              Z    0.00000   0.00000   0.00000   0.00000   0.00000
   39 H11              S    0.26480   0.27128  -0.01267   0.03280   0.13531
   40 H12              S    0.31073   0.14360   0.18145  -0.15849   0.04629
   41 H13              S   -0.32158  -0.12277  -0.09662   0.04583  -0.06578
   42 C14              S   -0.04321   0.03625   0.05823   0.02389   0.01393
   43 C14              S    0.30625  -0.29615  -0.45107  -0.19562  -0.08665
   44 C14              X    0.04148  -0.67618  -0.62734  -0.41877   0.34060
   45 C14              Y   -0.57587  -0.12169   0.43126   0.29563   0.13949
   46 C14              Z    0.00000   0.00000   0.00000   0.00000   0.00000
   47 H15              S    0.31073   0.14360  -0.18145  -0.15849  -0.04629
   48 C16              S    0.03253  -0.04647  -0.06823  -0.03808   0.00932
   49 C16              S   -0.24089   0.35640   0.52530   0.30468  -0.08206
   50 C16              X    0.46930  -0.36172  -0.63293  -0.36286   0.07001
   51 C16              Y    0.29933   0.49300   0.19564   0.13117  -0.20653
   52 C16              Z    0.00000   0.00000   0.00000   0.00000   0.00000
   53 H17              S    0.26480   0.27128   0.01267   0.03280  -0.13531
   54 H18              S   -0.32158  -0.12277   0.09662   0.04583   0.06578
   55 C19              S    0.02811  -0.01813  -0.04655  -0.00686  -0.05032
   56 C19              S   -0.20094   0.13228   0.34068   0.04705   0.37117
   57 C19              X    0.28331  -0.38622   0.19467   0.59851  -0.04659
   58 C19              Y    0.37903  -0.00743  -0.14543  -0.05423  -0.61123
   59 C19              Z    0.00000   0.00000   0.00000   0.00000   0.00000
   60 H20              S   -0.21714  -0.04778  -0.02139   0.00767   0.26958
   
  
  end of program post
   
 Time(post)  user:       0.152  user+sys:       0.152  wallclock:       0.498

 Total cpu seconds     user:       1.865   user+sys:       1.865
  
 Total elapsed time:    10 seconds

Job dvb_sp_hf completed on anonymized-host at Wed Jul 29 10:54:38 2026
