
Running Job 1 of 1 C_bigbasis.in
qchem C_bigbasis.in_24003.0 /scratch/shannon.houck/qchem24003/ 1
/sw/qchem/release/7.0.0/exe/qcprog.exe_s C_bigbasis.in_24003.0 /scratch/shannon.houck/qchem24003/
                  Welcome to Q-Chem
     A Quantum Leap Into The Future Of Chemistry


 Q-Chem 7.0, Q-Chem, Inc., Pleasanton, CA (2026)

 License issued to: Q-Chem (site)

 S. Adibnia,  B. Alam,  B. J. Albrecht,  A. Aldossary,  E. Alguire,  
 J. H. Andersen,  A. D. Andres,  J. E. Arias-Martinez,  A. Aspuru-Guzik,  
 V. Athavale,  K. Begam,  A. Behn,  A. T. Bell,  N. Bellonzi,  Y. A. Bernard,  
 E. J. Berquist,  N. A. Besley,  R. Bi,  N. Bogo,  C. Brandt,  K. Bravaya,  
 D. R. Broderick,  B. R. Brooks,  H. G. A. Burton,  S. Camps,  A. Carreras,  
 K. Carter-Fenk,  D. Casanova,  J.-D. Chai,  A. Chakraborty,  R. Chakraborty,  
 J. Chen,  M. Chen,  T. Chen,  A. D. Chien,  M. Chow,  K. D. Closser,  
 V. Cofer-Shabica,  M. P. Coons,  S. Coriani,  S. J. Cotton,  C. J. Cramer,  
 G. Cserey,  L. Cunha,  A. L. Dempwolff,  J. Deng,  A. E. DePrince III,  
 J. D. DiCenso,  J. Dickinson,  M. Diedenhofen,  H. Dinh,  
 R. A. DiStasio Jr.,  L. B. Dittmer,  H. Do,  W. Dou,  A. Dreuw,  S. Ehlert,  
 E. Epifanovsky,  P.-T. Fang,  S. Faraji,  S. Fatehi,  Q. Feng,  X. Feng,  
 A. Ferino-Pérez,  J. Fetherolf,  S. Folkestad,  A. Fonlon,  Fošević,  
 T. Friedhoff,  T. Froitzheim,  T. R. Furlani,  A. Ganeshram,  B. Ganoe,  
 T. Gao,  S. M. Garner,  A. T. B. Gilbert,  P. M. W. Gill,  M. Gimferrer,  
 G. Giudetti,  W. A. Goddard III,  M. Goldey,  J. Gomes,  R. Goudy,  M. Gray,  
 S. Grimme,  S. Gulania,  A. O. Gunina,  J. A. Gyamfi,  S. Hammes-Schiffer,  
 F. Hampe,  P. H. P. Harbach,  A. W. Hauser,  M. Head-Gordon,  
 T. Head-Gordon,  W. J. Hehre,  J. M. Herbert,  M. F. Herbst,  M. Hodecker,  
 Z. C. Holden,  S. Houck,  C. Hsu,  X. Huang,  K. Hui,  B. C. Huynh,  
 K. Ikeda,  M. Ivanov,  L. D. Jacobson,  T. Jagau,  S. Jana,  N. K. Jayadev,  
 H. Ji,  H. Jiang,  Y. Jiang,  Z. Jin,  Y. Jung,  Á. Jász,  B. Kaduk,  
 L. de Kam,  R. Kang,  K. Khistyaev,  J. Kim,  L. Kim,  G. Kis,  N. Kissing,  
 A. Klamt,  J. H. Koh,  E. Kolodzeiski,  J. Kong,  D. Kosenkov,  
 T. Kowalczyk,  C. M. Krauter,  A. I. Krylov,  K. Kue,  T. Kus,  J. Kussmann,  
 I. Ladjánszki,  D. S. Lambrecht,  A. Landau,  C. W. Lander,  A. W. Lange,  
 K. U. Lao,  H. Laqua,  K. V. Lawler,  J. Lee,  D. Lefrancois,  S. Lehtola,  
 J. Leitner,  D. S. Levine,  C. Li,  R. Li,  S. Li,  T. E. Li,  X. Li,  
 Y.-P. Li,  J. Liang,  H.-H. Lin,  Y.-S. Lin,  H. Ling,  F. Liu,  J. Liu,  
 K.-Y. Liu,  X. Liu,  A. Luenser,  C. Malbon,  A. Mandal,  A. Manjanath,  
 P. U. Manohar,  E. Mansoor,  S. F. Manzer,  S.-P. Mao,  Y. Mao,  
 N. Mardirossian,  A. V. Marenich,  T. Markovich,  F. Matz,  S. A. Maurer,  
 S. May,  L. McCaslin,  C. W. McCurdy,  A. McIsaac,  P. F. McLaughlin,  
 J.-M. Mewes,  S. A. Mewes,  R. E. Moorby,  S. Moradi,  J. Morgenstein,  
 M. Mostafanejad,  M. Mukherjee,  A. Muller,  C. J. Mundy,  K. D. Nanda,  
 M. G. Navas,  M. Neal,  J. B. Neaton,  T. Neudecker,  A. Ni,  C. Ochsenfeld,  
 A. K. Ojha,  Q. Ou,  E. Paenurk,  G. Paran,  J. A. Parkhill,  
 V. Parravicini,  R. L. Patterson,  S. K. Paul,  Z. Pei,  D. Picconi,  
 F. Plasser,  P. Pokhilko,  J. Pottecher,  S. Prager,  E. I. Proynov,  
 A. F. Pérez,  S. Quiton,  H. Ram,  E. Ramos-Cordoba,  B. Rana,  A. E. Rask,  
 V. A. Rassolov,  D. R. Rehn,  H. Ren,  A. Rettig,  R. M. Richard,  
 P. J. Robinson,  E. Rossomme,  S. Roy,  Á. Rák,  P. Salvador,  P. Samal,  
 T. Scheele,  P. E. Schneider,  T. K. Schramm,  N. Sergueev,  Y. Shao,  
 S. M. Sharada,  M. Sharma,  H. Shen,  Y. Shen,  A. Singh,  W. Skomorowski,  
 L. Slipchenko,  S. Smiga,  R. P. Steele,  C. J. Stein,  A. J. Sterling,  
 Y. Su,  Y.-C. Su,  J. E. Subotnik,  E. J. Sundstrom,  J. Talbot,  Z. Tao,  
 H.-H. Teh,  J. Thirman,  A. J. W. Thom,  C. Titeca,  N. V. Tkachenko,  
 A. Tkatchenko,  R. Tomann,  G. J. Tornai,  D. G. Truhlar,  H.-Y. Tsai,  
 T. Tsuchimochi,  N. M. Tubman,  C. Utku,  S. P. Veccham,  M. L. Vidal,  
 C. Villot,  T. V. Voorhis,  O. Vydrov,  E. Wang,  Z. Wang,  J. Wenzel,  
 T. A. Wesolowski,  K. B. Whaley,  A. F. White,  J. Witek,  J. Wong,  H. Wu,  
 A. Yamada,  C.-H. Yang,  K. Yao,  S. Yeganeh,  J. T. Yi,  S. R. Yost,  
 Q. Yu,  F. Zeller,  I. Y. Zhang,  J. Zhang,  X. Zhang,  Y. Zhang,  Z. Zhang,  
 C. Zhao,  T. Zhao,  Y. Zhu,  P. Zimmerman,  D. Zuev

 Additional authors since Version 6.4.0: 
 H. Aksu,  F. Ballesteros,  C. Chakravarty,  A. M. Clark,  Y. Kim,  
 Q. Nguyen,  X. Pan,  R. Stein,  J. A. Tan,  M. G. S. Weiss,  R. Weiss,  
 M. Wormit,  Y. Wu

 Contributors to earlier versions of Q-Chem not listed above: 
 R. D. Adamson,  B. Austin,  R. Baer,  J. Baker,  D. Barton,  G. J. O. Beran,  
 K. Brandhorst,  K. Bravaya,  S. T. Brown,  E. F. C. Byrd,  
 A. K. Chakraborty,  G. K. L. Chan,  C.-M. Chang,  Y. Chen,  C.-L. Cheng,  
 S. H. Chien,  D. M. Chipman,  D. L. Crittenden,  H. Dachsel,  S. Dasgupta,  
 R. J. Doerksen,  B. Dunietz,  A. D. Dutoi,  R. G. Edgar,  J. Fosso-Tande,  
 L. Fusti-Molnar,  Z. Gan,  J. Gayvert,  Q. Ge,  D. Ghosh,  A. Ghysels,  
 G. Gidofalvi,  A. Golubeva-Zadorozhnaya,  J. Gonthier,  
 C. E. González-Espinoza,  M. S. Gordon,  S. R. Gwaltney,  D. Hait,  
 M. Hanson-Heine,  G. Hawkins,  J. E. Herr,  A. Heyden,  S. Hirata,  
 E. G. Hohenstein,  P. Horn,  I. Kaliman,  G. Kedziora,  F. J. Keil,  
 C. Kelley,  R. Z. Khaliullin,  J. Kim,  R. A. King,  P. Klunzinger,  
 Z. Koczor-Benda,  P. P. Korambath,  S. Kotaru,  L. Koulias,  A. Kunitsa,  
 W. Kurlancheek,  J. Kussmann,  S. Kähler,  D. S. Lambrecht,  A. Laurent,  
 A. M. Lee,  M. S. Lee,  S. V. Levchenko,  X. Li,  W. Liang,  M. Liebenthal,  
 C. Y. Lin,  D. Liotard,  E. Livshits,  R. C. Lochan,  M. Loipersberger,  
 I. Lotan,  H. Ma,  L. A. Martinez-Martinez,  P. E. Maslen,  S. Mason,  
 N. J. Mayhall,  S. C. McKenzie,  M. F. S. J. Menger,  P. Morgante,  
 A. F. Morrison,  J. W. Mullinax,  N. Nair,  D. Neuhauser,  E. Neuscamman,  
 C. M. Oana,  R. Olivares-Amaya,  R. Olson,  D. P. O'Neill,  
 K. J. Oosterbaan,  K. Paice,  A. C. Paul,  T. M. Perrine,  B. Peters,  
 R. Peverati,  P. A. Pieniazek,  S. Prasad,  A. Prociuk,  Y. M. Rhee,  
 J. Ritchie,  F. Rob,  M. A. Rohrdanz,  E. Rosta,  N. J. Russ,  
 H. F. Schaefer III,  M. Scheurer,  M. W. Schmidt,  M. Schneider,  
 N. E. Schultz,  S. Sharma,  N. Shenvi,  C. D. Sherrill,  A. C. Simmonett,  
 D. W. Small,  A. Sodt,  T. Stein,  D. Stuck,  K. S. Thanthiriwatte,  
 V. Vanovschi,  M. H. Vera,  L. Vogt,  F. Wang,  T. Wang,  A. Warshel,  
 M. A. Watson,  M. de Wergifosse,  C. F. Williams,  J. Witte,  
 H. L. Woodcock III,  Q. Wu,  X. Xu,  J. Yang,  Z.-Q. You,  A. Zech,  
 W. Zhang,  Y. Zhao

   Please cite Q-Chem as follows:
  "Software for the frontiers of quantum chemistry:
   An overview of developments in the Q-Chem 5 package"
   J. Chem. Phys. 155, 084801 (2021)
   https://doi.org/10.1063/5.0055522 (open access)

 Q-Chem 7.0.0 for Intel X86 EM64T Linux

 Parts of Q-Chem use Armadillo 12.8.2 (Cortisol Injector).
 http://arma.sourceforge.net/

 Q-Chem begins on Wed Jul 29 13:20:22 2026  

 Host: coreman6
0

 Scratch files written to /scratch/shannon.houck/qchem24003//
 Executable: /sw/qchem/release/7.0.0/exe/qcprog.exe_s
 Number of threads = 1
 Jul426 |scratch|qcdevops|jenkins|workspace|build_RNUM -1
 Processing $rem in /sw/qchem/release/7.0.0/config/preferences:
 Processing $rem in /hfnas/home/shannon.houck/.qchemrc:

 Checking the input file for inconsistencies... 	...done.

--------------------------------------------------------------
User input:
--------------------------------------------------------------
$comment
 Carbon atom (big basis), single point, RHF/aug-cc-pVQZ
$end

$rem
 method = hf
 basis = aug-cc-pvqz
 scf_final_print = 2
 print_general_basis = true
 print_orbitals = true
 molden_format = false
 gui = 2
$end

$molecule
 0 1
 C          -1.4152533224   0.2302217854   0.0000000000
$end
--------------------------------------------------------------
 ----------------------------------------------------------------
             Standard Nuclear Orientation (Angstroms)
    I     Atom           X                Y                Z
 ----------------------------------------------------------------
    1      C      -0.0000000000     0.0000000000     0.0000000000
 ----------------------------------------------------------------
 Molecular Point Group                 Kh    NOp =***
 Largest Abelian Subgroup              D2h   NOp =  1
 Nuclear Repulsion Energy =           0.00000000 hartrees
 There are        3 alpha and        3 beta electrons
 Requested basis set is aug-cc-pVQZ
 Basis set in general basis input format:
-----------------------------------------------------------------------
$basis
C    0
S    9    1.000000
   3.39800000E+04    9.10000000E-05 
   5.08900000E+03    7.04000000E-04 
   1.15700000E+03    3.69300000E-03 
   3.26600000E+02    1.53600000E-02 
   1.06100000E+02    5.29290000E-02 
   3.81100000E+01    1.47043000E-01 
   1.47500000E+01    3.05631000E-01 
   6.03500000E+00    3.99345000E-01 
   2.53000000E+00    2.17051000E-01 
S    9    1.000000
   3.39800000E+04   -1.90000000E-05 
   5.08900000E+03   -1.51000000E-04 
   1.15700000E+03   -7.85000000E-04 
   3.26600000E+02   -3.32400000E-03 
   1.06100000E+02   -1.15120000E-02 
   3.81100000E+01   -3.41600000E-02 
   1.47500000E+01   -7.71730000E-02 
   6.03500000E+00   -1.41493000E-01 
   2.53000000E+00   -1.18019000E-01 
S    1    1.000000
   7.35500000E-01    1.00000000E+00 
S    1    1.000000
   2.90500000E-01    1.00000000E+00 
S    1    1.000000
   1.11100000E-01    1.00000000E+00 
S    1    1.000000
   4.14500000E-02    1.00000000E+00 
P    3    1.000000
   3.45100000E+01    5.37800000E-03 
   7.91500000E+00    3.61320000E-02 
   2.36800000E+00    1.42493000E-01 
P    1    1.000000
   8.13200000E-01    1.00000000E+00 
P    1    1.000000
   2.89000000E-01    1.00000000E+00 
P    1    1.000000
   1.00700000E-01    1.00000000E+00 
P    1    1.000000
   3.21800000E-02    1.00000000E+00 
D    1    1.000000
   1.84800000E+00    1.00000000E+00 
D    1    1.000000
   6.49000000E-01    1.00000000E+00 
D    1    1.000000
   2.28000000E-01    1.00000000E+00 
D    1    1.000000
   7.66000000E-02    1.00000000E+00 
F    1    1.000000
   1.41900000E+00    1.00000000E+00 
F    1    1.000000
   4.85000000E-01    1.00000000E+00 
F    1    1.000000
   1.87000000E-01    1.00000000E+00 
G    1    1.000000
   1.01100000E+00    1.00000000E+00 
G    1    1.000000
   4.24000000E-01    1.00000000E+00 
****
$end
-----------------------------------------------------------------------
 There are 20 shells and 80 basis functions

 Total QAlloc Memory Limit   8000 MB
 Mega-Array Size       188 MB
 MEM_STATIC part       192 MB

 A cutoff of  1.0D-09 yielded    210 shell pairs
 There are      3430 function pairs (      5985 Cartesian)
 Start forming overlap matrix
 Smallest overlap matrix eigenvalue = 4.28E-03

 Scale SEOQF with 1.000000e-01/1.000000e-01/1.000000e-01

 Standard Electronic Orientation quadrupole field applied
 Guess from superposition of atomic densities
 Warning:  Energy on first SCF cycle will be non-variational
 SAD guess density has 6.000000 electrons

 -----------------------------------------------------------------------
  General SCF calculation program by
  Eric Jon Sundstrom, Paul Horn, Yuezhi Mao, Dmitri Zuev, Alec White,
  David Stuck, Shaama M.S., Shane Yost, Joonho Lee, David Small,
  Daniel Levine, Susi Lehtola, Hugh Burton, Evgeny Epifanovsky,
  Bang C. Huynh
 -----------------------------------------------------------------------
 Hartree-Fock
 A restricted SCF calculation will be
 performed using DIIS
 SCF converges when DIIS error is below 1.0e-05
 User-specified cutoff of 10e-9
 used for neglect of 2-electron integrals.
 A cutoff of 10e-9
 used for neglect of overlap integrals.
 Incremental Fock algorithm is on at the start.
 ---------------------------------------
  Cycle       Energy         DIIS error
 ---------------------------------------
    1     -37.3025389850      2.12e-03  
    2     -37.5672540503      4.46e-03  
    3     -37.5891389148      2.87e-03  
    4     -37.6022120500      1.19e-03  
    5     -37.6045149981      1.42e-04  
    6     -37.6045418626      1.43e-05  
    7     -37.6045426360      2.43e-06  Convergence criterion met
 ---------------------------------------
 HF Exchange   Energy =  -5.00648280178590
 Kinetic       Energy =  37.60379342404694
 Nuclear Attr. Energy = -87.91506435473751
 Total Coulomb Energy =  17.71321109650035
 Final Alpha MO Eigenvalues
            1           2           3           4           5           6
    1 -11.3649889  -0.7256291  -0.3584330   0.0188583   0.0188583   0.0834195
            7           8           9          10          11          12
    1   0.0899009   0.1082449   0.1082449   0.2323743   0.2323743   0.2416406
           13          14          15          16          17          18
    1   0.2416406   0.2454178   0.4453315   0.4639688   0.4639688   0.5032077
           19          20          21          22          23          24
    1   0.7441450   0.7441450   0.7622648   0.7622648   0.7735686   0.7735686
           25          26          27          28          29          30
    1   0.7756700   0.7756700   0.7774264   0.7911451   0.7911451   0.7984348
           31          32          33          34          35          36
    1   1.5914520   1.5914520   1.6086057   2.0899900   2.0899900   2.1075623
           37          38          39          40          41          42
    1   2.1183348   2.1183348   2.1386280   2.1386280   2.1508220   2.1508220
           43          44          45          46          47          48
    1   2.1548905   2.1972701   2.1972701   2.2315260   2.2315260   2.2447744
           49          50          51          52          53          54
    1   2.2451707   2.2451707   2.2831437   2.2831437   2.3066642   2.3066642
           55          56          57          58          59          60
    1   2.3146655   5.7671159   5.7671159   5.8142097   5.8738840   5.8738840
           61          62          63          64          65          66
    1   5.9211577   5.9211577   5.9548319   5.9548319   5.9750010   5.9750010
           67          68          69          70          71          72
    1   5.9817182   6.3280463   6.3280463   6.3828144   6.3828144   6.4013700
           73          74          75          76          77          78
    1   6.4181313   6.4181313   6.4730475   6.4730475   6.5066628   6.5066628
           79          80
    1   6.5180310  20.4225807
 Final Alpha MO Coefficients
            1           2           3           4           5           6
    1   0.9933486   0.0005543  -0.0000000   0.0000000  -0.0000000  -0.0267314
    2   0.0001570   0.3446149   0.0000000   0.0000000   0.0000000  -0.1174218
    3   0.0157502   0.2809555  -0.0000000   0.0000000  -0.0000000  -0.1743453
    4  -0.0034795   0.5919295   0.0000000  -0.0000000   0.0000000   0.2249848
    5   0.0016069   0.2714741  -0.0000000   0.0000000   0.0000000  -1.3588243
    6  -0.0004038   0.0029319  -0.0000000  -0.0000000  -0.0000000   1.8140341
    7   0.0000000  -0.0000000  -0.0000013   0.0966381  -0.0000000   0.0000000
    8  -0.0000000   0.0000000  -0.1665559  -0.0000008   0.0000000   0.0000000
    9  -0.0000000  -0.0000000   0.0000001   0.0000000   0.0966381  -0.0000000
   10  -0.0000000  -0.0000000  -0.0000026   0.1833358  -0.0000000   0.0000000
   11   0.0000000   0.0000000  -0.3254271  -0.0000015   0.0000001   0.0000000
   12   0.0000000  -0.0000000   0.0000001   0.0000000   0.1833358  -0.0000000
   13   0.0000000  -0.0000000  -0.0000035   0.3001224  -0.0000000   0.0000000
   14  -0.0000000   0.0000000  -0.4418473  -0.0000024   0.0000001  -0.0000000
   15  -0.0000000  -0.0000000   0.0000002   0.0000000   0.3001224  -0.0000000
   16  -0.0000000   0.0000000  -0.0000023   0.2377409  -0.0000000  -0.0000000
   17   0.0000000   0.0000000  -0.2889671  -0.0000019   0.0000001   0.0000000
   18   0.0000000  -0.0000000   0.0000001   0.0000000   0.2377409  -0.0000000
   19   0.0000000   0.0000000  -0.0000002   0.5280212  -0.0000000   0.0000000
   20  -0.0000000  -0.0000000  -0.0237797  -0.0000042   0.0000002  -0.0000000
   21  -0.0000000  -0.0000000   0.0000000   0.0000000   0.5280212   0.0000000
   22  -0.0000000   0.0000000  -0.0000000  -0.0000000   0.0000000   0.0000000
   23   0.0000000  -0.0000000  -0.0000000   0.0000000  -0.0000000  -0.0000000
   24   0.0001064  -0.0011099  -0.0000000  -0.0000000  -0.0000000  -0.0002439
   25   0.0000000  -0.0000000   0.0000000   0.0000000  -0.0000000  -0.0000000
   26   0.0001843  -0.0019224  -0.0000000   0.0000000  -0.0000000  -0.0004224
   27   0.0000000  -0.0000000   0.0000000  -0.0000000  -0.0000000   0.0000000
   28  -0.0000000   0.0000000   0.0000000  -0.0000000   0.0000000  -0.0000000
   29  -0.0005080   0.0003340  -0.0000000  -0.0000000   0.0000000  -0.0000031
   30  -0.0000000   0.0000000  -0.0000000   0.0000000  -0.0000000  -0.0000000
   31  -0.0008799   0.0005786   0.0000000  -0.0000000  -0.0000000  -0.0000054
   32  -0.0000000   0.0000001  -0.0000000   0.0000000   0.0000000   0.0000001
   33   0.0000000  -0.0000000  -0.0000000  -0.0000000  -0.0000000  -0.0000000
   34   0.0000498  -0.0042902  -0.0000000   0.0000000  -0.0000000  -0.0053165
   35   0.0000000  -0.0000000   0.0000000  -0.0000000   0.0000000  -0.0000000
   36   0.0000862  -0.0074309  -0.0000000  -0.0000000  -0.0000000  -0.0092085
   37   0.0000000   0.0000001   0.0000000  -0.0000000  -0.0000000  -0.0000009
   38  -0.0000000  -0.0000000   0.0000000  -0.0000000   0.0000000   0.0000000
   39  -0.0000434  -0.0021827  -0.0000000   0.0000000  -0.0000000   0.0311274
   40  -0.0000000  -0.0000000   0.0000000   0.0000000  -0.0000000   0.0000000
   41  -0.0000752  -0.0037806   0.0000000  -0.0000000   0.0000000   0.0539142
   42   0.0000000   0.0000000  -0.0032676  -0.0000000   0.0000000   0.0000000
   43   0.0000000  -0.0000000  -0.0000000   0.0000000  -0.0000000   0.0000000
   44  -0.0000000   0.0000000  -0.0025311  -0.0000000   0.0000000   0.0000000
   45  -0.0000000  -0.0000000   0.0000000   0.0000000   0.0012896  -0.0000000
   46  -0.0000000  -0.0000000  -0.0000000   0.0005265  -0.0000000   0.0000000
   47  -0.0000000  -0.0000000   0.0000000   0.0000000   0.0016648  -0.0000000
   48  -0.0000000  -0.0000000  -0.0000001   0.0020390  -0.0000000  -0.0000000
   49   0.0000000   0.0000000  -0.0073758  -0.0000001   0.0000000   0.0000000
   50  -0.0000000   0.0000000  -0.0000000   0.0000000  -0.0000000  -0.0000000
   51  -0.0000000  -0.0000000  -0.0057133  -0.0000000   0.0000000  -0.0000000
   52   0.0000000   0.0000000   0.0000000   0.0000000   0.0023980   0.0000000
   53  -0.0000000   0.0000000  -0.0000000   0.0009790  -0.0000000   0.0000000
   54   0.0000000  -0.0000000   0.0000000   0.0000000   0.0030958   0.0000000
   55  -0.0000000  -0.0000000  -0.0000002   0.0037915  -0.0000000  -0.0000000
   56  -0.0000000  -0.0000000  -0.0061352  -0.0000003   0.0000000  -0.0000000
   57  -0.0000000  -0.0000000  -0.0000000   0.0000000  -0.0000001  -0.0000000
   58   0.0000000   0.0000000  -0.0047523  -0.0000000   0.0000000   0.0000000
   59   0.0000000   0.0000000   0.0000000   0.0000000   0.0072281  -0.0000000
   60  -0.0000000  -0.0000000  -0.0000000   0.0029509  -0.0000000  -0.0000000
   61  -0.0000000   0.0000000   0.0000000   0.0000000   0.0093314   0.0000000
   62   0.0000000  -0.0000000  -0.0000001   0.0114286  -0.0000000   0.0000000
   63   0.0000000   0.0000000  -0.0000000   0.0000000   0.0000000   0.0000000
   64  -0.0000000  -0.0000000   0.0000000  -0.0000000  -0.0000000  -0.0000000
   65   0.0000000   0.0000000   0.0000000   0.0000000   0.0000000   0.0000000
   66  -0.0000000  -0.0000000   0.0000000  -0.0000000   0.0000000  -0.0000000
   67  -0.0000051  -0.0000249  -0.0000000  -0.0000000  -0.0000000  -0.0000328
   68  -0.0000000  -0.0000000  -0.0000000   0.0000000   0.0000000  -0.0000000
   69  -0.0000076  -0.0000372   0.0000000   0.0000000   0.0000000  -0.0000489
   70  -0.0000000  -0.0000000   0.0000000  -0.0000000  -0.0000000  -0.0000000
   71  -0.0000100  -0.0000492  -0.0000000   0.0000000   0.0000000  -0.0000646
   72   0.0000000   0.0000000   0.0000000  -0.0000000  -0.0000000  -0.0000000
   73  -0.0000000  -0.0000000  -0.0000000   0.0000000   0.0000000   0.0000000
   74   0.0000000   0.0000000  -0.0000000   0.0000000  -0.0000000  -0.0000000
   75  -0.0000000  -0.0000000  -0.0000000   0.0000000  -0.0000000   0.0000000
   76  -0.0000013  -0.0001510   0.0000000   0.0000000   0.0000000   0.0001143
   77   0.0000000  -0.0000000   0.0000000  -0.0000000  -0.0000000   0.0000000
   78  -0.0000019  -0.0002250   0.0000000  -0.0000000   0.0000000   0.0001704
   79  -0.0000000  -0.0000000  -0.0000000   0.0000000   0.0000000   0.0000000
   80  -0.0000025  -0.0002977   0.0000000  -0.0000000  -0.0000000   0.0002254
            7           8           9          10          11          12
    1   0.0000000  -0.0000000  -0.0000000  -0.0000000  -0.0000000   0.0000000
    2   0.0000000  -0.0000000  -0.0000000   0.0000000  -0.0000000   0.0000000
    3   0.0000000  -0.0000000  -0.0000000  -0.0000000  -0.0000000   0.0000000
    4  -0.0000000   0.0000000   0.0000000   0.0000000   0.0000000  -0.0000000
    5   0.0000000  -0.0000000  -0.0000000  -0.0000000  -0.0000000   0.0000000
    6  -0.0000000   0.0000000   0.0000000   0.0000000   0.0000000  -0.0000000
    7   0.0000003   0.0799909   0.0000000  -0.0000000  -0.0000000   0.0000000
    8   0.0331096  -0.0000006   0.0000000   0.0000000  -0.0000000   0.0000000
    9  -0.0000000  -0.0000000   0.0799909   0.0000000  -0.0000000  -0.0000000
   10   0.0000008   0.2028392   0.0000001   0.0000000  -0.0000000  -0.0000000
   11   0.1050065  -0.0000016   0.0000001  -0.0000000  -0.0000000  -0.0000000
   12  -0.0000000  -0.0000001   0.2028392  -0.0000000  -0.0000000   0.0000000
   13  -0.0000002   0.1125879   0.0000000  -0.0000000  -0.0000000   0.0000000
   14  -0.0204122  -0.0000009   0.0000000   0.0000000  -0.0000000  -0.0000000
   15   0.0000000  -0.0000000   0.1125879   0.0000000  -0.0000000  -0.0000000
   16   0.0000042   0.8073273   0.0000002   0.0000000   0.0000000   0.0000000
   17   0.5296625  -0.0000065   0.0000003  -0.0000000   0.0000000   0.0000000
   18  -0.0000002  -0.0000002   0.8073273  -0.0000000   0.0000000   0.0000000
   19  -0.0000101  -1.1880709  -0.0000003  -0.0000000  -0.0000000  -0.0000000
   20  -1.2681133   0.0000095  -0.0000004   0.0000000  -0.0000000  -0.0000000
   21   0.0000004   0.0000003  -1.1880709   0.0000000  -0.0000000   0.0000000
   22  -0.0000000   0.0000000   0.0000000   0.0000000  -0.0000001  -0.0091748
   23  -0.0000000   0.0000000  -0.0000000  -0.0000001  -0.0000000   0.0000000
   24   0.0000000  -0.0000000  -0.0000000   0.0000000  -0.0080254  -0.0000000
   25  -0.0000000  -0.0000000   0.0000000   0.0092669   0.0000000   0.0000000
   26  -0.0000000   0.0000000   0.0000000  -0.0000000   0.0046334  -0.0000001
   27   0.0000000  -0.0000000  -0.0000000  -0.0000000   0.0000005   0.0716740
   28  -0.0000000  -0.0000000  -0.0000000   0.0000005   0.0000000  -0.0000000
   29  -0.0000000   0.0000000   0.0000000  -0.0000000   0.0584542   0.0000000
   30  -0.0000000   0.0000000   0.0000000  -0.0674971  -0.0000000  -0.0000000
   31   0.0000000  -0.0000000  -0.0000000   0.0000000  -0.0337486   0.0000011
   32  -0.0000000   0.0000000  -0.0000000   0.0000001  -0.0000016  -0.1963495
   33   0.0000000   0.0000000  -0.0000000  -0.0000016  -0.0000001   0.0000001
   34   0.0000000  -0.0000000  -0.0000000   0.0000000  -0.1683882  -0.0000000
   35  -0.0000000  -0.0000000   0.0000000   0.1944379   0.0000000   0.0000001
   36  -0.0000000   0.0000000   0.0000000  -0.0000000   0.0972190  -0.0000031
   37   0.0000000  -0.0000000   0.0000000  -0.0000004   0.0000088   1.0995414
   38  -0.0000000  -0.0000000   0.0000000   0.0000088   0.0000004  -0.0000003
   39  -0.0000000  -0.0000000  -0.0000000  -0.0000000   0.9518909   0.0000000
   40   0.0000000   0.0000000  -0.0000000  -1.0991489  -0.0000000  -0.0000004
   41   0.0000000  -0.0000000  -0.0000000   0.0000000  -0.5495745   0.0000176
   42   0.0004711  -0.0000000   0.0000000  -0.0000000  -0.0000000  -0.0000000
   43   0.0000000   0.0000000  -0.0000000  -0.0000000  -0.0000000   0.0000000
   44   0.0003649  -0.0000000   0.0000000   0.0000000   0.0000000   0.0000000
   45  -0.0000000  -0.0000000   0.0009302  -0.0000000   0.0000000   0.0000000
   46   0.0000000   0.0003797   0.0000000   0.0000000  -0.0000000  -0.0000000
   47  -0.0000000  -0.0000000   0.0012009  -0.0000000   0.0000000  -0.0000000
   48   0.0000000   0.0014708   0.0000000  -0.0000000  -0.0000000   0.0000000
   49   0.0033596  -0.0000001   0.0000000   0.0000000  -0.0000000   0.0000000
   50   0.0000000   0.0000000  -0.0000001   0.0000000   0.0000000  -0.0000000
   51   0.0026023  -0.0000000   0.0000000  -0.0000000  -0.0000000  -0.0000000
   52  -0.0000000  -0.0000000   0.0035148   0.0000000  -0.0000000  -0.0000000
   53   0.0000000   0.0014349   0.0000000   0.0000000  -0.0000000   0.0000000
   54  -0.0000000  -0.0000000   0.0045376   0.0000000  -0.0000000   0.0000000
   55   0.0000001   0.0055574   0.0000000   0.0000000   0.0000000  -0.0000000
   56  -0.0050883  -0.0000000   0.0000000  -0.0000000   0.0000000   0.0000000
   57  -0.0000000   0.0000000  -0.0000000  -0.0000000  -0.0000000   0.0000000
   58  -0.0039414  -0.0000000   0.0000000   0.0000000  -0.0000000   0.0000000
   59   0.0000000  -0.0000000   0.0012323  -0.0000000   0.0000000   0.0000000
   60  -0.0000000   0.0005031   0.0000000   0.0000000   0.0000000  -0.0000000
   61   0.0000000  -0.0000000   0.0015908   0.0000000   0.0000000  -0.0000000
   62  -0.0000001   0.0019484   0.0000000   0.0000000  -0.0000000  -0.0000000
   63   0.0000000  -0.0000000  -0.0000000   0.0000000  -0.0000000  -0.0008670
   64   0.0000000   0.0000000  -0.0000000  -0.0000000  -0.0000000   0.0000000
   65   0.0000000  -0.0000000  -0.0000000   0.0000000   0.0000000  -0.0003277
   66   0.0000000   0.0000000   0.0000000  -0.0000000  -0.0000000   0.0000000
   67  -0.0000000   0.0000000   0.0000000   0.0000000  -0.0003858  -0.0000000
   68   0.0000000  -0.0000000   0.0000000   0.0002440   0.0000000   0.0000000
   69  -0.0000000   0.0000000   0.0000000   0.0000000  -0.0003450  -0.0000000
   70   0.0000000  -0.0000000  -0.0000000   0.0006455   0.0000000   0.0000000
   71   0.0000000  -0.0000000  -0.0000000  -0.0000000   0.0004564  -0.0000000
   72  -0.0000000   0.0000000   0.0000000  -0.0000000   0.0000001   0.0054244
   73  -0.0000000  -0.0000000   0.0000000   0.0000001  -0.0000000  -0.0000000
   74  -0.0000000   0.0000000   0.0000000  -0.0000000  -0.0000000   0.0020502
   75  -0.0000000  -0.0000000  -0.0000000   0.0000000   0.0000000  -0.0000000
   76   0.0000000  -0.0000000  -0.0000000  -0.0000000   0.0022744   0.0000000
   77  -0.0000000   0.0000000  -0.0000000  -0.0014384  -0.0000000  -0.0000000
   78   0.0000000  -0.0000000  -0.0000000  -0.0000000   0.0020343   0.0000000
   79  -0.0000000   0.0000000  -0.0000000  -0.0038058  -0.0000000  -0.0000000
   80  -0.0000000   0.0000000   0.0000000   0.0000000  -0.0026911   0.0000002
           13          14          15          16          17          18
    1  -0.0000000   0.0045690  -0.0000000  -0.0000000  -0.0000000  -0.0822659
    2   0.0000000   0.0094721  -0.0000000  -0.0000000  -0.0000000   0.0935873
    3  -0.0000000   0.0229796  -0.0000000  -0.0000000  -0.0000000  -0.2759589
    4   0.0000000  -0.0737164   0.0000000   0.0000000   0.0000000   2.6525564
    5   0.0000000   0.1672580  -0.0000000  -0.0000000  -0.0000000  -3.7277287
    6  -0.0000000  -0.1384662   0.0000000   0.0000000   0.0000000   1.5459784
    7  -0.0000000   0.0000000   0.0000011   0.1550826  -0.0000000   0.0000000
    8   0.0000000   0.0000000   0.1385489  -0.0000012   0.0000001  -0.0000000
    9  -0.0000000   0.0000000  -0.0000000   0.0000000   0.1550826  -0.0000000
   10  -0.0000000   0.0000000   0.0000007   0.1158803  -0.0000000   0.0000000
   11   0.0000000   0.0000000   0.0841292  -0.0000009   0.0000000  -0.0000000
   12  -0.0000000   0.0000000  -0.0000000   0.0000000   0.1158803  -0.0000000
   13  -0.0000000   0.0000000   0.0000081   1.1345405  -0.0000001   0.0000000
   14   0.0000000   0.0000000   1.0099147  -0.0000091   0.0000004  -0.0000000
   15  -0.0000000   0.0000000  -0.0000004   0.0000001   1.1345405  -0.0000000
   16   0.0000000  -0.0000000  -0.0000150  -1.8001942   0.0000001  -0.0000000
   17  -0.0000000  -0.0000000  -1.8772698   0.0000144  -0.0000006   0.0000000
   18   0.0000000  -0.0000000   0.0000007  -0.0000001  -1.8001942   0.0000000
   19  -0.0000000   0.0000000   0.0000062   0.7292054  -0.0000000   0.0000000
   20   0.0000000   0.0000000   0.7802222  -0.0000058   0.0000003  -0.0000000
   21  -0.0000000   0.0000000  -0.0000003   0.0000000   0.7292054  -0.0000000
   22  -0.0000000   0.0000001   0.0000000   0.0000000   0.0000000   0.0000000
   23  -0.0091748  -0.0000000   0.0000000  -0.0000000   0.0000000  -0.0000000
   24   0.0000000  -0.0045850   0.0000000   0.0000000   0.0000000  -0.0016710
   25  -0.0000001  -0.0000000  -0.0000000   0.0000000   0.0000000  -0.0000000
   26   0.0000000  -0.0079415   0.0000000   0.0000000   0.0000000  -0.0028942
   27   0.0000000  -0.0000010  -0.0000000  -0.0000000  -0.0000000  -0.0000004
   28   0.0716740   0.0000000  -0.0000000   0.0000000   0.0000000   0.0000000
   29  -0.0000000   0.0362942   0.0000000   0.0000000   0.0000000   0.0130932
   30   0.0000006   0.0000000   0.0000000  -0.0000000   0.0000000   0.0000000
   31  -0.0000000   0.0628634  -0.0000000  -0.0000000  -0.0000000   0.0226781
   32  -0.0000001   0.0000027   0.0000000   0.0000000   0.0000000   0.0000012
   33  -0.1963495  -0.0000001   0.0000000  -0.0000000  -0.0000000  -0.0000001
   34   0.0000001  -0.0986657   0.0000000   0.0000000   0.0000000  -0.0415216
   35  -0.0000016  -0.0000000  -0.0000000   0.0000000  -0.0000000  -0.0000000
   36   0.0000001  -0.1708940  -0.0000000  -0.0000000  -0.0000000  -0.0719176
   37   0.0000003  -0.0000152   0.0000000  -0.0000000   0.0000000  -0.0000009
   38   1.0995414   0.0000007  -0.0000000   0.0000000   0.0000000   0.0000000
   39  -0.0000007   0.5490112   0.0000000  -0.0000000  -0.0000000   0.0311770
   40   0.0000088   0.0000000   0.0000000  -0.0000000   0.0000000   0.0000000
   41  -0.0000004   0.9509153  -0.0000000  -0.0000000  -0.0000000   0.0540001
   42   0.0000000   0.0000000   0.0012734  -0.0000000   0.0000000  -0.0000000
   43  -0.0000000   0.0000000   0.0000000   0.0000000  -0.0000000   0.0000000
   44   0.0000000  -0.0000000   0.0009863  -0.0000000   0.0000000  -0.0000000
   45  -0.0000000  -0.0000000  -0.0000000   0.0000000   0.0009932  -0.0000000
   46  -0.0000000   0.0000000   0.0000000   0.0004055  -0.0000000   0.0000000
   47  -0.0000000  -0.0000000  -0.0000000   0.0000000   0.0012822  -0.0000000
   48   0.0000000   0.0000000   0.0000000   0.0015703  -0.0000000  -0.0000000
   49  -0.0000000   0.0000000   0.0122551  -0.0000003   0.0000000  -0.0000000
   50   0.0000000  -0.0000000   0.0000000   0.0000000  -0.0000002  -0.0000000
   51   0.0000000   0.0000000   0.0094927  -0.0000000   0.0000000   0.0000000
   52   0.0000000   0.0000000  -0.0000000   0.0000000   0.0090859   0.0000000
   53   0.0000000   0.0000000   0.0000001   0.0037093  -0.0000000   0.0000000
   54  -0.0000000   0.0000000  -0.0000000   0.0000000   0.0117298   0.0000000
   55  -0.0000000  -0.0000000   0.0000003   0.0143660  -0.0000000  -0.0000000
   56   0.0000000  -0.0000000  -0.0417661   0.0000010  -0.0000000   0.0000000
   57  -0.0000000   0.0000000  -0.0000000  -0.0000000   0.0000005   0.0000000
   58  -0.0000000   0.0000000  -0.0323519   0.0000001  -0.0000000   0.0000000
   59   0.0000000  -0.0000000   0.0000000  -0.0000000  -0.0258864   0.0000000
   60  -0.0000000  -0.0000000  -0.0000003  -0.0105681   0.0000000  -0.0000000
   61   0.0000000  -0.0000000   0.0000000  -0.0000000  -0.0334193  -0.0000000
   62   0.0000000   0.0000000  -0.0000010  -0.0409301   0.0000000   0.0000000
   63  -0.0000000   0.0000000  -0.0000000  -0.0000000  -0.0000000  -0.0000000
   64  -0.0006130  -0.0000000  -0.0000000  -0.0000000   0.0000000   0.0000000
   65  -0.0000000   0.0000000  -0.0000000  -0.0000000  -0.0000000  -0.0000000
   66  -0.0006951  -0.0000000   0.0000000  -0.0000000   0.0000000   0.0000000
   67   0.0000000  -0.0003754  -0.0000000  -0.0000000  -0.0000000   0.0000718
   68  -0.0000000  -0.0000000   0.0000000  -0.0000000   0.0000000   0.0000000
   69   0.0000000  -0.0005597   0.0000000   0.0000000   0.0000000   0.0001070
   70  -0.0000000  -0.0000000  -0.0000000  -0.0000000   0.0000000   0.0000000
   71   0.0000000  -0.0007404   0.0000000   0.0000000   0.0000000   0.0001415
   72   0.0000000  -0.0000001   0.0000000   0.0000000  -0.0000000   0.0000000
   73   0.0038356   0.0000000   0.0000000   0.0000000   0.0000000  -0.0000000
   74   0.0000000  -0.0000001   0.0000000   0.0000000  -0.0000000   0.0000000
   75   0.0043492   0.0000000   0.0000000   0.0000000  -0.0000000  -0.0000000
   76  -0.0000000   0.0023776  -0.0000000  -0.0000000  -0.0000000  -0.0003712
   77   0.0000000   0.0000000   0.0000000   0.0000000  -0.0000000  -0.0000000
   78  -0.0000000   0.0035444  -0.0000000  -0.0000000  -0.0000000  -0.0005534
   79   0.0000001   0.0000000   0.0000000   0.0000000  -0.0000000  -0.0000000
   80  -0.0000000   0.0046888  -0.0000000  -0.0000000  -0.0000000  -0.0007320
           19          20          21          22          23          24
    1  -0.0000000   0.0000000  -0.0000000  -0.0000000  -0.0000000   0.0000000
    2  -0.0000000   0.0000000  -0.0000000  -0.0000000  -0.0000000   0.0000000
    3  -0.0000000   0.0000000  -0.0000000  -0.0000000  -0.0000000   0.0000000
    4   0.0000000  -0.0000000   0.0000000  -0.0000000   0.0000000  -0.0000000
    5  -0.0000000   0.0000000   0.0000000   0.0000000  -0.0000000   0.0000000
    6   0.0000000  -0.0000000  -0.0000000  -0.0000000   0.0000000  -0.0000000
    7   0.0000000   0.0000000  -0.0000000  -0.0000000  -0.0036440   0.0000000
    8  -0.0000000   0.0000000  -0.0000000  -0.0000000   0.0000000  -0.0000000
    9  -0.0000000   0.0000000   0.0000000  -0.0000000  -0.0000000  -0.0036440
   10   0.0000000   0.0000000   0.0000000  -0.0000000   0.0074926  -0.0000000
   11  -0.0000000   0.0000000   0.0000000   0.0000000  -0.0000001   0.0000000
   12  -0.0000000   0.0000000  -0.0000000   0.0000000   0.0000000   0.0074926
   13   0.0000000   0.0000000  -0.0000000  -0.0000000  -0.0455653   0.0000001
   14  -0.0000000   0.0000000  -0.0000000  -0.0000000   0.0000004  -0.0000000
   15  -0.0000000   0.0000000   0.0000000  -0.0000000  -0.0000001  -0.0455653
   16  -0.0000000  -0.0000000   0.0000000   0.0000000   0.0755066  -0.0000001
   17   0.0000000  -0.0000000   0.0000000   0.0000000  -0.0000006   0.0000000
   18   0.0000000  -0.0000000  -0.0000000   0.0000000   0.0000001   0.0755066
   19   0.0000000   0.0000000  -0.0000000  -0.0000000  -0.0255866   0.0000000
   20  -0.0000000   0.0000000  -0.0000000  -0.0000000   0.0000002  -0.0000000
   21  -0.0000000   0.0000000   0.0000000  -0.0000000  -0.0000000  -0.0255866
   22  -0.0000000  -0.0000000   0.0000000   0.0000000  -0.0000000   0.0000000
   23   0.0000000  -0.0000000   0.0000000  -0.0000000   0.0000000  -0.0000000
   24   0.0000000   0.0000000   0.0000000   0.0000000   0.0000000   0.0000000
   25  -0.0000000  -0.0000000   0.0000000   0.0000000   0.0000000  -0.0000000
   26   0.0000000   0.0000000  -0.0000000   0.0000000  -0.0000000  -0.0000000
   27   0.0000000  -0.0000000  -0.0000000  -0.0000000   0.0000000  -0.0000000
   28  -0.0000000   0.0000000  -0.0000000   0.0000000  -0.0000000   0.0000000
   29   0.0000000   0.0000000  -0.0000000  -0.0000000  -0.0000000  -0.0000000
   30   0.0000000  -0.0000000  -0.0000000  -0.0000000  -0.0000000   0.0000000
   31  -0.0000000  -0.0000000   0.0000000  -0.0000000   0.0000000   0.0000000
   32  -0.0000000   0.0000000   0.0000000   0.0000000  -0.0000000   0.0000000
   33   0.0000000  -0.0000000   0.0000000  -0.0000000   0.0000000  -0.0000000
   34   0.0000000  -0.0000000   0.0000000   0.0000000   0.0000000   0.0000000
   35  -0.0000000   0.0000000   0.0000000  -0.0000000   0.0000000  -0.0000000
   36  -0.0000000   0.0000000  -0.0000000  -0.0000000  -0.0000000  -0.0000000
   37   0.0000000   0.0000000  -0.0000000  -0.0000000   0.0000000  -0.0000000
   38  -0.0000000   0.0000000  -0.0000000   0.0000000  -0.0000000   0.0000000
   39  -0.0000000   0.0000000  -0.0000000  -0.0000000  -0.0000000  -0.0000000
   40   0.0000000   0.0000000  -0.0000000   0.0000000  -0.0000000   0.0000000
   41   0.0000000  -0.0000000   0.0000000   0.0000000   0.0000000   0.0000000
   42  -0.0000002  -0.0000001  -0.0254137  -0.0025949   0.0000010  -0.0000000
   43   0.0000001  -0.0000004   0.0042375  -0.0415003  -0.0000000   0.0000005
   44   0.0000003   0.0000001   0.0328089   0.0033500   0.0000001  -0.0000000
   45   0.0080587  -0.0312376  -0.0000000  -0.0000000  -0.0000000  -0.0258762
   46  -0.0382581  -0.0098699   0.0000003   0.0000000  -0.0105639   0.0000000
   47  -0.0062422   0.0241966   0.0000001  -0.0000007  -0.0000001  -0.0334060
   48   0.0098782   0.0025484  -0.0000006  -0.0000000  -0.0409138   0.0000001
   49   0.0000013   0.0000003   0.1338915   0.0136712  -0.0000052   0.0000001
   50  -0.0000004   0.0000021  -0.0223250   0.2186439   0.0000001  -0.0000028
   51  -0.0000016  -0.0000003  -0.1728532  -0.0176495  -0.0000004   0.0000002
   52  -0.0426487   0.1653171   0.0000001   0.0000000   0.0000002   0.1358315
   53   0.2024713   0.0522337  -0.0000014  -0.0000003   0.0554530  -0.0000001
   54   0.0330355  -0.1280541  -0.0000003   0.0000035   0.0000003   0.1753577
   55  -0.0522779  -0.0134867   0.0000032   0.0000002   0.2147685  -0.0000003
   56  -0.0000065  -0.0000014  -0.6803242  -0.0694657   0.0000259  -0.0000004
   57   0.0000023  -0.0000107   0.1134371  -1.1109647  -0.0000006   0.0000141
   58   0.0000085   0.0000018   0.8782947   0.0896799   0.0000022  -0.0000011
   59   0.2201830  -0.8534856  -0.0000008  -0.0000001  -0.0000011  -0.6840046
   60  -1.0453021  -0.2696680   0.0000070   0.0000013  -0.2792437   0.0000004
   61  -0.1705530   0.6611071   0.0000016  -0.0000178  -0.0000014  -0.8830461
   62   0.2698959   0.0696280  -0.0000164  -0.0000012  -1.0815062   0.0000017
   63  -0.0000000   0.0000000   0.0000000  -0.0000000   0.0000000  -0.0000000
   64   0.0000000   0.0000000   0.0000000  -0.0000000  -0.0000000  -0.0000000
   65  -0.0000000   0.0000000  -0.0000000  -0.0000000   0.0000000  -0.0000000
   66  -0.0000000   0.0000000  -0.0000000   0.0000000   0.0000000  -0.0000000
   67  -0.0000000  -0.0000000  -0.0000000   0.0000000   0.0000000  -0.0000000
   68  -0.0000000   0.0000000   0.0000000  -0.0000000  -0.0000000  -0.0000000
   69  -0.0000000  -0.0000000   0.0000000   0.0000000   0.0000000   0.0000000
   70  -0.0000000   0.0000000   0.0000000  -0.0000000  -0.0000000  -0.0000000
   71   0.0000000   0.0000000   0.0000000  -0.0000000   0.0000000   0.0000000
   72   0.0000000  -0.0000000   0.0000000   0.0000000  -0.0000000   0.0000000
   73   0.0000000  -0.0000000   0.0000000   0.0000000   0.0000000   0.0000000
   74   0.0000000  -0.0000000   0.0000000  -0.0000000  -0.0000000   0.0000000
   75   0.0000000  -0.0000000   0.0000000  -0.0000000   0.0000000  -0.0000000
   76   0.0000000   0.0000000   0.0000000  -0.0000000  -0.0000000   0.0000000
   77  -0.0000000  -0.0000000   0.0000000   0.0000000   0.0000000   0.0000000
   78   0.0000000   0.0000000   0.0000000  -0.0000000  -0.0000000   0.0000000
   79   0.0000000  -0.0000000  -0.0000000   0.0000000   0.0000000  -0.0000000
   80  -0.0000000  -0.0000000  -0.0000000   0.0000000  -0.0000000  -0.0000000
           25          26          27          28          29          30
    1  -0.0000000  -0.0000000  -0.0000000   0.0000000   0.0000000   0.0115768
    2  -0.0000000   0.0000000  -0.0000000   0.0000000  -0.0000000   0.0090893
    3   0.0000000  -0.0000000  -0.0000000   0.0000000  -0.0000000   0.0491207
    4  -0.0000000   0.0000000   0.0000000  -0.0000000  -0.0000000  -0.1837816
    5   0.0000000  -0.0000000  -0.0000000  -0.0000000   0.0000000   0.2105983
    6  -0.0000000   0.0000000   0.0000000   0.0000000  -0.0000000  -0.0873470
    7  -0.0000000   0.0000000   0.0000000   0.0000000   0.0000000  -0.0000000
    8   0.0000000   0.0000000   0.0042554   0.0000000   0.0000000  -0.0000000
    9   0.0000000   0.0000000  -0.0000000  -0.0000000  -0.0000000  -0.0000000
   10   0.0000000   0.0000000  -0.0000001  -0.0000000  -0.0000000   0.0000000
   11  -0.0000000   0.0000000  -0.0093279   0.0000000   0.0000000  -0.0000000
   12  -0.0000000   0.0000000   0.0000000   0.0000000   0.0000000  -0.0000000
   13  -0.0000000   0.0000000   0.0000004   0.0000000   0.0000000  -0.0000000
   14   0.0000000   0.0000000   0.0530880  -0.0000000  -0.0000000  -0.0000000
   15   0.0000000   0.0000000  -0.0000000  -0.0000000  -0.0000000  -0.0000000
   16   0.0000000  -0.0000000  -0.0000007  -0.0000000   0.0000000   0.0000000
   17  -0.0000000  -0.0000000  -0.0927722  -0.0000000  -0.0000000   0.0000000
   18  -0.0000000  -0.0000000   0.0000000   0.0000000   0.0000000   0.0000000
   19  -0.0000000   0.0000000   0.0000003   0.0000000  -0.0000000  -0.0000000
   20   0.0000000   0.0000000   0.0314212   0.0000000  -0.0000000  -0.0000000
   21   0.0000000   0.0000000  -0.0000000   0.0000000  -0.0000000  -0.0000000
   22  -0.0000000  -0.0000005   0.0000000  -0.0599815   0.0000001   0.0000008
   23   0.0000005  -0.0000000  -0.0000000  -0.0000001  -0.0599815  -0.0000000
   24  -0.0000000  -0.0498752   0.0000000   0.0000000   0.0000000  -0.0302595
   25  -0.0575909   0.0000000   0.0000000   0.0000000  -0.0000005  -0.0000000
   26   0.0000000   0.0287955   0.0000000  -0.0000010   0.0000000  -0.0524110
   27   0.0000000   0.0000011  -0.0000000   0.1335639  -0.0000003  -0.0000018
   28  -0.0000011   0.0000000   0.0000000   0.0000003   0.1335639   0.0000001
   29   0.0000000   0.1201614  -0.0000000  -0.0000000  -0.0000001   0.0657965
   30   0.1387504  -0.0000000  -0.0000000  -0.0000000   0.0000011   0.0000000
   31  -0.0000000  -0.0693752  -0.0000000   0.0000021  -0.0000000   0.1139628
   32  -0.0000005  -0.0000108   0.0000000  -1.3429075   0.0000030   0.0000185
   33   0.0000108  -0.0000005  -0.0000000  -0.0000030  -1.3429075  -0.0000008
   34  -0.0000000  -1.1669760   0.0000000   0.0000000   0.0000008  -0.6696883
   35  -1.3475078   0.0000000   0.0000000   0.0000005  -0.0000107  -0.0000000
   36   0.0000000   0.6737539  -0.0000000  -0.0000215   0.0000005  -1.1599342
   37   0.0000002   0.0000055  -0.0000000   0.6819409  -0.0000015  -0.0000094
   38  -0.0000055   0.0000002   0.0000000   0.0000015   0.6819409   0.0000004
   39   0.0000000   0.5909651  -0.0000000  -0.0000000  -0.0000004   0.3394151
   40   0.6823877  -0.0000000  -0.0000000  -0.0000002   0.0000055   0.0000000
   41  -0.0000000  -0.3411939   0.0000000   0.0000109  -0.0000002   0.5878842
   42   0.0000000  -0.0000000   0.0335454   0.0000000  -0.0000000   0.0000000
   43   0.0000000   0.0000000   0.0000000  -0.0000000   0.0000000  -0.0000000
   44   0.0000000   0.0000000   0.0259842   0.0000000  -0.0000000  -0.0000000
   45   0.0000000  -0.0000000  -0.0000000  -0.0000000   0.0000000  -0.0000000
   46  -0.0000000  -0.0000000   0.0000002   0.0000000  -0.0000000   0.0000000
   47   0.0000000  -0.0000000  -0.0000000  -0.0000000  -0.0000000  -0.0000000
   48  -0.0000000  -0.0000000   0.0000008  -0.0000000  -0.0000000  -0.0000000
   49  -0.0000000   0.0000000  -0.1759048  -0.0000000   0.0000000  -0.0000000
   50  -0.0000000  -0.0000000  -0.0000000   0.0000000  -0.0000000  -0.0000000
   51  -0.0000000  -0.0000000  -0.1362553  -0.0000000   0.0000000   0.0000000
   52  -0.0000000   0.0000000   0.0000001   0.0000000  -0.0000000   0.0000000
   53   0.0000000   0.0000000  -0.0000011  -0.0000000   0.0000000   0.0000000
   54  -0.0000000   0.0000000   0.0000002   0.0000000   0.0000000   0.0000000
   55   0.0000000   0.0000000  -0.0000042  -0.0000000  -0.0000000  -0.0000000
   56   0.0000000  -0.0000000   0.8829938   0.0000000  -0.0000000   0.0000000
   57   0.0000000   0.0000000   0.0000000  -0.0000000   0.0000000  -0.0000000
   58   0.0000000   0.0000000   0.6839641   0.0000000  -0.0000000  -0.0000000
   59   0.0000000  -0.0000000  -0.0000006  -0.0000000   0.0000000  -0.0000000
   60  -0.0000000  -0.0000000   0.0000055   0.0000000  -0.0000000  -0.0000000
   61   0.0000000  -0.0000000  -0.0000008  -0.0000000  -0.0000000  -0.0000000
   62  -0.0000000  -0.0000000   0.0000212   0.0000000   0.0000000  -0.0000000
   63   0.0000000   0.0000000   0.0000000   0.0009005  -0.0000000  -0.0000000
   64  -0.0000000  -0.0000000  -0.0000000   0.0000000   0.0006367   0.0000000
   65   0.0000000  -0.0000000   0.0000000   0.0003403  -0.0000000  -0.0000000
   66  -0.0000000   0.0000000  -0.0000000   0.0000000   0.0007220   0.0000000
   67   0.0000000   0.0004157   0.0000000  -0.0000000  -0.0000000   0.0003866
   68   0.0002629  -0.0000000  -0.0000000  -0.0000000   0.0000000   0.0000000
   69   0.0000000   0.0003718   0.0000000   0.0000000  -0.0000000   0.0005763
   70   0.0006956  -0.0000000  -0.0000000  -0.0000000   0.0000000   0.0000000
   71  -0.0000000  -0.0004919   0.0000000   0.0000000  -0.0000000   0.0007623
   72  -0.0000000  -0.0000004   0.0000000  -0.0220302   0.0000000   0.0000006
   73   0.0000004   0.0000000   0.0000000  -0.0000000  -0.0155777  -0.0000000
   74  -0.0000000   0.0000001   0.0000000  -0.0083266   0.0000000   0.0000002
   75   0.0000000  -0.0000000  -0.0000000  -0.0000000  -0.0176635  -0.0000000
   76  -0.0000000  -0.0092697   0.0000000   0.0000000   0.0000000  -0.0096911
   77  -0.0058626   0.0000000   0.0000000   0.0000000  -0.0000001  -0.0000000
   78  -0.0000000  -0.0082910   0.0000000  -0.0000001   0.0000000  -0.0144466
   79  -0.0155111   0.0000000   0.0000000   0.0000000  -0.0000004  -0.0000000
   80   0.0000000   0.0109680  -0.0000000  -0.0000007   0.0000000  -0.0191111
           31          32          33          34          35          36
    1   0.0000000  -0.0000000  -0.0000000  -0.0000000   0.0000000   0.5549633
    2   0.0000000  -0.0000000  -0.0000000  -0.0000000   0.0000000   1.2513190
    3  -0.0000000  -0.0000000  -0.0000000  -0.0000000   0.0000000   3.3004614
    4  -0.0000000   0.0000000   0.0000000   0.0000000  -0.0000000  -4.4607754
    5   0.0000000  -0.0000000  -0.0000000  -0.0000000   0.0000000   2.6495900
    6  -0.0000000   0.0000000   0.0000000   0.0000000  -0.0000000  -0.7858217
    7  -0.1903626   0.0000018  -0.0000015   0.0000000   0.0000000   0.0000000
    8   0.0000015   0.0000001  -0.1895028  -0.0000000  -0.0000000   0.0000000
    9   0.0000018   0.1903626   0.0000001  -0.0000000  -0.0000000   0.0000000
   10  -1.3534717   0.0000130  -0.0000106   0.0000000   0.0000000   0.0000000
   11   0.0000108   0.0000005  -1.3245559   0.0000000  -0.0000000  -0.0000000
   12   0.0000130   1.3534717   0.0000005  -0.0000000  -0.0000000   0.0000000
   13   2.0602819  -0.0000198   0.0000168  -0.0000000  -0.0000000   0.0000000
   14  -0.0000165  -0.0000007   2.0973127  -0.0000000   0.0000000   0.0000000
   15  -0.0000198  -2.0602819  -0.0000007   0.0000000   0.0000000   0.0000000
   16  -1.1720321   0.0000113  -0.0000096   0.0000000   0.0000000   0.0000000
   17   0.0000094   0.0000004  -1.1954251   0.0000000   0.0000000  -0.0000000
   18   0.0000113   1.1720321   0.0000004  -0.0000000  -0.0000000  -0.0000000
   19   0.3554700  -0.0000034   0.0000029  -0.0000000  -0.0000000  -0.0000000
   20  -0.0000028  -0.0000001   0.3612939  -0.0000000  -0.0000000   0.0000000
   21  -0.0000034  -0.3554700  -0.0000001   0.0000000   0.0000000   0.0000000
   22  -0.0000000  -0.0000000   0.0000000  -0.0000000  -0.0000000  -0.0000003
   23   0.0000000  -0.0000000   0.0000000   0.0000000  -0.0000000   0.0000000
   24   0.0000000  -0.0000000   0.0000000  -0.0000000  -0.0000000   0.0097948
   25   0.0000000  -0.0000000   0.0000000  -0.0000000  -0.0000000   0.0000000
   26  -0.0000000   0.0000000   0.0000000  -0.0000000   0.0000000   0.0169651
   27   0.0000000  -0.0000000  -0.0000000   0.0000000   0.0000000   0.0000015
   28  -0.0000000   0.0000000  -0.0000000  -0.0000000   0.0000000  -0.0000001
   29  -0.0000000   0.0000000   0.0000000  -0.0000000   0.0000000  -0.0528253
   30  -0.0000000   0.0000000  -0.0000000   0.0000000   0.0000000  -0.0000000
   31   0.0000000   0.0000000  -0.0000000   0.0000000  -0.0000000  -0.0914961
   32  -0.0000000   0.0000000   0.0000000  -0.0000000  -0.0000000  -0.0000013
   33  -0.0000000  -0.0000000   0.0000000   0.0000000  -0.0000000   0.0000001
   34   0.0000000  -0.0000000  -0.0000000   0.0000000  -0.0000000   0.0452695
   35   0.0000000  -0.0000000  -0.0000000  -0.0000000  -0.0000000   0.0000000
   36  -0.0000000   0.0000000   0.0000000  -0.0000000   0.0000000   0.0784090
   37  -0.0000000  -0.0000000   0.0000000   0.0000000   0.0000000   0.0000005
   38   0.0000000  -0.0000000   0.0000000  -0.0000000   0.0000000  -0.0000000
   39  -0.0000000   0.0000000   0.0000000  -0.0000000   0.0000000  -0.0170249
   40  -0.0000000   0.0000000   0.0000000   0.0000000   0.0000000  -0.0000000
   41   0.0000000  -0.0000000  -0.0000000   0.0000000  -0.0000000  -0.0294880
   42   0.0000003   0.0000000  -0.0108223  -0.0000000  -0.0000000  -0.0000000
   43  -0.0000000  -0.0000001  -0.0000000  -0.0000000  -0.0000000  -0.0000000
   44   0.0000000   0.0000000  -0.0083829   0.0000000   0.0000000  -0.0000000
   45   0.0000001   0.0069301   0.0000000   0.0000000   0.0000000  -0.0000000
   46  -0.0028292   0.0000000  -0.0000001  -0.0000000  -0.0000000   0.0000000
   47   0.0000001   0.0089467   0.0000000  -0.0000000   0.0000000   0.0000000
   48  -0.0109575   0.0000001  -0.0000003   0.0000000  -0.0000000  -0.0000000
   49  -0.0000010  -0.0000000   0.0428616   0.0000000   0.0000000   0.0000000
   50   0.0000000   0.0000005   0.0000000   0.0000000   0.0000000   0.0000000
   51  -0.0000001  -0.0000000   0.0332004  -0.0000000  -0.0000000  -0.0000000
   52  -0.0000003  -0.0261331  -0.0000000  -0.0000000  -0.0000000   0.0000000
   53   0.0106688  -0.0000001   0.0000003   0.0000000  -0.0000000  -0.0000000
   54  -0.0000003  -0.0337376  -0.0000000   0.0000000  -0.0000000  -0.0000000
   55   0.0413200  -0.0000004   0.0000010   0.0000000  -0.0000000  -0.0000000
   56   0.0000006   0.0000000  -0.0249628  -0.0000000  -0.0000000  -0.0000000
   57  -0.0000000  -0.0000003  -0.0000000  -0.0000000  -0.0000000  -0.0000000
   58   0.0000001   0.0000000  -0.0193361   0.0000000   0.0000000   0.0000000
   59   0.0000001   0.0153615   0.0000000   0.0000000   0.0000000   0.0000000
   60  -0.0062713   0.0000001  -0.0000002  -0.0000000   0.0000000  -0.0000000
   61   0.0000002   0.0198316   0.0000000  -0.0000000   0.0000000   0.0000000
   62  -0.0242887   0.0000002  -0.0000006   0.0000000   0.0000000  -0.0000000
   63   0.0000000   0.0000000   0.0000000   0.0000000   0.0000008   0.0000001
   64   0.0000000   0.0000000  -0.0000000  -0.0000017   0.0000001  -0.0000000
   65   0.0000000  -0.0000000  -0.0000000  -0.0000001  -0.0000021   0.0000000
   66  -0.0000000  -0.0000000  -0.0000000   0.0000015  -0.0000001  -0.0000000
   67   0.0000000  -0.0000000  -0.0000000   0.0000000  -0.1452627  -0.0008104
   68  -0.0000000  -0.0000000   0.0000000  -0.1837444  -0.0000000  -0.0000000
   69   0.0000000  -0.0000000  -0.0000000  -0.0000000   0.1299269  -0.0012080
   70   0.0000000   0.0000000  -0.0000000   0.0694488   0.0000000  -0.0000000
   71   0.0000000  -0.0000000   0.0000000   0.0000000  -0.0245539  -0.0015981
   72  -0.0000000   0.0000000   0.0000000  -0.0000002  -0.0000044  -0.0000001
   73  -0.0000000  -0.0000000  -0.0000000   0.0000094  -0.0000004   0.0000000
   74  -0.0000000   0.0000000   0.0000000   0.0000005   0.0000117  -0.0000001
   75   0.0000000   0.0000000   0.0000000  -0.0000083   0.0000004   0.0000000
   76  -0.0000000   0.0000000   0.0000000  -0.0000000   0.8181901   0.0022013
   77   0.0000000   0.0000000   0.0000000   1.0349377   0.0000000   0.0000000
   78  -0.0000000  -0.0000000   0.0000000   0.0000000  -0.7318114   0.0032815
   79  -0.0000000  -0.0000000  -0.0000000  -0.3911697  -0.0000000   0.0000000
   80   0.0000000   0.0000000  -0.0000000  -0.0000000   0.1382994   0.0043410
           37          38          39          40          41          42
    1   0.0000000  -0.0000000  -0.0000000  -0.0000000  -0.0000000  -0.0000000
    2   0.0000000  -0.0000000  -0.0000000  -0.0000000  -0.0000000  -0.0000000
    3   0.0000000  -0.0000000  -0.0000000  -0.0000000  -0.0000000  -0.0000000
    4  -0.0000000   0.0000000   0.0000000   0.0000000   0.0000000   0.0000000
    5   0.0000000  -0.0000000  -0.0000000  -0.0000000  -0.0000000  -0.0000000
    6  -0.0000000   0.0000000   0.0000000   0.0000000   0.0000000   0.0000000
    7   0.0000000  -0.0000000  -0.0000000   0.0000000   0.0000000  -0.0000000
    8   0.0000000   0.0000000   0.0000000  -0.0000000  -0.0000000   0.0000000
    9  -0.0000000  -0.0000000  -0.0000000  -0.0000000   0.0000000   0.0000000
   10   0.0000000   0.0000000   0.0000000   0.0000000   0.0000000  -0.0000000
   11   0.0000000   0.0000000  -0.0000000  -0.0000000  -0.0000000  -0.0000000
   12  -0.0000000  -0.0000000   0.0000000  -0.0000000   0.0000000   0.0000000
   13  -0.0000000   0.0000000  -0.0000000  -0.0000000  -0.0000000   0.0000000
   14  -0.0000000  -0.0000000   0.0000000  -0.0000000   0.0000000   0.0000000
   15   0.0000000   0.0000000  -0.0000000   0.0000000  -0.0000000  -0.0000000
   16   0.0000000  -0.0000000   0.0000000   0.0000000   0.0000000  -0.0000000
   17   0.0000000   0.0000000  -0.0000000   0.0000000  -0.0000000  -0.0000000
   18  -0.0000000  -0.0000000   0.0000000  -0.0000000   0.0000000   0.0000000
   19  -0.0000000   0.0000000  -0.0000000  -0.0000000  -0.0000000   0.0000000
   20  -0.0000000  -0.0000000  -0.0000000  -0.0000000   0.0000000   0.0000000
   21   0.0000000   0.0000000   0.0000000   0.0000000  -0.0000000  -0.0000000
   22   0.0000000  -0.0000000  -0.0000000   0.0000000   0.0043386   0.0000001
   23  -0.0000000  -0.0000000   0.0000000   0.0000000   0.0000001  -0.0043386
   24   0.0000000  -0.0000000   0.0000000   0.0025988  -0.0000000   0.0000000
   25  -0.0000000   0.0000000  -0.0030008   0.0000000  -0.0000000  -0.0000000
   26   0.0000000  -0.0000000  -0.0000000  -0.0015004   0.0000001   0.0000000
   27  -0.0000000   0.0000000   0.0000000  -0.0000000  -0.0097380  -0.0000001
   28   0.0000000   0.0000000  -0.0000000  -0.0000000  -0.0000001   0.0097380
   29   0.0000000   0.0000000  -0.0000000  -0.0049124   0.0000000  -0.0000000
   30   0.0000000  -0.0000000   0.0056724  -0.0000000   0.0000000   0.0000001
   31  -0.0000000   0.0000000   0.0000000   0.0028362  -0.0000002  -0.0000000
   32   0.0000000  -0.0000000  -0.0000000   0.0000002   0.0342554   0.0000005
   33  -0.0000000  -0.0000000   0.0000002   0.0000000   0.0000005  -0.0342554
   34  -0.0000000  -0.0000000   0.0000000   0.0200698  -0.0000000   0.0000000
   35  -0.0000000   0.0000000  -0.0231746   0.0000000  -0.0000000  -0.0000003
   36   0.0000000  -0.0000000  -0.0000000  -0.0115873   0.0000005   0.0000000
   37  -0.0000000   0.0000000   0.0000000  -0.0000001  -0.0112721  -0.0000002
   38   0.0000000   0.0000000  -0.0000001  -0.0000000  -0.0000002   0.0112721
   39   0.0000000   0.0000000  -0.0000000  -0.0066089   0.0000000  -0.0000000
   40   0.0000000  -0.0000000   0.0076314  -0.0000000   0.0000000   0.0000001
   41  -0.0000000   0.0000000   0.0000000   0.0038157  -0.0000002  -0.0000000
   42  -0.0000000   0.0000000  -0.0000000  -0.0000000  -0.0000000   0.0000000
   43   0.0000000  -0.0000000  -0.0000000  -0.0000000  -0.0000000  -0.0000000
   44  -0.0000000  -0.0000000   0.0000000   0.0000000  -0.0000000   0.0000000
   45  -0.0000000  -0.0000000  -0.0000000   0.0000000  -0.0000000   0.0000000
   46   0.0000000   0.0000000   0.0000000   0.0000000  -0.0000000  -0.0000000
   47   0.0000000  -0.0000000   0.0000000   0.0000000   0.0000000  -0.0000000
   48  -0.0000000  -0.0000000  -0.0000000   0.0000000   0.0000000   0.0000000
   49   0.0000000   0.0000000   0.0000000   0.0000000  -0.0000000   0.0000000
   50  -0.0000000   0.0000000   0.0000000   0.0000000   0.0000000   0.0000000
   51  -0.0000000   0.0000000  -0.0000000  -0.0000000  -0.0000000  -0.0000000
   52   0.0000000   0.0000000  -0.0000000  -0.0000000   0.0000000  -0.0000000
   53  -0.0000000   0.0000000  -0.0000000  -0.0000000   0.0000000   0.0000000
   54  -0.0000000   0.0000000  -0.0000000  -0.0000000  -0.0000000   0.0000000
   55   0.0000000   0.0000000   0.0000000  -0.0000000  -0.0000000  -0.0000000
   56  -0.0000000   0.0000000  -0.0000000  -0.0000000   0.0000000  -0.0000000
   57   0.0000000  -0.0000000  -0.0000000  -0.0000000  -0.0000000  -0.0000000
   58   0.0000000  -0.0000000   0.0000000   0.0000000   0.0000000   0.0000000
   59  -0.0000000  -0.0000000   0.0000000   0.0000000   0.0000000   0.0000000
   60   0.0000000   0.0000000   0.0000000   0.0000000  -0.0000000  -0.0000000
   61   0.0000000  -0.0000000   0.0000000   0.0000000   0.0000000  -0.0000000
   62  -0.0000000  -0.0000000  -0.0000000   0.0000000   0.0000000   0.0000000
   63  -0.0015330   0.0699086  -0.0000001   0.0000042   0.1864519   0.0000025
   64   0.1482986   0.0032519   0.0000045  -0.0000000   0.0000018  -0.1318414
   65   0.0040559  -0.1849609  -0.0000002  -0.0000016   0.0704722   0.0000010
   66  -0.1307871  -0.0028679   0.0000006   0.0000002   0.0000020  -0.1494941
   67   0.0000001   0.0000000   0.0000000   0.1111075  -0.0000000   0.0000002
   68  -0.0000010   0.0000001  -0.0702706   0.0000000  -0.0000001  -0.0000012
   69   0.0000001  -0.0000030   0.0000000   0.0993776   0.0000011   0.0000002
   70   0.0000036   0.0000002  -0.1859185   0.0000000  -0.0000001  -0.0000032
   71  -0.0000001   0.0000022  -0.0000000  -0.1314642   0.0000060   0.0000001
   72   0.0085806  -0.3913033   0.0000005  -0.0000234  -1.0359630  -0.0000141
   73  -0.8300796  -0.0182022  -0.0000248   0.0000000  -0.0000100   0.7325365
   74  -0.0227021   1.0352911   0.0000010   0.0000089  -0.3915572  -0.0000053
   75   0.7320614   0.0160528  -0.0000031  -0.0000011  -0.0000113   0.8306183
   76  -0.0000008  -0.0000000  -0.0000000  -0.6190361   0.0000000  -0.0000009
   77   0.0000059  -0.0000006   0.3915128  -0.0000000   0.0000003   0.0000066
   78  -0.0000004   0.0000166  -0.0000000  -0.5536827  -0.0000063  -0.0000011
   79  -0.0000199  -0.0000009   1.0358455  -0.0000001   0.0000008   0.0000176
   80   0.0000007  -0.0000125   0.0000001   0.7324534  -0.0000331  -0.0000004
           43          44          45          46          47          48
    1  -0.0022982  -0.0000000   0.0000000   0.0000000   0.0000000  -0.0456651
    2  -0.0052094  -0.0000000   0.0000000   0.0000000   0.0000000  -0.0883583
    3  -0.0137752  -0.0000000   0.0000000  -0.0000000   0.0000000  -0.2183541
    4   0.0182416   0.0000000  -0.0000000   0.0000000  -0.0000000   0.3234114
    5  -0.0102316  -0.0000000   0.0000000  -0.0000000   0.0000000  -0.2172036
    6   0.0029803   0.0000000  -0.0000000   0.0000000  -0.0000000   0.0657660
    7  -0.0000000  -0.0000000  -0.0000000   0.0000000   0.0000000  -0.0000000
    8   0.0000000  -0.0000000   0.0000000  -0.0000000  -0.0000000   0.0000000
    9   0.0000000  -0.0000000   0.0000000   0.0000000  -0.0000000   0.0000000
   10  -0.0000000  -0.0000000   0.0000000   0.0000000  -0.0000000  -0.0000000
   11   0.0000000   0.0000000   0.0000000  -0.0000000  -0.0000000  -0.0000000
   12   0.0000000  -0.0000000   0.0000000  -0.0000000  -0.0000000   0.0000000
   13   0.0000000  -0.0000000  -0.0000000  -0.0000000  -0.0000000   0.0000000
   14   0.0000000  -0.0000000  -0.0000000   0.0000000   0.0000000   0.0000000
   15  -0.0000000  -0.0000000  -0.0000000   0.0000000   0.0000000  -0.0000000
   16  -0.0000000  -0.0000000   0.0000000   0.0000000   0.0000000  -0.0000000
   17  -0.0000000   0.0000000   0.0000000  -0.0000000  -0.0000000  -0.0000000
   18   0.0000000   0.0000000   0.0000000  -0.0000000  -0.0000000   0.0000000
   19   0.0000000   0.0000000  -0.0000000  -0.0000000  -0.0000000  -0.0000000
   20   0.0000000  -0.0000000  -0.0000000   0.0000000   0.0000000   0.0000000
   21  -0.0000000  -0.0000000  -0.0000000  -0.0000000   0.0000000  -0.0000000
   22   0.0000001  -0.0000006   0.0000000  -0.0669623   0.0000007  -0.0000009
   23  -0.0000000  -0.0000000  -0.0000006  -0.0000007  -0.0669623   0.0000000
   24  -0.0024409  -0.0607024   0.0000065   0.0000000   0.0000000   0.0324658
   25  -0.0000000   0.0000075   0.0700931   0.0000000  -0.0000005   0.0000000
   26  -0.0042278   0.0350466  -0.0000038  -0.0000011   0.0000000   0.0562324
   27  -0.0000002   0.0000114  -0.0000005   1.4222755  -0.0000144   0.0000196
   28   0.0000000   0.0000005   0.0000114   0.0000144   1.4222755  -0.0000009
   29   0.0060100   1.2338816  -0.0001324  -0.0000000  -0.0000009  -0.7087522
   30   0.0000000  -0.0001529  -1.4247638  -0.0000005   0.0000114  -0.0000000
   31   0.0104097  -0.7123819   0.0000764   0.0000227  -0.0000005  -1.2275948
   32   0.0000005  -0.0000086   0.0000004  -1.0782099   0.0000109  -0.0000149
   33  -0.0000000  -0.0000004  -0.0000086  -0.0000109  -1.0782099   0.0000007
   34  -0.0193400  -0.9293462   0.0000997   0.0000000   0.0000007   0.5376243
   35  -0.0000000   0.0001151   1.0731165   0.0000004  -0.0000086   0.0000000
   36  -0.0334978   0.5365583  -0.0000576  -0.0000172   0.0000004   0.9311926
   37  -0.0000002   0.0000029  -0.0000001   0.3603457  -0.0000037   0.0000050
   38   0.0000000   0.0000001   0.0000029   0.0000037   0.3603457  -0.0000002
   39   0.0063705   0.3123433  -0.0000335  -0.0000000  -0.0000002  -0.1792283
   40   0.0000000  -0.0000387  -0.3606629  -0.0000001   0.0000029  -0.0000000
   41   0.0110340  -0.1803315   0.0000193   0.0000058  -0.0000001  -0.3104326
   42   0.0000000   0.0000000  -0.0000000   0.0000000  -0.0000000   0.0000000
   43   0.0000000   0.0000000  -0.0000000   0.0000000  -0.0000000   0.0000000
   44  -0.0000000  -0.0000000  -0.0000000  -0.0000000   0.0000000   0.0000000
   45  -0.0000000  -0.0000000   0.0000000   0.0000000  -0.0000000   0.0000000
   46  -0.0000000  -0.0000000  -0.0000000  -0.0000000   0.0000000  -0.0000000
   47  -0.0000000  -0.0000000   0.0000000  -0.0000000   0.0000000  -0.0000000
   48  -0.0000000   0.0000000  -0.0000000   0.0000000  -0.0000000  -0.0000000
   49  -0.0000000  -0.0000000   0.0000000  -0.0000000   0.0000000  -0.0000000
   50  -0.0000000  -0.0000000   0.0000000  -0.0000000   0.0000000  -0.0000000
   51   0.0000000   0.0000000   0.0000000   0.0000000  -0.0000000  -0.0000000
   52   0.0000000   0.0000000  -0.0000000  -0.0000000   0.0000000  -0.0000000
   53   0.0000000   0.0000000   0.0000000   0.0000000  -0.0000000   0.0000000
   54   0.0000000   0.0000000  -0.0000000   0.0000000  -0.0000000   0.0000000
   55   0.0000000  -0.0000000   0.0000000  -0.0000000   0.0000000   0.0000000
   56   0.0000000   0.0000000  -0.0000000   0.0000000  -0.0000000   0.0000000
   57   0.0000000   0.0000000  -0.0000000   0.0000000  -0.0000000   0.0000000
   58  -0.0000000  -0.0000000  -0.0000000  -0.0000000   0.0000000   0.0000000
   59  -0.0000000  -0.0000000   0.0000000   0.0000000  -0.0000000   0.0000000
   60  -0.0000000  -0.0000000  -0.0000000  -0.0000000   0.0000000  -0.0000000
   61  -0.0000000  -0.0000000   0.0000000  -0.0000000   0.0000000  -0.0000000
   62  -0.0000000   0.0000000  -0.0000000   0.0000000  -0.0000000  -0.0000000
   63   0.0000047   0.0000003  -0.0000000   0.0171535  -0.0000002   0.0000005
   64  -0.0000001   0.0000000   0.0000003   0.0000001   0.0121293  -0.0000000
   65   0.0000018  -0.0000001  -0.0000000   0.0064834  -0.0000001   0.0000002
   66  -0.0000002   0.0000000   0.0000000   0.0000001   0.0137534  -0.0000000
   67  -0.0748123   0.0071400  -0.0000008  -0.0000000  -0.0000000  -0.0075700
   68  -0.0000000  -0.0000005  -0.0045157  -0.0000000   0.0000001  -0.0000000
   69  -0.1115236   0.0063862  -0.0000007   0.0000001  -0.0000000  -0.0112847
   70  -0.0000000  -0.0000013  -0.0119474  -0.0000000   0.0000003  -0.0000000
   71  -0.1475318  -0.0084481   0.0000009   0.0000005  -0.0000000  -0.0149282
   72  -0.0000262  -0.0000002   0.0000000  -0.0112839   0.0000001  -0.0000003
   73   0.0000008  -0.0000000  -0.0000002  -0.0000001  -0.0079789   0.0000000
   74  -0.0000099   0.0000001   0.0000000  -0.0042649   0.0000000  -0.0000001
   75   0.0000009  -0.0000000  -0.0000000  -0.0000001  -0.0090473   0.0000000
   76   0.4153129  -0.0041896   0.0000004   0.0000000   0.0000000   0.0052137
   77   0.0000000   0.0000003   0.0026498   0.0000000  -0.0000001   0.0000000
   78   0.6191119  -0.0037473   0.0000004  -0.0000001   0.0000000   0.0077721
   79   0.0000000   0.0000008   0.0070106   0.0000000  -0.0000002   0.0000000
   80   0.8190080   0.0049572  -0.0000005  -0.0000004   0.0000000   0.0102815
           49          50          51          52          53          54
    1   0.0000000   0.0000000  -0.0000000   0.0000000  -0.0000000   0.0000000
    2   0.0000000   0.0000000  -0.0000000   0.0000000  -0.0000000   0.0000000
    3   0.0000000   0.0000000  -0.0000000   0.0000000  -0.0000000   0.0000000
    4  -0.0000000  -0.0000000   0.0000000  -0.0000000   0.0000000  -0.0000000
    5   0.0000000   0.0000000  -0.0000000   0.0000000  -0.0000000   0.0000000
    6  -0.0000000  -0.0000000   0.0000000  -0.0000000   0.0000000  -0.0000000
    7  -0.0000000   0.0000000   0.0000000  -0.0000000  -0.0008565   0.0000000
    8   0.0000000   0.0000000  -0.0000000  -0.0000000   0.0000000   0.0000000
    9   0.0000000   0.0000000  -0.0000000  -0.0000000   0.0000000   0.0008565
   10  -0.0000000   0.0000000  -0.0000000  -0.0000000  -0.0368796   0.0000009
   11   0.0000000  -0.0000000  -0.0000000  -0.0000000   0.0000003   0.0000000
   12   0.0000000   0.0000000   0.0000000  -0.0000000   0.0000009   0.0368796
   13   0.0000000  -0.0000000   0.0000000   0.0000000   0.0695449  -0.0000018
   14  -0.0000000   0.0000000   0.0000000   0.0000000  -0.0000006  -0.0000000
   15  -0.0000000  -0.0000000  -0.0000000   0.0000000  -0.0000018  -0.0695449
   16  -0.0000000   0.0000000  -0.0000000  -0.0000000  -0.0398521   0.0000010
   17   0.0000000  -0.0000000  -0.0000000  -0.0000000   0.0000003   0.0000000
   18   0.0000000   0.0000000   0.0000000  -0.0000000   0.0000010   0.0398521
   19   0.0000000  -0.0000000   0.0000000   0.0000000   0.0114531  -0.0000003
   20  -0.0000000  -0.0000000   0.0000000   0.0000000  -0.0000001  -0.0000000
   21  -0.0000000  -0.0000000  -0.0000000  -0.0000000  -0.0000003  -0.0114531
   22   0.0000000   0.0000000  -0.0000000   0.0000000   0.0000000  -0.0000000
   23  -0.0000000  -0.0000000  -0.0000000  -0.0000000   0.0000000   0.0000000
   24  -0.0000000  -0.0000000  -0.0000000   0.0000000   0.0000000   0.0000000
   25   0.0000000   0.0000000  -0.0000000   0.0000000   0.0000000   0.0000000
   26  -0.0000000  -0.0000000   0.0000000   0.0000000   0.0000000  -0.0000000
   27  -0.0000000  -0.0000000   0.0000000  -0.0000000  -0.0000000   0.0000000
   28   0.0000000   0.0000000   0.0000000   0.0000000  -0.0000000  -0.0000000
   29   0.0000000   0.0000000   0.0000000  -0.0000000  -0.0000000  -0.0000000
   30  -0.0000000  -0.0000000   0.0000000  -0.0000000  -0.0000000  -0.0000000
   31   0.0000000   0.0000000  -0.0000000   0.0000000  -0.0000000   0.0000000
   32   0.0000000   0.0000000  -0.0000000   0.0000000   0.0000000  -0.0000000
   33  -0.0000000  -0.0000000  -0.0000000  -0.0000000   0.0000000   0.0000000
   34  -0.0000000  -0.0000000  -0.0000000   0.0000000   0.0000000   0.0000000
   35   0.0000000   0.0000000  -0.0000000   0.0000000   0.0000000   0.0000000
   36  -0.0000000  -0.0000000   0.0000000  -0.0000000   0.0000000  -0.0000000
   37  -0.0000000  -0.0000000   0.0000000  -0.0000000  -0.0000000   0.0000000
   38   0.0000000   0.0000000   0.0000000   0.0000000  -0.0000000  -0.0000000
   39   0.0000000   0.0000000   0.0000000  -0.0000000  -0.0000000  -0.0000000
   40  -0.0000000  -0.0000000   0.0000000  -0.0000000  -0.0000000  -0.0000000
   41   0.0000000   0.0000000  -0.0000000  -0.0000000  -0.0000000   0.0000000
   42  -0.0000003   0.0000006   0.0260077   0.0638479  -0.0000026  -0.0000000
   43   0.0000009   0.0000006  -0.1042631   0.0424704   0.0000001   0.0000014
   44   0.0000004  -0.0000007  -0.0335758  -0.0824273  -0.0000002  -0.0000001
   45   0.0782728   0.0414798   0.0000000   0.0000001  -0.0000018  -0.0690332
   46  -0.0508022   0.0958642  -0.0000002  -0.0000007   0.0281827  -0.0000007
   47  -0.0606298  -0.0321301  -0.0000017   0.0000007  -0.0000023  -0.0891215
   48   0.0131171  -0.0247520   0.0000007   0.0000015   0.1091511  -0.0000028
   49   0.0000040  -0.0000069  -0.3060839  -0.7514245   0.0000308   0.0000004
   50  -0.0000112  -0.0000066   1.2270711  -0.4998329  -0.0000007  -0.0000167
   51  -0.0000052   0.0000089   0.3951526   0.9700849   0.0000026   0.0000013
   52  -0.9256607  -0.4905437  -0.0000003  -0.0000008   0.0000207   0.8108813
   53   0.6007909  -1.1336982   0.0000025   0.0000080  -0.3310409   0.0000085
   54   0.7170137   0.3799735   0.0000195  -0.0000082   0.0000268   1.0468432
   55  -0.1551235   0.2927196  -0.0000079  -0.0000178  -1.2821159   0.0000328
   56  -0.0000020   0.0000033   0.1482636   0.3639816  -0.0000149  -0.0000002
   57   0.0000054   0.0000032  -0.5943795   0.2421135   0.0000004   0.0000081
   58   0.0000025  -0.0000043  -0.1914075  -0.4698982  -0.0000013  -0.0000006
   59   0.4502400   0.2385997   0.0000002   0.0000004  -0.0000100  -0.3916981
   60  -0.2922238   0.5514291  -0.0000012  -0.0000039   0.1599101  -0.0000041
   61  -0.3487544  -0.1848186  -0.0000095   0.0000040  -0.0000129  -0.5056801
   62   0.0754519  -0.1423784   0.0000038   0.0000086   0.6193291  -0.0000158
   63  -0.0000000   0.0000000  -0.0000000   0.0000000  -0.0000000   0.0000000
   64   0.0000000   0.0000000   0.0000000  -0.0000000   0.0000000  -0.0000000
   65  -0.0000000   0.0000000   0.0000000   0.0000000  -0.0000000   0.0000000
   66   0.0000000   0.0000000  -0.0000000  -0.0000000   0.0000000   0.0000000
   67   0.0000000   0.0000000   0.0000000   0.0000000  -0.0000000   0.0000000
   68   0.0000000   0.0000000  -0.0000000  -0.0000000  -0.0000000   0.0000000
   69   0.0000000   0.0000000   0.0000000   0.0000000  -0.0000000   0.0000000
   70  -0.0000000   0.0000000  -0.0000000  -0.0000000   0.0000000  -0.0000000
   71   0.0000000   0.0000000  -0.0000000   0.0000000   0.0000000   0.0000000
   72   0.0000000  -0.0000000   0.0000000  -0.0000000   0.0000000   0.0000000
   73  -0.0000000  -0.0000000  -0.0000000   0.0000000  -0.0000000   0.0000000
   74  -0.0000000  -0.0000000   0.0000000  -0.0000000   0.0000000  -0.0000000
   75  -0.0000000  -0.0000000   0.0000000   0.0000000  -0.0000000  -0.0000000
   76  -0.0000000   0.0000000  -0.0000000  -0.0000000  -0.0000000  -0.0000000
   77  -0.0000000  -0.0000000   0.0000000   0.0000000   0.0000000   0.0000000
   78  -0.0000000   0.0000000  -0.0000000  -0.0000000   0.0000000  -0.0000000
   79   0.0000000  -0.0000000   0.0000000   0.0000000  -0.0000000   0.0000000
   80  -0.0000000  -0.0000000   0.0000000  -0.0000000  -0.0000000  -0.0000000
           55          56          57          58          59          60
    1   0.0000000   0.0000000   0.0000000   0.0000000   0.0000000  -0.0000000
    2   0.0000000   0.0000000  -0.0000000   0.0000000   0.0000000   0.0000000
    3   0.0000000   0.0000000  -0.0000000   0.0000000   0.0000000   0.0000000
    4  -0.0000000  -0.0000000   0.0000000  -0.0000000  -0.0000000  -0.0000000
    5   0.0000000   0.0000000  -0.0000000   0.0000000   0.0000000   0.0000000
    6  -0.0000000  -0.0000000   0.0000000  -0.0000000  -0.0000000  -0.0000000
    7   0.0000000  -1.4438551  -0.0000485  -0.0000115   0.0000000  -0.0000000
    8   0.0011742   0.0000115   0.0000005  -1.4407027   0.0000000  -0.0000000
    9  -0.0000000  -0.0000485   1.4438551   0.0000005   0.0000000   0.0000000
   10   0.0000004   1.8462761   0.0000620   0.0000148  -0.0000000   0.0000000
   11   0.0458440  -0.0000148  -0.0000006   1.8565361  -0.0000000   0.0000000
   12  -0.0000000   0.0000620  -1.8462761  -0.0000006  -0.0000000  -0.0000000
   13  -0.0000007  -1.2326765  -0.0000414  -0.0000099   0.0000000  -0.0000000
   14  -0.0879514   0.0000099   0.0000004  -1.2388949   0.0000000  -0.0000000
   15   0.0000000  -0.0000414   1.2326765   0.0000004   0.0000000   0.0000000
   16   0.0000004   0.5555348   0.0000187   0.0000045  -0.0000000   0.0000000
   17   0.0501600  -0.0000044  -0.0000002   0.5567278  -0.0000000   0.0000000
   18  -0.0000000   0.0000187  -0.5555348  -0.0000002  -0.0000000  -0.0000000
   19  -0.0000001  -0.1658576  -0.0000056  -0.0000013   0.0000000  -0.0000000
   20  -0.0144005   0.0000013   0.0000001  -0.1659478   0.0000000  -0.0000000
   21   0.0000000  -0.0000056   0.1658576   0.0000001   0.0000000   0.0000000
   22   0.0000000   0.0000000   0.0000000  -0.0000000  -0.0000000  -0.0000000
   23  -0.0000000  -0.0000000   0.0000000  -0.0000000  -0.0000000  -0.0000000
   24   0.0000000   0.0000000   0.0000000   0.0000000  -0.0000000   0.0000000
   25  -0.0000000   0.0000000   0.0000000  -0.0000000   0.0000000   0.0000000
   26   0.0000000  -0.0000000  -0.0000000   0.0000000   0.0000000  -0.0000000
   27  -0.0000000  -0.0000000  -0.0000000   0.0000000   0.0000000   0.0000000
   28   0.0000000   0.0000000  -0.0000000   0.0000000   0.0000000   0.0000000
   29  -0.0000000  -0.0000000  -0.0000000  -0.0000000   0.0000000  -0.0000000
   30   0.0000000  -0.0000000  -0.0000000   0.0000000  -0.0000000  -0.0000000
   31  -0.0000000   0.0000000   0.0000000  -0.0000000  -0.0000000   0.0000000
   32   0.0000000  -0.0000000   0.0000000  -0.0000000  -0.0000000  -0.0000000
   33  -0.0000000  -0.0000000   0.0000000  -0.0000000  -0.0000000  -0.0000000
   34   0.0000000   0.0000000   0.0000000   0.0000000  -0.0000000   0.0000000
   35  -0.0000000   0.0000000   0.0000000  -0.0000000   0.0000000  -0.0000000
   36   0.0000000  -0.0000000  -0.0000000   0.0000000   0.0000000  -0.0000000
   37  -0.0000000   0.0000000  -0.0000000   0.0000000   0.0000000   0.0000000
   38   0.0000000   0.0000000  -0.0000000   0.0000000   0.0000000   0.0000000
   39  -0.0000000  -0.0000000  -0.0000000  -0.0000000   0.0000000  -0.0000000
   40   0.0000000   0.0000000  -0.0000000  -0.0000000  -0.0000000   0.0000000
   41  -0.0000000   0.0000000   0.0000000  -0.0000000  -0.0000000   0.0000000
   42  -0.0891342  -0.0000009  -0.0000000   0.0386939   0.0000000  -0.0000000
   43  -0.0000000   0.0000000   0.0000005   0.0000000   0.0000000   0.0000000
   44  -0.0690431  -0.0000001  -0.0000000   0.0299721  -0.0000000   0.0000000
   45   0.0000001   0.0000008  -0.0232434  -0.0000000  -0.0000000  -0.0000000
   46  -0.0000006   0.0094891   0.0000003   0.0000002   0.0000000  -0.0000000
   47   0.0000001   0.0000010  -0.0300071  -0.0000000  -0.0000000  -0.0000000
   48  -0.0000021   0.0367510   0.0000012   0.0000009  -0.0000000   0.0000000
   49   1.0464860   0.0000006   0.0000000  -0.0262992  -0.0000000   0.0000000
   50   0.0000000  -0.0000000  -0.0000003  -0.0000000  -0.0000000  -0.0000000
   51   0.8106046   0.0000001   0.0000000  -0.0203712   0.0000000  -0.0000000
   52  -0.0000007  -0.0000005   0.0158551   0.0000000   0.0000000  -0.0000000
   53   0.0000065  -0.0064728  -0.0000002  -0.0000002   0.0000000   0.0000000
   54  -0.0000009  -0.0000007   0.0204689   0.0000000   0.0000000   0.0000000
   55   0.0000251  -0.0250692  -0.0000008  -0.0000006   0.0000000  -0.0000000
   56  -0.5050146  -0.0000002  -0.0000000   0.0105994   0.0000000   0.0000000
   57  -0.0000000   0.0000000   0.0000001   0.0000000   0.0000000   0.0000000
   58  -0.3911826  -0.0000000  -0.0000000   0.0082102  -0.0000000   0.0000000
   59   0.0000003   0.0000002  -0.0064256  -0.0000000  -0.0000000   0.0000000
   60  -0.0000031   0.0026233   0.0000001   0.0000001  -0.0000000  -0.0000000
   61   0.0000004   0.0000003  -0.0082955  -0.0000000  -0.0000000  -0.0000000
   62  -0.0000121   0.0101598   0.0000003   0.0000003  -0.0000000   0.0000000
   63   0.0000000  -0.0000000  -0.0000000  -0.0000000  -0.0000002  -0.0000050
   64  -0.0000000  -0.0000000   0.0000000   0.0000000   0.0000105  -0.0000005
   65   0.0000000   0.0000000  -0.0000000  -0.0000000   0.0000006   0.0000131
   66   0.0000000   0.0000000   0.0000000   0.0000000  -0.0000093   0.0000004
   67  -0.0000000  -0.0000000  -0.0000000  -0.0000000   0.0000000   0.9167729
   68   0.0000000   0.0000000  -0.0000000   0.0000000   1.1596362  -0.0000000
   69  -0.0000000   0.0000000   0.0000000   0.0000000  -0.0000000  -0.8199866
   70   0.0000000  -0.0000000  -0.0000000   0.0000000  -0.4383013   0.0000000
   71   0.0000000  -0.0000000  -0.0000000   0.0000000  -0.0000000   0.1549629
   72  -0.0000000   0.0000000   0.0000000   0.0000000   0.0000001   0.0000024
   73   0.0000000   0.0000000  -0.0000000  -0.0000000  -0.0000050   0.0000002
   74  -0.0000000  -0.0000000   0.0000000   0.0000000  -0.0000003  -0.0000063
   75   0.0000000  -0.0000000  -0.0000000  -0.0000000   0.0000044  -0.0000002
   76   0.0000000   0.0000000   0.0000000   0.0000000  -0.0000000  -0.4383364
   77  -0.0000000  -0.0000000   0.0000000  -0.0000000  -0.5544566   0.0000000
   78   0.0000000  -0.0000000  -0.0000000  -0.0000000   0.0000000   0.3920600
   79  -0.0000000   0.0000000   0.0000000  -0.0000000   0.2095649  -0.0000000
   80  -0.0000000   0.0000000   0.0000000  -0.0000000   0.0000000  -0.0740924
           61          62          63          64          65          66
    1  -0.0000000   0.0000000   0.0000000  -0.0000000   0.0000000  -0.0000000
    2  -0.0000000   0.0000000   0.0000000   0.0000000   0.0000000  -0.0000000
    3   0.0000000   0.0000000  -0.0000000   0.0000000   0.0000000   0.0000000
    4  -0.0000000   0.0000000   0.0000000  -0.0000000  -0.0000000  -0.0000000
    5   0.0000000  -0.0000000  -0.0000000  -0.0000000   0.0000000   0.0000000
    6  -0.0000000   0.0000000   0.0000000   0.0000000  -0.0000000   0.0000000
    7   0.0000000   0.0000000  -0.0000000  -0.0000000  -0.0000000   0.0000000
    8  -0.0000000  -0.0000000  -0.0000000   0.0000000  -0.0000000   0.0000000
    9   0.0000000   0.0000000  -0.0000000   0.0000000   0.0000000  -0.0000000
   10  -0.0000000  -0.0000000   0.0000000   0.0000000   0.0000000  -0.0000000
   11   0.0000000   0.0000000   0.0000000  -0.0000000   0.0000000  -0.0000000
   12  -0.0000000  -0.0000000   0.0000000  -0.0000000  -0.0000000   0.0000000
   13   0.0000000   0.0000000  -0.0000000  -0.0000000  -0.0000000   0.0000000
   14  -0.0000000  -0.0000000  -0.0000000   0.0000000  -0.0000000   0.0000000
   15   0.0000000   0.0000000  -0.0000000   0.0000000   0.0000000  -0.0000000
   16  -0.0000000  -0.0000000   0.0000000   0.0000000   0.0000000  -0.0000000
   17  -0.0000000   0.0000000   0.0000000   0.0000000   0.0000000  -0.0000000
   18  -0.0000000  -0.0000000   0.0000000  -0.0000000  -0.0000000   0.0000000
   19   0.0000000   0.0000000  -0.0000000  -0.0000000  -0.0000000   0.0000000
   20   0.0000000  -0.0000000  -0.0000000  -0.0000000  -0.0000000   0.0000000
   21   0.0000000   0.0000000  -0.0000000   0.0000000   0.0000000  -0.0000000
   22   0.0000000   0.0000000   0.0000000   0.0000001  -0.0102067  -0.0000014
   23  -0.0000000   0.0000000  -0.0000001   0.0000000   0.0000014  -0.0102067
   24   0.0000000   0.0000000   0.0000000   0.0071926  -0.0000000   0.0000000
   25  -0.0000000   0.0000000   0.0083053  -0.0000000   0.0000000  -0.0000001
   26  -0.0000000  -0.0000000  -0.0000000  -0.0041527  -0.0000002   0.0000000
   27  -0.0000000  -0.0000000   0.0000000   0.0000001  -0.0105206  -0.0000014
   28   0.0000000  -0.0000000  -0.0000001   0.0000000   0.0000014  -0.0105206
   29  -0.0000000  -0.0000000   0.0000000   0.0056354  -0.0000000   0.0000000
   30   0.0000000  -0.0000000   0.0065072  -0.0000000   0.0000000  -0.0000001
   31   0.0000000   0.0000000  -0.0000000  -0.0032536  -0.0000002   0.0000000
   32   0.0000000   0.0000000  -0.0000000  -0.0000000   0.0071198   0.0000010
   33  -0.0000000   0.0000000   0.0000000  -0.0000000  -0.0000010   0.0071198
   34   0.0000000   0.0000000  -0.0000000  -0.0039899   0.0000000  -0.0000000
   35  -0.0000000   0.0000000  -0.0046072   0.0000000  -0.0000000   0.0000001
   36  -0.0000000  -0.0000000   0.0000000   0.0023036   0.0000001  -0.0000000
   37  -0.0000000  -0.0000000   0.0000000   0.0000000  -0.0019008  -0.0000003
   38   0.0000000  -0.0000000  -0.0000000   0.0000000   0.0000003  -0.0019008
   39  -0.0000000  -0.0000000   0.0000000   0.0010477  -0.0000000   0.0000000
   40  -0.0000000  -0.0000000   0.0012098  -0.0000000   0.0000000  -0.0000000
   41   0.0000000   0.0000000  -0.0000000  -0.0006049  -0.0000000   0.0000000
   42   0.0000000   0.0000000  -0.0000000   0.0000000  -0.0000000  -0.0000000
   43   0.0000000  -0.0000000   0.0000000   0.0000000   0.0000000   0.0000000
   44  -0.0000000   0.0000000   0.0000000   0.0000000  -0.0000000  -0.0000000
   45  -0.0000000  -0.0000000  -0.0000000   0.0000000   0.0000000  -0.0000000
   46   0.0000000  -0.0000000   0.0000000  -0.0000000  -0.0000000  -0.0000000
   47  -0.0000000   0.0000000   0.0000000  -0.0000000   0.0000000   0.0000000
   48   0.0000000   0.0000000  -0.0000000  -0.0000000   0.0000000   0.0000000
   49  -0.0000000  -0.0000000   0.0000000  -0.0000000   0.0000000   0.0000000
   50  -0.0000000   0.0000000  -0.0000000  -0.0000000  -0.0000000  -0.0000000
   51   0.0000000  -0.0000000  -0.0000000  -0.0000000   0.0000000   0.0000000
   52   0.0000000  -0.0000000   0.0000000  -0.0000000  -0.0000000   0.0000000
   53  -0.0000000  -0.0000000  -0.0000000   0.0000000   0.0000000   0.0000000
   54   0.0000000   0.0000000  -0.0000000   0.0000000  -0.0000000  -0.0000000
   55  -0.0000000  -0.0000000   0.0000000   0.0000000  -0.0000000  -0.0000000
   56   0.0000000  -0.0000000  -0.0000000   0.0000000  -0.0000000  -0.0000000
   57   0.0000000  -0.0000000   0.0000000   0.0000000  -0.0000000   0.0000000
   58  -0.0000000   0.0000000   0.0000000   0.0000000  -0.0000000  -0.0000000
   59  -0.0000000  -0.0000000  -0.0000000   0.0000000   0.0000000  -0.0000000
   60   0.0000000   0.0000000   0.0000000  -0.0000000  -0.0000000  -0.0000000
   61  -0.0000000  -0.0000000   0.0000000  -0.0000000  -0.0000000  -0.0000000
   62   0.0000000   0.0000000  -0.0000000  -0.0000000   0.0000000   0.0000000
   63  -0.4379896  -0.0143759  -0.0000006  -0.0000262   1.1590431   0.0001566
   64   0.0304959  -0.9291163   0.0000278  -0.0000000  -0.0001108   0.8195672
   65   1.1588117   0.0380350  -0.0000011   0.0000099   0.4380771   0.0000592
   66  -0.0268948   0.8194036   0.0000035  -0.0000012  -0.0001256   0.9293019
   67   0.0000000  -0.0000009  -0.0000000  -0.6927579   0.0000000  -0.0000010
   68  -0.0000011   0.0000065  -0.4381385  -0.0000000  -0.0000003   0.0000074
   69   0.0000185   0.0000006  -0.0000000  -0.6196215   0.0000070  -0.0000012
   70   0.0000002  -0.0000223  -1.1592056   0.0000000  -0.0000009   0.0000197
   71  -0.0000140   0.0000000   0.0000000   0.8196822   0.0000371  -0.0000004
   72   0.2090268   0.0068608   0.0000003   0.0000125  -0.5519524  -0.0000746
   73  -0.0145539   0.4434128  -0.0000133   0.0000000   0.0000527  -0.3902893
   74  -0.5530330  -0.0181519   0.0000005  -0.0000047  -0.2086184  -0.0000282
   75   0.0128353  -0.3910534  -0.0000017   0.0000006   0.0000598  -0.4425464
   76  -0.0000000   0.0000004   0.0000000   0.3301698  -0.0000000   0.0000005
   77   0.0000005  -0.0000031   0.2088177   0.0000000   0.0000002  -0.0000035
   78  -0.0000088  -0.0000003   0.0000000   0.2953128  -0.0000033   0.0000006
   79  -0.0000001   0.0000106   0.5524797  -0.0000000   0.0000004  -0.0000094
   80   0.0000067  -0.0000000  -0.0000000  -0.3906621  -0.0000177   0.0000002
           67          68          69          70          71          72
    1   0.0000902   0.0000000  -0.0000000   0.0000000  -0.0000000  -0.0029295
    2   0.0000064  -0.0000000  -0.0000000   0.0000000  -0.0000000  -0.0095336
    3  -0.0002746  -0.0000000  -0.0000000   0.0000000  -0.0000000  -0.0337285
    4   0.0002109   0.0000000   0.0000000  -0.0000000   0.0000000   0.0461941
    5  -0.0000941  -0.0000000  -0.0000000   0.0000000  -0.0000000  -0.0256808
    6   0.0000294   0.0000000   0.0000000  -0.0000000   0.0000000   0.0075703
    7  -0.0000000  -0.0000000  -0.0000000   0.0000000  -0.0000000  -0.0000000
    8   0.0000000   0.0000000   0.0000000  -0.0000000  -0.0000000   0.0000000
    9   0.0000000   0.0000000   0.0000000  -0.0000000  -0.0000000   0.0000000
   10   0.0000000   0.0000000   0.0000000  -0.0000000   0.0000000   0.0000000
   11  -0.0000000  -0.0000000  -0.0000000   0.0000000   0.0000000  -0.0000000
   12  -0.0000000  -0.0000000  -0.0000000   0.0000000   0.0000000  -0.0000000
   13  -0.0000000  -0.0000000  -0.0000000   0.0000000  -0.0000000  -0.0000000
   14   0.0000000  -0.0000000   0.0000000  -0.0000000  -0.0000000  -0.0000000
   15   0.0000000   0.0000000   0.0000000  -0.0000000  -0.0000000  -0.0000000
   16   0.0000000   0.0000000   0.0000000  -0.0000000   0.0000000   0.0000000
   17  -0.0000000   0.0000000  -0.0000000   0.0000000   0.0000000   0.0000000
   18  -0.0000000  -0.0000000  -0.0000000   0.0000000   0.0000000   0.0000000
   19  -0.0000000  -0.0000000  -0.0000000   0.0000000  -0.0000000  -0.0000000
   20   0.0000000  -0.0000000   0.0000000  -0.0000000  -0.0000000  -0.0000000
   21   0.0000000   0.0000000   0.0000000  -0.0000000  -0.0000000  -0.0000000
   22  -0.0000001  -0.0000111  -0.0000005   1.3912505  -0.0000905  -0.0000193
   23   0.0000000  -0.0000005   0.0000111   0.0000905   1.3912505   0.0000008
   24   0.0053221  -1.2048257  -0.0000000  -0.0000000  -0.0000008   0.6955873
   25   0.0000000   0.0000000  -1.3912129  -0.0000005   0.0000111   0.0000000
   26   0.0092181   0.6956064   0.0000000   0.0000222  -0.0000005   1.2047925
   27  -0.0000002   0.0000095   0.0000004  -1.1896396   0.0000774   0.0000165
   28   0.0000000   0.0000004  -0.0000095  -0.0000774  -1.1896396  -0.0000007
   29   0.0059955   1.0274209   0.0000000   0.0000000   0.0000007  -0.5952414
   30   0.0000000  -0.0000000   1.1863634   0.0000004  -0.0000095  -0.0000000
   31   0.0103845  -0.5931817  -0.0000000  -0.0000190   0.0000004  -1.0309884
   32   0.0000001  -0.0000045  -0.0000002   0.5574814  -0.0000363  -0.0000077
   33  -0.0000000  -0.0000002   0.0000045   0.0000363   0.5574814   0.0000003
   34  -0.0040053  -0.4827881  -0.0000000  -0.0000000  -0.0000003   0.2786707
   35  -0.0000000   0.0000000  -0.5574756  -0.0000002   0.0000045   0.0000000
   36  -0.0069374   0.2787378   0.0000000   0.0000089  -0.0000002   0.4826718
   37  -0.0000000   0.0000014   0.0000001  -0.1750704   0.0000114   0.0000024
   38   0.0000000   0.0000001  -0.0000014  -0.0000114  -0.1750704  -0.0000001
   39   0.0010744   0.1518518   0.0000000   0.0000000   0.0000001  -0.0874643
   40   0.0000000  -0.0000000   0.1753433   0.0000001  -0.0000014  -0.0000000
   41   0.0018609  -0.0876717  -0.0000000  -0.0000028   0.0000001  -0.1514926
   42  -0.0000000  -0.0000000   0.0000000   0.0000000  -0.0000000   0.0000000
   43   0.0000000  -0.0000000   0.0000000  -0.0000000   0.0000000  -0.0000000
   44   0.0000000  -0.0000000   0.0000000   0.0000000   0.0000000  -0.0000000
   45   0.0000000   0.0000000  -0.0000000  -0.0000000  -0.0000000   0.0000000
   46  -0.0000000   0.0000000   0.0000000   0.0000000   0.0000000   0.0000000
   47  -0.0000000   0.0000000   0.0000000   0.0000000   0.0000000   0.0000000
   48  -0.0000000   0.0000000  -0.0000000  -0.0000000  -0.0000000  -0.0000000
   49   0.0000000   0.0000000  -0.0000000  -0.0000000   0.0000000  -0.0000000
   50  -0.0000000   0.0000000  -0.0000000   0.0000000  -0.0000000   0.0000000
   51  -0.0000000   0.0000000  -0.0000000  -0.0000000  -0.0000000   0.0000000
   52  -0.0000000  -0.0000000   0.0000000   0.0000000   0.0000000  -0.0000000
   53   0.0000000  -0.0000000  -0.0000000  -0.0000000  -0.0000000  -0.0000000
   54   0.0000000  -0.0000000  -0.0000000  -0.0000000  -0.0000000  -0.0000000
   55   0.0000000  -0.0000000   0.0000000   0.0000000   0.0000000   0.0000000
   56  -0.0000000  -0.0000000   0.0000000   0.0000000  -0.0000000   0.0000000
   57   0.0000000  -0.0000000   0.0000000  -0.0000000   0.0000000  -0.0000000
   58   0.0000000  -0.0000000   0.0000000   0.0000000   0.0000000  -0.0000000
   59   0.0000000   0.0000000  -0.0000000  -0.0000000  -0.0000000   0.0000000
   60  -0.0000000   0.0000000   0.0000000   0.0000000   0.0000000   0.0000000
   61  -0.0000000   0.0000000   0.0000000   0.0000000   0.0000000   0.0000000
   62  -0.0000000   0.0000000  -0.0000000  -0.0000000  -0.0000000  -0.0000000
   63   0.0000293  -0.0000002  -0.0000000   0.0087804  -0.0000006  -0.0000002
   64  -0.0000009  -0.0000000   0.0000002   0.0000004   0.0062087   0.0000000
   65   0.0000111   0.0000001  -0.0000000   0.0033187  -0.0000002  -0.0000001
   66  -0.0000010  -0.0000000   0.0000000   0.0000005   0.0070400   0.0000000
   67  -0.4646277  -0.0042704  -0.0000000  -0.0000000  -0.0000000   0.0036716
   68  -0.0000000  -0.0000000  -0.0027008  -0.0000000   0.0000001   0.0000000
   69  -0.6926261  -0.0038195  -0.0000000   0.0000001  -0.0000000   0.0054733
   70  -0.0000000   0.0000000  -0.0071457  -0.0000000   0.0000001   0.0000000
   71  -0.9162583   0.0050528  -0.0000000   0.0000003  -0.0000000   0.0072406
   72  -0.0000140   0.0000000   0.0000000  -0.0022758   0.0000001   0.0000001
   73   0.0000004   0.0000000  -0.0000000  -0.0000001  -0.0016092  -0.0000000
   74  -0.0000053  -0.0000000   0.0000000  -0.0008602   0.0000001   0.0000000
   75   0.0000005   0.0000000  -0.0000000  -0.0000001  -0.0018247  -0.0000000
   76   0.2212016   0.0012155   0.0000000   0.0000000   0.0000000  -0.0009164
   77   0.0000000   0.0000000   0.0007687   0.0000000  -0.0000000  -0.0000000
   78   0.3297479   0.0010872   0.0000000  -0.0000000   0.0000000  -0.0013661
   79   0.0000000  -0.0000000   0.0020339   0.0000000  -0.0000000  -0.0000000
   80   0.4362155  -0.0014382   0.0000000  -0.0000001   0.0000000  -0.0018072
           73          74          75          76          77          78
    1   0.0000000   0.0000000  -0.0000000  -0.0000000   0.0000000   0.0000000
    2   0.0000000   0.0000000  -0.0000000   0.0000000  -0.0000000   0.0000000
    3   0.0000000   0.0000000  -0.0000000   0.0000000  -0.0000000   0.0000000
    4  -0.0000000  -0.0000000   0.0000000  -0.0000000   0.0000000  -0.0000000
    5   0.0000000   0.0000000  -0.0000000   0.0000000   0.0000000   0.0000000
    6  -0.0000000  -0.0000000   0.0000000  -0.0000000  -0.0000000  -0.0000000
    7  -0.0000000  -0.0000000   0.0000000  -0.0000000  -0.0421783  -0.0000029
    8  -0.0000000   0.0000000   0.0000000   0.0000000   0.0000003   0.0000000
    9   0.0000000  -0.0000000   0.0000000  -0.0000000  -0.0000029   0.0421783
   10   0.0000000   0.0000000  -0.0000000   0.0000000   0.0663326   0.0000045
   11   0.0000000  -0.0000000  -0.0000000  -0.0000000  -0.0000005  -0.0000000
   12  -0.0000000   0.0000000  -0.0000000   0.0000000   0.0000045  -0.0663326
   13  -0.0000000  -0.0000000   0.0000000  -0.0000000  -0.0467842  -0.0000032
   14  -0.0000000   0.0000000   0.0000000   0.0000000   0.0000004   0.0000000
   15   0.0000000  -0.0000000   0.0000000  -0.0000000  -0.0000032   0.0467842
   16   0.0000000   0.0000000  -0.0000000   0.0000000   0.0206564   0.0000014
   17   0.0000000  -0.0000000  -0.0000000  -0.0000000  -0.0000002  -0.0000000
   18  -0.0000000   0.0000000  -0.0000000   0.0000000   0.0000014  -0.0206564
   19  -0.0000000  -0.0000000   0.0000000  -0.0000000  -0.0060459  -0.0000004
   20  -0.0000000   0.0000000   0.0000000   0.0000000   0.0000000   0.0000000
   21   0.0000000  -0.0000000   0.0000000  -0.0000000  -0.0000004   0.0060459
   22  -0.0000000   0.0000000   0.0000000   0.0000000   0.0000000  -0.0000000
   23  -0.0000000  -0.0000000   0.0000000   0.0000000   0.0000000   0.0000000
   24  -0.0000000  -0.0000000  -0.0000000  -0.0000000  -0.0000000   0.0000000
   25   0.0000000   0.0000000   0.0000000  -0.0000000  -0.0000000  -0.0000000
   26  -0.0000000  -0.0000000   0.0000000  -0.0000000   0.0000000  -0.0000000
   27   0.0000000  -0.0000000  -0.0000000  -0.0000000  -0.0000000  -0.0000000
   28   0.0000000   0.0000000   0.0000000  -0.0000000  -0.0000000  -0.0000000
   29   0.0000000   0.0000000   0.0000000   0.0000000   0.0000000  -0.0000000
   30  -0.0000000  -0.0000000  -0.0000000   0.0000000   0.0000000   0.0000000
   31   0.0000000   0.0000000  -0.0000000   0.0000000  -0.0000000   0.0000000
   32  -0.0000000   0.0000000   0.0000000   0.0000000   0.0000000   0.0000000
   33  -0.0000000  -0.0000000  -0.0000000   0.0000000   0.0000000   0.0000000
   34  -0.0000000  -0.0000000  -0.0000000  -0.0000000  -0.0000000   0.0000000
   35   0.0000000   0.0000000   0.0000000  -0.0000000  -0.0000000  -0.0000000
   36  -0.0000000  -0.0000000   0.0000000  -0.0000000   0.0000000  -0.0000000
   37   0.0000000  -0.0000000  -0.0000000  -0.0000000  -0.0000000  -0.0000000
   38   0.0000000   0.0000000   0.0000000  -0.0000000  -0.0000000  -0.0000000
   39   0.0000000   0.0000000   0.0000000   0.0000000   0.0000000  -0.0000000
   40  -0.0000000  -0.0000000  -0.0000000   0.0000000   0.0000000   0.0000000
   41   0.0000000   0.0000000  -0.0000000   0.0000000  -0.0000000   0.0000000
   42   0.0000010   0.0000073   0.1344816   0.7435389   0.0000286   0.0000004
   43  -0.0000120   0.0000016   1.2141940  -0.2196076  -0.0000007  -0.0000156
   44  -0.0000013  -0.0000095  -0.1736150  -0.9599046   0.0000025   0.0000012
   45  -0.9715226   0.0884551   0.0000001   0.0000008  -0.0000518   0.7551914
   46   0.1083349   1.1898673  -0.0000021  -0.0000076  -0.3083056  -0.0000211
   47   0.7525381  -0.0685170   0.0000195  -0.0000033  -0.0000668   0.9749479
   48  -0.0279720  -0.3072224   0.0000027   0.0000179  -1.1940624  -0.0000819
   49  -0.0000006  -0.0000046  -0.0846668  -0.4681164  -0.0000180  -0.0000003
   50   0.0000076  -0.0000010  -0.7644309   0.1382603   0.0000004   0.0000098
   51   0.0000008   0.0000060   0.1093044   0.6043357  -0.0000016  -0.0000007
   52   0.6122354  -0.0557428  -0.0000001  -0.0000005   0.0000326  -0.4751082
   53  -0.0682707  -0.7498322   0.0000013   0.0000048   0.1939621   0.0000133
   54  -0.4742355   0.0431782  -0.0000122   0.0000021   0.0000421  -0.6133621
   55   0.0176274   0.1936058  -0.0000017  -0.0000113   0.7512121   0.0000515
   56   0.0000002   0.0000017   0.0313651   0.1734153   0.0000067   0.0000001
   57  -0.0000028   0.0000004   0.2831861  -0.0512190  -0.0000002  -0.0000036
   58  -0.0000003  -0.0000022  -0.0404922  -0.2238782   0.0000006   0.0000003
   59  -0.2272752   0.0206929   0.0000000   0.0000002  -0.0000121   0.1757755
   60   0.0253436   0.2783541  -0.0000005  -0.0000018  -0.0717600  -0.0000049
   61   0.1760466  -0.0160287   0.0000045  -0.0000008  -0.0000156   0.2269252
   62  -0.0065437  -0.0718707   0.0000006   0.0000042  -0.2779255  -0.0000191
   63  -0.0000000   0.0000000   0.0000000  -0.0000000   0.0000000  -0.0000000
   64  -0.0000000  -0.0000000  -0.0000000  -0.0000000  -0.0000000   0.0000000
   65  -0.0000000   0.0000000  -0.0000000  -0.0000000   0.0000000   0.0000000
   66  -0.0000000   0.0000000  -0.0000000   0.0000000   0.0000000   0.0000000
   67  -0.0000000   0.0000000   0.0000000   0.0000000   0.0000000  -0.0000000
   68   0.0000000  -0.0000000  -0.0000000  -0.0000000  -0.0000000   0.0000000
   69  -0.0000000  -0.0000000   0.0000000  -0.0000000   0.0000000  -0.0000000
   70   0.0000000   0.0000000   0.0000000  -0.0000000   0.0000000  -0.0000000
   71  -0.0000000  -0.0000000   0.0000000  -0.0000000   0.0000000  -0.0000000
   72  -0.0000000  -0.0000000  -0.0000000   0.0000000  -0.0000000   0.0000000
   73   0.0000000   0.0000000   0.0000000   0.0000000   0.0000000  -0.0000000
   74   0.0000000  -0.0000000   0.0000000   0.0000000  -0.0000000  -0.0000000
   75   0.0000000  -0.0000000  -0.0000000  -0.0000000  -0.0000000   0.0000000
   76  -0.0000000  -0.0000000  -0.0000000  -0.0000000  -0.0000000   0.0000000
   77  -0.0000000   0.0000000   0.0000000   0.0000000   0.0000000  -0.0000000
   78   0.0000000  -0.0000000  -0.0000000   0.0000000  -0.0000000   0.0000000
   79  -0.0000000  -0.0000000  -0.0000000   0.0000000  -0.0000000   0.0000000
   80   0.0000000   0.0000000  -0.0000000   0.0000000  -0.0000000   0.0000000
           79          80
    1   0.0000000  -9.9517336
    2   0.0000000 -10.7314984
    3   0.0000000  -2.2734262
    4  -0.0000000   1.9320278
    5   0.0000000  -1.0028276
    6  -0.0000000   0.2990806
    7   0.0000004  -0.0000000
    8   0.0542996   0.0000000
    9  -0.0000000   0.0000000
   10  -0.0000007   0.0000000
   11  -0.0851538  -0.0000000
   12   0.0000000  -0.0000000
   13   0.0000005  -0.0000000
   14   0.0598133   0.0000000
   15  -0.0000000   0.0000000
   16  -0.0000002  -0.0000000
   17  -0.0263688  -0.0000000
   18   0.0000000  -0.0000000
   19   0.0000001   0.0000000
   20   0.0077157   0.0000000
   21  -0.0000000   0.0000000
   22  -0.0000000  -0.0000000
   23   0.0000000   0.0000000
   24  -0.0000000   0.0001808
   25   0.0000000   0.0000000
   26  -0.0000000   0.0003132
   27   0.0000000  -0.0000000
   28  -0.0000000   0.0000000
   29   0.0000000   0.0004146
   30  -0.0000000   0.0000000
   31   0.0000000   0.0007180
   32  -0.0000000   0.0000000
   33   0.0000000  -0.0000000
   34  -0.0000000  -0.0004822
   35   0.0000000  -0.0000000
   36  -0.0000000  -0.0008352
   37   0.0000000  -0.0000000
   38  -0.0000000   0.0000000
   39   0.0000000   0.0001984
   40  -0.0000000   0.0000000
   41   0.0000000   0.0003437
   42   0.9746134   0.0000000
   43   0.0000000   0.0000000
   44   0.7549323   0.0000000
   45  -0.0000006  -0.0000000
   46   0.0000060  -0.0000000
   47  -0.0000008  -0.0000000
   48   0.0000234  -0.0000000
   49  -0.6129836  -0.0000000
   50  -0.0000000  -0.0000000
   51  -0.4748151  -0.0000000
   52   0.0000004   0.0000000
   53  -0.0000038  -0.0000000
   54   0.0000005   0.0000000
   55  -0.0000147   0.0000000
   56   0.2266827   0.0000000
   57   0.0000000   0.0000000
   58   0.1755877   0.0000000
   59  -0.0000002  -0.0000000
   60   0.0000014   0.0000000
   61  -0.0000002  -0.0000000
   62   0.0000054   0.0000000
   63   0.0000000  -0.0000000
   64   0.0000000   0.0000000
   65   0.0000000  -0.0000000
   66   0.0000000   0.0000000
   67   0.0000000   0.0000008
   68  -0.0000000   0.0000000
   69   0.0000000   0.0000012
   70  -0.0000000  -0.0000000
   71  -0.0000000   0.0000016
   72  -0.0000000   0.0000000
   73  -0.0000000  -0.0000000
   74  -0.0000000   0.0000000
   75  -0.0000000  -0.0000000
   76  -0.0000000  -0.0000024
   77   0.0000000   0.0000000
   78  -0.0000000  -0.0000035
   79   0.0000000   0.0000000
   80   0.0000000  -0.0000047
 Final Alpha Density Matrix
            1           2           3           4           5           6
    1   0.9867417   0.0003470   0.0158012  -0.0031283   0.0017467  -0.0003995
    2   0.0003470   0.1187594   0.0968239   0.2039872   0.0935543   0.0010103
    3   0.0158012   0.0968239   0.0791841   0.1662511   0.0762975   0.0008174
    4  -0.0031283   0.2039872   0.1662511   0.3503926   0.1606879   0.0017369
    5   0.0017467   0.0935543   0.0762975   0.1606879   0.0737008   0.0007953
    6  -0.0003995   0.0010103   0.0008174   0.0017369   0.0007953   0.0000088
    7   0.0000000  -0.0000000  -0.0000000  -0.0000000  -0.0000000  -0.0000000
    8  -0.0000000   0.0000000   0.0000000  -0.0000000   0.0000000   0.0000000
    9  -0.0000000  -0.0000000  -0.0000000  -0.0000000  -0.0000000  -0.0000000
   10  -0.0000000  -0.0000000  -0.0000000  -0.0000000  -0.0000000  -0.0000000
   11   0.0000000   0.0000000   0.0000000  -0.0000000   0.0000000   0.0000000
   12   0.0000000  -0.0000000  -0.0000000  -0.0000000  -0.0000000  -0.0000000
   13   0.0000000  -0.0000000  -0.0000000  -0.0000000  -0.0000000  -0.0000000
   14  -0.0000000  -0.0000000   0.0000000  -0.0000000   0.0000000   0.0000000
   15  -0.0000000  -0.0000000  -0.0000000  -0.0000000  -0.0000000  -0.0000000
   16  -0.0000000   0.0000000   0.0000000   0.0000000   0.0000000   0.0000000
   17   0.0000000   0.0000000   0.0000000  -0.0000000   0.0000000   0.0000000
   18   0.0000000  -0.0000000  -0.0000000  -0.0000000  -0.0000000  -0.0000000
   19   0.0000000   0.0000000   0.0000000   0.0000000   0.0000000   0.0000000
   20  -0.0000000  -0.0000000  -0.0000000  -0.0000000   0.0000000   0.0000000
   21  -0.0000000  -0.0000000  -0.0000000  -0.0000000  -0.0000000  -0.0000000
   22  -0.0000000   0.0000000   0.0000000   0.0000000   0.0000000   0.0000000
   23   0.0000000  -0.0000000  -0.0000000  -0.0000000  -0.0000000  -0.0000000
   24   0.0001051  -0.0003825  -0.0003102  -0.0006574  -0.0003011  -0.0000033
   25   0.0000000  -0.0000000  -0.0000000  -0.0000000  -0.0000000  -0.0000000
   26   0.0001820  -0.0006625  -0.0005372  -0.0011386  -0.0005216  -0.0000057
   27   0.0000000  -0.0000000  -0.0000000  -0.0000000  -0.0000000  -0.0000000
   28  -0.0000000   0.0000000   0.0000000   0.0000000   0.0000000   0.0000000
   29  -0.0005044   0.0001150   0.0000858   0.0001995   0.0000899   0.0000012
   30  -0.0000000   0.0000000   0.0000000   0.0000000   0.0000000   0.0000000
   31  -0.0008737   0.0001992   0.0001487   0.0003455   0.0001556   0.0000021
   32  -0.0000000   0.0000000   0.0000000   0.0000001   0.0000000   0.0000000
   33   0.0000000  -0.0000000  -0.0000000  -0.0000000  -0.0000000  -0.0000000
   34   0.0000471  -0.0014785  -0.0012046  -0.0025397  -0.0011646  -0.0000126
   35   0.0000000  -0.0000000  -0.0000000  -0.0000000  -0.0000000  -0.0000000
   36   0.0000815  -0.0025608  -0.0020864  -0.0043989  -0.0020172  -0.0000218
   37   0.0000000   0.0000000   0.0000000   0.0000000   0.0000000   0.0000000
   38  -0.0000000  -0.0000000  -0.0000000  -0.0000000  -0.0000000  -0.0000000
   39  -0.0000443  -0.0007522  -0.0006139  -0.0012919  -0.0005926  -0.0000064
   40  -0.0000000  -0.0000000  -0.0000000  -0.0000000  -0.0000000  -0.0000000
   41  -0.0000768  -0.0013029  -0.0010634  -0.0022376  -0.0010265  -0.0000111
   42   0.0000000   0.0000000   0.0000000  -0.0000000   0.0000000   0.0000000
   43   0.0000000  -0.0000000  -0.0000000  -0.0000000  -0.0000000  -0.0000000
   44  -0.0000000   0.0000000   0.0000000   0.0000000   0.0000000   0.0000000
   45  -0.0000000  -0.0000000  -0.0000000  -0.0000000  -0.0000000  -0.0000000
   46  -0.0000000  -0.0000000  -0.0000000  -0.0000000  -0.0000000  -0.0000000
   47  -0.0000000  -0.0000000  -0.0000000  -0.0000000  -0.0000000  -0.0000000
   48  -0.0000000  -0.0000000  -0.0000000  -0.0000000  -0.0000000  -0.0000000
   49   0.0000000   0.0000000   0.0000000  -0.0000000   0.0000000   0.0000000
   50  -0.0000000   0.0000000   0.0000000   0.0000000   0.0000000   0.0000000
   51  -0.0000000  -0.0000000  -0.0000000  -0.0000000  -0.0000000  -0.0000000
   52   0.0000000   0.0000000   0.0000000   0.0000000   0.0000000   0.0000000
   53  -0.0000000   0.0000000   0.0000000   0.0000000   0.0000000   0.0000000
   54   0.0000000  -0.0000000  -0.0000000  -0.0000000  -0.0000000  -0.0000000
   55  -0.0000000  -0.0000000  -0.0000000  -0.0000000  -0.0000000  -0.0000000
   56  -0.0000000  -0.0000000  -0.0000000  -0.0000000  -0.0000000   0.0000000
   57  -0.0000000  -0.0000000  -0.0000000  -0.0000000  -0.0000000  -0.0000000
   58   0.0000000   0.0000000   0.0000000   0.0000000   0.0000000   0.0000000
   59   0.0000000   0.0000000   0.0000000   0.0000000   0.0000000   0.0000000
   60  -0.0000000  -0.0000000  -0.0000000  -0.0000000  -0.0000000  -0.0000000
   61  -0.0000000   0.0000000   0.0000000   0.0000000   0.0000000   0.0000000
   62   0.0000000  -0.0000000  -0.0000000  -0.0000000  -0.0000000  -0.0000000
   63   0.0000000   0.0000000   0.0000000   0.0000000   0.0000000   0.0000000
   64  -0.0000000  -0.0000000  -0.0000000  -0.0000000  -0.0000000  -0.0000000
   65   0.0000000   0.0000000   0.0000000   0.0000000   0.0000000   0.0000000
   66  -0.0000000  -0.0000000  -0.0000000  -0.0000000  -0.0000000  -0.0000000
   67  -0.0000050  -0.0000086  -0.0000071  -0.0000147  -0.0000068  -0.0000001
   68  -0.0000000  -0.0000000  -0.0000000  -0.0000000  -0.0000000  -0.0000000
   69  -0.0000075  -0.0000128  -0.0000106  -0.0000220  -0.0000101  -0.0000001
   70  -0.0000000  -0.0000000  -0.0000000  -0.0000000  -0.0000000  -0.0000000
   71  -0.0000100  -0.0000170  -0.0000140  -0.0000291  -0.0000134  -0.0000001
   72   0.0000000   0.0000000   0.0000000   0.0000000   0.0000000   0.0000000
   73  -0.0000000  -0.0000000  -0.0000000  -0.0000000  -0.0000000  -0.0000000
   74   0.0000000   0.0000000   0.0000000   0.0000000   0.0000000   0.0000000
   75  -0.0000000  -0.0000000  -0.0000000  -0.0000000  -0.0000000  -0.0000000
   76  -0.0000013  -0.0000520  -0.0000424  -0.0000894  -0.0000410  -0.0000004
   77   0.0000000  -0.0000000  -0.0000000  -0.0000000  -0.0000000  -0.0000000
   78  -0.0000020  -0.0000776  -0.0000633  -0.0001332  -0.0000611  -0.0000007
   79  -0.0000000  -0.0000000  -0.0000000  -0.0000000  -0.0000000  -0.0000000
   80  -0.0000026  -0.0001026  -0.0000837  -0.0001762  -0.0000808  -0.0000009
            7           8           9          10          11          12
    1   0.0000000  -0.0000000  -0.0000000  -0.0000000   0.0000000   0.0000000
    2  -0.0000000   0.0000000  -0.0000000  -0.0000000   0.0000000  -0.0000000
    3  -0.0000000   0.0000000  -0.0000000  -0.0000000   0.0000000  -0.0000000
    4  -0.0000000  -0.0000000  -0.0000000  -0.0000000  -0.0000000  -0.0000000
    5  -0.0000000   0.0000000  -0.0000000  -0.0000000   0.0000000  -0.0000000
    6  -0.0000000   0.0000000  -0.0000000  -0.0000000   0.0000000  -0.0000000
    7   0.0000000   0.0000002  -0.0000000   0.0000000   0.0000004  -0.0000000
    8   0.0000002   0.0277409  -0.0000000   0.0000004   0.0542018  -0.0000000
    9  -0.0000000  -0.0000000   0.0000000  -0.0000000  -0.0000000   0.0000000
   10   0.0000000   0.0000004  -0.0000000   0.0000000   0.0000008  -0.0000000
   11   0.0000004   0.0542018  -0.0000000   0.0000008   0.1059028  -0.0000000
   12  -0.0000000  -0.0000000   0.0000000  -0.0000000  -0.0000000   0.0000000
   13   0.0000000   0.0000006  -0.0000000   0.0000000   0.0000011  -0.0000000
   14   0.0000006   0.0735923  -0.0000000   0.0000011   0.1437891  -0.0000001
   15  -0.0000000  -0.0000000   0.0000000  -0.0000000  -0.0000001   0.0000000
   16   0.0000000   0.0000004  -0.0000000   0.0000000   0.0000008  -0.0000000
   17   0.0000004   0.0481292  -0.0000000   0.0000008   0.0940377  -0.0000000
   18  -0.0000000  -0.0000000   0.0000000  -0.0000000  -0.0000000   0.0000000
   19   0.0000000   0.0000000  -0.0000000   0.0000000   0.0000001  -0.0000000
   20   0.0000000   0.0039607  -0.0000000   0.0000001   0.0077386  -0.0000000
   21  -0.0000000  -0.0000000   0.0000000  -0.0000000  -0.0000000   0.0000000
   22   0.0000000   0.0000000  -0.0000000   0.0000000   0.0000000  -0.0000000
   23   0.0000000   0.0000000  -0.0000000   0.0000000   0.0000000  -0.0000000
   24   0.0000000   0.0000000   0.0000000   0.0000000   0.0000000   0.0000000
   25  -0.0000000  -0.0000000   0.0000000  -0.0000000  -0.0000000   0.0000000
   26   0.0000000   0.0000000   0.0000000   0.0000000   0.0000000   0.0000000
   27  -0.0000000  -0.0000000   0.0000000  -0.0000000  -0.0000000   0.0000000
   28  -0.0000000  -0.0000000   0.0000000  -0.0000000  -0.0000000   0.0000000
   29  -0.0000000   0.0000000  -0.0000000  -0.0000000   0.0000000  -0.0000000
   30   0.0000000   0.0000000  -0.0000000   0.0000000   0.0000000  -0.0000000
   31  -0.0000000  -0.0000000  -0.0000000  -0.0000000  -0.0000000  -0.0000000
   32   0.0000000   0.0000000  -0.0000000   0.0000000   0.0000000  -0.0000000
   33   0.0000000   0.0000000  -0.0000000   0.0000000   0.0000000  -0.0000000
   34   0.0000000   0.0000000   0.0000000   0.0000000   0.0000000   0.0000000
   35  -0.0000000  -0.0000000   0.0000000  -0.0000000  -0.0000000   0.0000000
   36   0.0000000   0.0000000   0.0000000   0.0000000   0.0000000   0.0000000
   37  -0.0000000  -0.0000000   0.0000000  -0.0000000  -0.0000000   0.0000000
   38  -0.0000000  -0.0000000   0.0000000  -0.0000000  -0.0000000   0.0000000
   39   0.0000000   0.0000000   0.0000000   0.0000000   0.0000000   0.0000000
   40  -0.0000000  -0.0000000   0.0000000  -0.0000000  -0.0000000   0.0000000
   41   0.0000000  -0.0000000   0.0000000   0.0000000  -0.0000000   0.0000000
   42   0.0000000   0.0005442  -0.0000000   0.0000000   0.0010634  -0.0000000
   43   0.0000000   0.0000000  -0.0000000   0.0000000   0.0000000  -0.0000000
   44   0.0000000   0.0004216  -0.0000000   0.0000000   0.0008237  -0.0000000
   45  -0.0000000  -0.0000000   0.0000000  -0.0000000  -0.0000000   0.0000000
   46   0.0000000   0.0000000  -0.0000000   0.0000000   0.0000000  -0.0000000
   47  -0.0000000  -0.0000000   0.0000000  -0.0000000  -0.0000000   0.0000000
   48   0.0000000   0.0000000  -0.0000000   0.0000000   0.0000000  -0.0000000
   49   0.0000000   0.0012285  -0.0000000   0.0000000   0.0024003  -0.0000000
   50   0.0000000   0.0000000  -0.0000000   0.0000000   0.0000000  -0.0000000
   51   0.0000000   0.0009516  -0.0000000   0.0000000   0.0018592  -0.0000000
   52  -0.0000000  -0.0000000   0.0000000  -0.0000000  -0.0000000   0.0000000
   53   0.0000000   0.0000000  -0.0000000   0.0000000   0.0000000  -0.0000000
   54  -0.0000000  -0.0000000   0.0000000  -0.0000000  -0.0000000   0.0000000
   55   0.0000000   0.0000000  -0.0000000   0.0000000   0.0000001  -0.0000000
   56   0.0000000   0.0010219  -0.0000000   0.0000000   0.0019966  -0.0000000
   57   0.0000000   0.0000000  -0.0000000   0.0000000   0.0000000  -0.0000000
   58   0.0000000   0.0007915  -0.0000000   0.0000000   0.0015465  -0.0000000
   59  -0.0000000  -0.0000000   0.0000000  -0.0000000  -0.0000000   0.0000000
   60   0.0000000   0.0000000  -0.0000000   0.0000000   0.0000000  -0.0000000
   61  -0.0000000  -0.0000000   0.0000000  -0.0000000  -0.0000000   0.0000000
   62   0.0000000   0.0000000  -0.0000000   0.0000000   0.0000000  -0.0000000
   63   0.0000000   0.0000000  -0.0000000   0.0000000   0.0000000  -0.0000000
   64  -0.0000000  -0.0000000   0.0000000  -0.0000000  -0.0000000   0.0000000
   65  -0.0000000  -0.0000000   0.0000000  -0.0000000  -0.0000000   0.0000000
   66  -0.0000000  -0.0000000   0.0000000  -0.0000000  -0.0000000   0.0000000
   67   0.0000000   0.0000000   0.0000000   0.0000000   0.0000000   0.0000000
   68   0.0000000   0.0000000  -0.0000000   0.0000000   0.0000000  -0.0000000
   69   0.0000000  -0.0000000   0.0000000   0.0000000  -0.0000000   0.0000000
   70  -0.0000000  -0.0000000   0.0000000  -0.0000000  -0.0000000   0.0000000
   71   0.0000000   0.0000000   0.0000000   0.0000000   0.0000000   0.0000000
   72  -0.0000000  -0.0000000   0.0000000  -0.0000000  -0.0000000   0.0000000
   73   0.0000000   0.0000000  -0.0000000   0.0000000   0.0000000  -0.0000000
   74   0.0000000   0.0000000  -0.0000000   0.0000000   0.0000000  -0.0000000
   75   0.0000000   0.0000000  -0.0000000   0.0000000   0.0000000  -0.0000000
   76   0.0000000  -0.0000000   0.0000000   0.0000000  -0.0000000   0.0000000
   77  -0.0000000  -0.0000000   0.0000000  -0.0000000  -0.0000000   0.0000000
   78   0.0000000  -0.0000000   0.0000000   0.0000000  -0.0000000   0.0000000
   79   0.0000000   0.0000000  -0.0000000   0.0000000   0.0000000  -0.0000000
   80   0.0000000  -0.0000000   0.0000000   0.0000000  -0.0000000   0.0000000
           13          14          15          16          17          18
    1   0.0000000  -0.0000000  -0.0000000  -0.0000000   0.0000000   0.0000000
    2  -0.0000000  -0.0000000  -0.0000000   0.0000000   0.0000000  -0.0000000
    3  -0.0000000   0.0000000  -0.0000000   0.0000000   0.0000000  -0.0000000
    4  -0.0000000  -0.0000000  -0.0000000   0.0000000  -0.0000000  -0.0000000
    5  -0.0000000   0.0000000  -0.0000000   0.0000000   0.0000000  -0.0000000
    6  -0.0000000   0.0000000  -0.0000000   0.0000000   0.0000000  -0.0000000
    7   0.0000000   0.0000006  -0.0000000   0.0000000   0.0000004  -0.0000000
    8   0.0000006   0.0735923  -0.0000000   0.0000004   0.0481292  -0.0000000
    9  -0.0000000  -0.0000000   0.0000000  -0.0000000  -0.0000000   0.0000000
   10   0.0000000   0.0000011  -0.0000000   0.0000000   0.0000008  -0.0000000
   11   0.0000011   0.1437891  -0.0000001   0.0000008   0.0940377  -0.0000000
   12  -0.0000000  -0.0000001   0.0000000  -0.0000000  -0.0000000   0.0000000
   13   0.0000000   0.0000016  -0.0000000   0.0000000   0.0000010  -0.0000000
   14   0.0000016   0.1952290  -0.0000001   0.0000010   0.1276793  -0.0000000
   15  -0.0000000  -0.0000001   0.0000000  -0.0000000  -0.0000000   0.0000000
   16   0.0000000   0.0000010  -0.0000000   0.0000000   0.0000007  -0.0000000
   17   0.0000010   0.1276793  -0.0000000   0.0000007   0.0835020  -0.0000000
   18  -0.0000000  -0.0000000   0.0000000  -0.0000000  -0.0000000   0.0000000
   19   0.0000000   0.0000001  -0.0000000   0.0000000   0.0000001  -0.0000000
   20   0.0000001   0.0105070  -0.0000000   0.0000001   0.0068716  -0.0000000
   21  -0.0000000  -0.0000000   0.0000000  -0.0000000  -0.0000000   0.0000000
   22   0.0000000   0.0000000  -0.0000000   0.0000000   0.0000000  -0.0000000
   23   0.0000000   0.0000000  -0.0000000   0.0000000   0.0000000  -0.0000000
   24   0.0000000   0.0000000   0.0000000  -0.0000000   0.0000000   0.0000000
   25  -0.0000000  -0.0000000   0.0000000  -0.0000000  -0.0000000   0.0000000
   26   0.0000000   0.0000000   0.0000000  -0.0000000   0.0000000   0.0000000
   27  -0.0000000  -0.0000000   0.0000000  -0.0000000  -0.0000000   0.0000000
   28  -0.0000000  -0.0000000   0.0000000  -0.0000000  -0.0000000   0.0000000
   29  -0.0000000   0.0000000  -0.0000000   0.0000000   0.0000000  -0.0000000
   30   0.0000000   0.0000000  -0.0000000   0.0000000   0.0000000  -0.0000000
   31  -0.0000000  -0.0000000  -0.0000000   0.0000000  -0.0000000  -0.0000000
   32   0.0000000   0.0000000  -0.0000000   0.0000000   0.0000000  -0.0000000
   33   0.0000000   0.0000000  -0.0000000   0.0000000   0.0000000  -0.0000000
   34   0.0000000   0.0000000   0.0000000  -0.0000000   0.0000000   0.0000000
   35  -0.0000000  -0.0000000   0.0000000  -0.0000000  -0.0000000   0.0000000
   36   0.0000000   0.0000000   0.0000000  -0.0000000   0.0000000   0.0000000
   37  -0.0000000  -0.0000000   0.0000000  -0.0000000  -0.0000000   0.0000000
   38  -0.0000000  -0.0000000   0.0000000  -0.0000000  -0.0000000   0.0000000
   39   0.0000000   0.0000000   0.0000000  -0.0000000   0.0000000   0.0000000
   40  -0.0000000  -0.0000000   0.0000000  -0.0000000  -0.0000000   0.0000000
   41   0.0000000  -0.0000000   0.0000000  -0.0000000  -0.0000000   0.0000000
   42   0.0000000   0.0014438  -0.0000000   0.0000000   0.0009442  -0.0000000
   43   0.0000000   0.0000000  -0.0000000   0.0000000   0.0000000  -0.0000000
   44   0.0000000   0.0011183  -0.0000000   0.0000000   0.0007314  -0.0000000
   45  -0.0000000  -0.0000000   0.0000000  -0.0000000  -0.0000000   0.0000000
   46   0.0000000   0.0000000  -0.0000000   0.0000000   0.0000000  -0.0000000
   47  -0.0000000  -0.0000000   0.0000000  -0.0000000  -0.0000000   0.0000000
   48   0.0000000   0.0000000  -0.0000000   0.0000000   0.0000000  -0.0000000
   49   0.0000000   0.0032590  -0.0000000   0.0000000   0.0021314  -0.0000000
   50   0.0000000   0.0000000  -0.0000000   0.0000000   0.0000000  -0.0000000
   51   0.0000000   0.0025244  -0.0000000   0.0000000   0.0016509  -0.0000000
   52  -0.0000000  -0.0000000   0.0000000  -0.0000000  -0.0000000   0.0000000
   53   0.0000000   0.0000000  -0.0000000   0.0000000   0.0000000  -0.0000000
   54  -0.0000000  -0.0000000   0.0000000  -0.0000000  -0.0000000   0.0000000
   55   0.0000000   0.0000001  -0.0000000   0.0000000   0.0000001  -0.0000000
   56   0.0000000   0.0027108  -0.0000000   0.0000000   0.0017729  -0.0000000
   57   0.0000000   0.0000000  -0.0000000   0.0000000   0.0000000  -0.0000000
   58   0.0000000   0.0020998  -0.0000000   0.0000000   0.0013733  -0.0000000
   59  -0.0000000  -0.0000000   0.0000000  -0.0000000  -0.0000000   0.0000000
   60   0.0000000   0.0000000  -0.0000000   0.0000000   0.0000000  -0.0000000
   61  -0.0000000  -0.0000000   0.0000000  -0.0000000  -0.0000000   0.0000000
   62   0.0000000   0.0000001  -0.0000000   0.0000000   0.0000000  -0.0000000
   63   0.0000000   0.0000000  -0.0000000   0.0000000   0.0000000  -0.0000000
   64  -0.0000000  -0.0000000   0.0000000  -0.0000000  -0.0000000   0.0000000
   65  -0.0000000  -0.0000000   0.0000000  -0.0000000  -0.0000000   0.0000000
   66  -0.0000000  -0.0000000   0.0000000  -0.0000000  -0.0000000   0.0000000
   67   0.0000000   0.0000000   0.0000000  -0.0000000   0.0000000   0.0000000
   68   0.0000000   0.0000000  -0.0000000   0.0000000   0.0000000  -0.0000000
   69   0.0000000  -0.0000000   0.0000000  -0.0000000  -0.0000000   0.0000000
   70  -0.0000000  -0.0000000   0.0000000  -0.0000000  -0.0000000   0.0000000
   71   0.0000000   0.0000000   0.0000000  -0.0000000   0.0000000   0.0000000
   72  -0.0000000  -0.0000000   0.0000000  -0.0000000  -0.0000000   0.0000000
   73   0.0000000   0.0000000  -0.0000000   0.0000000   0.0000000  -0.0000000
   74   0.0000000   0.0000000  -0.0000000   0.0000000   0.0000000  -0.0000000
   75   0.0000000   0.0000000  -0.0000000   0.0000000   0.0000000  -0.0000000
   76   0.0000000  -0.0000000   0.0000000  -0.0000000  -0.0000000   0.0000000
   77  -0.0000000  -0.0000000   0.0000000  -0.0000000  -0.0000000   0.0000000
   78   0.0000000  -0.0000000   0.0000000  -0.0000000  -0.0000000   0.0000000
   79   0.0000000   0.0000000  -0.0000000   0.0000000   0.0000000  -0.0000000
   80   0.0000000  -0.0000000   0.0000000  -0.0000000  -0.0000000   0.0000000
           19          20          21          22          23          24
    1   0.0000000  -0.0000000  -0.0000000  -0.0000000   0.0000000   0.0001051
    2   0.0000000  -0.0000000  -0.0000000   0.0000000  -0.0000000  -0.0003825
    3   0.0000000  -0.0000000  -0.0000000   0.0000000  -0.0000000  -0.0003102
    4   0.0000000  -0.0000000  -0.0000000   0.0000000  -0.0000000  -0.0006574
    5   0.0000000   0.0000000  -0.0000000   0.0000000  -0.0000000  -0.0003011
    6   0.0000000   0.0000000  -0.0000000   0.0000000  -0.0000000  -0.0000033
    7   0.0000000   0.0000000  -0.0000000   0.0000000   0.0000000   0.0000000
    8   0.0000000   0.0039607  -0.0000000   0.0000000   0.0000000   0.0000000
    9  -0.0000000  -0.0000000   0.0000000  -0.0000000  -0.0000000   0.0000000
   10   0.0000000   0.0000001  -0.0000000   0.0000000   0.0000000   0.0000000
   11   0.0000001   0.0077386  -0.0000000   0.0000000   0.0000000   0.0000000
   12  -0.0000000  -0.0000000   0.0000000  -0.0000000  -0.0000000   0.0000000
   13   0.0000000   0.0000001  -0.0000000   0.0000000   0.0000000   0.0000000
   14   0.0000001   0.0105070  -0.0000000   0.0000000   0.0000000   0.0000000
   15  -0.0000000  -0.0000000   0.0000000  -0.0000000  -0.0000000   0.0000000
   16   0.0000000   0.0000001  -0.0000000   0.0000000   0.0000000  -0.0000000
   17   0.0000001   0.0068716  -0.0000000   0.0000000   0.0000000   0.0000000
   18  -0.0000000  -0.0000000   0.0000000  -0.0000000  -0.0000000   0.0000000
   19   0.0000000   0.0000000  -0.0000000   0.0000000   0.0000000  -0.0000000
   20   0.0000000   0.0005655  -0.0000000   0.0000000   0.0000000   0.0000000
   21  -0.0000000  -0.0000000   0.0000000  -0.0000000  -0.0000000   0.0000000
   22   0.0000000   0.0000000  -0.0000000   0.0000000  -0.0000000  -0.0000000
   23   0.0000000   0.0000000  -0.0000000  -0.0000000   0.0000000   0.0000000
   24  -0.0000000   0.0000000   0.0000000  -0.0000000   0.0000000   0.0000012
   25  -0.0000000  -0.0000000   0.0000000  -0.0000000   0.0000000   0.0000000
   26  -0.0000000   0.0000000   0.0000000  -0.0000000   0.0000000   0.0000022
   27  -0.0000000  -0.0000000   0.0000000  -0.0000000   0.0000000   0.0000000
   28  -0.0000000  -0.0000000   0.0000000   0.0000000  -0.0000000  -0.0000000
   29   0.0000000   0.0000000  -0.0000000   0.0000000  -0.0000000  -0.0000004
   30   0.0000000   0.0000000  -0.0000000   0.0000000  -0.0000000  -0.0000000
   31   0.0000000  -0.0000000  -0.0000000   0.0000000  -0.0000000  -0.0000007
   32   0.0000000   0.0000000  -0.0000000   0.0000000  -0.0000000  -0.0000000
   33   0.0000000   0.0000000  -0.0000000  -0.0000000   0.0000000   0.0000000
   34  -0.0000000   0.0000000   0.0000000  -0.0000000   0.0000000   0.0000048
   35  -0.0000000  -0.0000000   0.0000000  -0.0000000   0.0000000   0.0000000
   36  -0.0000000   0.0000000   0.0000000  -0.0000000   0.0000000   0.0000083
   37  -0.0000000  -0.0000000   0.0000000   0.0000000  -0.0000000  -0.0000000
   38  -0.0000000  -0.0000000   0.0000000  -0.0000000   0.0000000   0.0000000
   39  -0.0000000   0.0000000   0.0000000  -0.0000000   0.0000000   0.0000024
   40  -0.0000000  -0.0000000   0.0000000  -0.0000000   0.0000000   0.0000000
   41  -0.0000000  -0.0000000   0.0000000  -0.0000000   0.0000000   0.0000042
   42   0.0000000   0.0000777  -0.0000000   0.0000000   0.0000000   0.0000000
   43   0.0000000   0.0000000  -0.0000000  -0.0000000   0.0000000   0.0000000
   44   0.0000000   0.0000602  -0.0000000   0.0000000   0.0000000  -0.0000000
   45  -0.0000000  -0.0000000   0.0000000  -0.0000000  -0.0000000   0.0000000
   46   0.0000000   0.0000000  -0.0000000   0.0000000   0.0000000   0.0000000
   47  -0.0000000  -0.0000000   0.0000000  -0.0000000  -0.0000000   0.0000000
   48   0.0000000   0.0000000  -0.0000000   0.0000000   0.0000000   0.0000000
   49   0.0000000   0.0001754  -0.0000000   0.0000000   0.0000000   0.0000000
   50   0.0000000   0.0000000  -0.0000000   0.0000000  -0.0000000  -0.0000000
   51   0.0000000   0.0001359  -0.0000000   0.0000000   0.0000000   0.0000000
   52  -0.0000000  -0.0000000   0.0000000  -0.0000000  -0.0000000  -0.0000000
   53   0.0000000   0.0000000  -0.0000000   0.0000000   0.0000000  -0.0000000
   54  -0.0000000  -0.0000000   0.0000000  -0.0000000  -0.0000000   0.0000000
   55   0.0000000   0.0000000  -0.0000000   0.0000000   0.0000000   0.0000000
   56   0.0000000   0.0001459  -0.0000000   0.0000000   0.0000000   0.0000000
   57   0.0000000   0.0000000  -0.0000000  -0.0000000   0.0000000   0.0000000
   58   0.0000000   0.0001130  -0.0000000   0.0000000   0.0000000  -0.0000000
   59  -0.0000000  -0.0000000   0.0000000   0.0000000  -0.0000000  -0.0000000
   60   0.0000000   0.0000000  -0.0000000  -0.0000000   0.0000000   0.0000000
   61  -0.0000000  -0.0000000   0.0000000   0.0000000  -0.0000000  -0.0000000
   62   0.0000000   0.0000000  -0.0000000   0.0000000   0.0000000   0.0000000
   63   0.0000000   0.0000000  -0.0000000   0.0000000  -0.0000000  -0.0000000
   64  -0.0000000  -0.0000000   0.0000000  -0.0000000   0.0000000   0.0000000
   65  -0.0000000  -0.0000000   0.0000000   0.0000000  -0.0000000  -0.0000000
   66  -0.0000000  -0.0000000   0.0000000  -0.0000000   0.0000000   0.0000000
   67  -0.0000000   0.0000000   0.0000000  -0.0000000   0.0000000   0.0000000
   68   0.0000000   0.0000000  -0.0000000  -0.0000000   0.0000000   0.0000000
   69  -0.0000000  -0.0000000   0.0000000  -0.0000000   0.0000000   0.0000000
   70  -0.0000000  -0.0000000   0.0000000  -0.0000000   0.0000000   0.0000000
   71  -0.0000000   0.0000000   0.0000000  -0.0000000   0.0000000   0.0000001
   72  -0.0000000  -0.0000000   0.0000000   0.0000000  -0.0000000  -0.0000000
   73   0.0000000   0.0000000  -0.0000000  -0.0000000   0.0000000   0.0000000
   74   0.0000000   0.0000000  -0.0000000   0.0000000  -0.0000000  -0.0000000
   75   0.0000000   0.0000000  -0.0000000  -0.0000000   0.0000000   0.0000000
   76  -0.0000000  -0.0000000   0.0000000  -0.0000000   0.0000000   0.0000002
   77  -0.0000000  -0.0000000   0.0000000  -0.0000000   0.0000000   0.0000000
   78  -0.0000000  -0.0000000   0.0000000  -0.0000000   0.0000000   0.0000002
   79   0.0000000   0.0000000  -0.0000000  -0.0000000   0.0000000   0.0000000
   80  -0.0000000  -0.0000000   0.0000000  -0.0000000   0.0000000   0.0000003
           25          26          27          28          29          30
    1   0.0000000   0.0001820   0.0000000  -0.0000000  -0.0005044  -0.0000000
    2  -0.0000000  -0.0006625  -0.0000000   0.0000000   0.0001150   0.0000000
    3  -0.0000000  -0.0005372  -0.0000000   0.0000000   0.0000858   0.0000000
    4  -0.0000000  -0.0011386  -0.0000000   0.0000000   0.0001995   0.0000000
    5  -0.0000000  -0.0005216  -0.0000000   0.0000000   0.0000899   0.0000000
    6  -0.0000000  -0.0000057  -0.0000000   0.0000000   0.0000012   0.0000000
    7  -0.0000000   0.0000000  -0.0000000  -0.0000000  -0.0000000   0.0000000
    8  -0.0000000   0.0000000  -0.0000000  -0.0000000   0.0000000   0.0000000
    9   0.0000000   0.0000000   0.0000000   0.0000000  -0.0000000  -0.0000000
   10  -0.0000000   0.0000000  -0.0000000  -0.0000000  -0.0000000   0.0000000
   11  -0.0000000   0.0000000  -0.0000000  -0.0000000   0.0000000   0.0000000
   12   0.0000000   0.0000000   0.0000000   0.0000000  -0.0000000  -0.0000000
   13  -0.0000000   0.0000000  -0.0000000  -0.0000000  -0.0000000   0.0000000
   14  -0.0000000   0.0000000  -0.0000000  -0.0000000   0.0000000   0.0000000
   15   0.0000000   0.0000000   0.0000000   0.0000000  -0.0000000  -0.0000000
   16  -0.0000000  -0.0000000  -0.0000000  -0.0000000   0.0000000   0.0000000
   17  -0.0000000   0.0000000  -0.0000000  -0.0000000   0.0000000   0.0000000
   18   0.0000000   0.0000000   0.0000000   0.0000000  -0.0000000  -0.0000000
   19  -0.0000000  -0.0000000  -0.0000000  -0.0000000   0.0000000   0.0000000
   20  -0.0000000   0.0000000  -0.0000000  -0.0000000   0.0000000   0.0000000
   21   0.0000000   0.0000000   0.0000000   0.0000000  -0.0000000  -0.0000000
   22  -0.0000000  -0.0000000  -0.0000000   0.0000000   0.0000000   0.0000000
   23   0.0000000   0.0000000   0.0000000  -0.0000000  -0.0000000  -0.0000000
   24   0.0000000   0.0000022   0.0000000  -0.0000000  -0.0000004  -0.0000000
   25   0.0000000   0.0000000   0.0000000  -0.0000000  -0.0000000  -0.0000000
   26   0.0000000   0.0000037   0.0000000  -0.0000000  -0.0000007  -0.0000000
   27   0.0000000   0.0000000   0.0000000  -0.0000000  -0.0000000  -0.0000000
   28  -0.0000000  -0.0000000  -0.0000000   0.0000000   0.0000000   0.0000000
   29  -0.0000000  -0.0000007  -0.0000000   0.0000000   0.0000004   0.0000000
   30  -0.0000000  -0.0000000  -0.0000000   0.0000000   0.0000000   0.0000000
   31  -0.0000000  -0.0000013  -0.0000000   0.0000000   0.0000006   0.0000000
   32  -0.0000000  -0.0000000  -0.0000000   0.0000000   0.0000000   0.0000000
   33   0.0000000   0.0000000   0.0000000  -0.0000000  -0.0000000  -0.0000000
   34   0.0000000   0.0000083   0.0000000  -0.0000000  -0.0000015  -0.0000000
   35   0.0000000   0.0000000   0.0000000  -0.0000000  -0.0000000  -0.0000000
   36   0.0000000   0.0000143   0.0000000  -0.0000000  -0.0000025  -0.0000000
   37  -0.0000000  -0.0000000  -0.0000000   0.0000000   0.0000000   0.0000000
   38   0.0000000   0.0000000   0.0000000  -0.0000000  -0.0000000  -0.0000000
   39   0.0000000   0.0000042   0.0000000  -0.0000000  -0.0000007  -0.0000000
   40   0.0000000   0.0000000   0.0000000  -0.0000000  -0.0000000  -0.0000000
   41   0.0000000   0.0000073   0.0000000  -0.0000000  -0.0000012  -0.0000000
   42  -0.0000000   0.0000000  -0.0000000  -0.0000000   0.0000000   0.0000000
   43  -0.0000000   0.0000000   0.0000000  -0.0000000  -0.0000000   0.0000000
   44  -0.0000000  -0.0000000  -0.0000000  -0.0000000   0.0000000   0.0000000
   45   0.0000000   0.0000000   0.0000000   0.0000000  -0.0000000  -0.0000000
   46  -0.0000000   0.0000000  -0.0000000  -0.0000000  -0.0000000   0.0000000
   47   0.0000000   0.0000000   0.0000000   0.0000000  -0.0000000  -0.0000000
   48  -0.0000000   0.0000000  -0.0000000  -0.0000000   0.0000000   0.0000000
   49  -0.0000000   0.0000000  -0.0000000  -0.0000000   0.0000000   0.0000000
   50  -0.0000000  -0.0000000  -0.0000000   0.0000000   0.0000000   0.0000000
   51  -0.0000000   0.0000000  -0.0000000  -0.0000000  -0.0000000   0.0000000
   52   0.0000000  -0.0000000   0.0000000   0.0000000  -0.0000000  -0.0000000
   53  -0.0000000  -0.0000000  -0.0000000  -0.0000000   0.0000000   0.0000000
   54   0.0000000   0.0000000   0.0000000   0.0000000  -0.0000000  -0.0000000
   55  -0.0000000   0.0000000  -0.0000000  -0.0000000   0.0000000   0.0000000
   56  -0.0000000   0.0000000  -0.0000000  -0.0000000   0.0000000   0.0000000
   57  -0.0000000   0.0000000   0.0000000  -0.0000000  -0.0000000   0.0000000
   58  -0.0000000  -0.0000000  -0.0000000  -0.0000000   0.0000000   0.0000000
   59   0.0000000  -0.0000000   0.0000000   0.0000000   0.0000000  -0.0000000
   60  -0.0000000   0.0000000  -0.0000000  -0.0000000  -0.0000000   0.0000000
   61   0.0000000  -0.0000000   0.0000000   0.0000000   0.0000000  -0.0000000
   62  -0.0000000   0.0000000  -0.0000000  -0.0000000  -0.0000000   0.0000000
   63  -0.0000000  -0.0000000  -0.0000000   0.0000000   0.0000000   0.0000000
   64   0.0000000   0.0000000   0.0000000  -0.0000000  -0.0000000  -0.0000000
   65  -0.0000000  -0.0000000  -0.0000000   0.0000000   0.0000000   0.0000000
   66   0.0000000   0.0000000   0.0000000  -0.0000000  -0.0000000  -0.0000000
   67   0.0000000   0.0000000   0.0000000  -0.0000000  -0.0000000  -0.0000000
   68   0.0000000   0.0000000   0.0000000  -0.0000000  -0.0000000  -0.0000000
   69   0.0000000   0.0000001   0.0000000  -0.0000000  -0.0000000  -0.0000000
   70   0.0000000   0.0000000   0.0000000  -0.0000000  -0.0000000  -0.0000000
   71   0.0000000   0.0000001   0.0000000  -0.0000000  -0.0000000  -0.0000000
   72  -0.0000000  -0.0000000  -0.0000000   0.0000000   0.0000000   0.0000000
   73   0.0000000   0.0000000   0.0000000  -0.0000000  -0.0000000  -0.0000000
   74  -0.0000000  -0.0000000  -0.0000000   0.0000000   0.0000000   0.0000000
   75   0.0000000   0.0000000   0.0000000  -0.0000000  -0.0000000  -0.0000000
   76   0.0000000   0.0000003   0.0000000  -0.0000000  -0.0000000  -0.0000000
   77   0.0000000   0.0000000   0.0000000  -0.0000000  -0.0000000  -0.0000000
   78   0.0000000   0.0000004   0.0000000  -0.0000000  -0.0000001  -0.0000000
   79   0.0000000   0.0000000   0.0000000  -0.0000000  -0.0000000  -0.0000000
   80   0.0000000   0.0000006   0.0000000  -0.0000000  -0.0000001  -0.0000000
           31          32          33          34          35          36
    1  -0.0008737  -0.0000000   0.0000000   0.0000471   0.0000000   0.0000815
    2   0.0001992   0.0000000  -0.0000000  -0.0014785  -0.0000000  -0.0025608
    3   0.0001487   0.0000000  -0.0000000  -0.0012046  -0.0000000  -0.0020864
    4   0.0003455   0.0000001  -0.0000000  -0.0025397  -0.0000000  -0.0043989
    5   0.0001556   0.0000000  -0.0000000  -0.0011646  -0.0000000  -0.0020172
    6   0.0000021   0.0000000  -0.0000000  -0.0000126  -0.0000000  -0.0000218
    7  -0.0000000   0.0000000   0.0000000   0.0000000  -0.0000000   0.0000000
    8  -0.0000000   0.0000000   0.0000000   0.0000000  -0.0000000   0.0000000
    9  -0.0000000  -0.0000000  -0.0000000   0.0000000   0.0000000   0.0000000
   10  -0.0000000   0.0000000   0.0000000   0.0000000  -0.0000000   0.0000000
   11  -0.0000000   0.0000000   0.0000000   0.0000000  -0.0000000   0.0000000
   12  -0.0000000  -0.0000000  -0.0000000   0.0000000   0.0000000   0.0000000
   13  -0.0000000   0.0000000   0.0000000   0.0000000  -0.0000000   0.0000000
   14  -0.0000000   0.0000000   0.0000000   0.0000000  -0.0000000   0.0000000
   15  -0.0000000  -0.0000000  -0.0000000   0.0000000   0.0000000   0.0000000
   16   0.0000000   0.0000000   0.0000000  -0.0000000  -0.0000000  -0.0000000
   17  -0.0000000   0.0000000   0.0000000   0.0000000  -0.0000000   0.0000000
   18  -0.0000000  -0.0000000  -0.0000000   0.0000000   0.0000000   0.0000000
   19   0.0000000   0.0000000   0.0000000  -0.0000000  -0.0000000  -0.0000000
   20  -0.0000000   0.0000000   0.0000000   0.0000000  -0.0000000   0.0000000
   21  -0.0000000  -0.0000000  -0.0000000   0.0000000   0.0000000   0.0000000
   22   0.0000000   0.0000000  -0.0000000  -0.0000000  -0.0000000  -0.0000000
   23  -0.0000000  -0.0000000   0.0000000   0.0000000   0.0000000   0.0000000
   24  -0.0000007  -0.0000000   0.0000000   0.0000048   0.0000000   0.0000083
   25  -0.0000000  -0.0000000   0.0000000   0.0000000   0.0000000   0.0000000
   26  -0.0000013  -0.0000000   0.0000000   0.0000083   0.0000000   0.0000143
   27  -0.0000000  -0.0000000   0.0000000   0.0000000   0.0000000   0.0000000
   28   0.0000000   0.0000000  -0.0000000  -0.0000000  -0.0000000  -0.0000000
   29   0.0000006   0.0000000  -0.0000000  -0.0000015  -0.0000000  -0.0000025
   30   0.0000000   0.0000000  -0.0000000  -0.0000000  -0.0000000  -0.0000000
   31   0.0000011   0.0000000  -0.0000000  -0.0000025  -0.0000000  -0.0000044
   32   0.0000000   0.0000000  -0.0000000  -0.0000000  -0.0000000  -0.0000000
   33  -0.0000000  -0.0000000   0.0000000   0.0000000   0.0000000   0.0000000
   34  -0.0000025  -0.0000000   0.0000000   0.0000184   0.0000000   0.0000319
   35  -0.0000000  -0.0000000   0.0000000   0.0000000   0.0000000   0.0000000
   36  -0.0000044  -0.0000000   0.0000000   0.0000319   0.0000000   0.0000552
   37   0.0000000   0.0000000  -0.0000000  -0.0000000  -0.0000000  -0.0000000
   38  -0.0000000  -0.0000000   0.0000000   0.0000000   0.0000000   0.0000000
   39  -0.0000012  -0.0000000   0.0000000   0.0000094   0.0000000   0.0000162
   40  -0.0000000  -0.0000000   0.0000000   0.0000000   0.0000000   0.0000000
   41  -0.0000021  -0.0000000   0.0000000   0.0000162   0.0000000   0.0000281
   42  -0.0000000   0.0000000   0.0000000   0.0000000  -0.0000000   0.0000000
   43  -0.0000000  -0.0000000   0.0000000   0.0000000  -0.0000000   0.0000000
   44  -0.0000000   0.0000000   0.0000000  -0.0000000  -0.0000000  -0.0000000
   45  -0.0000000  -0.0000000  -0.0000000   0.0000000   0.0000000   0.0000000
   46  -0.0000000   0.0000000   0.0000000   0.0000000  -0.0000000   0.0000000
   47  -0.0000000  -0.0000000  -0.0000000   0.0000000   0.0000000   0.0000000
   48   0.0000000   0.0000000   0.0000000   0.0000000  -0.0000000   0.0000000
   49  -0.0000000   0.0000000   0.0000000   0.0000000  -0.0000000   0.0000000
   50   0.0000000   0.0000000  -0.0000000  -0.0000000  -0.0000000  -0.0000000
   51  -0.0000000   0.0000000   0.0000000   0.0000000  -0.0000000   0.0000000
   52  -0.0000000  -0.0000000  -0.0000000  -0.0000000   0.0000000  -0.0000000
   53   0.0000000   0.0000000   0.0000000  -0.0000000  -0.0000000  -0.0000000
   54  -0.0000000  -0.0000000  -0.0000000   0.0000000   0.0000000   0.0000000
   55   0.0000000   0.0000000   0.0000000   0.0000000  -0.0000000   0.0000000
   56  -0.0000000   0.0000000   0.0000000   0.0000000  -0.0000000   0.0000000
   57  -0.0000000  -0.0000000   0.0000000   0.0000000  -0.0000000   0.0000000
   58  -0.0000000   0.0000000   0.0000000  -0.0000000  -0.0000000  -0.0000000
   59   0.0000000   0.0000000  -0.0000000  -0.0000000   0.0000000  -0.0000000
   60  -0.0000000   0.0000000   0.0000000   0.0000000  -0.0000000   0.0000000
   61   0.0000000   0.0000000  -0.0000000  -0.0000000   0.0000000  -0.0000000
   62  -0.0000000   0.0000000   0.0000000   0.0000000  -0.0000000   0.0000000
   63   0.0000000   0.0000000  -0.0000000  -0.0000000  -0.0000000  -0.0000000
   64  -0.0000000  -0.0000000   0.0000000   0.0000000   0.0000000   0.0000000
   65   0.0000000   0.0000000  -0.0000000  -0.0000000  -0.0000000  -0.0000000
   66  -0.0000000  -0.0000000   0.0000000   0.0000000   0.0000000   0.0000000
   67  -0.0000000  -0.0000000   0.0000000   0.0000001   0.0000000   0.0000002
   68  -0.0000000  -0.0000000   0.0000000   0.0000000   0.0000000   0.0000000
   69  -0.0000000  -0.0000000   0.0000000   0.0000002   0.0000000   0.0000003
   70  -0.0000000  -0.0000000   0.0000000   0.0000000   0.0000000   0.0000000
   71  -0.0000000  -0.0000000   0.0000000   0.0000002   0.0000000   0.0000004
   72   0.0000000   0.0000000  -0.0000000  -0.0000000  -0.0000000  -0.0000000
   73  -0.0000000  -0.0000000   0.0000000   0.0000000   0.0000000   0.0000000
   74   0.0000000   0.0000000  -0.0000000  -0.0000000  -0.0000000  -0.0000000
   75  -0.0000000  -0.0000000   0.0000000   0.0000000   0.0000000   0.0000000
   76  -0.0000001  -0.0000000   0.0000000   0.0000006   0.0000000   0.0000011
   77  -0.0000000  -0.0000000   0.0000000   0.0000000   0.0000000   0.0000000
   78  -0.0000001  -0.0000000   0.0000000   0.0000010   0.0000000   0.0000017
   79  -0.0000000  -0.0000000   0.0000000   0.0000000   0.0000000   0.0000000
   80  -0.0000002  -0.0000000   0.0000000   0.0000013   0.0000000   0.0000022
           37          38          39          40          41          42
    1   0.0000000  -0.0000000  -0.0000443  -0.0000000  -0.0000768   0.0000000
    2   0.0000000  -0.0000000  -0.0007522  -0.0000000  -0.0013029   0.0000000
    3   0.0000000  -0.0000000  -0.0006139  -0.0000000  -0.0010634   0.0000000
    4   0.0000000  -0.0000000  -0.0012919  -0.0000000  -0.0022376  -0.0000000
    5   0.0000000  -0.0000000  -0.0005926  -0.0000000  -0.0010265   0.0000000
    6   0.0000000  -0.0000000  -0.0000064  -0.0000000  -0.0000111   0.0000000
    7  -0.0000000  -0.0000000   0.0000000  -0.0000000   0.0000000   0.0000000
    8  -0.0000000  -0.0000000   0.0000000  -0.0000000  -0.0000000   0.0005442
    9   0.0000000   0.0000000   0.0000000   0.0000000   0.0000000  -0.0000000
   10  -0.0000000  -0.0000000   0.0000000  -0.0000000   0.0000000   0.0000000
   11  -0.0000000  -0.0000000   0.0000000  -0.0000000  -0.0000000   0.0010634
   12   0.0000000   0.0000000   0.0000000   0.0000000   0.0000000  -0.0000000
   13  -0.0000000  -0.0000000   0.0000000  -0.0000000   0.0000000   0.0000000
   14  -0.0000000  -0.0000000   0.0000000  -0.0000000  -0.0000000   0.0014438
   15   0.0000000   0.0000000   0.0000000   0.0000000   0.0000000  -0.0000000
   16  -0.0000000  -0.0000000  -0.0000000  -0.0000000  -0.0000000   0.0000000
   17  -0.0000000  -0.0000000   0.0000000  -0.0000000  -0.0000000   0.0009442
   18   0.0000000   0.0000000   0.0000000   0.0000000   0.0000000  -0.0000000
   19  -0.0000000  -0.0000000  -0.0000000  -0.0000000  -0.0000000   0.0000000
   20  -0.0000000  -0.0000000   0.0000000  -0.0000000  -0.0000000   0.0000777
   21   0.0000000   0.0000000   0.0000000   0.0000000   0.0000000  -0.0000000
   22   0.0000000  -0.0000000  -0.0000000  -0.0000000  -0.0000000   0.0000000
   23  -0.0000000   0.0000000   0.0000000   0.0000000   0.0000000   0.0000000
   24  -0.0000000   0.0000000   0.0000024   0.0000000   0.0000042   0.0000000
   25  -0.0000000   0.0000000   0.0000000   0.0000000   0.0000000  -0.0000000
   26  -0.0000000   0.0000000   0.0000042   0.0000000   0.0000073   0.0000000
   27  -0.0000000   0.0000000   0.0000000   0.0000000   0.0000000  -0.0000000
   28   0.0000000  -0.0000000  -0.0000000  -0.0000000  -0.0000000  -0.0000000
   29   0.0000000  -0.0000000  -0.0000007  -0.0000000  -0.0000012   0.0000000
   30   0.0000000  -0.0000000  -0.0000000  -0.0000000  -0.0000000   0.0000000
   31   0.0000000  -0.0000000  -0.0000012  -0.0000000  -0.0000021  -0.0000000
   32   0.0000000  -0.0000000  -0.0000000  -0.0000000  -0.0000000   0.0000000
   33  -0.0000000   0.0000000   0.0000000   0.0000000   0.0000000   0.0000000
   34  -0.0000000   0.0000000   0.0000094   0.0000000   0.0000162   0.0000000
   35  -0.0000000   0.0000000   0.0000000   0.0000000   0.0000000  -0.0000000
   36  -0.0000000   0.0000000   0.0000162   0.0000000   0.0000281   0.0000000
   37   0.0000000  -0.0000000  -0.0000000  -0.0000000  -0.0000000  -0.0000000
   38  -0.0000000   0.0000000   0.0000000   0.0000000   0.0000000  -0.0000000
   39  -0.0000000   0.0000000   0.0000048   0.0000000   0.0000083   0.0000000
   40  -0.0000000   0.0000000   0.0000000   0.0000000   0.0000000  -0.0000000
   41  -0.0000000   0.0000000   0.0000083   0.0000000   0.0000143  -0.0000000
   42  -0.0000000  -0.0000000   0.0000000  -0.0000000  -0.0000000   0.0000107
   43  -0.0000000   0.0000000   0.0000000  -0.0000000   0.0000000   0.0000000
   44  -0.0000000  -0.0000000   0.0000000  -0.0000000  -0.0000000   0.0000083
   45   0.0000000   0.0000000   0.0000000   0.0000000   0.0000000  -0.0000000
   46  -0.0000000  -0.0000000   0.0000000  -0.0000000   0.0000000   0.0000000
   47   0.0000000   0.0000000   0.0000000   0.0000000   0.0000000  -0.0000000
   48  -0.0000000  -0.0000000   0.0000000  -0.0000000   0.0000000   0.0000000
   49  -0.0000000  -0.0000000   0.0000000  -0.0000000  -0.0000000   0.0000241
   50   0.0000000  -0.0000000  -0.0000000  -0.0000000  -0.0000000   0.0000000
   51  -0.0000000  -0.0000000   0.0000000  -0.0000000   0.0000000   0.0000187
   52   0.0000000   0.0000000  -0.0000000   0.0000000  -0.0000000  -0.0000000
   53  -0.0000000  -0.0000000  -0.0000000  -0.0000000  -0.0000000   0.0000000
   54   0.0000000   0.0000000   0.0000000   0.0000000   0.0000000  -0.0000000
   55  -0.0000000  -0.0000000   0.0000000  -0.0000000   0.0000000   0.0000000
   56  -0.0000000  -0.0000000   0.0000000  -0.0000000  -0.0000000   0.0000200
   57  -0.0000000   0.0000000   0.0000000  -0.0000000   0.0000000   0.0000000
   58  -0.0000000  -0.0000000  -0.0000000  -0.0000000  -0.0000000   0.0000155
   59   0.0000000   0.0000000  -0.0000000   0.0000000  -0.0000000  -0.0000000
   60  -0.0000000  -0.0000000   0.0000000  -0.0000000   0.0000000   0.0000000
   61   0.0000000   0.0000000  -0.0000000   0.0000000  -0.0000000  -0.0000000
   62  -0.0000000  -0.0000000   0.0000000  -0.0000000   0.0000000   0.0000000
   63   0.0000000  -0.0000000  -0.0000000  -0.0000000  -0.0000000   0.0000000
   64  -0.0000000   0.0000000   0.0000000   0.0000000   0.0000000  -0.0000000
   65   0.0000000  -0.0000000  -0.0000000  -0.0000000  -0.0000000  -0.0000000
   66  -0.0000000   0.0000000   0.0000000   0.0000000   0.0000000  -0.0000000
   67  -0.0000000   0.0000000   0.0000001   0.0000000   0.0000001   0.0000000
   68  -0.0000000   0.0000000   0.0000000   0.0000000   0.0000000   0.0000000
   69  -0.0000000   0.0000000   0.0000001   0.0000000   0.0000001  -0.0000000
   70  -0.0000000   0.0000000   0.0000000   0.0000000   0.0000000  -0.0000000
   71  -0.0000000   0.0000000   0.0000001   0.0000000   0.0000002   0.0000000
   72   0.0000000  -0.0000000  -0.0000000  -0.0000000  -0.0000000  -0.0000000
   73  -0.0000000   0.0000000   0.0000000   0.0000000   0.0000000   0.0000000
   74   0.0000000  -0.0000000  -0.0000000  -0.0000000  -0.0000000   0.0000000
   75  -0.0000000   0.0000000   0.0000000   0.0000000   0.0000000   0.0000000
   76  -0.0000000   0.0000000   0.0000003   0.0000000   0.0000006  -0.0000000
   77  -0.0000000   0.0000000   0.0000000   0.0000000   0.0000000  -0.0000000
   78  -0.0000000   0.0000000   0.0000005   0.0000000   0.0000009  -0.0000000
   79  -0.0000000   0.0000000   0.0000000   0.0000000   0.0000000   0.0000000
   80  -0.0000000   0.0000000   0.0000006   0.0000000   0.0000011  -0.0000000
           43          44          45          46          47          48
    1   0.0000000  -0.0000000  -0.0000000  -0.0000000  -0.0000000  -0.0000000
    2  -0.0000000   0.0000000  -0.0000000  -0.0000000  -0.0000000  -0.0000000
    3  -0.0000000   0.0000000  -0.0000000  -0.0000000  -0.0000000  -0.0000000
    4  -0.0000000   0.0000000  -0.0000000  -0.0000000  -0.0000000  -0.0000000
    5  -0.0000000   0.0000000  -0.0000000  -0.0000000  -0.0000000  -0.0000000
    6  -0.0000000   0.0000000  -0.0000000  -0.0000000  -0.0000000  -0.0000000
    7   0.0000000   0.0000000  -0.0000000   0.0000000  -0.0000000   0.0000000
    8   0.0000000   0.0004216  -0.0000000   0.0000000  -0.0000000   0.0000000
    9  -0.0000000  -0.0000000   0.0000000  -0.0000000   0.0000000  -0.0000000
   10   0.0000000   0.0000000  -0.0000000   0.0000000  -0.0000000   0.0000000
   11   0.0000000   0.0008237  -0.0000000   0.0000000  -0.0000000   0.0000000
   12  -0.0000000  -0.0000000   0.0000000  -0.0000000   0.0000000  -0.0000000
   13   0.0000000   0.0000000  -0.0000000   0.0000000  -0.0000000   0.0000000
   14   0.0000000   0.0011183  -0.0000000   0.0000000  -0.0000000   0.0000000
   15  -0.0000000  -0.0000000   0.0000000  -0.0000000   0.0000000  -0.0000000
   16   0.0000000   0.0000000  -0.0000000   0.0000000  -0.0000000   0.0000000
   17   0.0000000   0.0007314  -0.0000000   0.0000000  -0.0000000   0.0000000
   18  -0.0000000  -0.0000000   0.0000000  -0.0000000   0.0000000  -0.0000000
   19   0.0000000   0.0000000  -0.0000000   0.0000000  -0.0000000   0.0000000
   20   0.0000000   0.0000602  -0.0000000   0.0000000  -0.0000000   0.0000000
   21  -0.0000000  -0.0000000   0.0000000  -0.0000000   0.0000000  -0.0000000
   22  -0.0000000   0.0000000  -0.0000000   0.0000000  -0.0000000   0.0000000
   23   0.0000000   0.0000000  -0.0000000   0.0000000  -0.0000000   0.0000000
   24   0.0000000  -0.0000000   0.0000000   0.0000000   0.0000000   0.0000000
   25  -0.0000000  -0.0000000   0.0000000  -0.0000000   0.0000000  -0.0000000
   26   0.0000000  -0.0000000   0.0000000   0.0000000   0.0000000   0.0000000
   27   0.0000000  -0.0000000   0.0000000  -0.0000000   0.0000000  -0.0000000
   28  -0.0000000  -0.0000000   0.0000000  -0.0000000   0.0000000  -0.0000000
   29  -0.0000000   0.0000000  -0.0000000  -0.0000000  -0.0000000   0.0000000
   30   0.0000000   0.0000000  -0.0000000   0.0000000  -0.0000000   0.0000000
   31  -0.0000000  -0.0000000  -0.0000000  -0.0000000  -0.0000000   0.0000000
   32  -0.0000000   0.0000000  -0.0000000   0.0000000  -0.0000000   0.0000000
   33   0.0000000   0.0000000  -0.0000000   0.0000000  -0.0000000   0.0000000
   34   0.0000000  -0.0000000   0.0000000   0.0000000   0.0000000   0.0000000
   35  -0.0000000  -0.0000000   0.0000000  -0.0000000   0.0000000  -0.0000000
   36   0.0000000  -0.0000000   0.0000000   0.0000000   0.0000000   0.0000000
   37  -0.0000000  -0.0000000   0.0000000  -0.0000000   0.0000000  -0.0000000
   38   0.0000000  -0.0000000   0.0000000  -0.0000000   0.0000000  -0.0000000
   39   0.0000000   0.0000000   0.0000000   0.0000000   0.0000000   0.0000000
   40  -0.0000000  -0.0000000   0.0000000  -0.0000000   0.0000000  -0.0000000
   41   0.0000000  -0.0000000   0.0000000   0.0000000   0.0000000   0.0000000
   42   0.0000000   0.0000083  -0.0000000   0.0000000  -0.0000000   0.0000000
   43   0.0000000   0.0000000  -0.0000000   0.0000000  -0.0000000   0.0000000
   44   0.0000000   0.0000064  -0.0000000   0.0000000  -0.0000000   0.0000000
   45  -0.0000000  -0.0000000   0.0000000  -0.0000000   0.0000000  -0.0000000
   46   0.0000000   0.0000000  -0.0000000   0.0000000  -0.0000000   0.0000000
   47  -0.0000000  -0.0000000   0.0000000  -0.0000000   0.0000000  -0.0000000
   48   0.0000000   0.0000000  -0.0000000   0.0000000  -0.0000000   0.0000000
   49   0.0000000   0.0000187  -0.0000000   0.0000000  -0.0000000   0.0000000
   50   0.0000000   0.0000000  -0.0000000   0.0000000  -0.0000000   0.0000000
   51   0.0000000   0.0000145  -0.0000000   0.0000000  -0.0000000   0.0000000
   52  -0.0000000  -0.0000000   0.0000000  -0.0000000   0.0000000  -0.0000000
   53   0.0000000   0.0000000  -0.0000000   0.0000000  -0.0000000   0.0000000
   54  -0.0000000  -0.0000000   0.0000000  -0.0000000   0.0000000  -0.0000000
   55   0.0000000   0.0000000  -0.0000000   0.0000000  -0.0000000   0.0000000
   56   0.0000000   0.0000155  -0.0000000   0.0000000  -0.0000000   0.0000000
   57   0.0000000   0.0000000  -0.0000000   0.0000000  -0.0000000   0.0000000
   58   0.0000000   0.0000120  -0.0000000   0.0000000  -0.0000000   0.0000000
   59  -0.0000000  -0.0000000   0.0000000  -0.0000000   0.0000000  -0.0000000
   60   0.0000000   0.0000000  -0.0000000   0.0000000  -0.0000000   0.0000000
   61  -0.0000000  -0.0000000   0.0000000  -0.0000000   0.0000000  -0.0000000
   62   0.0000000   0.0000000  -0.0000000   0.0000000  -0.0000000   0.0000000
   63  -0.0000000   0.0000000  -0.0000000   0.0000000  -0.0000000   0.0000000
   64   0.0000000  -0.0000000   0.0000000  -0.0000000   0.0000000  -0.0000000
   65  -0.0000000  -0.0000000   0.0000000  -0.0000000   0.0000000  -0.0000000
   66   0.0000000  -0.0000000   0.0000000  -0.0000000   0.0000000  -0.0000000
   67   0.0000000   0.0000000   0.0000000   0.0000000   0.0000000   0.0000000
   68   0.0000000   0.0000000  -0.0000000   0.0000000  -0.0000000   0.0000000
   69   0.0000000  -0.0000000   0.0000000   0.0000000   0.0000000   0.0000000
   70  -0.0000000  -0.0000000   0.0000000  -0.0000000   0.0000000  -0.0000000
   71   0.0000000  -0.0000000   0.0000000   0.0000000   0.0000000   0.0000000
   72  -0.0000000  -0.0000000   0.0000000  -0.0000000   0.0000000  -0.0000000
   73   0.0000000   0.0000000  -0.0000000   0.0000000  -0.0000000   0.0000000
   74  -0.0000000   0.0000000  -0.0000000   0.0000000  -0.0000000   0.0000000
   75   0.0000000   0.0000000  -0.0000000   0.0000000  -0.0000000   0.0000000
   76   0.0000000  -0.0000000   0.0000000   0.0000000   0.0000000   0.0000000
   77  -0.0000000  -0.0000000   0.0000000  -0.0000000   0.0000000  -0.0000000
   78   0.0000000  -0.0000000   0.0000000   0.0000000   0.0000000   0.0000000
   79   0.0000000   0.0000000  -0.0000000   0.0000000  -0.0000000   0.0000000
   80   0.0000000  -0.0000000   0.0000000   0.0000000   0.0000000   0.0000000
           49          50          51          52          53          54
    1   0.0000000  -0.0000000  -0.0000000   0.0000000  -0.0000000   0.0000000
    2   0.0000000   0.0000000  -0.0000000   0.0000000   0.0000000  -0.0000000
    3   0.0000000   0.0000000  -0.0000000   0.0000000   0.0000000  -0.0000000
    4  -0.0000000   0.0000000  -0.0000000   0.0000000   0.0000000  -0.0000000
    5   0.0000000   0.0000000  -0.0000000   0.0000000   0.0000000  -0.0000000
    6   0.0000000   0.0000000  -0.0000000   0.0000000   0.0000000  -0.0000000
    7   0.0000000   0.0000000   0.0000000  -0.0000000   0.0000000  -0.0000000
    8   0.0012285   0.0000000   0.0009516  -0.0000000   0.0000000  -0.0000000
    9  -0.0000000  -0.0000000  -0.0000000   0.0000000  -0.0000000   0.0000000
   10   0.0000000   0.0000000   0.0000000  -0.0000000   0.0000000  -0.0000000
   11   0.0024003   0.0000000   0.0018592  -0.0000000   0.0000000  -0.0000000
   12  -0.0000000  -0.0000000  -0.0000000   0.0000000  -0.0000000   0.0000000
   13   0.0000000   0.0000000   0.0000000  -0.0000000   0.0000000  -0.0000000
   14   0.0032590   0.0000000   0.0025244  -0.0000000   0.0000000  -0.0000000
   15  -0.0000000  -0.0000000  -0.0000000   0.0000000  -0.0000000   0.0000000
   16   0.0000000   0.0000000   0.0000000  -0.0000000   0.0000000  -0.0000000
   17   0.0021314   0.0000000   0.0016509  -0.0000000   0.0000000  -0.0000000
   18  -0.0000000  -0.0000000  -0.0000000   0.0000000  -0.0000000   0.0000000
   19   0.0000000   0.0000000   0.0000000  -0.0000000   0.0000000  -0.0000000
   20   0.0001754   0.0000000   0.0001359  -0.0000000   0.0000000  -0.0000000
   21  -0.0000000  -0.0000000  -0.0000000   0.0000000  -0.0000000   0.0000000
   22   0.0000000   0.0000000   0.0000000  -0.0000000   0.0000000  -0.0000000
   23   0.0000000  -0.0000000   0.0000000  -0.0000000   0.0000000  -0.0000000
   24   0.0000000  -0.0000000   0.0000000  -0.0000000  -0.0000000   0.0000000
   25  -0.0000000  -0.0000000  -0.0000000   0.0000000  -0.0000000   0.0000000
   26   0.0000000  -0.0000000   0.0000000  -0.0000000  -0.0000000   0.0000000
   27  -0.0000000  -0.0000000  -0.0000000   0.0000000  -0.0000000   0.0000000
   28  -0.0000000   0.0000000  -0.0000000   0.0000000  -0.0000000   0.0000000
   29   0.0000000   0.0000000  -0.0000000  -0.0000000   0.0000000  -0.0000000
   30   0.0000000   0.0000000   0.0000000  -0.0000000   0.0000000  -0.0000000
   31  -0.0000000   0.0000000  -0.0000000  -0.0000000   0.0000000  -0.0000000
   32   0.0000000   0.0000000   0.0000000  -0.0000000   0.0000000  -0.0000000
   33   0.0000000  -0.0000000   0.0000000  -0.0000000   0.0000000  -0.0000000
   34   0.0000000  -0.0000000   0.0000000  -0.0000000  -0.0000000   0.0000000
   35  -0.0000000  -0.0000000  -0.0000000   0.0000000  -0.0000000   0.0000000
   36   0.0000000  -0.0000000   0.0000000  -0.0000000  -0.0000000   0.0000000
   37  -0.0000000   0.0000000  -0.0000000   0.0000000  -0.0000000   0.0000000
   38  -0.0000000  -0.0000000  -0.0000000   0.0000000  -0.0000000   0.0000000
   39   0.0000000  -0.0000000   0.0000000  -0.0000000  -0.0000000   0.0000000
   40  -0.0000000  -0.0000000  -0.0000000   0.0000000  -0.0000000   0.0000000
   41  -0.0000000  -0.0000000   0.0000000  -0.0000000  -0.0000000   0.0000000
   42   0.0000241   0.0000000   0.0000187  -0.0000000   0.0000000  -0.0000000
   43   0.0000000   0.0000000   0.0000000  -0.0000000   0.0000000  -0.0000000
   44   0.0000187   0.0000000   0.0000145  -0.0000000   0.0000000  -0.0000000
   45  -0.0000000  -0.0000000  -0.0000000   0.0000000  -0.0000000   0.0000000
   46   0.0000000   0.0000000   0.0000000  -0.0000000   0.0000000  -0.0000000
   47  -0.0000000  -0.0000000  -0.0000000   0.0000000  -0.0000000   0.0000000
   48   0.0000000   0.0000000   0.0000000  -0.0000000   0.0000000  -0.0000000
   49   0.0000544   0.0000000   0.0000421  -0.0000000   0.0000000  -0.0000000
   50   0.0000000   0.0000000   0.0000000  -0.0000000   0.0000000  -0.0000000
   51   0.0000421   0.0000000   0.0000326  -0.0000000   0.0000000  -0.0000000
   52  -0.0000000  -0.0000000  -0.0000000   0.0000000  -0.0000000   0.0000000
   53   0.0000000   0.0000000   0.0000000  -0.0000000   0.0000000  -0.0000000
   54  -0.0000000  -0.0000000  -0.0000000   0.0000000  -0.0000000   0.0000000
   55   0.0000000   0.0000000   0.0000000  -0.0000000   0.0000000  -0.0000000
   56   0.0000453   0.0000000   0.0000351  -0.0000000   0.0000000  -0.0000000
   57   0.0000000   0.0000000   0.0000000  -0.0000000   0.0000000  -0.0000000
   58   0.0000351   0.0000000   0.0000272  -0.0000000   0.0000000  -0.0000000
   59  -0.0000000  -0.0000000  -0.0000000   0.0000000  -0.0000000   0.0000000
   60   0.0000000   0.0000000   0.0000000  -0.0000000   0.0000000  -0.0000000
   61  -0.0000000  -0.0000000  -0.0000000   0.0000000  -0.0000000   0.0000000
   62   0.0000000   0.0000000   0.0000000  -0.0000000   0.0000000  -0.0000000
   63   0.0000000   0.0000000   0.0000000  -0.0000000   0.0000000  -0.0000000
   64  -0.0000000  -0.0000000  -0.0000000   0.0000000  -0.0000000   0.0000000
   65  -0.0000000   0.0000000  -0.0000000   0.0000000  -0.0000000   0.0000000
   66  -0.0000000  -0.0000000  -0.0000000   0.0000000  -0.0000000   0.0000000
   67   0.0000000  -0.0000000   0.0000000  -0.0000000  -0.0000000   0.0000000
   68   0.0000000   0.0000000   0.0000000  -0.0000000   0.0000000  -0.0000000
   69  -0.0000000  -0.0000000  -0.0000000  -0.0000000  -0.0000000   0.0000000
   70  -0.0000000  -0.0000000  -0.0000000   0.0000000  -0.0000000   0.0000000
   71   0.0000000  -0.0000000   0.0000000  -0.0000000  -0.0000000   0.0000000
   72  -0.0000000   0.0000000  -0.0000000   0.0000000  -0.0000000   0.0000000
   73   0.0000000  -0.0000000   0.0000000  -0.0000000   0.0000000  -0.0000000
   74   0.0000000   0.0000000   0.0000000  -0.0000000   0.0000000  -0.0000000
   75   0.0000000  -0.0000000   0.0000000  -0.0000000   0.0000000  -0.0000000
   76  -0.0000000  -0.0000000  -0.0000000  -0.0000000  -0.0000000   0.0000000
   77  -0.0000000  -0.0000000  -0.0000000   0.0000000  -0.0000000   0.0000000
   78  -0.0000000  -0.0000000  -0.0000000  -0.0000000  -0.0000000   0.0000000
   79   0.0000000   0.0000000   0.0000000  -0.0000000   0.0000000  -0.0000000
   80  -0.0000000  -0.0000000   0.0000000  -0.0000000  -0.0000000   0.0000000
           55          56          57          58          59          60
    1  -0.0000000  -0.0000000  -0.0000000   0.0000000   0.0000000  -0.0000000
    2  -0.0000000  -0.0000000  -0.0000000   0.0000000   0.0000000  -0.0000000
    3  -0.0000000  -0.0000000  -0.0000000   0.0000000   0.0000000  -0.0000000
    4  -0.0000000  -0.0000000  -0.0000000   0.0000000   0.0000000  -0.0000000
    5  -0.0000000  -0.0000000  -0.0000000   0.0000000   0.0000000  -0.0000000
    6  -0.0000000   0.0000000  -0.0000000   0.0000000   0.0000000  -0.0000000
    7   0.0000000   0.0000000   0.0000000   0.0000000  -0.0000000   0.0000000
    8   0.0000000   0.0010219   0.0000000   0.0007915  -0.0000000   0.0000000
    9  -0.0000000  -0.0000000  -0.0000000  -0.0000000   0.0000000  -0.0000000
   10   0.0000000   0.0000000   0.0000000   0.0000000  -0.0000000   0.0000000
   11   0.0000001   0.0019966   0.0000000   0.0015465  -0.0000000   0.0000000
   12  -0.0000000  -0.0000000  -0.0000000  -0.0000000   0.0000000  -0.0000000
   13   0.0000000   0.0000000   0.0000000   0.0000000  -0.0000000   0.0000000
   14   0.0000001   0.0027108   0.0000000   0.0020998  -0.0000000   0.0000000
   15  -0.0000000  -0.0000000  -0.0000000  -0.0000000   0.0000000  -0.0000000
   16   0.0000000   0.0000000   0.0000000   0.0000000  -0.0000000   0.0000000
   17   0.0000001   0.0017729   0.0000000   0.0013733  -0.0000000   0.0000000
   18  -0.0000000  -0.0000000  -0.0000000  -0.0000000   0.0000000  -0.0000000
   19   0.0000000   0.0000000   0.0000000   0.0000000  -0.0000000   0.0000000
   20   0.0000000   0.0001459   0.0000000   0.0001130  -0.0000000   0.0000000
   21  -0.0000000  -0.0000000  -0.0000000  -0.0000000   0.0000000  -0.0000000
   22   0.0000000   0.0000000  -0.0000000   0.0000000   0.0000000  -0.0000000
   23   0.0000000   0.0000000   0.0000000   0.0000000  -0.0000000   0.0000000
   24   0.0000000   0.0000000   0.0000000  -0.0000000  -0.0000000   0.0000000
   25  -0.0000000  -0.0000000  -0.0000000  -0.0000000   0.0000000  -0.0000000
   26   0.0000000   0.0000000   0.0000000  -0.0000000  -0.0000000   0.0000000
   27  -0.0000000  -0.0000000   0.0000000  -0.0000000   0.0000000  -0.0000000
   28  -0.0000000  -0.0000000  -0.0000000  -0.0000000   0.0000000  -0.0000000
   29   0.0000000   0.0000000  -0.0000000   0.0000000   0.0000000  -0.0000000
   30   0.0000000   0.0000000   0.0000000   0.0000000  -0.0000000   0.0000000
   31   0.0000000  -0.0000000  -0.0000000  -0.0000000   0.0000000  -0.0000000
   32   0.0000000   0.0000000  -0.0000000   0.0000000   0.0000000   0.0000000
   33   0.0000000   0.0000000   0.0000000   0.0000000  -0.0000000   0.0000000
   34   0.0000000   0.0000000   0.0000000  -0.0000000  -0.0000000   0.0000000
   35  -0.0000000  -0.0000000  -0.0000000  -0.0000000   0.0000000  -0.0000000
   36   0.0000000   0.0000000   0.0000000  -0.0000000  -0.0000000   0.0000000
   37  -0.0000000  -0.0000000  -0.0000000  -0.0000000   0.0000000  -0.0000000
   38  -0.0000000  -0.0000000   0.0000000  -0.0000000   0.0000000  -0.0000000
   39   0.0000000   0.0000000   0.0000000  -0.0000000  -0.0000000   0.0000000
   40  -0.0000000  -0.0000000  -0.0000000  -0.0000000   0.0000000  -0.0000000
   41   0.0000000  -0.0000000   0.0000000  -0.0000000  -0.0000000   0.0000000
   42   0.0000000   0.0000200   0.0000000   0.0000155  -0.0000000   0.0000000
   43   0.0000000   0.0000000   0.0000000   0.0000000  -0.0000000   0.0000000
   44   0.0000000   0.0000155   0.0000000   0.0000120  -0.0000000   0.0000000
   45  -0.0000000  -0.0000000  -0.0000000  -0.0000000   0.0000000  -0.0000000
   46   0.0000000   0.0000000   0.0000000   0.0000000  -0.0000000   0.0000000
   47  -0.0000000  -0.0000000  -0.0000000  -0.0000000   0.0000000  -0.0000000
   48   0.0000000   0.0000000   0.0000000   0.0000000  -0.0000000   0.0000000
   49   0.0000000   0.0000453   0.0000000   0.0000351  -0.0000000   0.0000000
   50   0.0000000   0.0000000   0.0000000   0.0000000  -0.0000000   0.0000000
   51   0.0000000   0.0000351   0.0000000   0.0000272  -0.0000000   0.0000000
   52  -0.0000000  -0.0000000  -0.0000000  -0.0000000   0.0000000  -0.0000000
   53   0.0000000   0.0000000   0.0000000   0.0000000  -0.0000000   0.0000000
   54  -0.0000000  -0.0000000  -0.0000000  -0.0000000   0.0000000  -0.0000000
   55   0.0000000   0.0000000   0.0000000   0.0000000  -0.0000000   0.0000000
   56   0.0000000   0.0000376   0.0000000   0.0000292  -0.0000000   0.0000000
   57   0.0000000   0.0000000   0.0000000   0.0000000  -0.0000000   0.0000000
   58   0.0000000   0.0000292   0.0000000   0.0000226  -0.0000000   0.0000000
   59  -0.0000000  -0.0000000  -0.0000000  -0.0000000   0.0000000  -0.0000000
   60   0.0000000   0.0000000   0.0000000   0.0000000  -0.0000000   0.0000000
   61  -0.0000000  -0.0000000  -0.0000000  -0.0000000   0.0000000  -0.0000000
   62   0.0000000   0.0000000   0.0000000   0.0000000  -0.0000000   0.0000000
   63   0.0000000   0.0000000  -0.0000000   0.0000000  -0.0000000   0.0000000
   64  -0.0000000  -0.0000000   0.0000000  -0.0000000   0.0000000  -0.0000000
   65  -0.0000000  -0.0000000  -0.0000000  -0.0000000   0.0000000  -0.0000000
   66  -0.0000000  -0.0000000   0.0000000  -0.0000000   0.0000000  -0.0000000
   67   0.0000000   0.0000000   0.0000000  -0.0000000  -0.0000000   0.0000000
   68   0.0000000   0.0000000   0.0000000   0.0000000  -0.0000000   0.0000000
   69   0.0000000  -0.0000000   0.0000000  -0.0000000  -0.0000000   0.0000000
   70  -0.0000000  -0.0000000  -0.0000000  -0.0000000   0.0000000  -0.0000000
   71   0.0000000   0.0000000   0.0000000  -0.0000000  -0.0000000   0.0000000
   72  -0.0000000  -0.0000000  -0.0000000  -0.0000000   0.0000000  -0.0000000
   73   0.0000000   0.0000000   0.0000000   0.0000000  -0.0000000   0.0000000
   74   0.0000000   0.0000000  -0.0000000   0.0000000  -0.0000000   0.0000000
   75   0.0000000   0.0000000   0.0000000   0.0000000  -0.0000000   0.0000000
   76   0.0000000  -0.0000000   0.0000000  -0.0000000  -0.0000000   0.0000000
   77  -0.0000000  -0.0000000  -0.0000000  -0.0000000   0.0000000  -0.0000000
   78   0.0000000  -0.0000000   0.0000000  -0.0000000  -0.0000000   0.0000000
   79   0.0000000   0.0000000   0.0000000   0.0000000  -0.0000000   0.0000000
   80   0.0000000  -0.0000000   0.0000000  -0.0000000  -0.0000000   0.0000000
           61          62          63          64          65          66
    1  -0.0000000   0.0000000   0.0000000  -0.0000000   0.0000000  -0.0000000
    2   0.0000000  -0.0000000   0.0000000  -0.0000000   0.0000000  -0.0000000
    3   0.0000000  -0.0000000   0.0000000  -0.0000000   0.0000000  -0.0000000
    4   0.0000000  -0.0000000   0.0000000  -0.0000000   0.0000000  -0.0000000
    5   0.0000000  -0.0000000   0.0000000  -0.0000000   0.0000000  -0.0000000
    6   0.0000000  -0.0000000   0.0000000  -0.0000000   0.0000000  -0.0000000
    7  -0.0000000   0.0000000   0.0000000  -0.0000000  -0.0000000  -0.0000000
    8  -0.0000000   0.0000000   0.0000000  -0.0000000  -0.0000000  -0.0000000
    9   0.0000000  -0.0000000  -0.0000000   0.0000000   0.0000000   0.0000000
   10  -0.0000000   0.0000000   0.0000000  -0.0000000  -0.0000000  -0.0000000
   11  -0.0000000   0.0000000   0.0000000  -0.0000000  -0.0000000  -0.0000000
   12   0.0000000  -0.0000000  -0.0000000   0.0000000   0.0000000   0.0000000
   13  -0.0000000   0.0000000   0.0000000  -0.0000000  -0.0000000  -0.0000000
   14  -0.0000000   0.0000001   0.0000000  -0.0000000  -0.0000000  -0.0000000
   15   0.0000000  -0.0000000  -0.0000000   0.0000000   0.0000000   0.0000000
   16  -0.0000000   0.0000000   0.0000000  -0.0000000  -0.0000000  -0.0000000
   17  -0.0000000   0.0000000   0.0000000  -0.0000000  -0.0000000  -0.0000000
   18   0.0000000  -0.0000000  -0.0000000   0.0000000   0.0000000   0.0000000
   19  -0.0000000   0.0000000   0.0000000  -0.0000000  -0.0000000  -0.0000000
   20  -0.0000000   0.0000000   0.0000000  -0.0000000  -0.0000000  -0.0000000
   21   0.0000000  -0.0000000  -0.0000000   0.0000000   0.0000000   0.0000000
   22   0.0000000   0.0000000   0.0000000  -0.0000000   0.0000000  -0.0000000
   23  -0.0000000   0.0000000  -0.0000000   0.0000000  -0.0000000   0.0000000
   24  -0.0000000   0.0000000  -0.0000000   0.0000000  -0.0000000   0.0000000
   25   0.0000000  -0.0000000  -0.0000000   0.0000000  -0.0000000   0.0000000
   26  -0.0000000   0.0000000  -0.0000000   0.0000000  -0.0000000   0.0000000
   27   0.0000000  -0.0000000  -0.0000000   0.0000000  -0.0000000   0.0000000
   28   0.0000000  -0.0000000   0.0000000  -0.0000000   0.0000000  -0.0000000
   29   0.0000000  -0.0000000   0.0000000  -0.0000000   0.0000000  -0.0000000
   30  -0.0000000   0.0000000   0.0000000  -0.0000000   0.0000000  -0.0000000
   31   0.0000000  -0.0000000   0.0000000  -0.0000000   0.0000000  -0.0000000
   32   0.0000000   0.0000000   0.0000000  -0.0000000   0.0000000  -0.0000000
   33  -0.0000000   0.0000000  -0.0000000   0.0000000  -0.0000000   0.0000000
   34  -0.0000000   0.0000000  -0.0000000   0.0000000  -0.0000000   0.0000000
   35   0.0000000  -0.0000000  -0.0000000   0.0000000  -0.0000000   0.0000000
   36  -0.0000000   0.0000000  -0.0000000   0.0000000  -0.0000000   0.0000000
   37   0.0000000  -0.0000000   0.0000000  -0.0000000   0.0000000  -0.0000000
   38   0.0000000  -0.0000000  -0.0000000   0.0000000  -0.0000000   0.0000000
   39  -0.0000000   0.0000000  -0.0000000   0.0000000  -0.0000000   0.0000000
   40   0.0000000  -0.0000000  -0.0000000   0.0000000  -0.0000000   0.0000000
   41  -0.0000000   0.0000000  -0.0000000   0.0000000  -0.0000000   0.0000000
   42  -0.0000000   0.0000000   0.0000000  -0.0000000  -0.0000000  -0.0000000
   43  -0.0000000   0.0000000  -0.0000000   0.0000000  -0.0000000   0.0000000
   44  -0.0000000   0.0000000   0.0000000  -0.0000000  -0.0000000  -0.0000000
   45   0.0000000  -0.0000000  -0.0000000   0.0000000   0.0000000   0.0000000
   46  -0.0000000   0.0000000   0.0000000  -0.0000000  -0.0000000  -0.0000000
   47   0.0000000  -0.0000000  -0.0000000   0.0000000   0.0000000   0.0000000
   48  -0.0000000   0.0000000   0.0000000  -0.0000000  -0.0000000  -0.0000000
   49  -0.0000000   0.0000000   0.0000000  -0.0000000  -0.0000000  -0.0000000
   50  -0.0000000   0.0000000   0.0000000  -0.0000000   0.0000000  -0.0000000
   51  -0.0000000   0.0000000   0.0000000  -0.0000000  -0.0000000  -0.0000000
   52   0.0000000  -0.0000000  -0.0000000   0.0000000   0.0000000   0.0000000
   53  -0.0000000   0.0000000   0.0000000  -0.0000000  -0.0000000  -0.0000000
   54   0.0000000  -0.0000000  -0.0000000   0.0000000   0.0000000   0.0000000
   55  -0.0000000   0.0000000   0.0000000  -0.0000000  -0.0000000  -0.0000000
   56  -0.0000000   0.0000000   0.0000000  -0.0000000  -0.0000000  -0.0000000
   57  -0.0000000   0.0000000  -0.0000000   0.0000000  -0.0000000   0.0000000
   58  -0.0000000   0.0000000   0.0000000  -0.0000000  -0.0000000  -0.0000000
   59   0.0000000  -0.0000000  -0.0000000   0.0000000   0.0000000   0.0000000
   60  -0.0000000   0.0000000   0.0000000  -0.0000000  -0.0000000  -0.0000000
   61   0.0000000  -0.0000000  -0.0000000   0.0000000   0.0000000   0.0000000
   62  -0.0000000   0.0000000   0.0000000  -0.0000000  -0.0000000  -0.0000000
   63  -0.0000000   0.0000000   0.0000000  -0.0000000   0.0000000  -0.0000000
   64   0.0000000  -0.0000000  -0.0000000   0.0000000  -0.0000000   0.0000000
   65   0.0000000  -0.0000000   0.0000000  -0.0000000   0.0000000  -0.0000000
   66   0.0000000  -0.0000000  -0.0000000   0.0000000  -0.0000000   0.0000000
   67  -0.0000000  -0.0000000  -0.0000000   0.0000000  -0.0000000   0.0000000
   68  -0.0000000   0.0000000  -0.0000000   0.0000000  -0.0000000   0.0000000
   69  -0.0000000  -0.0000000  -0.0000000   0.0000000  -0.0000000   0.0000000
   70   0.0000000  -0.0000000  -0.0000000   0.0000000  -0.0000000   0.0000000
   71  -0.0000000  -0.0000000  -0.0000000   0.0000000  -0.0000000   0.0000000
   72   0.0000000  -0.0000000   0.0000000  -0.0000000   0.0000000  -0.0000000
   73  -0.0000000   0.0000000  -0.0000000   0.0000000  -0.0000000   0.0000000
   74  -0.0000000   0.0000000   0.0000000  -0.0000000   0.0000000  -0.0000000
   75  -0.0000000   0.0000000  -0.0000000   0.0000000  -0.0000000   0.0000000
   76  -0.0000000   0.0000000  -0.0000000   0.0000000  -0.0000000   0.0000000
   77   0.0000000  -0.0000000  -0.0000000   0.0000000  -0.0000000   0.0000000
   78  -0.0000000   0.0000000  -0.0000000   0.0000000  -0.0000000   0.0000000
   79  -0.0000000   0.0000000  -0.0000000   0.0000000  -0.0000000   0.0000000
   80  -0.0000000   0.0000000  -0.0000000   0.0000000  -0.0000000   0.0000000
           67          68          69          70          71          72
    1  -0.0000050  -0.0000000  -0.0000075  -0.0000000  -0.0000100   0.0000000
    2  -0.0000086  -0.0000000  -0.0000128  -0.0000000  -0.0000170   0.0000000
    3  -0.0000071  -0.0000000  -0.0000106  -0.0000000  -0.0000140   0.0000000
    4  -0.0000147  -0.0000000  -0.0000220  -0.0000000  -0.0000291   0.0000000
    5  -0.0000068  -0.0000000  -0.0000101  -0.0000000  -0.0000134   0.0000000
    6  -0.0000001  -0.0000000  -0.0000001  -0.0000000  -0.0000001   0.0000000
    7   0.0000000   0.0000000   0.0000000  -0.0000000   0.0000000  -0.0000000
    8   0.0000000   0.0000000  -0.0000000  -0.0000000   0.0000000  -0.0000000
    9   0.0000000  -0.0000000   0.0000000   0.0000000   0.0000000   0.0000000
   10   0.0000000   0.0000000   0.0000000  -0.0000000   0.0000000  -0.0000000
   11   0.0000000   0.0000000  -0.0000000  -0.0000000   0.0000000  -0.0000000
   12   0.0000000  -0.0000000   0.0000000   0.0000000   0.0000000   0.0000000
   13   0.0000000   0.0000000   0.0000000  -0.0000000   0.0000000  -0.0000000
   14   0.0000000   0.0000000  -0.0000000  -0.0000000   0.0000000  -0.0000000
   15   0.0000000  -0.0000000   0.0000000   0.0000000   0.0000000   0.0000000
   16  -0.0000000   0.0000000  -0.0000000  -0.0000000  -0.0000000  -0.0000000
   17   0.0000000   0.0000000  -0.0000000  -0.0000000   0.0000000  -0.0000000
   18   0.0000000  -0.0000000   0.0000000   0.0000000   0.0000000   0.0000000
   19  -0.0000000   0.0000000  -0.0000000  -0.0000000  -0.0000000  -0.0000000
   20   0.0000000   0.0000000  -0.0000000  -0.0000000   0.0000000  -0.0000000
   21   0.0000000  -0.0000000   0.0000000   0.0000000   0.0000000   0.0000000
   22  -0.0000000  -0.0000000  -0.0000000  -0.0000000  -0.0000000   0.0000000
   23   0.0000000   0.0000000   0.0000000   0.0000000   0.0000000  -0.0000000
   24   0.0000000   0.0000000   0.0000000   0.0000000   0.0000001  -0.0000000
   25   0.0000000   0.0000000   0.0000000   0.0000000   0.0000000  -0.0000000
   26   0.0000000   0.0000000   0.0000001   0.0000000   0.0000001  -0.0000000
   27   0.0000000   0.0000000   0.0000000   0.0000000   0.0000000  -0.0000000
   28  -0.0000000  -0.0000000  -0.0000000  -0.0000000  -0.0000000   0.0000000
   29  -0.0000000  -0.0000000  -0.0000000  -0.0000000  -0.0000000   0.0000000
   30  -0.0000000  -0.0000000  -0.0000000  -0.0000000  -0.0000000   0.0000000
   31  -0.0000000  -0.0000000  -0.0000000  -0.0000000  -0.0000000   0.0000000
   32  -0.0000000  -0.0000000  -0.0000000  -0.0000000  -0.0000000   0.0000000
   33   0.0000000   0.0000000   0.0000000   0.0000000   0.0000000  -0.0000000
   34   0.0000001   0.0000000   0.0000002   0.0000000   0.0000002  -0.0000000
   35   0.0000000   0.0000000   0.0000000   0.0000000   0.0000000  -0.0000000
   36   0.0000002   0.0000000   0.0000003   0.0000000   0.0000004  -0.0000000
   37  -0.0000000  -0.0000000  -0.0000000  -0.0000000  -0.0000000   0.0000000
   38   0.0000000   0.0000000   0.0000000   0.0000000   0.0000000  -0.0000000
   39   0.0000001   0.0000000   0.0000001   0.0000000   0.0000001  -0.0000000
   40   0.0000000   0.0000000   0.0000000   0.0000000   0.0000000  -0.0000000
   41   0.0000001   0.0000000   0.0000001   0.0000000   0.0000002  -0.0000000
   42   0.0000000   0.0000000  -0.0000000  -0.0000000   0.0000000  -0.0000000
   43   0.0000000   0.0000000   0.0000000  -0.0000000   0.0000000  -0.0000000
   44   0.0000000   0.0000000  -0.0000000  -0.0000000  -0.0000000  -0.0000000
   45   0.0000000  -0.0000000   0.0000000   0.0000000   0.0000000   0.0000000
   46   0.0000000   0.0000000   0.0000000  -0.0000000   0.0000000  -0.0000000
   47   0.0000000  -0.0000000   0.0000000   0.0000000   0.0000000   0.0000000
   48   0.0000000   0.0000000   0.0000000  -0.0000000   0.0000000  -0.0000000
   49   0.0000000   0.0000000  -0.0000000  -0.0000000   0.0000000  -0.0000000
   50  -0.0000000   0.0000000  -0.0000000  -0.0000000  -0.0000000   0.0000000
   51   0.0000000   0.0000000  -0.0000000  -0.0000000   0.0000000  -0.0000000
   52  -0.0000000  -0.0000000  -0.0000000   0.0000000  -0.0000000   0.0000000
   53  -0.0000000   0.0000000  -0.0000000  -0.0000000  -0.0000000  -0.0000000
   54   0.0000000  -0.0000000   0.0000000   0.0000000   0.0000000   0.0000000
   55   0.0000000   0.0000000   0.0000000  -0.0000000   0.0000000  -0.0000000
   56   0.0000000   0.0000000  -0.0000000  -0.0000000   0.0000000  -0.0000000
   57   0.0000000   0.0000000   0.0000000  -0.0000000   0.0000000  -0.0000000
   58  -0.0000000   0.0000000  -0.0000000  -0.0000000  -0.0000000  -0.0000000
   59  -0.0000000  -0.0000000  -0.0000000   0.0000000  -0.0000000   0.0000000
   60   0.0000000   0.0000000   0.0000000  -0.0000000   0.0000000  -0.0000000
   61  -0.0000000  -0.0000000  -0.0000000   0.0000000  -0.0000000   0.0000000
   62  -0.0000000   0.0000000  -0.0000000  -0.0000000  -0.0000000  -0.0000000
   63  -0.0000000  -0.0000000  -0.0000000  -0.0000000  -0.0000000   0.0000000
   64   0.0000000   0.0000000   0.0000000   0.0000000   0.0000000  -0.0000000
   65  -0.0000000  -0.0000000  -0.0000000  -0.0000000  -0.0000000   0.0000000
   66   0.0000000   0.0000000   0.0000000   0.0000000   0.0000000  -0.0000000
   67   0.0000000   0.0000000   0.0000000   0.0000000   0.0000000  -0.0000000
   68   0.0000000   0.0000000   0.0000000   0.0000000   0.0000000  -0.0000000
   69   0.0000000   0.0000000   0.0000000   0.0000000   0.0000000  -0.0000000
   70   0.0000000   0.0000000   0.0000000   0.0000000   0.0000000  -0.0000000
   71   0.0000000   0.0000000   0.0000000   0.0000000   0.0000000  -0.0000000
   72  -0.0000000  -0.0000000  -0.0000000  -0.0000000  -0.0000000   0.0000000
   73   0.0000000   0.0000000   0.0000000   0.0000000   0.0000000  -0.0000000
   74  -0.0000000  -0.0000000  -0.0000000  -0.0000000  -0.0000000   0.0000000
   75   0.0000000   0.0000000   0.0000000   0.0000000   0.0000000  -0.0000000
   76   0.0000000   0.0000000   0.0000000   0.0000000   0.0000000  -0.0000000
   77   0.0000000   0.0000000   0.0000000   0.0000000   0.0000000  -0.0000000
   78   0.0000000   0.0000000   0.0000000   0.0000000   0.0000000  -0.0000000
   79   0.0000000   0.0000000   0.0000000   0.0000000   0.0000000  -0.0000000
   80   0.0000000   0.0000000   0.0000000   0.0000000   0.0000000  -0.0000000
           73          74          75          76          77          78
    1  -0.0000000   0.0000000  -0.0000000  -0.0000013   0.0000000  -0.0000020
    2  -0.0000000   0.0000000  -0.0000000  -0.0000520  -0.0000000  -0.0000776
    3  -0.0000000   0.0000000  -0.0000000  -0.0000424  -0.0000000  -0.0000633
    4  -0.0000000   0.0000000  -0.0000000  -0.0000894  -0.0000000  -0.0001332
    5  -0.0000000   0.0000000  -0.0000000  -0.0000410  -0.0000000  -0.0000611
    6  -0.0000000   0.0000000  -0.0000000  -0.0000004  -0.0000000  -0.0000007
    7   0.0000000   0.0000000   0.0000000   0.0000000  -0.0000000   0.0000000
    8   0.0000000   0.0000000   0.0000000  -0.0000000  -0.0000000  -0.0000000
    9  -0.0000000  -0.0000000  -0.0000000   0.0000000   0.0000000   0.0000000
   10   0.0000000   0.0000000   0.0000000   0.0000000  -0.0000000   0.0000000
   11   0.0000000   0.0000000   0.0000000  -0.0000000  -0.0000000  -0.0000000
   12  -0.0000000  -0.0000000  -0.0000000   0.0000000   0.0000000   0.0000000
   13   0.0000000   0.0000000   0.0000000   0.0000000  -0.0000000   0.0000000
   14   0.0000000   0.0000000   0.0000000  -0.0000000  -0.0000000  -0.0000000
   15  -0.0000000  -0.0000000  -0.0000000   0.0000000   0.0000000   0.0000000
   16   0.0000000   0.0000000   0.0000000  -0.0000000  -0.0000000  -0.0000000
   17   0.0000000   0.0000000   0.0000000  -0.0000000  -0.0000000  -0.0000000
   18  -0.0000000  -0.0000000  -0.0000000   0.0000000   0.0000000   0.0000000
   19   0.0000000   0.0000000   0.0000000  -0.0000000  -0.0000000  -0.0000000
   20   0.0000000   0.0000000   0.0000000  -0.0000000  -0.0000000  -0.0000000
   21  -0.0000000  -0.0000000  -0.0000000   0.0000000   0.0000000   0.0000000
   22  -0.0000000   0.0000000  -0.0000000  -0.0000000  -0.0000000  -0.0000000
   23   0.0000000  -0.0000000   0.0000000   0.0000000   0.0000000   0.0000000
   24   0.0000000  -0.0000000   0.0000000   0.0000002   0.0000000   0.0000002
   25   0.0000000  -0.0000000   0.0000000   0.0000000   0.0000000   0.0000000
   26   0.0000000  -0.0000000   0.0000000   0.0000003   0.0000000   0.0000004
   27   0.0000000  -0.0000000   0.0000000   0.0000000   0.0000000   0.0000000
   28  -0.0000000   0.0000000  -0.0000000  -0.0000000  -0.0000000  -0.0000000
   29  -0.0000000   0.0000000  -0.0000000  -0.0000000  -0.0000000  -0.0000001
   30  -0.0000000   0.0000000  -0.0000000  -0.0000000  -0.0000000  -0.0000000
   31  -0.0000000   0.0000000  -0.0000000  -0.0000001  -0.0000000  -0.0000001
   32  -0.0000000   0.0000000  -0.0000000  -0.0000000  -0.0000000  -0.0000000
   33   0.0000000  -0.0000000   0.0000000   0.0000000   0.0000000   0.0000000
   34   0.0000000  -0.0000000   0.0000000   0.0000006   0.0000000   0.0000010
   35   0.0000000  -0.0000000   0.0000000   0.0000000   0.0000000   0.0000000
   36   0.0000000  -0.0000000   0.0000000   0.0000011   0.0000000   0.0000017
   37  -0.0000000   0.0000000  -0.0000000  -0.0000000  -0.0000000  -0.0000000
   38   0.0000000  -0.0000000   0.0000000   0.0000000   0.0000000   0.0000000
   39   0.0000000  -0.0000000   0.0000000   0.0000003   0.0000000   0.0000005
   40   0.0000000  -0.0000000   0.0000000   0.0000000   0.0000000   0.0000000
   41   0.0000000  -0.0000000   0.0000000   0.0000006   0.0000000   0.0000009
   42   0.0000000   0.0000000   0.0000000  -0.0000000  -0.0000000  -0.0000000
   43   0.0000000  -0.0000000   0.0000000   0.0000000  -0.0000000   0.0000000
   44   0.0000000   0.0000000   0.0000000  -0.0000000  -0.0000000  -0.0000000
   45  -0.0000000  -0.0000000  -0.0000000   0.0000000   0.0000000   0.0000000
   46   0.0000000   0.0000000   0.0000000   0.0000000  -0.0000000   0.0000000
   47  -0.0000000  -0.0000000  -0.0000000   0.0000000   0.0000000   0.0000000
   48   0.0000000   0.0000000   0.0000000   0.0000000  -0.0000000   0.0000000
   49   0.0000000   0.0000000   0.0000000  -0.0000000  -0.0000000  -0.0000000
   50  -0.0000000   0.0000000  -0.0000000  -0.0000000  -0.0000000  -0.0000000
   51   0.0000000   0.0000000   0.0000000  -0.0000000  -0.0000000  -0.0000000
   52  -0.0000000  -0.0000000  -0.0000000  -0.0000000   0.0000000  -0.0000000
   53   0.0000000   0.0000000   0.0000000  -0.0000000  -0.0000000  -0.0000000
   54  -0.0000000  -0.0000000  -0.0000000   0.0000000   0.0000000   0.0000000
   55   0.0000000   0.0000000   0.0000000   0.0000000  -0.0000000   0.0000000
   56   0.0000000   0.0000000   0.0000000  -0.0000000  -0.0000000  -0.0000000
   57   0.0000000  -0.0000000   0.0000000   0.0000000  -0.0000000   0.0000000
   58   0.0000000   0.0000000   0.0000000  -0.0000000  -0.0000000  -0.0000000
   59  -0.0000000  -0.0000000  -0.0000000  -0.0000000   0.0000000  -0.0000000
   60   0.0000000   0.0000000   0.0000000   0.0000000  -0.0000000   0.0000000
   61  -0.0000000  -0.0000000  -0.0000000  -0.0000000   0.0000000  -0.0000000
   62   0.0000000   0.0000000   0.0000000   0.0000000  -0.0000000   0.0000000
   63  -0.0000000   0.0000000  -0.0000000  -0.0000000  -0.0000000  -0.0000000
   64   0.0000000  -0.0000000   0.0000000   0.0000000   0.0000000   0.0000000
   65  -0.0000000   0.0000000  -0.0000000  -0.0000000  -0.0000000  -0.0000000
   66   0.0000000  -0.0000000   0.0000000   0.0000000   0.0000000   0.0000000
   67   0.0000000  -0.0000000   0.0000000   0.0000000   0.0000000   0.0000000
   68   0.0000000  -0.0000000   0.0000000   0.0000000   0.0000000   0.0000000
   69   0.0000000  -0.0000000   0.0000000   0.0000000   0.0000000   0.0000000
   70   0.0000000  -0.0000000   0.0000000   0.0000000   0.0000000   0.0000000
   71   0.0000000  -0.0000000   0.0000000   0.0000000   0.0000000   0.0000000
   72  -0.0000000   0.0000000  -0.0000000  -0.0000000  -0.0000000  -0.0000000
   73   0.0000000  -0.0000000   0.0000000   0.0000000   0.0000000   0.0000000
   74  -0.0000000   0.0000000  -0.0000000  -0.0000000  -0.0000000  -0.0000000
   75   0.0000000  -0.0000000   0.0000000   0.0000000   0.0000000   0.0000000
   76   0.0000000  -0.0000000   0.0000000   0.0000000   0.0000000   0.0000000
   77   0.0000000  -0.0000000   0.0000000   0.0000000   0.0000000   0.0000000
   78   0.0000000  -0.0000000   0.0000000   0.0000000   0.0000000   0.0000001
   79   0.0000000  -0.0000000   0.0000000   0.0000000   0.0000000   0.0000000
   80   0.0000000  -0.0000000   0.0000000   0.0000000   0.0000000   0.0000001
           79          80
    1  -0.0000000  -0.0000026
    2  -0.0000000  -0.0001026
    3  -0.0000000  -0.0000837
    4  -0.0000000  -0.0001762
    5  -0.0000000  -0.0000808
    6  -0.0000000  -0.0000009
    7   0.0000000   0.0000000
    8   0.0000000  -0.0000000
    9  -0.0000000   0.0000000
   10   0.0000000   0.0000000
   11   0.0000000  -0.0000000
   12  -0.0000000   0.0000000
   13   0.0000000   0.0000000
   14   0.0000000  -0.0000000
   15  -0.0000000   0.0000000
   16   0.0000000  -0.0000000
   17   0.0000000  -0.0000000
   18  -0.0000000   0.0000000
   19   0.0000000  -0.0000000
   20   0.0000000  -0.0000000
   21  -0.0000000   0.0000000
   22  -0.0000000  -0.0000000
   23   0.0000000   0.0000000
   24   0.0000000   0.0000003
   25   0.0000000   0.0000000
   26   0.0000000   0.0000006
   27   0.0000000   0.0000000
   28  -0.0000000  -0.0000000
   29  -0.0000000  -0.0000001
   30  -0.0000000  -0.0000000
   31  -0.0000000  -0.0000002
   32  -0.0000000  -0.0000000
   33   0.0000000   0.0000000
   34   0.0000000   0.0000013
   35   0.0000000   0.0000000
   36   0.0000000   0.0000022
   37  -0.0000000  -0.0000000
   38   0.0000000   0.0000000
   39   0.0000000   0.0000006
   40   0.0000000   0.0000000
   41   0.0000000   0.0000011
   42   0.0000000  -0.0000000
   43   0.0000000   0.0000000
   44   0.0000000  -0.0000000
   45  -0.0000000   0.0000000
   46   0.0000000   0.0000000
   47  -0.0000000   0.0000000
   48   0.0000000   0.0000000
   49   0.0000000  -0.0000000
   50   0.0000000  -0.0000000
   51   0.0000000   0.0000000
   52  -0.0000000  -0.0000000
   53   0.0000000  -0.0000000
   54  -0.0000000   0.0000000
   55   0.0000000   0.0000000
   56   0.0000000  -0.0000000
   57   0.0000000   0.0000000
   58   0.0000000  -0.0000000
   59  -0.0000000  -0.0000000
   60   0.0000000   0.0000000
   61  -0.0000000  -0.0000000
   62   0.0000000   0.0000000
   63  -0.0000000  -0.0000000
   64   0.0000000   0.0000000
   65  -0.0000000  -0.0000000
   66   0.0000000   0.0000000
   67   0.0000000   0.0000000
   68   0.0000000   0.0000000
   69   0.0000000   0.0000000
   70   0.0000000   0.0000000
   71   0.0000000   0.0000000
   72  -0.0000000  -0.0000000
   73   0.0000000   0.0000000
   74  -0.0000000  -0.0000000
   75   0.0000000   0.0000000
   76   0.0000000   0.0000000
   77   0.0000000   0.0000000
   78   0.0000000   0.0000001
   79   0.0000000   0.0000000
   80   0.0000000   0.0000001
 SCF time:   CPU 2.15s  wall 2.00s 
 SCF   energy =   -37.60454264
 Total energy =   -37.60454264

 Q-Chem warning in module 0, line  204:

 Quadrupole field failed to resolve orbital degeneracies.


 Q-Chem warning in module 0, line  204:

 Quadrupole field failed to resolve orbital degeneracies.

 
 --------------------------------------------------------------
 
                    Orbital Energies (a.u.)
 --------------------------------------------------------------
 
 Alpha MOs
 -- Occupied --
-11.3650  -0.7256  -0.3584
 -- Virtual --
  0.0189   0.0189   0.0834   0.0899   0.1082   0.1082   0.2324   0.2324
  0.2416   0.2416   0.2454   0.4453   0.4640   0.4640   0.5032   0.7441
  0.7441   0.7623   0.7623   0.7736   0.7736   0.7757   0.7757   0.7774
  0.7911   0.7911   0.7984   1.5915   1.5915   1.6086   2.0900   2.0900
  2.1076   2.1183   2.1183   2.1386   2.1386   2.1508   2.1508   2.1549
  2.1973   2.1973   2.2315   2.2315   2.2448   2.2452   2.2452   2.2831
  2.2831   2.3067   2.3067   2.3147   5.7671   5.7671   5.8142   5.8739
  5.8739   5.9212   5.9212   5.9548   5.9548   5.9750   5.9750   5.9817
  6.3280   6.3280   6.3828   6.3828   6.4014   6.4181   6.4181   6.4730
  6.4730   6.5067   6.5067   6.5180  20.4226
 --------------------------------------------------------------
 

                        RESTRICTED (RHF) MOLECULAR ORBITAL COEFFICIENTS
                         1         2         3         4         5         6
 eigenvalues:        -11.365    -0.726    -0.358     0.019     0.019     0.083
   1  C     s        0.99335   0.00055  -0.00000   0.00000  -0.00000  -0.02673
   2  C     s        0.00016   0.34461   0.00000   0.00000   0.00000  -0.11742
   3  C     s        0.01575   0.28096  -0.00000   0.00000  -0.00000  -0.17435
   4  C     s       -0.00348   0.59193   0.00000  -0.00000   0.00000   0.22498
   5  C     s        0.00161   0.27147  -0.00000   0.00000   0.00000  -1.35882
   6  C     s       -0.00040   0.00293  -0.00000  -0.00000  -0.00000   1.81403
   7  C     px       0.00000  -0.00000  -0.00000   0.09664  -0.00000   0.00000
   8  C     py      -0.00000   0.00000  -0.16656  -0.00000   0.00000   0.00000
   9  C     pz      -0.00000  -0.00000   0.00000   0.00000   0.09664  -0.00000
  10  C     px      -0.00000  -0.00000  -0.00000   0.18334  -0.00000   0.00000
  11  C     py       0.00000   0.00000  -0.32543  -0.00000   0.00000   0.00000
  12  C     pz       0.00000  -0.00000   0.00000   0.00000   0.18334  -0.00000
  13  C     px       0.00000  -0.00000  -0.00000   0.30012  -0.00000   0.00000
  14  C     py      -0.00000   0.00000  -0.44185  -0.00000   0.00000  -0.00000
  15  C     pz      -0.00000  -0.00000   0.00000   0.00000   0.30012  -0.00000
  16  C     px      -0.00000   0.00000  -0.00000   0.23774  -0.00000  -0.00000
  17  C     py       0.00000   0.00000  -0.28897  -0.00000   0.00000   0.00000
  18  C     pz       0.00000  -0.00000   0.00000   0.00000   0.23774  -0.00000
  19  C     px       0.00000   0.00000  -0.00000   0.52802  -0.00000   0.00000
  20  C     py      -0.00000  -0.00000  -0.02378  -0.00000   0.00000  -0.00000
  21  C     pz      -0.00000  -0.00000   0.00000   0.00000   0.52802   0.00000
  22  C     d 1     -0.00000   0.00000  -0.00000  -0.00000   0.00000   0.00000
  23  C     d 2      0.00000  -0.00000  -0.00000   0.00000  -0.00000  -0.00000
  24  C     d 3      0.00011  -0.00111  -0.00000  -0.00000  -0.00000  -0.00024
  25  C     d 4      0.00000  -0.00000   0.00000   0.00000  -0.00000  -0.00000
  26  C     d 5      0.00018  -0.00192  -0.00000   0.00000  -0.00000  -0.00042
  27  C     d 1      0.00000  -0.00000   0.00000  -0.00000  -0.00000   0.00000
  28  C     d 2     -0.00000   0.00000   0.00000  -0.00000   0.00000  -0.00000
  29  C     d 3     -0.00051   0.00033  -0.00000  -0.00000   0.00000  -0.00000
  30  C     d 4     -0.00000   0.00000  -0.00000   0.00000  -0.00000  -0.00000
  31  C     d 5     -0.00088   0.00058   0.00000  -0.00000  -0.00000  -0.00001
  32  C     d 1     -0.00000   0.00000  -0.00000   0.00000   0.00000   0.00000
  33  C     d 2      0.00000  -0.00000  -0.00000  -0.00000  -0.00000  -0.00000
  34  C     d 3      0.00005  -0.00429  -0.00000   0.00000  -0.00000  -0.00532
  35  C     d 4      0.00000  -0.00000   0.00000  -0.00000   0.00000  -0.00000
  36  C     d 5      0.00009  -0.00743  -0.00000  -0.00000  -0.00000  -0.00921
  37  C     d 1      0.00000   0.00000   0.00000  -0.00000  -0.00000  -0.00000
  38  C     d 2     -0.00000  -0.00000   0.00000  -0.00000   0.00000   0.00000
  39  C     d 3     -0.00004  -0.00218  -0.00000   0.00000  -0.00000   0.03113
  40  C     d 4     -0.00000  -0.00000   0.00000   0.00000  -0.00000   0.00000
  41  C     d 5     -0.00008  -0.00378   0.00000  -0.00000   0.00000   0.05391
  42  C     f 1      0.00000   0.00000  -0.00327  -0.00000   0.00000   0.00000
  43  C     f 2      0.00000  -0.00000  -0.00000   0.00000  -0.00000   0.00000
  44  C     f 3     -0.00000   0.00000  -0.00253  -0.00000   0.00000   0.00000
  45  C     f 4     -0.00000  -0.00000   0.00000   0.00000   0.00129  -0.00000
  46  C     f 5     -0.00000  -0.00000  -0.00000   0.00053  -0.00000   0.00000
  47  C     f 6     -0.00000  -0.00000   0.00000   0.00000   0.00166  -0.00000
  48  C     f 7     -0.00000  -0.00000  -0.00000   0.00204  -0.00000  -0.00000
  49  C     f 1      0.00000   0.00000  -0.00738  -0.00000   0.00000   0.00000
  50  C     f 2     -0.00000   0.00000  -0.00000   0.00000  -0.00000  -0.00000
  51  C     f 3     -0.00000  -0.00000  -0.00571  -0.00000   0.00000  -0.00000
  52  C     f 4      0.00000   0.00000   0.00000   0.00000   0.00240   0.00000
  53  C     f 5     -0.00000   0.00000  -0.00000   0.00098  -0.00000   0.00000
  54  C     f 6      0.00000  -0.00000   0.00000   0.00000   0.00310   0.00000
  55  C     f 7     -0.00000  -0.00000  -0.00000   0.00379  -0.00000  -0.00000
  56  C     f 1     -0.00000  -0.00000  -0.00614  -0.00000   0.00000  -0.00000
  57  C     f 2     -0.00000  -0.00000  -0.00000   0.00000  -0.00000  -0.00000
  58  C     f 3      0.00000   0.00000  -0.00475  -0.00000   0.00000   0.00000
  59  C     f 4      0.00000   0.00000   0.00000   0.00000   0.00723  -0.00000
  60  C     f 5     -0.00000  -0.00000  -0.00000   0.00295  -0.00000  -0.00000
  61  C     f 6     -0.00000   0.00000   0.00000   0.00000   0.00933   0.00000
  62  C     f 7      0.00000  -0.00000  -0.00000   0.01143  -0.00000   0.00000
  63  C     g 1      0.00000   0.00000  -0.00000   0.00000   0.00000   0.00000
  64  C     g 2     -0.00000  -0.00000   0.00000  -0.00000  -0.00000  -0.00000
  65  C     g 3      0.00000   0.00000   0.00000   0.00000   0.00000   0.00000
  66  C     g 4     -0.00000  -0.00000   0.00000  -0.00000   0.00000  -0.00000
  67  C     g 5     -0.00001  -0.00002  -0.00000  -0.00000  -0.00000  -0.00003
  68  C     g 6     -0.00000  -0.00000  -0.00000   0.00000   0.00000  -0.00000
  69  C     g 7     -0.00001  -0.00004   0.00000   0.00000   0.00000  -0.00005
  70  C     g 8     -0.00000  -0.00000   0.00000  -0.00000  -0.00000  -0.00000
  71  C     g 9     -0.00001  -0.00005  -0.00000   0.00000   0.00000  -0.00006
  72  C     g 1      0.00000   0.00000   0.00000  -0.00000  -0.00000  -0.00000
  73  C     g 2     -0.00000  -0.00000  -0.00000   0.00000   0.00000   0.00000
  74  C     g 3      0.00000   0.00000  -0.00000   0.00000  -0.00000  -0.00000
  75  C     g 4     -0.00000  -0.00000  -0.00000   0.00000  -0.00000   0.00000
  76  C     g 5     -0.00000  -0.00015   0.00000   0.00000   0.00000   0.00011
  77  C     g 6      0.00000  -0.00000   0.00000  -0.00000  -0.00000   0.00000
  78  C     g 7     -0.00000  -0.00023   0.00000  -0.00000   0.00000   0.00017
  79  C     g 8     -0.00000  -0.00000  -0.00000   0.00000   0.00000   0.00000
  80  C     g 9     -0.00000  -0.00030   0.00000  -0.00000  -0.00000   0.00023
                         7         8
 eigenvalues:          0.090     0.108
   1  C     s        0.00000  -0.00000
   2  C     s        0.00000  -0.00000
   3  C     s        0.00000  -0.00000
   4  C     s       -0.00000   0.00000
   5  C     s        0.00000  -0.00000
   6  C     s       -0.00000   0.00000
   7  C     px       0.00000   0.07999
   8  C     py       0.03311  -0.00000
   9  C     pz      -0.00000  -0.00000
  10  C     px       0.00000   0.20284
  11  C     py       0.10501  -0.00000
  12  C     pz      -0.00000  -0.00000
  13  C     px      -0.00000   0.11259
  14  C     py      -0.02041  -0.00000
  15  C     pz       0.00000  -0.00000
  16  C     px       0.00000   0.80733
  17  C     py       0.52966  -0.00001
  18  C     pz      -0.00000  -0.00000
  19  C     px      -0.00001  -1.18807
  20  C     py      -1.26811   0.00001
  21  C     pz       0.00000   0.00000
  22  C     d 1     -0.00000   0.00000
  23  C     d 2     -0.00000   0.00000
  24  C     d 3      0.00000  -0.00000
  25  C     d 4     -0.00000  -0.00000
  26  C     d 5     -0.00000   0.00000
  27  C     d 1      0.00000  -0.00000
  28  C     d 2     -0.00000  -0.00000
  29  C     d 3     -0.00000   0.00000
  30  C     d 4     -0.00000   0.00000
  31  C     d 5      0.00000  -0.00000
  32  C     d 1     -0.00000   0.00000
  33  C     d 2      0.00000   0.00000
  34  C     d 3      0.00000  -0.00000
  35  C     d 4     -0.00000  -0.00000
  36  C     d 5     -0.00000   0.00000
  37  C     d 1      0.00000  -0.00000
  38  C     d 2     -0.00000  -0.00000
  39  C     d 3     -0.00000  -0.00000
  40  C     d 4      0.00000   0.00000
  41  C     d 5      0.00000  -0.00000
  42  C     f 1      0.00047  -0.00000
  43  C     f 2      0.00000   0.00000
  44  C     f 3      0.00036  -0.00000
  45  C     f 4     -0.00000  -0.00000
  46  C     f 5      0.00000   0.00038
  47  C     f 6     -0.00000  -0.00000
  48  C     f 7      0.00000   0.00147
  49  C     f 1      0.00336  -0.00000
  50  C     f 2      0.00000   0.00000
  51  C     f 3      0.00260  -0.00000
  52  C     f 4     -0.00000  -0.00000
  53  C     f 5      0.00000   0.00143
  54  C     f 6     -0.00000  -0.00000
  55  C     f 7      0.00000   0.00556
  56  C     f 1     -0.00509  -0.00000
  57  C     f 2     -0.00000   0.00000
  58  C     f 3     -0.00394  -0.00000
  59  C     f 4      0.00000  -0.00000
  60  C     f 5     -0.00000   0.00050
  61  C     f 6      0.00000  -0.00000
  62  C     f 7     -0.00000   0.00195
  63  C     g 1      0.00000  -0.00000
  64  C     g 2      0.00000   0.00000
  65  C     g 3      0.00000  -0.00000
  66  C     g 4      0.00000   0.00000
  67  C     g 5     -0.00000   0.00000
  68  C     g 6      0.00000  -0.00000
  69  C     g 7     -0.00000   0.00000
  70  C     g 8      0.00000  -0.00000
  71  C     g 9      0.00000  -0.00000
  72  C     g 1     -0.00000   0.00000
  73  C     g 2     -0.00000  -0.00000
  74  C     g 3     -0.00000   0.00000
  75  C     g 4     -0.00000  -0.00000
  76  C     g 5      0.00000  -0.00000
  77  C     g 6     -0.00000   0.00000
  78  C     g 7      0.00000  -0.00000
  79  C     g 8     -0.00000   0.00000
  80  C     g 9     -0.00000   0.00000
 
          Ground-State Mulliken Net Atomic Charges

     Atom                 Charge (a.u.)
  ----------------------------------------
      1 C                    -0.000000
  ----------------------------------------
  Sum of atomic charges =     0.000000

 -----------------------------------------------------------------
                    Cartesian Multipole Moments
 -----------------------------------------------------------------
    Charge (ESU x 10^10)
                -0.0000
    Dipole Moment (Debye)
         X       0.0000      Y      -0.0000      Z      -0.0000
       Tot       0.0000
    Quadrupole Moments (Debye-Ang)
        XX      -5.0724     XY      -0.0000     YY      -9.5402
        XZ       0.0000     YZ       0.0000     ZZ      -5.0724
    Octopole Moments (Debye-Ang^2)
       XXX       0.0000    XXY       0.0000    XYY       0.0000
       YYY       0.0000    XXZ       0.0000    XYZ       0.0000
       YYZ       0.0000    XZZ       0.0000    YZZ      -0.0000
       ZZZ       0.0000
    Hexadecapole Moments (Debye-Ang^3)
      XXXX      -5.4258   XXXY      -0.0000   XXYY      -3.6748
      XYYY      -0.0000   YYYY     -16.2592   XXXZ       0.0000
      XXYZ       0.0000   XYYZ       0.0000   YYYZ       0.0000
      XXZZ      -1.8086   XYZZ      -0.0000   YYZZ      -3.6748
      XZZZ       0.0000   YZZZ       0.0000   ZZZZ      -5.4258
 -----------------------------------------------------------------

 STANDARD THERMODYNAMIC QUANTITIES AT   298.15 K  AND     1.00 ATM

   Translational Enthalpy:        0.889 kcal/mol
   Rotational Enthalpy:           0.000 kcal/mol
   Vibrational Enthalpy:          0.000 kcal/mol
   gas constant (RT):             0.592 kcal/mol
   Translational Entropy:        33.398  cal/mol.K
   Rotational Entropy:            0.000  cal/mol.K
   Vibrational Entropy:           0.000  cal/mol.K

   Total Enthalpy:                1.481 kcal/mol
   Total Entropy:                33.398  cal/mol.K

 -----------------------------------------------------------------

 Total job time:  2.49s(wall), 2.28s(cpu) 
 Wed Jul 29 13:20:24 2026

        *************************************************************
        *                                                           *
        *  Thank you very much for using Q-Chem.  Have a nice day.  *
        *                                                           *
        *************************************************************


