
Running Job 1 of 1 dvb_bomd.in
qchem dvb_bomd.in_26032.0 /scratch/shannon.houck/qchem26032/ 1
/sw/qchem/release/7.0.0/exe/qcprog.exe_s dvb_bomd.in_26032.0 /scratch/shannon.houck/qchem26032/
                  Welcome to Q-Chem
     A Quantum Leap Into The Future Of Chemistry


 Q-Chem 7.0, Q-Chem, Inc., Pleasanton, CA (2026)

 License issued to: Q-Chem (site)

 S. Adibnia,  B. Alam,  B. J. Albrecht,  A. Aldossary,  E. Alguire,  
 J. H. Andersen,  A. D. Andres,  J. E. Arias-Martinez,  A. Aspuru-Guzik,  
 V. Athavale,  K. Begam,  A. Behn,  A. T. Bell,  N. Bellonzi,  Y. A. Bernard,  
 E. J. Berquist,  N. A. Besley,  R. Bi,  N. Bogo,  C. Brandt,  K. Bravaya,  
 D. R. Broderick,  B. R. Brooks,  H. G. A. Burton,  S. Camps,  A. Carreras,  
 K. Carter-Fenk,  D. Casanova,  J.-D. Chai,  A. Chakraborty,  R. Chakraborty,  
 J. Chen,  M. Chen,  T. Chen,  A. D. Chien,  M. Chow,  K. D. Closser,  
 V. Cofer-Shabica,  M. P. Coons,  S. Coriani,  S. J. Cotton,  C. J. Cramer,  
 G. Cserey,  L. Cunha,  A. L. Dempwolff,  J. Deng,  A. E. DePrince III,  
 J. D. DiCenso,  J. Dickinson,  M. Diedenhofen,  H. Dinh,  
 R. A. DiStasio Jr.,  L. B. Dittmer,  H. Do,  W. Dou,  A. Dreuw,  S. Ehlert,  
 E. Epifanovsky,  P.-T. Fang,  S. Faraji,  S. Fatehi,  Q. Feng,  X. Feng,  
 A. Ferino-Pérez,  J. Fetherolf,  S. Folkestad,  A. Fonlon,  Fošević,  
 T. Friedhoff,  T. Froitzheim,  T. R. Furlani,  A. Ganeshram,  B. Ganoe,  
 T. Gao,  S. M. Garner,  A. T. B. Gilbert,  P. M. W. Gill,  M. Gimferrer,  
 G. Giudetti,  W. A. Goddard III,  M. Goldey,  J. Gomes,  R. Goudy,  M. Gray,  
 S. Grimme,  S. Gulania,  A. O. Gunina,  J. A. Gyamfi,  S. Hammes-Schiffer,  
 F. Hampe,  P. H. P. Harbach,  A. W. Hauser,  M. Head-Gordon,  
 T. Head-Gordon,  W. J. Hehre,  J. M. Herbert,  M. F. Herbst,  M. Hodecker,  
 Z. C. Holden,  S. Houck,  C. Hsu,  X. Huang,  K. Hui,  B. C. Huynh,  
 K. Ikeda,  M. Ivanov,  L. D. Jacobson,  T. Jagau,  S. Jana,  N. K. Jayadev,  
 H. Ji,  H. Jiang,  Y. Jiang,  Z. Jin,  Y. Jung,  Á. Jász,  B. Kaduk,  
 L. de Kam,  R. Kang,  K. Khistyaev,  J. Kim,  L. Kim,  G. Kis,  N. Kissing,  
 A. Klamt,  J. H. Koh,  E. Kolodzeiski,  J. Kong,  D. Kosenkov,  
 T. Kowalczyk,  C. M. Krauter,  A. I. Krylov,  K. Kue,  T. Kus,  J. Kussmann,  
 I. Ladjánszki,  D. S. Lambrecht,  A. Landau,  C. W. Lander,  A. W. Lange,  
 K. U. Lao,  H. Laqua,  K. V. Lawler,  J. Lee,  D. Lefrancois,  S. Lehtola,  
 J. Leitner,  D. S. Levine,  C. Li,  R. Li,  S. Li,  T. E. Li,  X. Li,  
 Y.-P. Li,  J. Liang,  H.-H. Lin,  Y.-S. Lin,  H. Ling,  F. Liu,  J. Liu,  
 K.-Y. Liu,  X. Liu,  A. Luenser,  C. Malbon,  A. Mandal,  A. Manjanath,  
 P. U. Manohar,  E. Mansoor,  S. F. Manzer,  S.-P. Mao,  Y. Mao,  
 N. Mardirossian,  A. V. Marenich,  T. Markovich,  F. Matz,  S. A. Maurer,  
 S. May,  L. McCaslin,  C. W. McCurdy,  A. McIsaac,  P. F. McLaughlin,  
 J.-M. Mewes,  S. A. Mewes,  R. E. Moorby,  S. Moradi,  J. Morgenstein,  
 M. Mostafanejad,  M. Mukherjee,  A. Muller,  C. J. Mundy,  K. D. Nanda,  
 M. G. Navas,  M. Neal,  J. B. Neaton,  T. Neudecker,  A. Ni,  C. Ochsenfeld,  
 A. K. Ojha,  Q. Ou,  E. Paenurk,  G. Paran,  J. A. Parkhill,  
 V. Parravicini,  R. L. Patterson,  S. K. Paul,  Z. Pei,  D. Picconi,  
 F. Plasser,  P. Pokhilko,  J. Pottecher,  S. Prager,  E. I. Proynov,  
 A. F. Pérez,  S. Quiton,  H. Ram,  E. Ramos-Cordoba,  B. Rana,  A. E. Rask,  
 V. A. Rassolov,  D. R. Rehn,  H. Ren,  A. Rettig,  R. M. Richard,  
 P. J. Robinson,  E. Rossomme,  S. Roy,  Á. Rák,  P. Salvador,  P. Samal,  
 T. Scheele,  P. E. Schneider,  T. K. Schramm,  N. Sergueev,  Y. Shao,  
 S. M. Sharada,  M. Sharma,  H. Shen,  Y. Shen,  A. Singh,  W. Skomorowski,  
 L. Slipchenko,  S. Smiga,  R. P. Steele,  C. J. Stein,  A. J. Sterling,  
 Y. Su,  Y.-C. Su,  J. E. Subotnik,  E. J. Sundstrom,  J. Talbot,  Z. Tao,  
 H.-H. Teh,  J. Thirman,  A. J. W. Thom,  C. Titeca,  N. V. Tkachenko,  
 A. Tkatchenko,  R. Tomann,  G. J. Tornai,  D. G. Truhlar,  H.-Y. Tsai,  
 T. Tsuchimochi,  N. M. Tubman,  C. Utku,  S. P. Veccham,  M. L. Vidal,  
 C. Villot,  T. V. Voorhis,  O. Vydrov,  E. Wang,  Z. Wang,  J. Wenzel,  
 T. A. Wesolowski,  K. B. Whaley,  A. F. White,  J. Witek,  J. Wong,  H. Wu,  
 A. Yamada,  C.-H. Yang,  K. Yao,  S. Yeganeh,  J. T. Yi,  S. R. Yost,  
 Q. Yu,  F. Zeller,  I. Y. Zhang,  J. Zhang,  X. Zhang,  Y. Zhang,  Z. Zhang,  
 C. Zhao,  T. Zhao,  Y. Zhu,  P. Zimmerman,  D. Zuev

 Additional authors since Version 6.4.0: 
 H. Aksu,  F. Ballesteros,  C. Chakravarty,  A. M. Clark,  Y. Kim,  
 Q. Nguyen,  X. Pan,  R. Stein,  J. A. Tan,  M. G. S. Weiss,  R. Weiss,  
 M. Wormit,  Y. Wu

 Contributors to earlier versions of Q-Chem not listed above: 
 R. D. Adamson,  B. Austin,  R. Baer,  J. Baker,  D. Barton,  G. J. O. Beran,  
 K. Brandhorst,  K. Bravaya,  S. T. Brown,  E. F. C. Byrd,  
 A. K. Chakraborty,  G. K. L. Chan,  C.-M. Chang,  Y. Chen,  C.-L. Cheng,  
 S. H. Chien,  D. M. Chipman,  D. L. Crittenden,  H. Dachsel,  S. Dasgupta,  
 R. J. Doerksen,  B. Dunietz,  A. D. Dutoi,  R. G. Edgar,  J. Fosso-Tande,  
 L. Fusti-Molnar,  Z. Gan,  J. Gayvert,  Q. Ge,  D. Ghosh,  A. Ghysels,  
 G. Gidofalvi,  A. Golubeva-Zadorozhnaya,  J. Gonthier,  
 C. E. González-Espinoza,  M. S. Gordon,  S. R. Gwaltney,  D. Hait,  
 M. Hanson-Heine,  G. Hawkins,  J. E. Herr,  A. Heyden,  S. Hirata,  
 E. G. Hohenstein,  P. Horn,  I. Kaliman,  G. Kedziora,  F. J. Keil,  
 C. Kelley,  R. Z. Khaliullin,  J. Kim,  R. A. King,  P. Klunzinger,  
 Z. Koczor-Benda,  P. P. Korambath,  S. Kotaru,  L. Koulias,  A. Kunitsa,  
 W. Kurlancheek,  J. Kussmann,  S. Kähler,  D. S. Lambrecht,  A. Laurent,  
 A. M. Lee,  M. S. Lee,  S. V. Levchenko,  X. Li,  W. Liang,  M. Liebenthal,  
 C. Y. Lin,  D. Liotard,  E. Livshits,  R. C. Lochan,  M. Loipersberger,  
 I. Lotan,  H. Ma,  L. A. Martinez-Martinez,  P. E. Maslen,  S. Mason,  
 N. J. Mayhall,  S. C. McKenzie,  M. F. S. J. Menger,  P. Morgante,  
 A. F. Morrison,  J. W. Mullinax,  N. Nair,  D. Neuhauser,  E. Neuscamman,  
 C. M. Oana,  R. Olivares-Amaya,  R. Olson,  D. P. O'Neill,  
 K. J. Oosterbaan,  K. Paice,  A. C. Paul,  T. M. Perrine,  B. Peters,  
 R. Peverati,  P. A. Pieniazek,  S. Prasad,  A. Prociuk,  Y. M. Rhee,  
 J. Ritchie,  F. Rob,  M. A. Rohrdanz,  E. Rosta,  N. J. Russ,  
 H. F. Schaefer III,  M. Scheurer,  M. W. Schmidt,  M. Schneider,  
 N. E. Schultz,  S. Sharma,  N. Shenvi,  C. D. Sherrill,  A. C. Simmonett,  
 D. W. Small,  A. Sodt,  T. Stein,  D. Stuck,  K. S. Thanthiriwatte,  
 V. Vanovschi,  M. H. Vera,  L. Vogt,  F. Wang,  T. Wang,  A. Warshel,  
 M. A. Watson,  M. de Wergifosse,  C. F. Williams,  J. Witte,  
 H. L. Woodcock III,  Q. Wu,  X. Xu,  J. Yang,  Z.-Q. You,  A. Zech,  
 W. Zhang,  Y. Zhao

   Please cite Q-Chem as follows:
  "Software for the frontiers of quantum chemistry:
   An overview of developments in the Q-Chem 5 package"
   J. Chem. Phys. 155, 084801 (2021)
   https://doi.org/10.1063/5.0055522 (open access)

 Q-Chem 7.0.0 for Intel X86 EM64T Linux

 Parts of Q-Chem use Armadillo 12.8.2 (Cortisol Injector).
 http://arma.sourceforge.net/

 Q-Chem begins on Wed Jul 29 13:28:32 2026  

 Host: coreman6
0

 Scratch files written to /scratch/shannon.houck/qchem26032//
 Executable: /sw/qchem/release/7.0.0/exe/qcprog.exe_s
 Number of threads = 1
 Jul426 |scratch|qcdevops|jenkins|workspace|build_RNUM -1
 Processing $rem in /sw/qchem/release/7.0.0/config/preferences:
 Processing $rem in /hfnas/home/shannon.houck/.qchemrc:
 Symmetry disabled for AIMD jobs.

 Checking the input file for inconsistencies... 	...done.

--------------------------------------------------------------
User input:
--------------------------------------------------------------
$comment
 Divinylbenzene, Born-Oppenheimer molecular dynamics, RB3LYP/STO-3G
$end

$rem
 jobtype = aimd
 method = b3lyp
 basis = sto-3g
 aimd_init_veloc = thermal
 aimd_temp = 298
 time_step = 25
 aimd_steps = 35
 gui = 2
$end

$molecule
 0 1
 C                  0.27867948   -1.36683162    0.00000000
 C                  1.32303041   -0.44173575    0.00000000
 C                  1.04434506    0.92484978    0.00000000
 C                 -0.27867948    1.36683162    0.00000000
 C                 -1.32303041    0.44173575    0.00000000
 C                 -1.04434506   -0.92484978    0.00000000
 H                  2.36595443   -0.79037726    0.00000000
 H                  1.86746094    1.65407997    0.00000000
 H                 -2.36595443    0.79037726    0.00000000
 H                 -1.86746094   -1.65407997    0.00000000
 C                 -0.58659169    2.87589931    0.00000000
 C                  0.36350188    3.80076420    0.00000000
 H                 -1.65647768    3.12394312    0.00000000
 H                  0.14429560    4.87693235    0.00000000
 H                  1.43338788    3.55272039    0.00000000
 C                  0.58659169   -2.87589931    0.00000000
 C                 -0.36350188   -3.80076420    0.00000000
 H                  1.65647768   -3.12394312    0.00000000
 H                 -0.14429560   -4.87693235    0.00000000
 H                 -1.43338788   -3.55272039    0.00000000
$end
--------------------------------------------------------------
 ----------------------------------------------------------------
             Standard Nuclear Orientation (Angstroms)
    I     Atom           X                Y                Z
 ----------------------------------------------------------------
    1      C       0.2786794800    -1.3668316200     0.0000000000
    2      C       1.3230304100    -0.4417357500     0.0000000000
    3      C       1.0443450600     0.9248497800     0.0000000000
    4      C      -0.2786794800     1.3668316200     0.0000000000
    5      C      -1.3230304100     0.4417357500     0.0000000000
    6      C      -1.0443450600    -0.9248497800     0.0000000000
    7      H       2.3659544300    -0.7903772600     0.0000000000
    8      H       1.8674609400     1.6540799700     0.0000000000
    9      H      -2.3659544300     0.7903772600     0.0000000000
   10      H      -1.8674609400    -1.6540799700     0.0000000000
   11      C      -0.5865916900     2.8758993100     0.0000000000
   12      C       0.3635018800     3.8007642000     0.0000000000
   13      H      -1.6564776800     3.1239431200     0.0000000000
   14      H       0.1442956000     4.8769323500     0.0000000000
   15      H       1.4333878800     3.5527203900     0.0000000000
   16      C       0.5865916900    -2.8758993100     0.0000000000
   17      C      -0.3635018800    -3.8007642000     0.0000000000
   18      H       1.6564776800    -3.1239431200     0.0000000000
   19      H      -0.1442956000    -4.8769323500     0.0000000000
   20      H      -1.4333878800    -3.5527203900     0.0000000000
 ----------------------------------------------------------------
 Nuclear Repulsion Energy =         450.00613828 hartrees
 There are       35 alpha and       35 beta electrons
 Requested basis set is STO-3G
 There are 30 shells and 60 basis functions

 Total QAlloc Memory Limit   8000 MB
 Mega-Array Size       188 MB
 MEM_STATIC part       192 MB

 A cutoff of  1.0D-12 yielded    410 shell pairs
 There are      1790 function pairs
 Start forming overlap matrix
 Smallest overlap matrix eigenvalue = 1.71E-01

 Scale SEOQF with 1.000000e-01/1.000000e-01/1.000000e+00

 Standard Electronic Orientation quadrupole field applied
 Nucleus-field energy     =     0.0000000315 hartrees
 Guess from superposition of atomic densities
 Warning:  Energy on first SCF cycle will be non-variational
 SAD guess density has 70.000000 electrons

 -----------------------------------------------------------------------
  General SCF calculation program by
  Eric Jon Sundstrom, Paul Horn, Yuezhi Mao, Dmitri Zuev, Alec White,
  David Stuck, Shaama M.S., Shane Yost, Joonho Lee, David Small,
  Daniel Levine, Susi Lehtola, Hugh Burton, Evgeny Epifanovsky,
  Bang C. Huynh
 -----------------------------------------------------------------------
 Exchange:     0.2000 Hartree-Fock + 0.0800 Slater + 0.7200 B88
 Correlation:  0.1900 VWN1RPA + 0.8100 LYP
 Using SG-1 standard quadrature grid
 A restricted SCF calculation will be
 performed using DIIS
 SCF converges when DIIS error is below 1.0e-08
 User-specified cutoff of 10e-12
 used for neglect of 2-electron integrals.
 A cutoff of 10e-12
 used for neglect of overlap integrals.
 Incremental Fock algorithm is on at the start.
 ---------------------------------------
  Cycle       Energy         DIIS error
 ---------------------------------------
    1    -381.9237677560      1.39e-01  
    2    -382.2936824408      3.10e-03  
    3    -382.2938830840      3.37e-03  
    4    -382.2996488647      1.12e-03  
    5    -382.3003024142      3.23e-04  
    6    -382.3003582506      3.18e-05  
    7    -382.3003588625      4.08e-06  
    8    -382.3003588738      8.07e-07  
    9    -382.3003588743      2.35e-07  
   10    -382.3003588743      1.01e-07  
   11    -382.3003588743      8.88e-09  Convergence criterion met
 ---------------------------------------
 SCF time:   CPU 2.39s  wall 2.00s 
 SCF   energy =  -382.30035887
 Total energy =  -382.30035887
 Integrated density by DFT XC:
   Number of electrons = 70
   Numerical integral  =    70.000417077550
   Relative error      =     0.0005958251 %
 
 --------------------------------------------------------------
 
                    Orbital Energies (a.u.)
 --------------------------------------------------------------
 
 Alpha MOs
 -- Occupied --
-10.0179 -10.0179 -10.0076 -10.0076 -10.0067 -10.0066 -10.0056 -10.0055
 -9.9919  -9.9919  -0.8180  -0.7550  -0.7207  -0.7041  -0.6702  -0.5851
 -0.5606  -0.5319  -0.5121  -0.4619  -0.4385  -0.4104  -0.3996  -0.3971
 -0.3755  -0.3578  -0.3490  -0.3302  -0.3053  -0.2954  -0.2809  -0.2631
 -0.2160  -0.1975  -0.1601
 -- Virtual --
  0.0496   0.0907   0.1164   0.1815   0.2803   0.3192   0.3296   0.3654
  0.3703   0.4129   0.4160   0.4216   0.4457   0.4688   0.4959   0.5388
  0.5705   0.5868   0.6101   0.6265   0.6457   0.6928   0.7430   0.8062
  0.8160
 --------------------------------------------------------------
 
          Ground-State Mulliken Net Atomic Charges

     Atom                 Charge (a.u.)
  ----------------------------------------
      1 C                    -0.004104
      2 C                    -0.079244
      3 C                    -0.077213
      4 C                    -0.004104
      5 C                    -0.079244
      6 C                    -0.077213
      7 H                     0.078761
      8 H                     0.079722
      9 H                     0.078761
     10 H                     0.079722
     11 C                    -0.075268
     12 C                    -0.156380
     13 H                     0.078811
     14 H                     0.078363
     15 H                     0.076553
     16 C                    -0.075268
     17 C                    -0.156380
     18 H                     0.078811
     19 H                     0.078363
     20 H                     0.076553
  ----------------------------------------
  Sum of atomic charges =     0.000000

 -----------------------------------------------------------------
                    Cartesian Multipole Moments
 -----------------------------------------------------------------
    Charge (ESU x 10^10)
                -0.0000
    Dipole Moment (Debye)
         X      -0.0000      Y       0.0000      Z       0.0000
       Tot       0.0000
    Quadrupole Moments (Debye-Ang)
        XX     -50.1432     XY       0.1106     YY     -50.9644
        XZ       0.0000     YZ       0.0000     ZZ     -58.5742
    Octopole Moments (Debye-Ang^2)
       XXX      -0.0000    XXY      -0.0000    XYY      -0.0000
       YYY       0.0000    XXZ       0.0000    XYZ       0.0000
       YYZ       0.0000    XZZ      -0.0000    YZZ       0.0000
       ZZZ       0.0000
    Hexadecapole Moments (Debye-Ang^3)
      XXXX    -329.5801   XXXY      -3.5183   XXYY    -358.4239
      XYYY      -0.5442   YYYY   -1811.1624   XXXZ       0.0000
      XXYZ       0.0000   XYYZ       0.0000   YYYZ       0.0000
      XXZZ     -72.1347   XYZZ       0.0483   YYZZ    -356.7119
      XZZZ       0.0000   YZZZ       0.0000   ZZZZ     -47.5456
 -----------------------------------------------------------------
 Calculating analytic gradient of the SCF energy
 Gradient of SCF Energy
            1           2           3           4           5           6
    1  -0.0086089  -0.0191352  -0.0196976   0.0086089   0.0191352   0.0196976
    2   0.0505536  -0.0062266   0.0013703  -0.0505536   0.0062266  -0.0013703
    3   0.0000000   0.0000000   0.0000000   0.0000000  -0.0000000  -0.0000000
            7           8           9          10          11          12
    1   0.0012182   0.0014275  -0.0012182  -0.0014275   0.0045837  -0.0131558
    2   0.0002889   0.0033624  -0.0002889  -0.0033624   0.0393762  -0.0233324
    3   0.0000000   0.0000000   0.0000000   0.0000000   0.0000000  -0.0000000
           13          14          15          16          17          18
    1   0.0003258   0.0020089   0.0029374  -0.0045837   0.0131558  -0.0003258
    2  -0.0029907   0.0015188  -0.0002416  -0.0393762   0.0233324   0.0029907
    3  -0.0000000  -0.0000000   0.0000000  -0.0000000   0.0000000  -0.0000000
           19          20
    1  -0.0020089  -0.0029374
    2  -0.0015188   0.0002416
    3   0.0000000   0.0000000
 Max gradient component =       5.055E-02
 RMS gradient           =       1.385E-02
 Gradient time:  CPU 0.97 s  wall 0.98 s
=======================================================
            AB INITIO MOLECULAR DYNAMICS
=======================================================
 Created directory /scratch/shannon.houck/qchem26032/AIMD
AIMD will take 35 BOMD steps Velocity Verlet integration
Time step = 25.00000 a.u. ( = 0.60472 fs)
Total simulation time requested = 21.165 fs
Integral threshold = 10**(-12)
SCF convergence threshold = 10**(-8)
Generating viewable xyz trajectory,
 file (in Angstroms) at AIMD/View.xyz
Choosing nuclear velocities from Maxwell-Boltzmann
Velocities sampled from Maxwell-Boltzmann at T = 298.0 K
sqrt(kT/m) and (vx,vy,vz) for each atom:
  1   2.0771e-04   3.54e-05  -2.69e-05   4.29e-05 
  2   2.0771e-04  -3.74e-04  -1.15e-04  -3.87e-04 
  3   2.0771e-04   1.57e-04  -8.68e-05   1.51e-04 
  4   2.0771e-04   3.24e-05  -2.02e-04   1.46e-04 
  5   2.0771e-04  -1.41e-04  -3.48e-04   2.89e-04 
  6   2.0771e-04  -1.45e-04  -2.93e-04   4.05e-04 
  7   7.1671e-04  -1.01e-04  -9.35e-04  -9.65e-05 
  8   7.1671e-04   7.58e-05  -1.01e-03   1.47e-04 
  9   7.1671e-04  -9.26e-04   4.42e-04   9.69e-04 
 10   7.1671e-04   3.50e-04  -1.53e-04  -1.37e-03 
 11   2.0771e-04   1.24e-04  -2.18e-04   3.27e-04 
 12   2.0771e-04  -1.12e-04   2.13e-04   9.42e-05 
 13   7.1671e-04  -6.46e-04  -1.46e-03  -3.77e-04 
 14   7.1671e-04  -3.52e-04  -3.42e-04   1.68e-04 
 15   7.1671e-04  -9.37e-04   2.94e-04  -9.45e-04 
 16   2.0771e-04  -2.72e-05   4.77e-06   6.19e-05 
 17   2.0771e-04   1.83e-04   5.03e-05  -1.49e-04 
 18   7.1671e-04  -3.54e-04   7.12e-04  -2.44e-04 
 19   7.1671e-04  -1.06e-03  -3.56e-06   1.06e-03 
 20   7.1671e-04   8.50e-04   4.10e-04  -3.18e-04 
T(nuclear) = 0.02686500 a.u.
v(c.o.m.) = ( -4.8639e-05,  -1.1027e-04,   8.2715e-05)
T(c.o.m.) = 2.53336e-03 a.u.
kT/2 = 0.000472 a.u.
Tx   = 0.006990 a.u.
Ty   = 0.008696 a.u.
Tz   = 0.011179 a.u.
Mean velocities (a.u.):  -1.6850e-04  -1.5335e-04  -1.0720e-06
Removing c.o.m. velocity
T(nuclear) = 0.02979364 a.u.
v(c.o.m.) = (  1.8729e-21,   1.3110e-20,   3.3711e-20)
T(c.o.m.) = 1.55531e-34 a.u.
kT   = 0.000944 a.u. = 0.59 kcal/mol
Tx   = 0.006028 a.u. = 3.78 kcal/mol
Ty   = 0.009728 a.u. = 6.10 kcal/mol
Tz   = 0.014038 a.u. = 8.81 kcal/mol
Initial velocities in m/s
  1      1.3509e+02      7.1943e+01     -4.1883e+00 
  2     -7.6145e+02     -1.2179e+02     -9.4564e+02 
  3      4.0162e+02     -5.9220e+01      2.3197e+02 
  4      1.2848e+02     -3.1141e+02      2.2209e+02 
  5     -2.5039e+02     -6.3158e+02      5.3419e+02 
  6     -2.5900e+02     -5.1108e+02      7.8813e+02 
  7      4.6613e+02     -4.8923e+02     -1.3789e+03 
  8      8.5242e+02     -6.5489e+02     -8.4588e+02 
  9     -1.3385e+03      2.5245e+03      9.5160e+02 
 10      1.4521e+03      1.2226e+03     -4.1633e+03 
 11      3.2963e+02     -3.4684e+02      6.1628e+02 
 12     -1.8626e+02      5.9595e+02      1.0796e+02 
 13     -7.2693e+02     -1.6297e+03     -1.9931e+03 
 14     -8.3950e+01      8.0792e+02     -8.0027e+02 
 15     -1.3630e+03      2.1996e+03     -3.2362e+03 
 16     -1.8962e+00      1.4119e+02      3.7320e+01 
 17      4.5767e+02      2.4075e+02     -4.2321e+02 
 18     -8.7264e+01      3.1144e+03     -1.7015e+03 
 19     -1.6403e+03      1.5490e+03      1.1612e+03 
 20      2.5467e+03      2.4540e+03     -1.8640e+03 
----------------------------------------------------------------------------
       Nuclear coordinates (Angst) and velocities (a.u.)
----------------------------------------------------------------------------
             x        y        z            v_x         v_y        v_z
----------------------------------------------------------------------------
1      C    0.2787  -1.3668   0.0000     6.1751e-05   3.2885e-05  -1.9145e-06
2      C    1.3230  -0.4417   0.0000    -3.4806e-04  -5.5672e-05  -4.3225e-04
3      C    1.0443   0.9248   0.0000     1.8358e-04  -2.7070e-05   1.0603e-04
4      C   -0.2787   1.3668   0.0000     5.8729e-05  -1.4235e-04   1.0152e-04
5      C   -1.3230   0.4417   0.0000    -1.1445e-04  -2.8870e-04   2.4418e-04
6      C   -1.0443  -0.9248   0.0000    -1.1839e-04  -2.3362e-04   3.6026e-04
7      H    2.3660  -0.7904   0.0000     2.1307e-04  -2.2363e-04  -6.3032e-04
8      H    1.8675   1.6541   0.0000     3.8964e-04  -2.9935e-04  -3.8665e-04
9      H   -2.3660   0.7904   0.0000    -6.1183e-04   1.1540e-03   4.3498e-04
10     H   -1.8675  -1.6541   0.0000     6.6377e-04   5.5886e-04  -1.9030e-03
11     C   -0.5866   2.8759   0.0000     1.5067e-04  -1.5854e-04   2.8170e-04
12     C    0.3635   3.8008   0.0000    -8.5139e-05   2.7241e-04   4.9351e-05
13     H   -1.6565   3.1239   0.0000    -3.3228e-04  -7.4495e-04  -9.1107e-04
14     H    0.1443   4.8769   0.0000    -3.8374e-05   3.6930e-04  -3.6581e-04
15     H    1.4334   3.5527   0.0000    -6.2304e-04   1.0055e-03  -1.4793e-03
16     C    0.5866  -2.8759   0.0000    -8.6674e-07   6.4538e-05   1.7059e-05
17     C   -0.3635  -3.8008   0.0000     2.0920e-04   1.1005e-04  -1.9345e-04
18     H    1.6565  -3.1239   0.0000    -3.9889e-05   1.4236e-03  -7.7777e-04
19     H   -0.1443  -4.8769   0.0000    -7.4977e-04   7.0807e-04   5.3079e-04
20     H   -1.4334  -3.5527   0.0000     1.1641e-03   1.1217e-03  -8.5202e-04
----------------------------------------------------------------------------
Write nuclear velocities every 1 time steps

TIME STEP #1 (t = 0.000 a.u. = 0.00000 fs)
--------------------------------------
 Instantaneous Temperature = 313.6 K
 ----------------------------------------------------------------
             Standard Nuclear Orientation (Angstroms)
    I     Atom           X                Y                Z
 ----------------------------------------------------------------
    1      C       0.2795614918    -1.3667787407    -0.0000253273
    2      C       1.3185704300    -0.4424251893    -0.0057184751
    3      C       1.0469226420     0.9244813044     0.0014027599
    4      C      -0.2779676146     1.3653306329     0.0013430533
    5      C      -1.3246892296     0.4378693855     0.0032303697
    6      C      -1.0460601987    -0.9279300489     0.0047659902
    7      H       2.3686635883    -0.7933617207    -0.0083387463
    8      H       1.8724871970     1.6498170230    -0.0051151895
    9      H      -2.3739389619     0.8056694076     0.0057545330
   10      H      -1.8585511969    -1.6463838959    -0.0251761390
   11      C      -0.5846330249     2.8735042311     0.0037267963
   12      C       0.3624749912     3.8045444146     0.0006528813
   13      H      -1.6609028857     3.1143570073    -0.0120529833
   14      H       0.1436071116     4.8816812722    -0.0048394260
   15      H       1.4248810414     3.5660436847    -0.0195698103
   16      C       0.5866148752    -2.8747478364     0.0002256811
   17      C      -0.3608337075    -3.7994847174    -0.0025592531
   18      H       1.6559793014    -3.1053788830    -0.0102893933
   19      H      -0.1540338286    -4.8674282235     0.0070219875
   20      H      -1.4177228952    -3.5379023981    -0.0112717930
 ----------------------------------------------------------------
 Nuclear Repulsion Energy =         450.16514936 hartrees
 There are       35 alpha and       35 beta electrons
 Applying Cartesian multipole field
    Component          Value
    ---------          -----
     (2,0,0)        1.00000E-11
     (0,2,0)        2.00000E-11
     (0,0,2)       -3.00000E-10
 Nucleus-field energy     =     0.0000000315 hartrees
 Start forming overlap matrix
 Guess from superposition of atomic densities
 Warning:  Energy on first SCF cycle will be non-variational
 SAD guess density has 70.000000 electrons
 SCF convergence criterion is 10**(-8)

 -----------------------------------------------------------------------
  General SCF calculation program by
  Eric Jon Sundstrom, Paul Horn, Yuezhi Mao, Dmitri Zuev, Alec White,
  David Stuck, Shaama M.S., Shane Yost, Joonho Lee, David Small,
  Daniel Levine, Susi Lehtola, Hugh Burton, Evgeny Epifanovsky,
  Bang C. Huynh
 -----------------------------------------------------------------------
 Exchange:     0.2000 Hartree-Fock + 0.0800 Slater + 0.7200 B88
 Correlation:  0.1900 VWN1RPA + 0.8100 LYP
 Using SG-1 standard quadrature grid
 A restricted SCF calculation will be
 performed using DIIS
 SCF converges when DIIS error is below 1.0e-08
 User-specified cutoff of 10e-12
 used for neglect of 2-electron integrals.
 A cutoff of 10e-12
 used for neglect of overlap integrals.
 Incremental Fock algorithm is on at the start.
 ---------------------------------------
  Cycle       Energy         DIIS error
 ---------------------------------------
    1    -381.9370814830      1.39e-01  
    2    -382.2929335795      3.14e-03  
    3    -382.2928177007      3.48e-03  
    4    -382.2990455889      1.10e-03  
    5    -382.2996781396      3.18e-04  
    6    -382.2997323707      3.29e-05  
    7    -382.2997330063      6.22e-06  
    8    -382.2997330172      4.79e-06  
    9    -382.2997330301      5.59e-07  
   10    -382.2997330303      1.41e-07  
   11    -382.2997330303      8.23e-08  
   12    -382.2997330304      8.37e-09  Convergence criterion met
 ---------------------------------------
 SCF time:   CPU 2.60s  wall 2.00s 
 SCF   energy =  -382.29973303
 Total energy =  -382.29973303
 Integrated density by DFT XC:
   Number of electrons = 70
   Numerical integral  =    70.000433706281
   Relative error      =     0.0006195804 %
 Calculating analytic gradient of the SCF energy
 Gradient of SCF Energy
            1           2           3           4           5           6
    1  -0.0029563  -0.0295979  -0.0160544   0.0072102   0.0246180   0.0111087
    2   0.0519114  -0.0050179   0.0008942  -0.0488746  -0.0008647  -0.0098481
    3   0.0002097  -0.0012797   0.0013000  -0.0010773  -0.0004680   0.0024726
            7           8           9          10          11          12
    1   0.0066885   0.0013433  -0.0094081   0.0073663   0.0074950  -0.0046180
    2  -0.0013355   0.0026356   0.0045054   0.0049339   0.0364407  -0.0236649
    3   0.0001090  -0.0003054   0.0003885  -0.0016088   0.0015305   0.0014690
           13          14          15          16          17          18
    1  -0.0033450   0.0028901  -0.0044512  -0.0056136   0.0101230  -0.0034225
    2  -0.0030592   0.0024757   0.0023311  -0.0420430   0.0170061   0.0054876
    3  -0.0014344  -0.0001219  -0.0012594   0.0014028  -0.0003375  -0.0009941
           19          20
    1  -0.0041337   0.0047577
    2   0.0064677  -0.0003815
    3   0.0005872  -0.0005828
 Max gradient component =       5.191E-02
 RMS gradient           =       1.399E-02
 Gradient time:  CPU 0.97 s  wall 1.02 s
 Time for this dynamics step: 3.6 s (CPU) 3.8 s (wall)

TIME STEP #2 (t = 25.000 a.u. = 0.60472 fs)
--------------------------------------
 Instantaneous Temperature = 307.2 K
 ----------------------------------------------------------------
             Standard Nuclear Orientation (Angstroms)
    I     Atom           X                Y                Z
 ----------------------------------------------------------------
    1      C       0.2804882023    -1.3675107395    -0.0000538258
    2      C       1.3145579580    -0.4430387602    -0.0114176014
    3      C       1.0497429595     0.9240993093     0.0027858648
    4      C      -0.2773647652     1.3645686089     0.0027023943
    5      C      -1.3267202632     0.4340160955     0.0064678152
    6      C      -1.0479432963    -0.9308614186     0.0094945959
    7      H       2.3701686516    -0.7961057490    -0.0166971203
    8      H       1.8772716241     1.6450796063    -0.0101753954
    9      H      -2.3802297925     0.8201504613     0.0114391322
   10      H      -1.8509675681    -1.6395760528    -0.0500626606
   11      C      -0.5827876812     2.8705581835     0.0074304514
   12      C       0.3615179254     3.8086824328     0.0012835522
   13      H      -1.6647259019     3.1053216311    -0.0238477369
   14      H       0.1423983385     4.8859845006    -0.0096569158
   15      H       1.4171755237     3.5789473168    -0.0389128891
   16      C       0.5867229361    -2.8729606909     0.0004301524
   17      C      -0.3583185911    -3.7984623599    -0.0051134028
   18      H       1.6560970635    -3.0878025552    -0.0203998210
   19      H      -0.1630278912    -4.8590884455     0.0139382721
   20      H      -1.4029144131    -3.5230157243    -0.0224386669
 ----------------------------------------------------------------
 Nuclear Repulsion Energy =         450.28062585 hartrees
 There are       35 alpha and       35 beta electrons
 Applying Cartesian multipole field
    Component          Value
    ---------          -----
     (2,0,0)        1.00000E-11
     (0,2,0)        2.00000E-11
     (0,0,2)       -3.00000E-10
 Nucleus-field energy     =     0.0000000314 hartrees
 Start forming overlap matrix
 Guess from superposition of atomic densities
 Warning:  Energy on first SCF cycle will be non-variational
 SAD guess density has 70.000000 electrons
 SCF convergence criterion is 10**(-8)

 -----------------------------------------------------------------------
  General SCF calculation program by
  Eric Jon Sundstrom, Paul Horn, Yuezhi Mao, Dmitri Zuev, Alec White,
  David Stuck, Shaama M.S., Shane Yost, Joonho Lee, David Small,
  Daniel Levine, Susi Lehtola, Hugh Burton, Evgeny Epifanovsky,
  Bang C. Huynh
 -----------------------------------------------------------------------
 Exchange:     0.2000 Hartree-Fock + 0.0800 Slater + 0.7200 B88
 Correlation:  0.1900 VWN1RPA + 0.8100 LYP
 Using SG-1 standard quadrature grid
 A restricted SCF calculation will be
 performed using DIIS
 SCF converges when DIIS error is below 1.0e-08
 User-specified cutoff of 10e-12
 used for neglect of 2-electron integrals.
 A cutoff of 10e-12
 used for neglect of overlap integrals.
 Incremental Fock algorithm is on at the start.
 ---------------------------------------
  Cycle       Energy         DIIS error
 ---------------------------------------
    1    -381.9468502834      1.39e-01  
    2    -382.2910786391      3.17e-03  
    3    -382.2905995743      3.61e-03  
    4    -382.2973489032      1.09e-03  
    5    -382.2979615441      3.18e-04  
    6    -382.2980156112      3.67e-05  
    7    -382.2980163668      9.38e-06  
    8    -382.2980164008      5.48e-06  
    9    -382.2980164182      5.31e-07  
   10    -382.2980164184      2.32e-07  
   11    -382.2980164184      7.67e-08  
   12    -382.2980164184      8.68e-09  Convergence criterion met
 ---------------------------------------
 SCF time:   CPU 2.63s  wall 3.00s 
 SCF   energy =  -382.29801642
 Total energy =  -382.29801642
 Integrated density by DFT XC:
   Number of electrons = 70
   Numerical integral  =    70.000431426809
   Relative error      =     0.0006163240 %
 Calculating analytic gradient of the SCF energy
 Gradient of SCF Energy
            1           2           3           4           5           6
    1   0.0025796  -0.0380366  -0.0116708   0.0057118   0.0277541   0.0029603
    2   0.0518246  -0.0037853   0.0006065  -0.0459674  -0.0078976  -0.0172337
    3   0.0003878  -0.0024932   0.0025552  -0.0021671  -0.0009556   0.0044160
            7           8           9          10          11          12
    1   0.0107920   0.0008637  -0.0156423   0.0153383   0.0095901   0.0037514
    2  -0.0025735   0.0015874   0.0087953   0.0124426   0.0322424  -0.0224731
    3   0.0001975  -0.0005889   0.0007988  -0.0026647   0.0031298   0.0027093
           13          14          15          16          17          18
    1  -0.0067009   0.0038216  -0.0111869  -0.0068923   0.0066936  -0.0057458
    2  -0.0031106   0.0029189   0.0045663  -0.0429952   0.0104924   0.0076038
    3  -0.0029310  -0.0002655  -0.0022813   0.0027654  -0.0006440  -0.0019512
           19          20
    1  -0.0059383   0.0119575
    2   0.0138907  -0.0009347
    3   0.0010508  -0.0010681
 Max gradient component =       5.182E-02
 RMS gradient           =       1.466E-02
 Gradient time:  CPU 0.96 s  wall 1.01 s
 Time for this dynamics step: 3.7 s (CPU) 3.9 s (wall)

TIME STEP #3 (t = 50.000 a.u. = 1.20944 fs)
--------------------------------------
 Instantaneous Temperature = 289.7 K
 ----------------------------------------------------------------
             Standard Nuclear Orientation (Angstroms)
    I     Atom           X                Y                Z
 ----------------------------------------------------------------
    1      C       0.2813759096    -1.3690263044    -0.0000881878
    2      C       1.3111205833    -0.4435950988    -0.0170790313
    3      C       1.0527397350     0.9237081436     0.0041303367
    4      C      -0.2768482750     1.3645015929     0.0040945003
    5      C      -1.3291709276     0.4302822135     0.0097197085
    6      C      -1.0498711521    -0.9335322212     0.0141564335
    7      H       2.3697308862    -0.7983864851    -0.0250910570
    8      H       1.8819005691     1.6400564245    -0.0151295926
    9      H      -2.3837046084     0.8330481324     0.0169799344
   10      H      -1.8461452198    -1.6350081980    -0.0744694681
   11      C      -0.5810873363     2.8671246438     0.0110867852
   12      C       0.3605041394     3.8131602344     0.0018732596
   13      H      -1.6673425946     3.0968462422    -0.0351148278
   14      H       0.1405015787     4.8897622503    -0.0144266011
   15      H       1.4114839268     3.5910288968    -0.0578452799
   16      C       0.5869352061    -2.8705234767     0.0005928126
   17      C      -0.3559046785    -3.7975986429    -0.0076578161
   18      H       1.6572492223    -3.0715951108    -0.0301589749
   19      H      -0.1709529042    -4.8532493437     0.0206653833
   20      H      -1.3902585811    -3.5079607834    -0.0334132643
 ----------------------------------------------------------------
 Nuclear Repulsion Energy =         450.33873826 hartrees
 There are       35 alpha and       35 beta electrons
 Applying Cartesian multipole field
    Component          Value
    ---------          -----
     (2,0,0)        1.00000E-11
     (0,2,0)        2.00000E-11
     (0,0,2)       -3.00000E-10
 Nucleus-field energy     =     0.0000000314 hartrees
 Start forming overlap matrix
 Guess from superposition of atomic densities
 Warning:  Energy on first SCF cycle will be non-variational
 SAD guess density has 70.000000 electrons
 SCF convergence criterion is 10**(-8)

 -----------------------------------------------------------------------
  General SCF calculation program by
  Eric Jon Sundstrom, Paul Horn, Yuezhi Mao, Dmitri Zuev, Alec White,
  David Stuck, Shaama M.S., Shane Yost, Joonho Lee, David Small,
  Daniel Levine, Susi Lehtola, Hugh Burton, Evgeny Epifanovsky,
  Bang C. Huynh
 -----------------------------------------------------------------------
 Exchange:     0.2000 Hartree-Fock + 0.0800 Slater + 0.7200 B88
 Correlation:  0.1900 VWN1RPA + 0.8100 LYP
 Using SG-1 standard quadrature grid
 A restricted SCF calculation will be
 performed using DIIS
 SCF converges when DIIS error is below 1.0e-08
 User-specified cutoff of 10e-12
 used for neglect of 2-electron integrals.
 A cutoff of 10e-12
 used for neglect of overlap integrals.
 Incremental Fock algorithm is on at the start.
 ---------------------------------------
  Cycle       Energy         DIIS error
 ---------------------------------------
    1    -381.9512379205      1.39e-01  
    2    -382.2889273254      3.20e-03  
    3    -382.2881059483      3.71e-03  
    4    -382.2953323965      1.08e-03  
    5    -382.2959309090      3.21e-04  
    6    -382.2959861001      4.23e-05  
    7    -382.2959870845      1.15e-05  
    8    -382.2959871443      5.22e-06  
    9    -382.2959871603      5.91e-07  
   10    -382.2959871605      3.01e-07  
   11    -382.2959871606      6.82e-08  
   12    -382.2959871606      1.02e-08  
   13    -382.2959871606      6.07e-09  Convergence criterion met
 ---------------------------------------
 SCF time:   CPU 2.84s  wall 3.00s 
 SCF   energy =  -382.29598716
 Total energy =  -382.29598716
 Integrated density by DFT XC:
   Number of electrons = 70
   Numerical integral  =    70.000409716735
   Relative error      =     0.0005853096 %
 Calculating analytic gradient of the SCF energy
 Gradient of SCF Energy
            1           2           3           4           5           6
    1   0.0076702  -0.0437691  -0.0068214   0.0041817   0.0279815  -0.0028672
    2   0.0501966  -0.0026631   0.0004884  -0.0419540  -0.0144380  -0.0220206
    3   0.0005428  -0.0036479   0.0037457  -0.0032537  -0.0014293   0.0060580
            7           8           9          10          11          12
    1   0.0130277   0.0001177  -0.0192991   0.0207411   0.0105274   0.0105076
    2  -0.0032631   0.0003441   0.0122094   0.0175889   0.0270317  -0.0195599
    3   0.0002763  -0.0008415   0.0012047  -0.0034142   0.0047450   0.0037808
           13          14          15          16          17          18
    1  -0.0092654   0.0047757  -0.0159424  -0.0087965   0.0038836  -0.0069069
    2  -0.0032177   0.0027945   0.0061626  -0.0422053   0.0049756   0.0092586
    3  -0.0044318  -0.0004196  -0.0031438   0.0040867  -0.0009223  -0.0028788
           19          20
    1  -0.0071803   0.0174342
    2   0.0193347  -0.0010634
    3   0.0014253  -0.0014823
 Max gradient component =       5.020E-02
 RMS gradient           =       1.525E-02
 Gradient time:  CPU 0.97 s  wall 1.00 s
 Time for this dynamics step: 3.9 s (CPU) 4.1 s (wall)

TIME STEP #4 (t = 75.000 a.u. = 1.81416 fs)
--------------------------------------
 Instantaneous Temperature = 268.9 K
 ----------------------------------------------------------------
             Standard Nuclear Orientation (Angstroms)
    I     Atom           X                Y                Z
 ----------------------------------------------------------------
    1      C       0.2821476461    -1.3713008211    -0.0001307564
    2      C       1.3083449784    -0.4441111730    -0.0226853060
    3      C       1.0558396472     0.9233095933     0.0054181756
    4      C      -0.2763950101     1.3650689044     0.0055358006
    5      C      -1.3320446612     0.4267666275     0.0129932123
    6      C      -1.0517556569    -0.9358700808     0.0187266775
    7      H       2.3669477998    -0.8000797883    -0.0335347404
    8      H       1.8865083197     1.6349712961    -0.0199323031
    9      H      -2.3837050879     0.8437477941     0.0223038663
   10      H      -1.8450567954    -1.6336067972    -0.0982616399
   11      C      -0.5795461609     2.8632823962     0.0146713774
   12      C       0.3593314833     3.8179337737     0.0024058032
   13      H      -1.6682912750     3.0889501222    -0.0455840813
   14      H       0.1377450723     4.8930369118    -0.0191207412
   15      H       1.4086623749     3.6020010513    -0.0762117142
   16      C       0.5872804761    -2.8674481354     0.0006936835
   17      C      -0.3535494837    -3.7968101545    -0.0101882845
   18      H       1.6596447971    -3.0570544486    -0.0393998704
   19      H      -0.1775852894    -4.8508909715     0.0271359031
   20      H      -1.3807413421    -3.4927143976    -0.0441210101
 ----------------------------------------------------------------
 Nuclear Repulsion Energy =         450.32939430 hartrees
 There are       35 alpha and       35 beta electrons
 Applying Cartesian multipole field
    Component          Value
    ---------          -----
     (2,0,0)        1.00000E-11
     (0,2,0)        2.00000E-11
     (0,0,2)       -3.00000E-10
 Nucleus-field energy     =     0.0000000314 hartrees
 Start forming overlap matrix
 Guess from superposition of atomic densities
 Warning:  Energy on first SCF cycle will be non-variational
 SAD guess density has 70.000000 electrons
 SCF convergence criterion is 10**(-8)

 -----------------------------------------------------------------------
  General SCF calculation program by
  Eric Jon Sundstrom, Paul Horn, Yuezhi Mao, Dmitri Zuev, Alec White,
  David Stuck, Shaama M.S., Shane Yost, Joonho Lee, David Small,
  Daniel Levine, Susi Lehtola, Hugh Burton, Evgeny Epifanovsky,
  Bang C. Huynh
 -----------------------------------------------------------------------
 Exchange:     0.2000 Hartree-Fock + 0.0800 Slater + 0.7200 B88
 Correlation:  0.1900 VWN1RPA + 0.8100 LYP
 Using SG-1 standard quadrature grid
 A restricted SCF calculation will be
 performed using DIIS
 SCF converges when DIIS error is below 1.0e-08
 User-specified cutoff of 10e-12
 used for neglect of 2-electron integrals.
 A cutoff of 10e-12
 used for neglect of overlap integrals.
 Incremental Fock algorithm is on at the start.
 ---------------------------------------
  Cycle       Energy         DIIS error
 ---------------------------------------
    1    -381.9489101291      1.39e-01  
    2    -382.2873402646      3.22e-03  
    3    -382.2862688146      3.78e-03  
    4    -382.2938216222      1.07e-03  
    5    -382.2944158231      3.28e-04  
    6    -382.2944731599      4.85e-05  
    7    -382.2944744502      1.25e-05  
    8    -382.2944745249      5.02e-06  
    9    -382.2944745401      6.64e-07  
   10    -382.2944745403      3.46e-07  
   11    -382.2944745404      6.43e-08  
   12    -382.2944745404      1.14e-08  
   13    -382.2944745404      6.49e-09  Convergence criterion met
 ---------------------------------------
 SCF time:   CPU 2.79s  wall 3.00s 
 SCF   energy =  -382.29447454
 Total energy =  -382.29447454
 Integrated density by DFT XC:
   Number of electrons = 70
   Numerical integral  =    70.000373199556
   Relative error      =     0.0005331422 %
 Calculating analytic gradient of the SCF energy
 Gradient of SCF Energy
            1           2           3           4           5           6
    1   0.0120553  -0.0464228  -0.0018300   0.0026732   0.0251262  -0.0049384
    2   0.0469826  -0.0017276   0.0004732  -0.0369901  -0.0201261  -0.0230888
    3   0.0006872  -0.0047563   0.0048586  -0.0043190  -0.0018540   0.0078079
            7           8           9          10          11          12
    1   0.0131509  -0.0007180  -0.0201185   0.0222456   0.0101243   0.0145062
    2  -0.0033206  -0.0009363   0.0144946   0.0191698   0.0210565  -0.0149386
    3   0.0003586  -0.0010603   0.0015793  -0.0042915   0.0063089   0.0048143
           13          14          15          16          17          18
    1  -0.0107039   0.0057083  -0.0176929  -0.0114808   0.0025656  -0.0067314
    2  -0.0034230   0.0021502   0.0069134  -0.0397197   0.0014119   0.0104240
    3  -0.0058644  -0.0005709  -0.0039974   0.0053661  -0.0011807  -0.0037854
           19          20
    1  -0.0077100   0.0201911
    2   0.0216150  -0.0004200
    3   0.0017848  -0.0018858
 Max gradient component =       4.698E-02
 RMS gradient           =       1.515E-02
 Gradient time:  CPU 0.97 s  wall 1.01 s
 Time for this dynamics step: 3.8 s (CPU) 4.0 s (wall)

TIME STEP #5 (t = 100.000 a.u. = 2.41888 fs)
--------------------------------------
 Instantaneous Temperature = 253.2 K
 ----------------------------------------------------------------
             Standard Nuclear Orientation (Angstroms)
    I     Atom           X                Y                Z
 ----------------------------------------------------------------
    1      C       0.2827371112    -1.3742856952    -0.0001837152
    2      C       1.3062712674    -0.4446011261    -0.0282196677
    3      C       1.0589672281     0.9229038890     0.0066325547
    4      C      -0.2759821636     1.3661954915     0.0070424030
    5      C      -1.3352982930     0.4235553402     0.0162947484
    6      C      -1.0535654957    -0.9378588467     0.0231788690
    7      H       2.3617972197    -0.8011753053    -0.0420429770
    8      H       1.8912453346     1.6300547267    -0.0245441335
    9      H      -2.3800837177     0.8518380581     0.0273434795
   10      H      -1.8479731442    -1.6356564418    -0.1212812338
   11      C      -0.5781580607     2.8591217831     0.0181605812
   12      C       0.3579394994     3.8229331790     0.0028655559
   13      H      -1.6673129727     3.0816702363    -0.0549976014
   14      H       0.1339609290     4.8959244908    -0.0237121059
   15      H       1.4090259860     3.6117286121    -0.0938585162
   16      C       0.5877993306    -2.8637722487     0.0007134218
   17      C      -0.3512330790    -3.7960430128    -0.0127009005
   18      H       1.6632521961    -3.0443903645    -0.0479592911
   19      H      -0.1828296717    -4.8524238392     0.0332851082
   20      H      -1.3748590220    -3.4773924041    -0.0544892669
 ----------------------------------------------------------------
 Nuclear Repulsion Energy =         450.25057234 hartrees
 There are       35 alpha and       35 beta electrons
 Applying Cartesian multipole field
    Component          Value
    ---------          -----
     (2,0,0)        1.00000E-11
     (0,2,0)        2.00000E-11
     (0,0,2)       -3.00000E-10
 Nucleus-field energy     =     0.0000000314 hartrees
 Start forming overlap matrix
 Guess from superposition of atomic densities
 Warning:  Energy on first SCF cycle will be non-variational
 SAD guess density has 70.000000 electrons
 SCF convergence criterion is 10**(-8)

 -----------------------------------------------------------------------
  General SCF calculation program by
  Eric Jon Sundstrom, Paul Horn, Yuezhi Mao, Dmitri Zuev, Alec White,
  David Stuck, Shaama M.S., Shane Yost, Joonho Lee, David Small,
  Daniel Levine, Susi Lehtola, Hugh Burton, Evgeny Epifanovsky,
  Bang C. Huynh
 -----------------------------------------------------------------------
 Exchange:     0.2000 Hartree-Fock + 0.0800 Slater + 0.7200 B88
 Correlation:  0.1900 VWN1RPA + 0.8100 LYP
 Using SG-1 standard quadrature grid
 A restricted SCF calculation will be
 performed using DIIS
 SCF converges when DIIS error is below 1.0e-08
 User-specified cutoff of 10e-12
 used for neglect of 2-electron integrals.
 A cutoff of 10e-12
 used for neglect of overlap integrals.
 Incremental Fock algorithm is on at the start.
 ---------------------------------------
  Cycle       Energy         DIIS error
 ---------------------------------------
    1    -381.9395627063      1.39e-01  
    2    -382.2866932500      3.22e-03  
    3    -382.2855149785      3.81e-03  
    4    -382.2931716213      1.08e-03  
    5    -382.2937737642      3.37e-04  
    6    -382.2938340143      5.40e-05  
    7    -382.2938356256      1.29e-05  
    8    -382.2938357077      4.95e-06  
    9    -382.2938357226      7.31e-07  
   10    -382.2938357229      3.75e-07  
   11    -382.2938357229      6.27e-08  
   12    -382.2938357230      1.15e-08  
   13    -382.2938357230      6.32e-09  Convergence criterion met
 ---------------------------------------
 SCF time:   CPU 2.77s  wall 3.00s 
 SCF   energy =  -382.29383572
 Total energy =  -382.29383572
 Integrated density by DFT XC:
   Number of electrons = 70
   Numerical integral  =    70.000326949089
   Relative error      =     0.0004670701 %
 Calculating analytic gradient of the SCF energy
 Gradient of SCF Energy
            1           2           3           4           5           6
    1   0.0155751  -0.0459087   0.0029642   0.0012294   0.0192597  -0.0028835
    2   0.0422003  -0.0010163   0.0004656  -0.0312574  -0.0246462  -0.0202428
    3   0.0008347  -0.0058331   0.0058887  -0.0053439  -0.0021973   0.0100624
            7           8           9          10          11          12
    1   0.0111389  -0.0014460  -0.0180712   0.0195393   0.0083528   0.0152797
    2  -0.0027297  -0.0020871   0.0154921   0.0168904   0.0145487  -0.0088786
    3   0.0004578  -0.0012486   0.0018988  -0.0057207   0.0077518   0.0059549
           13          14          15          16          17          18
    1  -0.0108376   0.0065611  -0.0160735  -0.0148152   0.0031801  -0.0053040
    2  -0.0037437   0.0011343   0.0067711  -0.0356290   0.0002120   0.0111199
    3  -0.0071557  -0.0007076  -0.0050032   0.0065951  -0.0014308  -0.0046715
           19          20
    1  -0.0075252   0.0197845
    2   0.0201887   0.0012076
    3   0.0022153  -0.0023472
 Max gradient component =       4.591E-02
 RMS gradient           =       1.412E-02
 Gradient time:  CPU 0.97 s  wall 0.99 s
 Time for this dynamics step: 3.8 s (CPU) 4.0 s (wall)

TIME STEP #6 (t = 125.000 a.u. = 3.02361 fs)
--------------------------------------
 Instantaneous Temperature = 246.3 K
 ----------------------------------------------------------------
             Standard Nuclear Orientation (Angstroms)
    I     Atom           X                Y                Z
 ----------------------------------------------------------------
    1      C       0.2830910878    -1.3779086204    -0.0002492948
    2      C       1.3048916769    -0.4450757139    -0.0336658358
    3      C       1.0620499909     0.9224911444     0.0077578988
    4      C      -0.2755879047     1.3677946775     0.0086298028
    5      C      -1.3388431240     0.4207166929     0.0196295067
    6      C      -1.0553317376    -0.9395415505     0.0274789218
    7      H       2.3546413550    -0.8017794057    -0.0506336223
    8      H       1.8962426578     1.6255138808    -0.0289311817
    9      H      -2.3732090733     0.8571393445     0.0320412597
   10      H      -1.8544070637    -1.6407467934    -0.1432709545
   11      C      -0.5768962512     2.8547412003     0.0215325812
   12      C       0.3563164923     3.8280668250     0.0032352722
   13      H      -1.6643836347     3.0750643146    -0.0631229173
   14      H       0.1289956162     4.8986078734    -0.0281760771
   15      H       1.4122832430     3.6202372006    -0.1106046234
   16      C       0.5885421855    -2.8595576662     0.0006334456
   17      C      -0.3489647558    -3.7952790766    -0.0151918833
   18      H       1.6678144479    -3.0337281376    -0.0556777310
   19      H      -0.1867193310    -4.8575911844     0.0390354973
   20      H      -1.3725384140    -3.4622878059    -0.0644349704
 ----------------------------------------------------------------
 Nuclear Repulsion Energy =         450.10986002 hartrees
 There are       35 alpha and       35 beta electrons
 Applying Cartesian multipole field
    Component          Value
    ---------          -----
     (2,0,0)        1.00000E-11
     (0,2,0)        2.00000E-11
     (0,0,2)       -3.00000E-10
 Nucleus-field energy     =     0.0000000313 hartrees
 Start forming overlap matrix
 Guess from superposition of atomic densities
 Warning:  Energy on first SCF cycle will be non-variational
 SAD guess density has 70.000000 electrons
 SCF convergence criterion is 10**(-8)

 -----------------------------------------------------------------------
  General SCF calculation program by
  Eric Jon Sundstrom, Paul Horn, Yuezhi Mao, Dmitri Zuev, Alec White,
  David Stuck, Shaama M.S., Shane Yost, Joonho Lee, David Small,
  Daniel Levine, Susi Lehtola, Hugh Burton, Evgeny Epifanovsky,
  Bang C. Huynh
 -----------------------------------------------------------------------
 Exchange:     0.2000 Hartree-Fock + 0.0800 Slater + 0.7200 B88
 Correlation:  0.1900 VWN1RPA + 0.8100 LYP
 Using SG-1 standard quadrature grid
 A restricted SCF calculation will be
 performed using DIIS
 SCF converges when DIIS error is below 1.0e-08
 User-specified cutoff of 10e-12
 used for neglect of 2-electron integrals.
 A cutoff of 10e-12
 used for neglect of overlap integrals.
 Incremental Fock algorithm is on at the start.
 ---------------------------------------
  Cycle       Energy         DIIS error
 ---------------------------------------
    1    -381.9241052892      1.38e-01  
    2    -382.2866608788      3.20e-03  
    3    -382.2855310720      3.78e-03  
    4    -382.2930585054      1.10e-03  
    5    -382.2936812595      3.48e-04  
    6    -382.2937450570      5.84e-05  
    7    -382.2937469457      1.32e-05  
    8    -382.2937470318      4.97e-06  
    9    -382.2937470470      7.88e-07  
   10    -382.2937470473      3.98e-07  
   11    -382.2937470474      6.22e-08  
   12    -382.2937470474      1.11e-08  
   13    -382.2937470475      5.46e-09  Convergence criterion met
 ---------------------------------------
 SCF time:   CPU 2.79s  wall 3.00s 
 SCF   energy =  -382.29374705
 Total energy =  -382.29374705
 Integrated density by DFT XC:
   Number of electrons = 70
   Numerical integral  =    70.000273781231
   Relative error      =     0.0003911160 %
 Calculating analytic gradient of the SCF energy
 Gradient of SCF Energy
            1           2           3           4           5           6
    1   0.0181781  -0.0424168   0.0072475  -0.0001130   0.0106296   0.0024434
    2   0.0359375  -0.0005312   0.0003681  -0.0249550  -0.0277259  -0.0143487
    3   0.0009972  -0.0068927   0.0068375  -0.0063093  -0.0024329   0.0129830
            7           8           9          10          11          12
    1   0.0071856  -0.0018810  -0.0132997   0.0134817   0.0053232   0.0131769
    2  -0.0015409  -0.0029592   0.0151262   0.0115112   0.0077167  -0.0018878
    3   0.0005856  -0.0014148   0.0021446  -0.0078889   0.0090112   0.0072876
           13          14          15          16          17          18
    1  -0.0096426   0.0072666  -0.0115104  -0.0184131   0.0055862  -0.0029406
    2  -0.0041758  -0.0000208   0.0058568  -0.0300451   0.0011148   0.0114000
    3  -0.0082442  -0.0008231  -0.0062541   0.0077531  -0.0016806  -0.0055223
           19          20
    1  -0.0067709   0.0164692
    2   0.0153655   0.0037937
    3   0.0027735  -0.0029104
 Max gradient component =       4.242E-02
 RMS gradient           =       1.244E-02
 Gradient time:  CPU 0.96 s  wall 0.96 s
 Time for this dynamics step: 3.8 s (CPU) 4.0 s (wall)

TIME STEP #7 (t = 150.000 a.u. = 3.62833 fs)
--------------------------------------
 Instantaneous Temperature = 244.8 K
 ----------------------------------------------------------------
             Standard Nuclear Orientation (Angstroms)
    I     Atom           X                Y                Z
 ----------------------------------------------------------------
    1      C       0.2831702192    -1.3820749052    -0.0003299516
    2      C       1.3041534109    -0.4455422694    -0.0390077897
    3      C       1.0650231747     0.9220728346     0.0087798626
    4      C      -0.2751919379     1.3697711729     0.0103125960
    5      C      -1.3425486702     0.4182972496     0.0230010494
    6      C      -1.0571349231    -0.9410073079     0.0315826772
    7      H       2.3461919012    -0.8021061031    -0.0593296853
    8      H       1.9015786096     1.6215057740    -0.0330635301
    9      H      -2.3639401528     0.8597175304     0.0363529607
   10      H      -1.8632680344    -1.6479094491    -0.1638404655
   11      C      -0.5757149259     2.8502439438     0.0247683361
   12      C       0.3544942556     3.8332290135     0.0034948029
   13      H      -1.6597183902     3.0692101519    -0.0697640753
   14      H       0.1227221339     4.9012950041    -0.0324918717
   15      H       1.4176126628     3.6276914125    -0.1262248249
   16      C       0.5895634385    -2.8548888143     0.0004362451
   17      C      -0.3467808928    -3.7945319961    -0.0176574563
   18      H       1.6729060790    -3.0251182010    -0.0624020077
   19      H      -0.1893900599    -4.8655247107     0.0442865840
   20      H      -1.3731826756    -3.4478661771    -0.0738567325
 ----------------------------------------------------------------
 Nuclear Repulsion Energy =         449.92221662 hartrees
 There are       35 alpha and       35 beta electrons
 Applying Cartesian multipole field
    Component          Value
    ---------          -----
     (2,0,0)        1.00000E-11
     (0,2,0)        2.00000E-11
     (0,0,2)       -3.00000E-10
 Nucleus-field energy     =     0.0000000313 hartrees
 Start forming overlap matrix
 Guess from superposition of atomic densities
 Warning:  Energy on first SCF cycle will be non-variational
 SAD guess density has 70.000000 electrons
 SCF convergence criterion is 10**(-8)

 -----------------------------------------------------------------------
  General SCF calculation program by
  Eric Jon Sundstrom, Paul Horn, Yuezhi Mao, Dmitri Zuev, Alec White,
  David Stuck, Shaama M.S., Shane Yost, Joonho Lee, David Small,
  Daniel Levine, Susi Lehtola, Hugh Burton, Evgeny Epifanovsky,
  Bang C. Huynh
 -----------------------------------------------------------------------
 Exchange:     0.2000 Hartree-Fock + 0.0800 Slater + 0.7200 B88
 Correlation:  0.1900 VWN1RPA + 0.8100 LYP
 Using SG-1 standard quadrature grid
 A restricted SCF calculation will be
 performed using DIIS
 SCF converges when DIIS error is below 1.0e-08
 User-specified cutoff of 10e-12
 used for neglect of 2-electron integrals.
 A cutoff of 10e-12
 used for neglect of overlap integrals.
 Incremental Fock algorithm is on at the start.
 ---------------------------------------
  Cycle       Energy         DIIS error
 ---------------------------------------
    1    -381.9044003391      1.38e-01  
    2    -382.2864836063      3.17e-03  
    3    -382.2855300313      3.71e-03  
    4    -382.2927439316      1.13e-03  
    5    -382.2933982957      3.59e-04  
    6    -382.2934662786      6.12e-05  
    7    -382.2934683662      1.35e-05  
    8    -382.2934684561      5.05e-06  
    9    -382.2934684719      8.40e-07  
   10    -382.2934684723      4.18e-07  
   11    -382.2934684725      6.26e-08  
   12    -382.2934684725      1.12e-08  
   13    -382.2934684725      4.63e-09  Convergence criterion met
 ---------------------------------------
 SCF time:   CPU 2.79s  wall 3.00s 
 SCF   energy =  -382.29346847
 Total energy =  -382.29346847
 Integrated density by DFT XC:
   Number of electrons = 70
   Numerical integral  =    70.000215320802
   Relative error      =     0.0003076011 %
 Calculating analytic gradient of the SCF energy
 Gradient of SCF Energy
            1           2           3           4           5           6
    1   0.0199040  -0.0364405   0.0107723  -0.0013204  -0.0003104   0.0094155
    2   0.0283549  -0.0002265   0.0001072  -0.0182921  -0.0291918  -0.0069348
    3   0.0011828  -0.0079450   0.0077103  -0.0071979  -0.0025455   0.0164188
            7           8           9          10          11          12
    1   0.0017285  -0.0018857  -0.0061557   0.0056693   0.0012740   0.0091842
    2   0.0001173  -0.0034482   0.0134292   0.0044657   0.0007435   0.0053749
    3   0.0007487  -0.0015695   0.0023065  -0.0106647   0.0100415   0.0087941
           13          14          15          16          17          18
    1  -0.0072476   0.0077554  -0.0050422  -0.0217333   0.0091327  -0.0001025
    2  -0.0046957  -0.0010352   0.0044118  -0.0230950   0.0033303   0.0113353
    3  -0.0090895  -0.0009175  -0.0077296   0.0088079  -0.0019300  -0.0063083
           19          20
    1  -0.0056844   0.0110870
    2   0.0081818   0.0070674
    3   0.0034594  -0.0035724
 Max gradient component =       3.644E-02
 RMS gradient           =       1.088E-02
 Gradient time:  CPU 1.02 s  wall 1.05 s
 Time for this dynamics step: 3.9 s (CPU) 4.1 s (wall)

TIME STEP #8 (t = 175.000 a.u. = 4.23305 fs)
--------------------------------------
 Instantaneous Temperature = 241.4 K
 ----------------------------------------------------------------
             Standard Nuclear Orientation (Angstroms)
    I     Atom           X                Y                Z
 ----------------------------------------------------------------
    1      C       0.2829484104    -1.3866699047    -0.0004284920
    2      C       1.3039661106    -0.4460054002    -0.0442296177
    3      C       1.0678334859     0.9216529045     0.0096852495
    4      C      -0.2747760066     1.3720242367     0.0121042189
    5      C      -1.3462495235     0.4163191745     0.0264110785
    6      C      -1.0590804669    -0.9423682138     0.0354381871
    7      H       2.3374312797    -0.8024539158    -0.0681605321
    8      H       1.9072540358     1.6181184274    -0.0369133293
    9      H      -2.3535630487     0.8598781118     0.0402494404
   10      H      -1.8731496172    -1.6558760522    -0.1824900617
   11      C      -0.5745528626     2.8457354464     0.0278522679
   12      C       0.3525331570     3.8383099353     0.0036213705
   13      H      -1.6537483912     3.0642013409    -0.0747688961
   14      H       0.1150524835     4.9041685058    -0.0366424855
   15      H       1.4238498106     3.6343513949    -0.1404535002
   16      C       0.5909132894    -2.8498707763     0.0001058728
   17      C      -0.3447351121    -3.7938352681    -0.0200938479
   18      H       1.6780161683    -3.0185489120    -0.0679906274
   19      H      -0.1910374453    -4.8749311688     0.0489148875
   20      H      -1.3758228859    -3.4347168558    -0.0826353752
 ----------------------------------------------------------------
 Nuclear Repulsion Energy =         449.70531867 hartrees
 There are       35 alpha and       35 beta electrons
 Applying Cartesian multipole field
    Component          Value
    ---------          -----
     (2,0,0)        1.00000E-11
     (0,2,0)        2.00000E-11
     (0,0,2)       -3.00000E-10
 Nucleus-field energy     =     0.0000000313 hartrees
 Start forming overlap matrix
 Guess from superposition of atomic densities
 Warning:  Energy on first SCF cycle will be non-variational
 SAD guess density has 70.000000 electrons
 SCF convergence criterion is 10**(-8)

 -----------------------------------------------------------------------
  General SCF calculation program by
  Eric Jon Sundstrom, Paul Horn, Yuezhi Mao, Dmitri Zuev, Alec White,
  David Stuck, Shaama M.S., Shane Yost, Joonho Lee, David Small,
  Daniel Levine, Susi Lehtola, Hugh Burton, Evgeny Epifanovsky,
  Bang C. Huynh
 -----------------------------------------------------------------------
 Exchange:     0.2000 Hartree-Fock + 0.0800 Slater + 0.7200 B88
 Correlation:  0.1900 VWN1RPA + 0.8100 LYP
 Using SG-1 standard quadrature grid
 A restricted SCF calculation will be
 performed using DIIS
 SCF converges when DIIS error is below 1.0e-08
 User-specified cutoff of 10e-12
 used for neglect of 2-electron integrals.
 A cutoff of 10e-12
 used for neglect of overlap integrals.
 Incremental Fock algorithm is on at the start.
 ---------------------------------------
  Cycle       Energy         DIIS error
 ---------------------------------------
    1    -381.8826916665      1.38e-01  
    2    -382.2854947285      3.14e-03  
    3    -382.2847933251      3.62e-03  
    4    -382.2915918286      1.16e-03  
    5    -382.2922852733      3.72e-04  
    6    -382.2923581161      6.28e-05  
    7    -382.2923603189      1.38e-05  
    8    -382.2923604135      5.19e-06  
    9    -382.2923604303      8.91e-07  
   10    -382.2923604307      4.39e-07  
   11    -382.2923604309      6.40e-08  
   12    -382.2923604309      1.30e-08  
   13    -382.2923604309      5.49e-09  Convergence criterion met
 ---------------------------------------
 SCF time:   CPU 3.31s  wall 4.00s 
 SCF   energy =  -382.29236043
 Total energy =  -382.29236043
 Integrated density by DFT XC:
   Number of electrons = 70
   Numerical integral  =    70.000154248745
   Relative error      =     0.0002203554 %
 Calculating analytic gradient of the SCF energy
 Gradient of SCF Energy
            1           2           3           4           5           6
    1   0.0208514  -0.0287983   0.0133903  -0.0023632  -0.0127926   0.0163153
    2   0.0196836   0.0000137  -0.0003439  -0.0114808  -0.0290680   0.0004252
    3   0.0013961  -0.0089897   0.0085127  -0.0079953  -0.0025345   0.0200032
            7           8           9          10          11          12
    1  -0.0045210  -0.0013978   0.0026894  -0.0022261  -0.0034313   0.0045532
    2   0.0020240  -0.0035132   0.0106043  -0.0027366  -0.0062147   0.0122275
    3   0.0009438  -0.0017219   0.0023860  -0.0136934   0.0108216   0.0103626
           13          14          15          16          17          18
    1  -0.0039316   0.0079663   0.0020419  -0.0242136   0.0129013   0.0027105
    2  -0.0052585  -0.0016344   0.0027204  -0.0149331   0.0058569   0.0110010
    3  -0.0096799  -0.0009985  -0.0093048   0.0097203  -0.0021734  -0.0069900
           19          20
    1  -0.0045166   0.0047723
    2   0.0000268   0.0105998
    3   0.0042186  -0.0042835
 Max gradient component =       2.907E-02
 RMS gradient           =       1.038E-02
 Gradient time:  CPU 1.02 s  wall 1.06 s
 Time for this dynamics step: 4.4 s (CPU) 4.6 s (wall)

TIME STEP #9 (t = 200.000 a.u. = 4.83777 fs)
--------------------------------------
 Instantaneous Temperature = 229.7 K
 ----------------------------------------------------------------
             Standard Nuclear Orientation (Angstroms)
    I     Atom           X                Y                Z
 ----------------------------------------------------------------
    1      C       0.2824113366    -1.3915625118    -0.0005481405
    2      C       1.3042142288    -0.4464687385    -0.0493155259
    3      C       1.0704413419     0.9212381746     0.0104619276
    4      C      -0.2743243441     1.3744508856     0.0140167270
    5      C      -1.3497569587     0.4147805955     0.0298594280
    6      C      -1.0612726917    -0.9437355486     0.0389912575
    7      H       2.3294845487    -0.8031661043    -0.0771612932
    8      H       1.9131810996     1.6153635453    -0.0404531366
    9      H      -2.3436701029     0.8581296468     0.0437163748
   10      H      -1.8826304477    -1.6633500020    -0.1986744973
   11      C      -0.5733389200     2.8413209128     0.0307725816
   12      C       0.3505032161     3.8432059825     0.0035912593
   13      H      -1.6470705975     3.0601391861    -0.0780310858
   14      H       0.1059486989     4.9073362486    -0.0406133386
   15      H       1.4297193611     3.6405216317    -0.1530070745
   16      C       0.5926292397    -2.8446269565    -0.0003714661
   17      C      -0.3428843943    -3.7932270935    -0.0224973785
   18      H       1.6826382901    -3.0139600877    -0.0723208652
   19      H      -0.1918717321    -4.8843424502     0.0527837318
   20      H      -1.3793222353    -3.4234757650    -0.0906428716
 ----------------------------------------------------------------
 Nuclear Repulsion Energy =         449.47502602 hartrees
 There are       35 alpha and       35 beta electrons
 Applying Cartesian multipole field
    Component          Value
    ---------          -----
     (2,0,0)        1.00000E-11
     (0,2,0)        2.00000E-11
     (0,0,2)       -3.00000E-10
 Nucleus-field energy     =     0.0000000313 hartrees
 Start forming overlap matrix
 Guess from superposition of atomic densities
 Warning:  Energy on first SCF cycle will be non-variational
 SAD guess density has 70.000000 electrons
 SCF convergence criterion is 10**(-8)

 -----------------------------------------------------------------------
  General SCF calculation program by
  Eric Jon Sundstrom, Paul Horn, Yuezhi Mao, Dmitri Zuev, Alec White,
  David Stuck, Shaama M.S., Shane Yost, Joonho Lee, David Small,
  Daniel Levine, Susi Lehtola, Hugh Burton, Evgeny Epifanovsky,
  Bang C. Huynh
 -----------------------------------------------------------------------
 Exchange:     0.2000 Hartree-Fock + 0.0800 Slater + 0.7200 B88
 Correlation:  0.1900 VWN1RPA + 0.8100 LYP
 Using SG-1 standard quadrature grid
 A restricted SCF calculation will be
 performed using DIIS
 SCF converges when DIIS error is below 1.0e-08
 User-specified cutoff of 10e-12
 used for neglect of 2-electron integrals.
 A cutoff of 10e-12
 used for neglect of overlap integrals.
 Incremental Fock algorithm is on at the start.
 ---------------------------------------
  Cycle       Energy         DIIS error
 ---------------------------------------
    1    -381.8610100662      1.37e-01  
    2    -382.2835341127      3.10e-03  
    3    -382.2831030743      3.52e-03  
    4    -382.2894714403      1.19e-03  
    5    -382.2902066997      3.86e-04  
    6    -382.2902849644      6.34e-05  
    7    -382.2902872140      1.42e-05  
    8    -382.2902873145      5.37e-06  
    9    -382.2902873325      9.41e-07  
   10    -382.2902873330      4.59e-07  
   11    -382.2902873332      6.63e-08  
   12    -382.2902873332      1.60e-08  
   13    -382.2902873332      6.90e-09  Convergence criterion met
 ---------------------------------------
 SCF time:   CPU 2.84s  wall 3.00s 
 SCF   energy =  -382.29028733
 Total energy =  -382.29028733
 Integrated density by DFT XC:
   Number of electrons = 70
   Numerical integral  =    70.000095021128
   Relative error      =     0.0001357445 %
 Calculating analytic gradient of the SCF energy
 Gradient of SCF Energy
            1           2           3           4           5           6
    1   0.0211439  -0.0205973   0.0150679  -0.0032176  -0.0256231   0.0218134
    2   0.0102151   0.0003839  -0.0009548  -0.0047300  -0.0276709   0.0065442
    3   0.0016383  -0.0100090   0.0092469  -0.0086897  -0.0024165   0.0233149
            7           8           9          10          11          12
    1  -0.0105997  -0.0004431   0.0121334  -0.0089189  -0.0083110   0.0004428
    2   0.0038677  -0.0031851   0.0070921  -0.0089328  -0.0130283   0.0180895
    3   0.0011522  -0.0018766   0.0023990  -0.0165591   0.0113596   0.0118334
           13          14          15          16          17          18
    1  -0.0001146   0.0078558   0.0085481  -0.0253853   0.0159856   0.0050527
    2  -0.0057964  -0.0016086   0.0010429  -0.0057632   0.0077914   0.0104693
    3  -0.0100358  -0.0010783  -0.0107997   0.0104522  -0.0024037  -0.0075275
           19          20
    1  -0.0034711  -0.0013620
    2  -0.0077554   0.0139295
    3   0.0049659  -0.0049666
 Max gradient component =       2.767E-02
 RMS gradient           =       1.126E-02
 Gradient time:  CPU 0.95 s  wall 0.99 s
 Time for this dynamics step: 3.9 s (CPU) 4.1 s (wall)

TIME STEP #10 (t = 225.000 a.u. = 5.44249 fs)
--------------------------------------
 Instantaneous Temperature = 208.2 K
 ----------------------------------------------------------------
             Standard Nuclear Orientation (Angstroms)
    I     Atom           X                Y                Z
 ----------------------------------------------------------------
    1      C       0.2815545756    -1.3966095663    -0.0006925601
    2      C       1.3047737694    -0.4469378812    -0.0542501018
    3      C       1.0728213769     0.9208378804     0.0110987958
    4      C      -0.2738240325     1.3769490498     0.0160606195
    5      C      -1.3528769839     0.4136603898     0.0333443142
    6      C      -1.0637947257    -0.9452018293     0.0421918168
    7      H       2.3234460253    -0.8045745736    -0.0863694865
    8      H       1.9191879376     1.6131820624    -0.0436551128
    9      H      -2.3359614832     0.8551044247     0.0467514342
   10      H      -1.8905056408    -1.6692158203    -0.2118778680
   11      C      -0.5719993193     2.8371033619     0.0335211429
   12      C       0.3484665801     3.8478285236     0.0033822321
   13      H      -1.6403721705     3.0571205361    -0.0794865786
   14      H       0.0954306728     4.9107935788    -0.0443900669
   15      H       1.4340500276     3.6465041151    -0.1636164318
   16      C       0.5947290052    -2.8392960000    -0.0010068383
   17      C      -0.3412753722    -3.7927367213    -0.0248645669
   18      H       1.6863507999    -3.0112559949    -0.0752959543
   19      H      -0.1920811337    -4.8923575551     0.0557585823
   20      H      -1.3825763836    -3.4147423336    -0.0977562578
 ----------------------------------------------------------------
 Nuclear Repulsion Energy =         449.24292367 hartrees
 There are       35 alpha and       35 beta electrons
 Applying Cartesian multipole field
    Component          Value
    ---------          -----
     (2,0,0)        1.00000E-11
     (0,2,0)        2.00000E-11
     (0,0,2)       -3.00000E-10
 Nucleus-field energy     =     0.0000000313 hartrees
 Start forming overlap matrix
 Guess from superposition of atomic densities
 Warning:  Energy on first SCF cycle will be non-variational
 SAD guess density has 70.000000 electrons
 SCF convergence criterion is 10**(-8)

 -----------------------------------------------------------------------
  General SCF calculation program by
  Eric Jon Sundstrom, Paul Horn, Yuezhi Mao, Dmitri Zuev, Alec White,
  David Stuck, Shaama M.S., Shane Yost, Joonho Lee, David Small,
  Daniel Levine, Susi Lehtola, Hugh Burton, Evgeny Epifanovsky,
  Bang C. Huynh
 -----------------------------------------------------------------------
 Exchange:     0.2000 Hartree-Fock + 0.0800 Slater + 0.7200 B88
 Correlation:  0.1900 VWN1RPA + 0.8100 LYP
 Using SG-1 standard quadrature grid
 A restricted SCF calculation will be
 performed using DIIS
 SCF converges when DIIS error is below 1.0e-08
 User-specified cutoff of 10e-12
 used for neglect of 2-electron integrals.
 A cutoff of 10e-12
 used for neglect of overlap integrals.
 Incremental Fock algorithm is on at the start.
 ---------------------------------------
  Cycle       Energy         DIIS error
 ---------------------------------------
    1    -381.8408217188      1.37e-01  
    2    -382.2810313114      3.07e-03  
    3    -382.2808368053      3.44e-03  
    4    -382.2868342788      1.22e-03  
    5    -382.2876092618      3.99e-04  
    6    -382.2876930942      6.33e-05  
    7    -382.2876953458      1.47e-05  
    8    -382.2876954525      5.60e-06  
    9    -382.2876954721      9.86e-07  
   10    -382.2876954726      4.80e-07  
   11    -382.2876954728      6.92e-08  
   12    -382.2876954728      1.93e-08  
   13    -382.2876954728      7.77e-09  Convergence criterion met
 ---------------------------------------
 SCF time:   CPU 2.80s  wall 3.00s 
 SCF   energy =  -382.28769547
 Total energy =  -382.28769547
 Integrated density by DFT XC:
   Number of electrons = 70
   Numerical integral  =    70.000042640916
   Relative error      =     0.0000609156 %
 Calculating analytic gradient of the SCF energy
 Gradient of SCF Energy
            1           2           3           4           5           6
    1   0.0209027  -0.0130866   0.0158815  -0.0038694  -0.0371888   0.0251076
    2   0.0002868   0.0011296  -0.0016392   0.0017621  -0.0256223   0.0107319
    3   0.0019091  -0.0109658   0.0099100  -0.0092723  -0.0022218   0.0259997
            7           8           9          10          11          12
    1  -0.0154215   0.0008698   0.0206511  -0.0136409  -0.0127946  -0.0022892
    2   0.0052837  -0.0025588   0.0035743  -0.0134177  -0.0195930   0.0225702
    3   0.0013370  -0.0020312   0.0023723  -0.0189084   0.0116916   0.0130478
           13          14          15          16          17          18
    1   0.0036740   0.0074065   0.0135764  -0.0249428   0.0176879   0.0065896
    2  -0.0062216  -0.0008631  -0.0004228   0.0041439   0.0085068   0.0098063
    3  -0.0102067  -0.0011695  -0.0120337   0.0109734  -0.0026135  -0.0078888
           19          20
    1  -0.0026820  -0.0064313
    2  -0.0141172   0.0166602
    3   0.0056125  -0.0055417
 Max gradient component =       3.719E-02
 RMS gradient           =       1.288E-02
 Gradient time:  CPU 0.95 s  wall 0.98 s
 Time for this dynamics step: 3.8 s (CPU) 4.0 s (wall)

TIME STEP #11 (t = 250.000 a.u. = 6.04721 fs)
--------------------------------------
 Instantaneous Temperature = 181.4 K
 ----------------------------------------------------------------
             Standard Nuclear Orientation (Angstroms)
    I     Atom           X                Y                Z
 ----------------------------------------------------------------
    1      C       0.2803817745    -1.4016609571    -0.0008658439
    2      C       1.3055311746    -0.4474241037    -0.0590188799
    3      C       1.0749612910     0.9204623707     0.0115858285
    4      C      -0.2732652168     1.3794205722     0.0182447059
    5      C      -1.3554347304     0.4129275820     0.0368627927
    6      C      -1.0666963756    -0.9468303717     0.0449992715
    7      H       2.3201837568    -0.8069342384    -0.0958183701
    8      H       1.9250381841     1.6114612309    -0.0464914218
    9      H      -2.3319705776     0.8514357333     0.0493594277
   10      H      -1.8959251268    -1.6726661189    -0.2216772550
   11      C      -0.5704662693     2.8331820492     0.0360929326
   12      C       0.3464645559     3.8521098132     0.0029759274
   13      H      -1.6343351588     3.0552219246    -0.0791046126
   14      H       0.0835792930     4.9144062913    -0.0479562472
   15      H       1.4359365905     3.6525627159    -0.1720594097
   16      C       0.5972058952    -2.8340276976    -0.0018081234
   17      C      -0.3399337834    -3.7923749683    -0.0271922407
   18      H       1.6888770070    -3.0103172777    -0.0768508664
   19      H      -0.1918077158    -4.8978312037     0.0577230401
   20      H      -1.3846727338    -3.4090081546    -0.1038720018
 ----------------------------------------------------------------
 Nuclear Repulsion Energy =         449.01644609 hartrees
 There are       35 alpha and       35 beta electrons
 Applying Cartesian multipole field
    Component          Value
    ---------          -----
     (2,0,0)        1.00000E-11
     (0,2,0)        2.00000E-11
     (0,0,2)       -3.00000E-10
 Nucleus-field energy     =     0.0000000313 hartrees
 Start forming overlap matrix
 Guess from superposition of atomic densities
 Warning:  Energy on first SCF cycle will be non-variational
 SAD guess density has 70.000000 electrons
 SCF convergence criterion is 10**(-8)

 -----------------------------------------------------------------------
  General SCF calculation program by
  Eric Jon Sundstrom, Paul Horn, Yuezhi Mao, Dmitri Zuev, Alec White,
  David Stuck, Shaama M.S., Shane Yost, Joonho Lee, David Small,
  Daniel Levine, Susi Lehtola, Hugh Burton, Evgeny Epifanovsky,
  Bang C. Huynh
 -----------------------------------------------------------------------
 Exchange:     0.2000 Hartree-Fock + 0.0800 Slater + 0.7200 B88
 Correlation:  0.1900 VWN1RPA + 0.8100 LYP
 Using SG-1 standard quadrature grid
 A restricted SCF calculation will be
 performed using DIIS
 SCF converges when DIIS error is below 1.0e-08
 User-specified cutoff of 10e-12
 used for neglect of 2-electron integrals.
 A cutoff of 10e-12
 used for neglect of overlap integrals.
 Incremental Fock algorithm is on at the start.
 ---------------------------------------
  Cycle       Energy         DIIS error
 ---------------------------------------
    1    -381.8230151320      1.36e-01  
    2    -382.2787644329      3.06e-03  
    3    -382.2787297155      3.38e-03  
    4    -382.2844722144      1.25e-03  
    5    -382.2852810348      4.10e-04  
    6    -382.2853698685      6.29e-05  
    7    -382.2853720969      1.51e-05  
    8    -382.2853722093      5.84e-06  
    9    -382.2853722307      1.02e-06  
   10    -382.2853722313      5.03e-07  
   11    -382.2853722314      7.23e-08  
   12    -382.2853722314      2.19e-08  
   13    -382.2853722314      8.23e-09  Convergence criterion met
 ---------------------------------------
 SCF time:   CPU 2.78s  wall 3.00s 
 SCF   energy =  -382.28537223
 Total energy =  -382.28537223
 Integrated density by DFT XC:
   Number of electrons = 70
   Numerical integral  =    70.000000766188
   Relative error      =     0.0000010946 %
 Calculating analytic gradient of the SCF energy
 Gradient of SCF Energy
            1           2           3           4           5           6
    1   0.0202296  -0.0073959   0.0159917  -0.0043165  -0.0457055   0.0258237
    2  -0.0097363   0.0024746  -0.0022687   0.0078138  -0.0237104   0.0126835
    3   0.0022067  -0.0118068   0.0104939  -0.0097366  -0.0019829   0.0278119
            7           8           9          10          11          12
    1  -0.0180189   0.0023721   0.0265385  -0.0160365  -0.0162873  -0.0031335
    2   0.0059354  -0.0017733   0.0008459  -0.0158480  -0.0258223   0.0255022
    3   0.0014467  -0.0021771   0.0023337  -0.0204943   0.0118719   0.0138799
           13          14          15          16          17          18
    1   0.0068623   0.0066321   0.0165617  -0.0227676   0.0175934   0.0071245
    2  -0.0064347   0.0005556  -0.0015486   0.0144455   0.0076869   0.0090712
    3  -0.0102599  -0.0012805  -0.0128630   0.0112658  -0.0027949  -0.0080551
           19          20
    1  -0.0022212  -0.0098468
    2  -0.0183783   0.0185059
    3   0.0060846  -0.0059442
 Max gradient component =       4.571E-02
 RMS gradient           =       1.439E-02
 Gradient time:  CPU 0.95 s  wall 0.97 s
 Time for this dynamics step: 3.8 s (CPU) 4.0 s (wall)

TIME STEP #12 (t = 275.000 a.u. = 6.65193 fs)
--------------------------------------
 Instantaneous Temperature = 157.5 K
 ----------------------------------------------------------------
             Standard Nuclear Orientation (Angstroms)
    I     Atom           X                Y                Z
 ----------------------------------------------------------------
    1      C       0.2789031102    -1.4065651395    -0.0010724923
    2      C       1.3064004020    -0.4479477405    -0.0636091448
    3      C       1.0768594172     0.9201211628     0.0119141973
    4      C      -0.2726411375     1.3817739532     0.0205760050
    5      C      -1.3573014290     0.4125532650     0.0404112516
    6      C      -1.0699884698    -0.9486506838     0.0473862226
    7      H       2.3201653477    -0.8103624231    -0.1055277047
    8      H       1.9304613963     1.6100596447    -0.0489358064
    9      H      -2.3327572763     0.8476147611     0.0515472880
   10      H      -1.8984576308    -1.6732633824    -0.2277871506
   11      C      -0.5686869619     2.8296511590     0.0384852241
   12      C       0.3445099096     3.8560055194     0.0023597642
   13      H      -1.6295335398     3.0544817217    -0.0768756008
   14      H       0.0705339579     4.9179189819    -0.0512919070
   15      H       1.4348416215     3.6589001039    -0.1781867195
   16      C       0.6000270217    -2.8289778052    -0.0027797420
   17      C      -0.3388581990    -3.7921294386    -0.0294776565
   18      H       1.6901206297    -3.0110116111    -0.0769556569
   19      H      -0.1911344270    -4.8999962874     0.0585921163
   20      H      -1.3849964181    -3.4066055037    -0.1089176379
 ----------------------------------------------------------------
 Nuclear Repulsion Energy =         448.80073921 hartrees
 There are       35 alpha and       35 beta electrons
 Applying Cartesian multipole field
    Component          Value
    ---------          -----
     (2,0,0)        1.00000E-11
     (0,2,0)        2.00000E-11
     (0,0,2)       -3.00000E-10
 Nucleus-field energy     =     0.0000000313 hartrees
 Start forming overlap matrix
 Guess from superposition of atomic densities
 Warning:  Energy on first SCF cycle will be non-variational
 SAD guess density has 70.000000 electrons
 SCF convergence criterion is 10**(-8)

 -----------------------------------------------------------------------
  General SCF calculation program by
  Eric Jon Sundstrom, Paul Horn, Yuezhi Mao, Dmitri Zuev, Alec White,
  David Stuck, Shaama M.S., Shane Yost, Joonho Lee, David Small,
  Daniel Levine, Susi Lehtola, Hugh Burton, Evgeny Epifanovsky,
  Bang C. Huynh
 -----------------------------------------------------------------------
 Exchange:     0.2000 Hartree-Fock + 0.0800 Slater + 0.7200 B88
 Correlation:  0.1900 VWN1RPA + 0.8100 LYP
 Using SG-1 standard quadrature grid
 A restricted SCF calculation will be
 performed using DIIS
 SCF converges when DIIS error is below 1.0e-08
 User-specified cutoff of 10e-12
 used for neglect of 2-electron integrals.
 A cutoff of 10e-12
 used for neglect of overlap integrals.
 Incremental Fock algorithm is on at the start.
 ---------------------------------------
  Cycle       Energy         DIIS error
 ---------------------------------------
    1    -381.8081232862      1.36e-01  
    2    -382.2774425151      3.05e-03  
    3    -382.2774555965      3.36e-03  
    4    -382.2831031496      1.27e-03  
    5    -382.2839373442      4.18e-04  
    6    -382.2840298348      6.23e-05  
    7    -382.2840320261      1.55e-05  
    8    -382.2840321429      6.10e-06  
    9    -382.2840321662      1.03e-06  
   10    -382.2840321668      5.27e-07  
   11    -382.2840321670      7.51e-08  
   12    -382.2840321670      2.35e-08  
   13    -382.2840321670      8.56e-09  Convergence criterion met
 ---------------------------------------
 SCF time:   CPU 2.80s  wall 3.00s 
 SCF   energy =  -382.28403217
 Total energy =  -382.28403217
 Integrated density by DFT XC:
   Number of electrons = 70
   Numerical integral  =    69.999970861211
   Relative error      =     0.0000416268 %
 Calculating analytic gradient of the SCF energy
 Gradient of SCF Energy
            1           2           3           4           5           6
    1   0.0191986  -0.0042330   0.0156078  -0.0045681  -0.0497161   0.0238463
    2  -0.0194803   0.0045212  -0.0026912   0.0132656  -0.0226099   0.0123085
    3   0.0025299  -0.0124756   0.0109875  -0.0100773  -0.0017201   0.0286019
            7           8           9          10          11          12
    1  -0.0178266   0.0038658   0.0284033  -0.0159920  -0.0182682  -0.0018813
    2   0.0056168  -0.0009851  -0.0004428  -0.0160965  -0.0316309   0.0269266
    3   0.0014275  -0.0023008   0.0022978  -0.0211671   0.0119551   0.0142462
           13          14          15          16          17          18
    1   0.0089375   0.0055788   0.0172237  -0.0189224   0.0155497   0.0066027
    2  -0.0063438   0.0024670  -0.0022663   0.0247383   0.0052745   0.0083144
    3  -0.0102612  -0.0014118  -0.0131941   0.0113256  -0.0029405  -0.0080241
           19          20
    1  -0.0021199  -0.0112867
    2  -0.0201799   0.0192937
    3   0.0063318  -0.0061308
 Max gradient component =       4.972E-02
 RMS gradient           =       1.527E-02
 Gradient time:  CPU 0.95 s  wall 1.00 s
 Time for this dynamics step: 3.8 s (CPU) 4.0 s (wall)

TIME STEP #13 (t = 300.000 a.u. = 7.25665 fs)
--------------------------------------
 Instantaneous Temperature = 143.5 K
 ----------------------------------------------------------------
             Standard Nuclear Orientation (Angstroms)
    I     Atom           X                Y                Z
 ----------------------------------------------------------------
    1      C       0.2771341713    -1.4111747885    -0.0013173915
    2      C       1.3073336302    -0.4485397364    -0.0680107837
    3      C       1.0785215607     0.9198206450     0.0120764393
    4      C      -0.2719479907     1.3839267644     0.0230596689
    5      C      -1.3584164407     0.4125207999     0.0439857174
    6      C      -1.0736411100    -0.9506570949     0.0493407243
    7      H       2.3233561768    -0.8148017815    -0.1154940295
    8      H       1.9351886613     1.6088354077    -0.0509659892
    9      H      -2.3386572872     0.8438735061     0.0533214791
   10      H      -1.8981111625    -1.6709628601    -0.2300864283
   11      C      -0.5666314473     2.8265985141     0.0406967596
   12      C       0.3425837073     3.8594941061     0.0015282043
   13      H      -1.6263408999     3.0548835673    -0.0727993195
   14      H       0.0564842947     4.9209875432    -0.0543734035
   15      H       1.4306459440     3.6656454870    -0.1819387489
   16      C       0.6031342470    -2.8243019454    -0.0039225995
   17      C      -0.3380177195    -3.7919636579    -0.0317186126
   18      H       1.6901755928    -3.0132027445    -0.0756159140
   19      H      -0.1900795029    -4.8985284739     0.0583213126
   20      H      -1.3832882110    -3.4076762175    -0.1128595753
 ----------------------------------------------------------------
 Nuclear Repulsion Energy =         448.60064283 hartrees
 There are       35 alpha and       35 beta electrons
 Applying Cartesian multipole field
    Component          Value
    ---------          -----
     (2,0,0)        1.00000E-11
     (0,2,0)        2.00000E-11
     (0,0,2)       -3.00000E-10
 Nucleus-field energy     =     0.0000000313 hartrees
 Start forming overlap matrix
 Guess from superposition of atomic densities
 Warning:  Energy on first SCF cycle will be non-variational
 SAD guess density has 70.000000 electrons
 SCF convergence criterion is 10**(-8)

 -----------------------------------------------------------------------
  General SCF calculation program by
  Eric Jon Sundstrom, Paul Horn, Yuezhi Mao, Dmitri Zuev, Alec White,
  David Stuck, Shaama M.S., Shane Yost, Joonho Lee, David Small,
  Daniel Levine, Susi Lehtola, Hugh Burton, Evgeny Epifanovsky,
  Bang C. Huynh
 -----------------------------------------------------------------------
 Exchange:     0.2000 Hartree-Fock + 0.0800 Slater + 0.7200 B88
 Correlation:  0.1900 VWN1RPA + 0.8100 LYP
 Using SG-1 standard quadrature grid
 A restricted SCF calculation will be
 performed using DIIS
 SCF converges when DIIS error is below 1.0e-08
 User-specified cutoff of 10e-12
 used for neglect of 2-electron integrals.
 A cutoff of 10e-12
 used for neglect of overlap integrals.
 Incremental Fock algorithm is on at the start.
 ---------------------------------------
  Cycle       Energy         DIIS error
 ---------------------------------------
    1    -381.7965658898      1.36e-01  
    2    -382.2773284046      3.05e-03  
    3    -382.2772475794      3.39e-03  
    4    -382.2829986312      1.28e-03  
    5    -382.2838473438      4.22e-04  
    6    -382.2839416645      6.16e-05  
    7    -382.2839438064      1.57e-05  
    8    -382.2839439257      6.36e-06  
    9    -382.2839439510      1.03e-06  
   10    -382.2839439516      5.51e-07  
   11    -382.2839439518      7.74e-08  
   12    -382.2839439518      2.44e-08  
   13    -382.2839439518      8.92e-09  Convergence criterion met
 ---------------------------------------
 SCF time:   CPU 2.82s  wall 3.00s 
 SCF   energy =  -382.28394395
 Total energy =  -382.28394395
 Integrated density by DFT XC:
   Number of electrons = 70
   Numerical integral  =    69.999952704755
   Relative error      =     0.0000675646 %
 Calculating analytic gradient of the SCF energy
 Gradient of SCF Energy
            1           2           3           4           5           6
    1   0.0178544  -0.0036821   0.0149485  -0.0046413  -0.0486351   0.0192006
    2  -0.0285800   0.0071764  -0.0027541   0.0179825  -0.0225893   0.0096086
    3   0.0028779  -0.0129305   0.0113795  -0.0102906  -0.0014309   0.0282956
            7           8           9          10          11          12
    1  -0.0148725   0.0051577   0.0256984  -0.0135167  -0.0183996   0.0014384
    2   0.0043293  -0.0003417  -0.0000559  -0.0141539  -0.0369114   0.0270438
    3   0.0012395  -0.0023875   0.0022557  -0.0208542   0.0119745   0.0141060
           13          14          15          16          17          18
    1   0.0095592   0.0043211   0.0155058  -0.0136327   0.0116131   0.0051094
    2  -0.0058878   0.0045924  -0.0025564   0.0345832   0.0013997   0.0075731
    3  -0.0102520  -0.0015559  -0.0129861   0.0111638  -0.0030450  -0.0078092
           19          20
    1  -0.0023867  -0.0106399
    2  -0.0194087   0.0189503
    3   0.0063282  -0.0060788
 Max gradient component =       4.864E-02
 RMS gradient           =       1.543E-02
 Gradient time:  CPU 0.95 s  wall 0.96 s
 Time for this dynamics step: 3.8 s (CPU) 4.0 s (wall)

TIME STEP #14 (t = 325.000 a.u. = 7.86137 fs)
--------------------------------------
 Instantaneous Temperature = 142.4 K
 ----------------------------------------------------------------
             Standard Nuclear Orientation (Angstroms)
    I     Atom           X                Y                Z
 ----------------------------------------------------------------
    1      C       0.2750952808    -1.4153523194    -0.0016058036
    2      C       1.3083225303    -0.4492402369    -0.0722169193
    3      C       1.0799576890     0.9195617682     0.0120666280
    4      C      -0.2711846691     1.3858076880     0.0256989232
    5      C      -1.3587961097     0.4128298762     0.0475818173
    6      C      -1.0775840553    -0.9528087833     0.0508674083
    7      H       2.3292244349    -0.8200205158    -0.1256835024
    8      H       1.9389874075     1.6076726925    -0.0525663625
    9      H      -2.3491836556     0.8401423066     0.0546895949
   10      H      -1.8953313521    -1.6661142771    -0.2286314136
   11      C      -0.5642977384     2.8241039540     0.0427272463
   12      C       0.3406357568     3.8625738016     0.0004833674
   13      H      -1.6248691562     3.0563453638    -0.0668774096
   14      H       0.0416567238     4.9232293529    -0.0571747982
   15      H       1.4236588340     3.6728510851    -0.1833529496
   16      C       0.6064475931    -2.8201489684    -0.0052342492
   17      C      -0.3373528252    -3.7918190401    -0.0339135301
   18      H       1.6893107300    -3.0167572358    -0.0728703176
   19      H      -0.1885949209    -4.8935665927     0.0569112691
   20      H      -1.3796645463    -3.4121584727    -0.1157071796
 ----------------------------------------------------------------
 Nuclear Repulsion Energy =         448.42126873 hartrees
 There are       35 alpha and       35 beta electrons
 Applying Cartesian multipole field
    Component          Value
    ---------          -----
     (2,0,0)        1.00000E-11
     (0,2,0)        2.00000E-11
     (0,0,2)       -3.00000E-10
 Nucleus-field energy     =     0.0000000313 hartrees
 Start forming overlap matrix
 Guess from superposition of atomic densities
 Warning:  Energy on first SCF cycle will be non-variational
 SAD guess density has 70.000000 electrons
 SCF convergence criterion is 10**(-8)

 -----------------------------------------------------------------------
  General SCF calculation program by
  Eric Jon Sundstrom, Paul Horn, Yuezhi Mao, Dmitri Zuev, Alec White,
  David Stuck, Shaama M.S., Shane Yost, Joonho Lee, David Small,
  Daniel Levine, Susi Lehtola, Hugh Burton, Evgeny Epifanovsky,
  Bang C. Huynh
 -----------------------------------------------------------------------
 Exchange:     0.2000 Hartree-Fock + 0.0800 Slater + 0.7200 B88
 Correlation:  0.1900 VWN1RPA + 0.8100 LYP
 Using SG-1 standard quadrature grid
 A restricted SCF calculation will be
 performed using DIIS
 SCF converges when DIIS error is below 1.0e-08
 User-specified cutoff of 10e-12
 used for neglect of 2-electron integrals.
 A cutoff of 10e-12
 used for neglect of overlap integrals.
 Incremental Fock algorithm is on at the start.
 ---------------------------------------
  Cycle       Energy         DIIS error
 ---------------------------------------
    1    -381.7887209930      1.35e-01  
    2    -382.2781107925      3.07e-03  
    3    -382.2777713458      3.47e-03  
    4    -382.2838578671      1.28e-03  
    5    -382.2847071751      4.22e-04  
    6    -382.2848015623      6.05e-05  
    7    -382.2848036375      1.57e-05  
    8    -382.2848037564      6.63e-06  
    9    -382.2848037839      1.01e-06  
   10    -382.2848037845      5.73e-07  
   11    -382.2848037847      7.95e-08  
   12    -382.2848037847      2.57e-08  
   13    -382.2848037847      9.43e-09  Convergence criterion met
 ---------------------------------------
 SCF time:   CPU 2.81s  wall 3.00s 
 SCF   energy =  -382.28480378
 Total energy =  -382.28480378
 Integrated density by DFT XC:
   Number of electrons = 70
   Numerical integral  =    69.999944985354
   Relative error      =     0.0000785924 %
 Calculating analytic gradient of the SCF energy
 Gradient of SCF Energy
            1           2           3           4           5           6
    1   0.0162160  -0.0052129   0.0142105  -0.0045571  -0.0429952   0.0120353
    2  -0.0366957   0.0101472  -0.0023265   0.0218557  -0.0233965   0.0046581
    3   0.0032510  -0.0131594   0.0116610  -0.0103735  -0.0010918   0.0268935
            7           8           9          10          11          12
    1  -0.0097664   0.0060869   0.0189643  -0.0087250  -0.0166078   0.0065818
    2   0.0022871   0.0000395   0.0017234  -0.0101158  -0.0415131   0.0261539
    3   0.0008726  -0.0024237   0.0021774  -0.0195607   0.0119270   0.0134644
           13          14          15          16          17          18
    1   0.0086448   0.0029548   0.0115542  -0.0072672   0.0060116   0.0028621
    2  -0.0050577   0.0066065  -0.0024429   0.0435387  -0.0036676   0.0068663
    3  -0.0102347  -0.0016986  -0.0122516   0.0108037  -0.0031058  -0.0074379
           19          20
    1  -0.0030152  -0.0079757
    2  -0.0161557   0.0174950
    3   0.0060727  -0.0057856
 Max gradient component =       4.354E-02
 RMS gradient           =       1.515E-02
 Gradient time:  CPU 0.96 s  wall 0.99 s
 Time for this dynamics step: 3.8 s (CPU) 4.0 s (wall)

TIME STEP #15 (t = 350.000 a.u. = 8.46610 fs)
--------------------------------------
 Instantaneous Temperature = 151.0 K
 ----------------------------------------------------------------
             Standard Nuclear Orientation (Angstroms)
    I     Atom           X                Y                Z
 ----------------------------------------------------------------
    1      C       0.2728112107    -1.4189750271    -0.0019433695
    2      C       1.3093902475    -0.4500941592    -0.0762240904
    3      C       1.0811789599     0.9193380674     0.0118805078
    4      C      -0.2703524468     1.3873581623     0.0284950211
    5      C      -1.3585257088     0.4134926977     0.0511944242
    6      C      -1.0817089699    -0.9550309001     0.0519874735
    7      H       2.3368508862    -0.8256509925    -0.1360300595
    8      H       1.9416903521     1.6065028631    -0.0537304169
    9      H      -2.3631240815     0.8361008590     0.0556657320
   10      H      -1.8909808281    -1.6594445972    -0.2236549847
   11      C      -0.5617129257     2.8222370542     0.0445774016
   12      C       0.3385882922     3.8652580607    -0.0007650460
   13      H      -1.6249536907     3.0587176739    -0.0591129924
   14      H       0.0262972092     4.9242818178    -0.0596703946
   15      H       1.4145916731     3.6804964724    -0.1825615423
   16      C       0.6098708159    -2.8166542784    -0.0067092459
   17      C      -0.3367788239    -3.7916189689    -0.0360614898
   18      H       1.6879306196    -3.0215478321    -0.0687857127
   19      H      -0.1865675241    -4.8856962792     0.0544079791
   20      H      -1.3746050563    -3.4197902713    -0.1175132310
 ----------------------------------------------------------------
 Nuclear Repulsion Energy =         448.26665599 hartrees
 There are       35 alpha and       35 beta electrons
 Applying Cartesian multipole field
    Component          Value
    ---------          -----
     (2,0,0)        1.00000E-11
     (0,2,0)        2.00000E-11
     (0,0,2)       -3.00000E-10
 Nucleus-field energy     =     0.0000000313 hartrees
 Start forming overlap matrix
 Guess from superposition of atomic densities
 Warning:  Energy on first SCF cycle will be non-variational
 SAD guess density has 70.000000 electrons
 SCF convergence criterion is 10**(-8)

 -----------------------------------------------------------------------
  General SCF calculation program by
  Eric Jon Sundstrom, Paul Horn, Yuezhi Mao, Dmitri Zuev, Alec White,
  David Stuck, Shaama M.S., Shane Yost, Joonho Lee, David Small,
  Daniel Levine, Susi Lehtola, Hugh Burton, Evgeny Epifanovsky,
  Bang C. Huynh
 -----------------------------------------------------------------------
 Exchange:     0.2000 Hartree-Fock + 0.0800 Slater + 0.7200 B88
 Correlation:  0.1900 VWN1RPA + 0.8100 LYP
 Using SG-1 standard quadrature grid
 A restricted SCF calculation will be
 performed using DIIS
 SCF converges when DIIS error is below 1.0e-08
 User-specified cutoff of 10e-12
 used for neglect of 2-electron integrals.
 A cutoff of 10e-12
 used for neglect of overlap integrals.
 Incremental Fock algorithm is on at the start.
 ---------------------------------------
  Cycle       Energy         DIIS error
 ---------------------------------------
    1    -381.7847658691      1.35e-01  
    2    -382.2791036358      3.10e-03  
    3    -382.2783323181      3.60e-03  
    4    -382.2850029355      1.26e-03  
    5    -382.2858363963      4.20e-04  
    6    -382.2859296313      5.91e-05  
    7    -382.2859316169      1.56e-05  
    8    -382.2859317314      6.92e-06  
    9    -382.2859317612      1.01e-06  
   10    -382.2859317618      5.90e-07  
   11    -382.2859317620      8.20e-08  
   12    -382.2859317620      2.93e-08  
   13    -382.2859317620      9.93e-09  Convergence criterion met
 ---------------------------------------
 SCF time:   CPU 2.82s  wall 3.00s 
 SCF   energy =  -382.28593176
 Total energy =  -382.28593176
 Integrated density by DFT XC:
   Number of electrons = 70
   Numerical integral  =    69.999945316444
   Relative error      =     0.0000781194 %
 Calculating analytic gradient of the SCF energy
 Gradient of SCF Energy
            1           2           3           4           5           6
    1   0.0142820  -0.0078952   0.0135454  -0.0043369  -0.0342145   0.0027111
    2  -0.0435282   0.0130138  -0.0013209   0.0248032  -0.0244054  -0.0023057
    3   0.0036498  -0.0131860   0.0118272  -0.0103243  -0.0006716   0.0245037
            7           8           9          10          11          12
    1  -0.0034915   0.0065453   0.0096001  -0.0019262  -0.0130988   0.0130626
    2  -0.0001498   0.0000857   0.0042322  -0.0042613  -0.0452321   0.0246028
    3   0.0003521  -0.0023998   0.0020263  -0.0174008   0.0117719   0.0123822
           13          14          15          16          17          18
    1   0.0063905   0.0015873   0.0057506  -0.0003155  -0.0008526   0.0001962
    2  -0.0039066   0.0081904  -0.0019970   0.0511971  -0.0095238   0.0061881
    3  -0.0101707  -0.0018229  -0.0110636   0.0102772  -0.0031232  -0.0069467
           19          20
    1  -0.0039790  -0.0035607
    2  -0.0107321   0.0150497
    3   0.0055909  -0.0052716
 Max gradient component =       5.120E-02
 RMS gradient           =       1.499E-02
 Gradient time:  CPU 0.95 s  wall 1.01 s
 Time for this dynamics step: 3.9 s (CPU) 4.1 s (wall)

TIME STEP #16 (t = 375.000 a.u. = 9.07082 fs)
--------------------------------------
 Instantaneous Temperature = 162.4 K
 ----------------------------------------------------------------
             Standard Nuclear Orientation (Angstroms)
    I     Atom           X                Y                Z
 ----------------------------------------------------------------
    1      C       0.2703112032    -1.4219396068    -0.0023361193
    2      C       1.3105773362    -0.4511448440    -0.0800318948
    3      C       1.0821954304     0.9191343374     0.0115155659
    4      C      -0.2694546517     1.3885336231     0.0314472177
    5      C      -1.3577379991     0.4145245181     0.0548171856
    6      C      -1.0858748757    -0.9572181550     0.0527370537
    7      H       2.3451059024    -0.8312544975    -0.1464399947
    8      H       1.9432149764     1.6053176118    -0.0544624539
    9      H      -2.3787927681     0.8312975004     0.0562770900
   10      H      -1.8862835407    -1.6520077681    -0.2155459673
   11      C      -0.5589300640     2.8210540451     0.0462495699
   12      C       0.3363433271     3.8675703353    -0.0022006732
   13      H      -1.6261886782     3.0617932691    -0.0495175984
   14      H       0.0106519470     4.9238598089    -0.0618378210
   15      H       1.4044892537     3.6885013721    -0.1797783977
   16      C       0.6132988094    -2.8139336668    -0.0083396301
   17      C      -0.3361919321    -3.7912749014    -0.0381622275
   18      H       1.6865151951    -3.0274524408    -0.0634505184
   19      H      -0.1838237985    -4.8758939217     0.0508981822
   20      H      -1.3689045471    -3.4301314063    -0.1183702536
 ----------------------------------------------------------------
 Nuclear Repulsion Energy =         448.13735721 hartrees
 There are       35 alpha and       35 beta electrons
 Applying Cartesian multipole field
    Component          Value
    ---------          -----
     (2,0,0)        1.00000E-11
     (0,2,0)        2.00000E-11
     (0,0,2)       -3.00000E-10
 Nucleus-field energy     =     0.0000000313 hartrees
 Start forming overlap matrix
 Guess from superposition of atomic densities
 Warning:  Energy on first SCF cycle will be non-variational
 SAD guess density has 70.000000 electrons
 SCF convergence criterion is 10**(-8)

 -----------------------------------------------------------------------
  General SCF calculation program by
  Eric Jon Sundstrom, Paul Horn, Yuezhi Mao, Dmitri Zuev, Alec White,
  David Stuck, Shaama M.S., Shane Yost, Joonho Lee, David Small,
  Daniel Levine, Susi Lehtola, Hugh Burton, Evgeny Epifanovsky,
  Bang C. Huynh
 -----------------------------------------------------------------------
 Exchange:     0.2000 Hartree-Fock + 0.0800 Slater + 0.7200 B88
 Correlation:  0.1900 VWN1RPA + 0.8100 LYP
 Using SG-1 standard quadrature grid
 A restricted SCF calculation will be
 performed using DIIS
 SCF converges when DIIS error is below 1.0e-08
 User-specified cutoff of 10e-12
 used for neglect of 2-electron integrals.
 A cutoff of 10e-12
 used for neglect of overlap integrals.
 Incremental Fock algorithm is on at the start.
 ---------------------------------------
  Cycle       Energy         DIIS error
 ---------------------------------------
    1    -381.7843905907      1.35e-01  
    2    -382.2796585668      3.15e-03  
    3    -382.2783028281      3.77e-03  
    4    -382.2857819684      1.24e-03  
    5    -382.2865840039      4.16e-04  
    6    -382.2866755408      5.72e-05  
    7    -382.2866774137      1.52e-05  
    8    -382.2866775180      7.24e-06  
    9    -382.2866775503      1.02e-06  
   10    -382.2866775509      6.02e-07  
   11    -382.2866775511      8.50e-08  
   12    -382.2866775511      3.55e-08  
   13    -382.2866775511      9.94e-09  Convergence criterion met
 ---------------------------------------
 SCF time:   CPU 2.80s  wall 3.00s 
 SCF   energy =  -382.28667755
 Total energy =  -382.28667755
 Integrated density by DFT XC:
   Number of electrons = 70
   Numerical integral  =    69.999950703593
   Relative error      =     0.0000704234 %
 Calculating analytic gradient of the SCF energy
 Gradient of SCF Energy
            1           2           3           4           5           6
    1   0.0120371  -0.0106960   0.0130460  -0.0040017  -0.0240585  -0.0080354
    2  -0.0488340   0.0153383   0.0002898   0.0267702  -0.0249127  -0.0107194
    3   0.0040747  -0.0130620   0.0118781  -0.0101428  -0.0001481   0.0213921
            7           8           9          10          11          12
    1   0.0028818   0.0064890  -0.0006652   0.0062097  -0.0083004   0.0200964
    2  -0.0025801  -0.0002243   0.0067084   0.0028080  -0.0478217   0.0227407
    3  -0.0002673  -0.0023120   0.0017758  -0.0146480   0.0114442   0.0109866
           13          14          15          16          17          18
    1   0.0032183   0.0003264  -0.0012276   0.0066446  -0.0083717  -0.0024669
    2  -0.0025422   0.0090740  -0.0013424   0.0572149  -0.0156025   0.0055059
    3  -0.0099950  -0.0019123  -0.0095618   0.0096186  -0.0030996  -0.0063747
           19          20
    1  -0.0052148   0.0020891
    2  -0.0037290   0.0118581
    3   0.0049389  -0.0045854
 Max gradient component =       5.721E-02
 RMS gradient           =       1.543E-02
 Gradient time:  CPU 0.97 s  wall 1.00 s
 Time for this dynamics step: 3.8 s (CPU) 4.0 s (wall)

TIME STEP #17 (t = 400.000 a.u. = 9.67554 fs)
--------------------------------------
 Instantaneous Temperature = 170.1 K
 ----------------------------------------------------------------
             Standard Nuclear Orientation (Angstroms)
    I     Atom           X                Y                Z
 ----------------------------------------------------------------
    1      C       0.2676292004    -1.4241658371    -0.0027904774
    2      C       1.3119261439    -0.4524274381    -0.0836422073
    3      C       1.0830146515     0.9189262250     0.0109710314
    4      C      -0.2684963526     1.3893043299     0.0345527698
    5      C      -1.3565865342     0.4159330074     0.0584421869
    6      C      -1.0899192894    -0.9592433377     0.0531631939
    7      H       2.3528421286    -0.8363935156    -0.1568018158
    8      H       1.9435714247     1.6041727426    -0.0547782783
    9      H      -2.3943417074     0.8252864528     0.0565687520
   10      H      -1.8827041524    -1.6450764461    -0.2047999411
   11      C      -0.5560217038     2.8205940806     0.0477487070
   12      C       0.3337945127     3.8695387799    -0.0038024129
   13      H      -1.6280030354     3.0653265294    -0.0381228424
   14      H      -0.0050520725     4.9218042568    -0.0636609815
   15      H       1.3946078286     3.6967479425    -0.1752738807
   16      C       0.6166263394    -2.8120781204    -0.0101154437
   17      C      -0.3354784644    -3.7906949300    -0.0402161005
   18      H       1.6855438760    -3.0343482520    -0.0569677244
   19      H      -0.1801412758    -4.8654202523     0.0464992643
   20      H      -1.3635801339    -3.4426072966    -0.1184017815
 ----------------------------------------------------------------
 Nuclear Repulsion Energy =         448.02865144 hartrees
 There are       35 alpha and       35 beta electrons
 Applying Cartesian multipole field
    Component          Value
    ---------          -----
     (2,0,0)        1.00000E-11
     (0,2,0)        2.00000E-11
     (0,0,2)       -3.00000E-10
 Nucleus-field energy     =     0.0000000313 hartrees
 Start forming overlap matrix
 Guess from superposition of atomic densities
 Warning:  Energy on first SCF cycle will be non-variational
 SAD guess density has 70.000000 electrons
 SCF convergence criterion is 10**(-8)

 -----------------------------------------------------------------------
  General SCF calculation program by
  Eric Jon Sundstrom, Paul Horn, Yuezhi Mao, Dmitri Zuev, Alec White,
  David Stuck, Shaama M.S., Shane Yost, Joonho Lee, David Small,
  Daniel Levine, Susi Lehtola, Hugh Burton, Evgeny Epifanovsky,
  Bang C. Huynh
 -----------------------------------------------------------------------
 Exchange:     0.2000 Hartree-Fock + 0.0800 Slater + 0.7200 B88
 Correlation:  0.1900 VWN1RPA + 0.8100 LYP
 Using SG-1 standard quadrature grid
 A restricted SCF calculation will be
 performed using DIIS
 SCF converges when DIIS error is below 1.0e-08
 User-specified cutoff of 10e-12
 used for neglect of 2-electron integrals.
 A cutoff of 10e-12
 used for neglect of overlap integrals.
 Incremental Fock algorithm is on at the start.
 ---------------------------------------
  Cycle       Energy         DIIS error
 ---------------------------------------
    1    -381.7865987118      1.35e-01  
    2    -382.2795604790      3.21e-03  
    3    -382.2775340648      3.96e-03  
    4    -382.2859565137      1.21e-03  
    5    -382.2867171595      4.12e-04  
    6    -382.2868068728      5.50e-05  
    7    -382.2868086229      1.43e-05  
    8    -382.2868087096      7.54e-06  
    9    -382.2868087443      1.06e-06  
   10    -382.2868087449      6.14e-07  
   11    -382.2868087451      8.87e-08  
   12    -382.2868087451      4.32e-08  
   13    -382.2868087451      9.49e-09  Convergence criterion met
 ---------------------------------------
 SCF time:   CPU 2.78s  wall 3.00s 
 SCF   energy =  -382.28680875
 Total energy =  -382.28680875
 Integrated density by DFT XC:
   Number of electrons = 70
   Numerical integral  =    69.999959122731
   Relative error      =     0.0000583961 %
 Calculating analytic gradient of the SCF energy
 Gradient of SCF Energy
            1           2           3           4           5           6
    1   0.0094595  -0.0127236   0.0127398  -0.0035699  -0.0141381  -0.0189539
    2  -0.0524372   0.0167601   0.0024610   0.0277309  -0.0243932  -0.0195571
    3   0.0045247  -0.0128516   0.0118185  -0.0098313   0.0004817   0.0180077
            7           8           9          10          11          12
    1   0.0084300   0.0059425  -0.0102658   0.0145111  -0.0027556   0.0265815
    2  -0.0046503  -0.0008572   0.0085315   0.0100561  -0.0490201   0.0208861
    3  -0.0009162  -0.0021629   0.0014197  -0.0117561   0.0108758   0.0094689
           13          14          15          16          17          18
    1  -0.0003280  -0.0007306  -0.0083795   0.0130021  -0.0157107  -0.0046766
    2  -0.0011055   0.0090673  -0.0006521   0.0613327  -0.0211413   0.0047652
    3  -0.0096395  -0.0019545  -0.0079465   0.0088561  -0.0030381  -0.0057543
           19          20
    1  -0.0066021   0.0081679
    2   0.0039335   0.0082896
    3   0.0042036  -0.0038057
 Max gradient component =       6.133E-02
 RMS gradient           =       1.652E-02
 Gradient time:  CPU 0.96 s  wall 0.98 s
 Time for this dynamics step: 3.8 s (CPU) 4.0 s (wall)

TIME STEP #18 (t = 425.000 a.u. = 10.28026 fs)
--------------------------------------
 Instantaneous Temperature = 171.7 K
 ----------------------------------------------------------------
             Standard Nuclear Orientation (Angstroms)
    I     Atom           X                Y                Z
 ----------------------------------------------------------------
    1      C       0.2648041744    -1.4255992382    -0.0033132469
    2      C       1.3134673277    -0.4539634381    -0.0870582085
    3      C       1.0836412530     0.9186809028     0.0102478058
    4      C      -0.2674840787     1.3896557571     0.0378069673
    5      C      -1.3552213073     0.4177103109     0.0620599048
    6      C      -1.0936771281    -0.9609728257     0.0533170651
    7      H       2.3590607400    -0.8406953568    -0.1669987016
    8      H       1.9428580664     1.6031821948    -0.0547047288
    9      H      -2.4080425423     0.8177395240     0.0566048328
   10      H      -1.8817371325    -1.6399554784    -0.1919375144
   11      C      -0.5530716805     2.8208752794     0.0490834059
   12      C       0.3308437974     3.8711914361    -0.0055473179
   13      H      -1.6297583486     3.0690588033    -0.0249927313
   14      H      -0.0206245742     4.9181163650    -0.0651322897
   15      H       1.3862349264     3.7051119135    -0.1693387978
   16      C       0.6197572836    -2.8111498992    -0.0120251571
   17      C      -0.3345274572    -3.7897953111    -0.0422240381
   18      H       1.6854144612    -3.0421019198    -0.0494490124
   19      H      -0.1752702017    -4.8556547118     0.0413435873
   20      H      -1.3597261508    -3.4565755301    -0.1177481827
 ----------------------------------------------------------------
 Nuclear Repulsion Energy =         447.93092270 hartrees
 There are       35 alpha and       35 beta electrons
 Applying Cartesian multipole field
    Component          Value
    ---------          -----
     (2,0,0)        1.00000E-11
     (0,2,0)        2.00000E-11
     (0,0,2)       -3.00000E-10
 Nucleus-field energy     =     0.0000000313 hartrees
 Start forming overlap matrix
 Guess from superposition of atomic densities
 Warning:  Energy on first SCF cycle will be non-variational
 SAD guess density has 70.000000 electrons
 SCF convergence criterion is 10**(-8)

 -----------------------------------------------------------------------
  General SCF calculation program by
  Eric Jon Sundstrom, Paul Horn, Yuezhi Mao, Dmitri Zuev, Alec White,
  David Stuck, Shaama M.S., Shane Yost, Joonho Lee, David Small,
  Daniel Levine, Susi Lehtola, Hugh Burton, Evgeny Epifanovsky,
  Bang C. Huynh
 -----------------------------------------------------------------------
 Exchange:     0.2000 Hartree-Fock + 0.0800 Slater + 0.7200 B88
 Correlation:  0.1900 VWN1RPA + 0.8100 LYP
 Using SG-1 standard quadrature grid
 A restricted SCF calculation will be
 performed using DIIS
 SCF converges when DIIS error is below 1.0e-08
 User-specified cutoff of 10e-12
 used for neglect of 2-electron integrals.
 A cutoff of 10e-12
 used for neglect of overlap integrals.
 Incremental Fock algorithm is on at the start.
 ---------------------------------------
  Cycle       Energy         DIIS error
 ---------------------------------------
    1    -381.7897952750      1.35e-01  
    2    -382.2791837125      3.27e-03  
    3    -382.2765174136      4.14e-03  
    4    -382.2858569481      1.18e-03  
    5    -382.2865746684      4.07e-04  
    6    -382.2866624695      5.28e-05  
    7    -382.2866641091      1.29e-05  
    8    -382.2866641735      7.69e-06  
    9    -382.2866642090      1.11e-06  
   10    -382.2866642096      6.28e-07  
   11    -382.2866642098      9.36e-08  
   12    -382.2866642098      5.05e-08  
   13    -382.2866642099      8.90e-09  Convergence criterion met
 ---------------------------------------
 SCF time:   CPU 2.81s  wall 3.00s 
 SCF   energy =  -382.28666421
 Total energy =  -382.28666421
 Integrated density by DFT XC:
   Number of electrons = 70
   Numerical integral  =    69.999970403856
   Relative error      =     0.0000422802 %
 Calculating analytic gradient of the SCF energy
 Gradient of SCF Energy
            1           2           3           4           5           6
    1   0.0065306  -0.0133478   0.0125883  -0.0030562  -0.0056431  -0.0283364
    2  -0.0542384   0.0170447   0.0050745   0.0276898  -0.0226057  -0.0273728
    3   0.0049963  -0.0126169   0.0116567  -0.0093940   0.0012012   0.0149193
            7           8           9          10          11          12
    1   0.0124900   0.0049965  -0.0180602   0.0213558   0.0029895   0.0311980
    2  -0.0061032  -0.0017282   0.0093293   0.0160645  -0.0485883   0.0192797
    3  -0.0015255  -0.0019614   0.0009715  -0.0092943   0.0100162   0.0080531
           13          14          15          16          17          18
    1  -0.0036947  -0.0015095  -0.0144671   0.0181900  -0.0218532  -0.0060330
    2   0.0002571   0.0080822  -0.0001217   0.0633805  -0.0251955   0.0039041
    3  -0.0090535  -0.0019434  -0.0064439   0.0080046  -0.0029431  -0.0051041
           19          20
    1  -0.0079533   0.0136157
    2   0.0110454   0.0048020
    3   0.0034936  -0.0030324
 Max gradient component =       6.338E-02
 RMS gradient           =       1.775E-02
 Gradient time:  CPU 0.94 s  wall 0.94 s
 Time for this dynamics step: 3.8 s (CPU) 4.0 s (wall)

TIME STEP #19 (t = 450.000 a.u. = 10.88498 fs)
--------------------------------------
 Instantaneous Temperature = 170.7 K
 ----------------------------------------------------------------
             Standard Nuclear Orientation (Angstroms)
    I     Atom           X                Y                Z
 ----------------------------------------------------------------
    1      C       0.2618804081    -1.4262125767    -0.0039115586
    2      C       1.3152103240    -0.4557571477    -0.0902834481
    3      C       1.0840775245     0.9183588567     0.0093483355
    4      C      -0.2664255962     1.3895885267     0.0412031982
    5      C      -1.3537707594     0.4198294030     0.0656594617
    6      C      -1.0970065330    -0.9622884489     0.0532453632
    7      H       2.3630308295    -0.8438984609    -0.1769209658
    8      H       1.9412452108     1.6025027703    -0.0542780846
    9      H      -2.4184920907     0.8085130863     0.0564660243
   10      H      -1.8846146989    -1.6377265223    -0.1774018847
   11      C      -0.5501668575     2.8218911130     0.0502666645
   12      C       0.3274213818     3.8725525906    -0.0074139822
   13      H      -1.6308485292     3.0727447839    -0.0102327577
   14      H      -0.0359253281     4.9129734707    -0.0662537390
   15      H       1.3804664725     3.7134977968    -0.1622436495
   16      C       0.6226132029    -2.8111799644    -0.0140558970
   17      C      -0.3332460383    -3.7885147472    -0.0441874764
   18      H       1.6863711420    -3.0505584256    -0.0410114282
   19      H      -0.1689673231    -4.8478776297     0.0355589751
   20      H      -1.3583233362    -3.4714082406    -0.1165486776
 ----------------------------------------------------------------
 Nuclear Repulsion Energy =         447.83270392 hartrees
 There are       35 alpha and       35 beta electrons
 Applying Cartesian multipole field
    Component          Value
    ---------          -----
     (2,0,0)        1.00000E-11
     (0,2,0)        2.00000E-11
     (0,0,2)       -3.00000E-10
 Nucleus-field energy     =     0.0000000313 hartrees
 Start forming overlap matrix
 Guess from superposition of atomic densities
 Warning:  Energy on first SCF cycle will be non-variational
 SAD guess density has 70.000000 electrons
 SCF convergence criterion is 10**(-8)

 -----------------------------------------------------------------------
  General SCF calculation program by
  Eric Jon Sundstrom, Paul Horn, Yuezhi Mao, Dmitri Zuev, Alec White,
  David Stuck, Shaama M.S., Shane Yost, Joonho Lee, David Small,
  Daniel Levine, Susi Lehtola, Hugh Burton, Evgeny Epifanovsky,
  Bang C. Huynh
 -----------------------------------------------------------------------
 Exchange:     0.2000 Hartree-Fock + 0.0800 Slater + 0.7200 B88
 Correlation:  0.1900 VWN1RPA + 0.8100 LYP
 Using SG-1 standard quadrature grid
 A restricted SCF calculation will be
 performed using DIIS
 SCF converges when DIIS error is below 1.0e-08
 User-specified cutoff of 10e-12
 used for neglect of 2-electron integrals.
 A cutoff of 10e-12
 used for neglect of overlap integrals.
 Incremental Fock algorithm is on at the start.
 ---------------------------------------
  Cycle       Energy         DIIS error
 ---------------------------------------
    1    -381.7922115488      1.35e-01  
    2    -382.2792852466      3.31e-03  
    3    -382.2761560581      4.27e-03  
    4    -382.2861854185      1.15e-03  
    5    -382.2868664685      4.02e-04  
    6    -382.2869520963      5.09e-05  
    7    -382.2869536574      1.12e-05  
    8    -382.2869537027      7.41e-06  
    9    -382.2869537353      1.14e-06  
   10    -382.2869537359      6.50e-07  
   11    -382.2869537362      9.95e-08  
   12    -382.2869537362      5.59e-08  
   13    -382.2869537362      8.42e-09  Convergence criterion met
 ---------------------------------------
 SCF time:   CPU 2.81s  wall 3.00s 
 SCF   energy =  -382.28695374
 Total energy =  -382.28695374
 Integrated density by DFT XC:
   Number of electrons = 70
   Numerical integral  =    69.999984990435
   Relative error      =     0.0000214422 %
 Calculating analytic gradient of the SCF energy
 Gradient of SCF Energy
            1           2           3           4           5           6
    1   0.0032490  -0.0122103   0.0124941  -0.0024711   0.0006841  -0.0343965
    2  -0.0542179   0.0160900   0.0079458   0.0266837  -0.0195567  -0.0326331
    3   0.0054826  -0.0124095   0.0114038  -0.0088373   0.0019790   0.0126353
            7           8           9          10          11          12
    1   0.0146662   0.0037971  -0.0233554   0.0250399   0.0084680   0.0326751
    2  -0.0067854  -0.0027090   0.0089599   0.0193603  -0.0463482   0.0180238
    3  -0.0020340  -0.0017212   0.0004582  -0.0077636   0.0088433   0.0069351
           13          14          15          16          17          18
    1  -0.0064057  -0.0019733  -0.0182628   0.0217748  -0.0257583  -0.0062731
    2   0.0014173   0.0061501   0.0000827   0.0632707  -0.0267533   0.0028750
    3  -0.0082174  -0.0018814  -0.0052434   0.0070629  -0.0028198  -0.0044244
           19          20
    1  -0.0090292   0.0172875
    2   0.0162987   0.0018456
    3   0.0029145  -0.0023629
 Max gradient component =       6.327E-02
 RMS gradient           =       1.842E-02
 Gradient time:  CPU 0.95 s  wall 1.00 s
 Time for this dynamics step: 3.8 s (CPU) 4.0 s (wall)

TIME STEP #20 (t = 475.000 a.u. = 11.48970 fs)
--------------------------------------
 Instantaneous Temperature = 174.1 K
 ----------------------------------------------------------------
             Standard Nuclear Orientation (Angstroms)
    I     Atom           X                Y                Z
 ----------------------------------------------------------------
    1      C       0.2589075182    -1.4260061625    -0.0045927646
    2      C       1.3171379354    -0.4577941315    -0.0933210609
    3      C       1.0843248905     0.9179166732     0.0082764451
    4      C      -0.2653297521     1.3891178504     0.0447330450
    5      C      -1.3523305556     0.4222441840     0.0692290964
    6      C      -1.0998158770    -0.9631106729     0.0529826212
    7      H       2.3643606379    -0.8458800284    -0.1864770600
    8      H       1.9389487875     1.6023110324    -0.0535415779
    9      H      -2.4247370752     0.7976736304     0.0562447259
   10      H      -1.8920000804    -1.6389829072    -0.1614686188
   11      C      -0.5473900669     2.8236077115     0.0513162155
   12      C       0.3235049326     3.8736412327    -0.0093855031
   13      H      -1.6307855261     3.0761756075     0.0060065476
   14      H      -0.0508708316     4.9067234011    -0.0670364956
   15      H       1.3779857812     3.7218687999    -0.1542045494
   16      C       0.6251398968    -2.8121666568    -0.0161934248
   17      C      -0.3315751650    -3.7868296842    -0.0461082812
   18      H       1.6884571385    -3.0595325016    -0.0317773446
   19      H      -0.1610389521    -4.8430347262     0.0292496880
   20      H      -1.3600327112    -3.4865732006    -0.1149237988
 ----------------------------------------------------------------
 Nuclear Repulsion Energy =         447.72535074 hartrees
 There are       35 alpha and       35 beta electrons
 Applying Cartesian multipole field
    Component          Value
    ---------          -----
     (2,0,0)        1.00000E-11
     (0,2,0)        2.00000E-11
     (0,0,2)       -3.00000E-10
 Nucleus-field energy     =     0.0000000313 hartrees
 Start forming overlap matrix
 Guess from superposition of atomic densities
 Warning:  Energy on first SCF cycle will be non-variational
 SAD guess density has 70.000000 electrons
 SCF convergence criterion is 10**(-8)

 -----------------------------------------------------------------------
  General SCF calculation program by
  Eric Jon Sundstrom, Paul Horn, Yuezhi Mao, Dmitri Zuev, Alec White,
  David Stuck, Shaama M.S., Shane Yost, Joonho Lee, David Small,
  Daniel Levine, Susi Lehtola, Hugh Burton, Evgeny Epifanovsky,
  Bang C. Huynh
 -----------------------------------------------------------------------
 Exchange:     0.2000 Hartree-Fock + 0.0800 Slater + 0.7200 B88
 Correlation:  0.1900 VWN1RPA + 0.8100 LYP
 Using SG-1 standard quadrature grid
 A restricted SCF calculation will be
 performed using DIIS
 SCF converges when DIIS error is below 1.0e-08
 User-specified cutoff of 10e-12
 used for neglect of 2-electron integrals.
 A cutoff of 10e-12
 used for neglect of overlap integrals.
 Incremental Fock algorithm is on at the start.
 ---------------------------------------
  Cycle       Energy         DIIS error
 ---------------------------------------
    1    -381.7925085699      1.35e-01  
    2    -382.2805067007      3.34e-03  
    3    -382.2772161041      4.32e-03  
    4    -382.2875361914      1.13e-03  
    5    -382.2881916682      3.96e-04  
    6    -382.2882747792      4.96e-05  
    7    -382.2882762995      9.81e-06  
    8    -382.2882763365      6.61e-06  
    9    -382.2882763629      1.07e-06  
   10    -382.2882763634      6.70e-07  
   11    -382.2882763637      1.06e-07  
   12    -382.2882763637      5.81e-08  
   13    -382.2882763637      8.23e-09  Convergence criterion met
 ---------------------------------------
 SCF time:   CPU 2.80s  wall 3.00s 
 SCF   energy =  -382.28827636
 Total energy =  -382.28827636
 Integrated density by DFT XC:
   Number of electrons = 70
   Numerical integral  =    70.000002145291
   Relative error      =     0.0000030647 %
 Calculating analytic gradient of the SCF energy
 Gradient of SCF Energy
            1           2           3           4           5           6
    1  -0.0003534  -0.0091859   0.0123170  -0.0018211   0.0044414  -0.0359117
    2  -0.0524334   0.0139083   0.0108415   0.0247833  -0.0153965  -0.0342838
    3   0.0059720  -0.0122691   0.0110716  -0.0081692   0.0027767   0.0113689
            7           8           9          10          11          12
    1   0.0147889   0.0025277  -0.0257980   0.0244051   0.0133319   0.0301713
    2  -0.0066339  -0.0036425   0.0074358   0.0189680  -0.0422135   0.0170225
    3  -0.0023918  -0.0014589  -0.0000866  -0.0073614   0.0073673   0.0062164
           13          14          15          16          17          18
    1  -0.0081111  -0.0021351  -0.0189067   0.0235314  -0.0266167  -0.0053350
    2   0.0022801   0.0034345  -0.0001162   0.0609886  -0.0249654   0.0016655
    3  -0.0071452  -0.0017797  -0.0044303   0.0060158  -0.0026704  -0.0036992
           19          20
    1  -0.0095886   0.0182486
    2   0.0186219  -0.0002647
    3   0.0025349  -0.0018616
 Max gradient component =       6.099E-02
 RMS gradient           =       1.799E-02
 Gradient time:  CPU 0.95 s  wall 0.95 s
 Time for this dynamics step: 3.8 s (CPU) 4.0 s (wall)

TIME STEP #21 (t = 500.000 a.u. = 12.09442 fs)
--------------------------------------
 Instantaneous Temperature = 188.1 K
 ----------------------------------------------------------------
             Standard Nuclear Orientation (Angstroms)
    I     Atom           X                Y                Z
 ----------------------------------------------------------------
    1      C       0.2559399715    -1.4250069771    -0.0053642651
    2      C       1.3192044342    -0.4600414031    -0.0961731700
    3      C       1.0843860285     0.9173105707     0.0070371574
    4      C      -0.2642063734     1.3882724609     0.0483864068
    5      C      -1.3509575035     0.4248917533     0.0727567488
    6      C      -1.1020822512    -0.9634145397     0.0525479868
    7      H       2.3630280633    -0.8466673168    -0.1956025708
    8      H       1.9361973155     1.6027750444    -0.0525424245
    9      H      -2.4263377566     0.7854955432     0.0560390198
   10      H      -1.9037790072    -1.6436540174    -0.1442101109
   11      C      -0.5448148494     2.8259625602     0.0522543758
   12      C       0.3191323058     3.8744725011    -0.0114510131
   13      H      -1.6292623100     3.0791959591     0.0235321764
   14      H      -0.0654319673     4.8998550260    -0.0674988522
   15      H       1.3789087757     3.7302607287    -0.1453678811
   16      C       0.6273108052    -2.8140754707    -0.0184219096
   17      C      -0.3295018584    -3.7847671542    -0.0479887106
   18      H       1.6915035698    -3.0688064171    -0.0218773066
   19      H      -0.1513843924    -4.8415442390     0.0224840470
   20      H      -1.3650272935    -3.5016904997    -0.1129637866
 ----------------------------------------------------------------
 Nuclear Repulsion Energy =         447.60701502 hartrees
 There are       35 alpha and       35 beta electrons
 Applying Cartesian multipole field
    Component          Value
    ---------          -----
     (2,0,0)        1.00000E-11
     (0,2,0)        2.00000E-11
     (0,0,2)       -3.00000E-10
 Nucleus-field energy     =     0.0000000313 hartrees
 Start forming overlap matrix
 Guess from superposition of atomic densities
 Warning:  Energy on first SCF cycle will be non-variational
 SAD guess density has 70.000000 electrons
 SCF convergence criterion is 10**(-8)

 -----------------------------------------------------------------------
  General SCF calculation program by
  Eric Jon Sundstrom, Paul Horn, Yuezhi Mao, Dmitri Zuev, Alec White,
  David Stuck, Shaama M.S., Shane Yost, Joonho Lee, David Small,
  Daniel Levine, Susi Lehtola, Hugh Burton, Evgeny Epifanovsky,
  Bang C. Huynh
 -----------------------------------------------------------------------
 Exchange:     0.2000 Hartree-Fock + 0.0800 Slater + 0.7200 B88
 Correlation:  0.1900 VWN1RPA + 0.8100 LYP
 Using SG-1 standard quadrature grid
 A restricted SCF calculation will be
 performed using DIIS
 SCF converges when DIIS error is below 1.0e-08
 User-specified cutoff of 10e-12
 used for neglect of 2-electron integrals.
 A cutoff of 10e-12
 used for neglect of overlap integrals.
 Incremental Fock algorithm is on at the start.
 ---------------------------------------
  Cycle       Energy         DIIS error
 ---------------------------------------
    1    -381.7902709889      1.35e-01  
    2    -382.2828939003      3.34e-03  
    3    -382.2797909840      4.29e-03  
    4    -382.2899338136      1.12e-03  
    5    -382.2905762074      3.89e-04  
    6    -382.2906566354      4.91e-05  
    7    -382.2906581468      9.16e-06  
    8    -382.2906581831      5.89e-06  
    9    -382.2906582056      8.34e-07  
   10    -382.2906582059      5.76e-07  
   11    -382.2906582061      1.15e-07  
   12    -382.2906582061      5.65e-08  
   13    -382.2906582061      8.64e-09  Convergence criterion met
 ---------------------------------------
 SCF time:   CPU 2.77s  wall 3.00s 
 SCF   energy =  -382.29065821
 Total energy =  -382.29065821
 Integrated density by DFT XC:
   Number of electrons = 70
   Numerical integral  =    70.000019269177
   Relative error      =     0.0000275274 %
 Calculating analytic gradient of the SCF energy
 Gradient of SCF Energy
            1           2           3           4           5           6
    1  -0.0041980  -0.0043482   0.0119012  -0.0011127   0.0054457  -0.0327854
    2  -0.0490118   0.0106083   0.0135044   0.0220923  -0.0103277  -0.0322313
    3   0.0064490  -0.0122211   0.0106708  -0.0073992   0.0035527   0.0109168
            7           8           9          10          11          12
    1   0.0128806   0.0013821  -0.0252498   0.0193873   0.0173588   0.0236009
    2  -0.0056646  -0.0043647   0.0048563   0.0148754  -0.0362120   0.0159625
    3  -0.0025624  -0.0011908  -0.0006274  -0.0078617   0.0056266   0.0058697
           13          14          15          16          17          18
    1  -0.0086052  -0.0020663  -0.0162136   0.0234787  -0.0241133  -0.0033752
    2   0.0027902   0.0002325  -0.0006719   0.0565863  -0.0194210   0.0003106
    3  -0.0058813  -0.0016585  -0.0039531   0.0048441  -0.0024899  -0.0029057
           19          20
    1  -0.0094584   0.0160908
    2   0.0175357  -0.0014495
    3   0.0023589  -0.0015377
 Max gradient component =       5.659E-02
 RMS gradient           =       1.632E-02
 Gradient time:  CPU 0.95 s  wall 0.96 s
 Time for this dynamics step: 3.8 s (CPU) 4.0 s (wall)

TIME STEP #22 (t = 525.000 a.u. = 12.69914 fs)
--------------------------------------
 Instantaneous Temperature = 212.7 K
 ----------------------------------------------------------------
             Standard Nuclear Orientation (Angstroms)
    I     Atom           X                Y                Z
 ----------------------------------------------------------------
    1      C       0.2530358975    -1.4232667539    -0.0062332718
    2      C       1.3213366755    -0.4624490685    -0.0988405012
    3      C       1.0842672250     0.9165002878     0.0056365315
    4      C      -0.2630661716     1.3870930452     0.0521516408
    5      C      -1.3496667882     0.4276954728     0.0762306858
    6      C      -1.1038529240    -0.9632310831     0.0519482948
    7      H       2.3593766504    -0.8464348318    -0.2042667866
    8      H       1.9331970350     1.6040248131    -0.0513289030
    9      H      -2.4233928246     0.7724432077     0.0559462597
   10      H      -1.9190481482    -1.6510030718    -0.1255362890
   11      C      -0.5425020902     2.8288649196     0.0531074639
   12      C       0.3144028438     3.8750624234    -0.0136052712
   13      H      -1.6261899376     3.0817140047     0.0421165938
   14      H      -0.0796211140     4.8929447974    -0.0676626402
   15      H       1.3827506249     3.7387736195    -0.1358195595
   16      C       0.6291267261    -2.8168398463    -0.0207236352
   17      C      -0.3270639681    -3.7824109870    -0.0498314930
   18      H       1.6951576307    -3.0781362530    -0.0114541772
   19      H      -0.1400270895    -4.8432106261     0.0152937370
   20      H      -1.3729186312    -3.5165468537    -0.1107269455
 ----------------------------------------------------------------
 Nuclear Repulsion Energy =         447.48362540 hartrees
 There are       35 alpha and       35 beta electrons
 Applying Cartesian multipole field
    Component          Value
    ---------          -----
     (2,0,0)        1.00000E-11
     (0,2,0)        2.00000E-11
     (0,0,2)       -3.00000E-10
 Nucleus-field energy     =     0.0000000313 hartrees
 Start forming overlap matrix
 Guess from superposition of atomic densities
 Warning:  Energy on first SCF cycle will be non-variational
 SAD guess density has 70.000000 electrons
 SCF convergence criterion is 10**(-8)

 -----------------------------------------------------------------------
  General SCF calculation program by
  Eric Jon Sundstrom, Paul Horn, Yuezhi Mao, Dmitri Zuev, Alec White,
  David Stuck, Shaama M.S., Shane Yost, Joonho Lee, David Small,
  Daniel Levine, Susi Lehtola, Hugh Burton, Evgeny Epifanovsky,
  Bang C. Huynh
 -----------------------------------------------------------------------
 Exchange:     0.2000 Hartree-Fock + 0.0800 Slater + 0.7200 B88
 Correlation:  0.1900 VWN1RPA + 0.8100 LYP
 Using SG-1 standard quadrature grid
 A restricted SCF calculation will be
 performed using DIIS
 SCF converges when DIIS error is below 1.0e-08
 User-specified cutoff of 10e-12
 used for neglect of 2-electron integrals.
 A cutoff of 10e-12
 used for neglect of overlap integrals.
 Incremental Fock algorithm is on at the start.
 ---------------------------------------
  Cycle       Energy         DIIS error
 ---------------------------------------
    1    -381.7861405978      1.35e-01  
    2    -382.2857943944      3.32e-03  
    3    -382.2831786816      4.18e-03  
    4    -382.2927379928      1.12e-03  
    5    -382.2933782787      3.83e-04  
    6    -382.2934562013      4.91e-05  
    7    -382.2934577235      9.11e-06  
    8    -382.2934577614      5.72e-06  
    9    -382.2934577834      6.82e-07  
   10    -382.2934577837      3.77e-07  
   11    -382.2934577838      9.64e-08  
   12    -382.2934577838      2.44e-08  
   13    -382.2934577838      1.12e-08  
   14    -382.2934577838      2.66e-09  Convergence criterion met
 ---------------------------------------
 SCF time:   CPU 2.95s  wall 3.00s 
 SCF   energy =  -382.29345778
 Total energy =  -382.29345778
 Integrated density by DFT XC:
   Number of electrons = 70
   Numerical integral  =    70.000032472298
   Relative error      =     0.0000463890 %
 Calculating analytic gradient of the SCF energy
 Gradient of SCF Energy
            1           2           3           4           5           6
    1  -0.0081570   0.0020299   0.0111096  -0.0003564   0.0036823  -0.0261038
    2  -0.0441374   0.0063880   0.0156843   0.0187428  -0.0045668  -0.0273719
    3   0.0068951  -0.0122723   0.0102087  -0.0065370   0.0042669   0.0107716
            7           8           9          10          11          12
    1   0.0091549   0.0005309  -0.0217326   0.0110669   0.0204428   0.0137185
    2  -0.0039705  -0.0047301   0.0013783   0.0080546  -0.0284991   0.0143648
    3  -0.0025281  -0.0009296  -0.0011294  -0.0087297   0.0036823   0.0057613
           13          14          15          16          17          18
    1  -0.0078284  -0.0018947  -0.0107491   0.0218624  -0.0185569  -0.0007306
    2   0.0029338  -0.0030478  -0.0014287   0.0501882  -0.0103339  -0.0011107
    3  -0.0044914  -0.0015433  -0.0036495   0.0035359  -0.0022653  -0.0020255
           19          20
    1  -0.0085913   0.0111025
    2   0.0133349  -0.0018727
    3   0.0023235  -0.0013443
 Max gradient component =       5.019E-02
 RMS gradient           =       1.376E-02
 Gradient time:  CPU 0.95 s  wall 0.98 s
 Time for this dynamics step: 4.0 s (CPU) 4.2 s (wall)

TIME STEP #23 (t = 550.000 a.u. = 13.30386 fs)
--------------------------------------
 Instantaneous Temperature = 241.5 K
 ----------------------------------------------------------------
             Standard Nuclear Orientation (Angstroms)
    I     Atom           X                Y                Z
 ----------------------------------------------------------------
    1      C       0.2502551537    -1.4208591919    -0.0072065296
    2      C       1.3234382261    -0.4649533174    -0.1013222801
    3      C       1.0839804488     0.9154528650     0.0040815538
    4      C      -0.2619205813     1.3856302465     0.0560157119
    5      C      -1.3484317470     0.4305682409     0.0796401083
    6      C      -1.1052289186    -0.9626337750     0.0511857406
    7      H       2.3540771247    -0.8454875488    -0.2124758777
    8      H       1.9301011717     1.6061261213    -0.0499480356
    9      H      -2.4165354669     0.7591427477     0.0560568241
   10      H      -1.9363096115    -1.6598021597    -0.1052909073
   11      C      -0.5404984182     2.8321981740     0.0539048767
   12      C       0.3094659644     3.8754351563    -0.0158466373
   13      H      -1.6217082627     3.0837038898     0.0615095846
   14      H      -0.0934691597     4.8865832510    -0.0675486035
   15      H       1.3885275835     3.7475437127    -0.1256142427
   16      C       0.6306120962    -2.8203630472    -0.0230788226
   17      C      -0.3243455054    -3.7798985758    -0.0516400245
   18      H       1.6989432118    -3.0872661387    -0.0006663978
   19      H      -0.1271231362    -4.8472776394     0.0076851314
   20      H      -1.3828087089    -3.5310660694    -0.1082480922
 ----------------------------------------------------------------
 Nuclear Repulsion Energy =         447.36632062 hartrees
 There are       35 alpha and       35 beta electrons
 Applying Cartesian multipole field
    Component          Value
    ---------          -----
     (2,0,0)        1.00000E-11
     (0,2,0)        2.00000E-11
     (0,0,2)       -3.00000E-10
 Nucleus-field energy     =     0.0000000313 hartrees
 Start forming overlap matrix
 Guess from superposition of atomic densities
 Warning:  Energy on first SCF cycle will be non-variational
 SAD guess density has 70.000000 electrons
 SCF convergence criterion is 10**(-8)

 -----------------------------------------------------------------------
  General SCF calculation program by
  Eric Jon Sundstrom, Paul Horn, Yuezhi Mao, Dmitri Zuev, Alec White,
  David Stuck, Shaama M.S., Shane Yost, Joonho Lee, David Small,
  Daniel Levine, Susi Lehtola, Hugh Burton, Evgeny Epifanovsky,
  Bang C. Huynh
 -----------------------------------------------------------------------
 Exchange:     0.2000 Hartree-Fock + 0.0800 Slater + 0.7200 B88
 Correlation:  0.1900 VWN1RPA + 0.8100 LYP
 Using SG-1 standard quadrature grid
 A restricted SCF calculation will be
 performed using DIIS
 SCF converges when DIIS error is below 1.0e-08
 User-specified cutoff of 10e-12
 used for neglect of 2-electron integrals.
 A cutoff of 10e-12
 used for neglect of overlap integrals.
 Incremental Fock algorithm is on at the start.
 ---------------------------------------
  Cycle       Energy         DIIS error
 ---------------------------------------
    1    -381.7815231489      1.35e-01  
    2    -382.2882150052      3.28e-03  
    3    -382.2862688735      4.01e-03  
    4    -382.2949925901      1.12e-03  
    5    -382.2956382185      3.78e-04  
    6    -382.2957140907      4.93e-05  
    7    -382.2957156278      9.25e-06  
    8    -382.2957156673      5.77e-06  
    9    -382.2957156897      6.91e-07  
   10    -382.2957156900      4.12e-07  
   11    -382.2957156901      1.13e-07  
   12    -382.2957156901      4.46e-08  
   13    -382.2957156901      1.01e-08  
   14    -382.2957156901      2.74e-09  Convergence criterion met
 ---------------------------------------
 SCF time:   CPU 2.99s  wall 3.00s 
 SCF   energy =  -382.29571569
 Total energy =  -382.29571569
 Integrated density by DFT XC:
   Number of electrons = 70
   Numerical integral  =    70.000038208930
   Relative error      =     0.0000545842 %
 Calculating analytic gradient of the SCF energy
 Gradient of SCF Energy
            1           2           3           4           5           6
    1  -0.0120630   0.0094451   0.0098587   0.0004268  -0.0006496  -0.0176276
    2  -0.0380376   0.0015375   0.0171702   0.0148870   0.0016432  -0.0211425
    3   0.0072915  -0.0124018   0.0096874  -0.0055928   0.0048853   0.0103811
            7           8           9          10          11          12
    1   0.0040472   0.0000892  -0.0154712   0.0011671   0.0225852   0.0019071
    2  -0.0017323  -0.0046381  -0.0027791   0.0000153  -0.0193620   0.0117101
    3  -0.0022997  -0.0006825  -0.0015634  -0.0093846   0.0016098   0.0057140
           13          14          15          16          17          18
    1  -0.0058670  -0.0017854  -0.0036285   0.0190989  -0.0107937   0.0021596
    2   0.0027377  -0.0059418  -0.0021803   0.0420009   0.0014739  -0.0024912
    3  -0.0030519  -0.0014601  -0.0033178   0.0020976  -0.0019814  -0.0010562
           19          20
    1  -0.0070795   0.0041807
    2   0.0069800  -0.0018508
    3   0.0023274  -0.0012019
 Max gradient component =       4.200E-02
 RMS gradient           =       1.117E-02
 Gradient time:  CPU 0.95 s  wall 0.96 s
 Time for this dynamics step: 4.0 s (CPU) 4.2 s (wall)

TIME STEP #24 (t = 575.000 a.u. = 13.90858 fs)
--------------------------------------
 Instantaneous Temperature = 264.8 K
 ----------------------------------------------------------------
             Standard Nuclear Orientation (Angstroms)
    I     Atom           X                Y                Z
 ----------------------------------------------------------------
    1      C       0.2476567973    -1.4178765169    -0.0082900316
    2      C       1.3253969706    -0.4674808133    -0.1036165496
    3      C       1.0835446135     0.9141458353     0.0023801065
    4      C      -0.2607814437     1.3839423630     0.0599643434
    5      C      -1.3471868839     0.4334161652     0.0829756678
    6      C      -1.1063383904    -0.9617168018     0.0502662286
    7      H       2.3480489980    -0.8442284052    -0.2202709701
    8      H       1.9269892589     1.6090624065    -0.0484442984
    9      H      -2.4068928945     0.7463426036     0.0564488427
   10      H      -1.9537811807    -1.6686039957    -0.0833560546
   11      C      -0.5388362251     2.8358241735     0.0546779495
   12      C       0.3045002498     3.8756308376    -0.0181743972
   13      H      -1.6161703773     3.0852009201     0.0814520024
   14      H      -0.1069957804     4.8812913796    -0.0671717080
   15      H       1.3949577728     3.7567063179    -0.1148116366
   16      C       0.6318086986    -2.8245212837    -0.0254657244
   17      C      -0.3214638467    -3.7774084494    -0.0534185976
   18      H       1.7023400046    -3.0959475442     0.0103115263
   19      H      -0.1129446957    -4.8526012352    -0.0003424724
   20      H      -1.3934514263    -3.5452520892    -0.1055528725
 ----------------------------------------------------------------
 Nuclear Repulsion Energy =         447.26692561 hartrees
 There are       35 alpha and       35 beta electrons
 Applying Cartesian multipole field
    Component          Value
    ---------          -----
     (2,0,0)        1.00000E-11
     (0,2,0)        2.00000E-11
     (0,0,2)       -3.00000E-10
 Nucleus-field energy     =     0.0000000314 hartrees
 Start forming overlap matrix
 Guess from superposition of atomic densities
 Warning:  Energy on first SCF cycle will be non-variational
 SAD guess density has 70.000000 electrons
 SCF convergence criterion is 10**(-8)

 -----------------------------------------------------------------------
  General SCF calculation program by
  Eric Jon Sundstrom, Paul Horn, Yuezhi Mao, Dmitri Zuev, Alec White,
  David Stuck, Shaama M.S., Shane Yost, Joonho Lee, David Small,
  Daniel Levine, Susi Lehtola, Hugh Burton, Evgeny Epifanovsky,
  Bang C. Huynh
 -----------------------------------------------------------------------
 Exchange:     0.2000 Hartree-Fock + 0.0800 Slater + 0.7200 B88
 Correlation:  0.1900 VWN1RPA + 0.8100 LYP
 Using SG-1 standard quadrature grid
 A restricted SCF calculation will be
 performed using DIIS
 SCF converges when DIIS error is below 1.0e-08
 User-specified cutoff of 10e-12
 used for neglect of 2-electron integrals.
 A cutoff of 10e-12
 used for neglect of overlap integrals.
 Incremental Fock algorithm is on at the start.
 ---------------------------------------
  Cycle       Energy         DIIS error
 ---------------------------------------
    1    -381.7780239868      1.35e-01  
    2    -382.2893656738      3.23e-03  
    3    -382.2881410979      3.83e-03  
    4    -382.2959519269      1.13e-03  
    5    -382.2966059294      3.74e-04  
    6    -382.2966802578      4.95e-05  
    7    -382.2966818002      9.32e-06  
    8    -382.2966818400      5.81e-06  
    9    -382.2966818626      7.18e-07  
   10    -382.2966818628      4.54e-07  
   11    -382.2966818629      1.18e-07  
   12    -382.2966818629      4.49e-08  
   13    -382.2966818629      9.37e-09  Convergence criterion met
 ---------------------------------------
 SCF time:   CPU 2.79s  wall 3.00s 
 SCF   energy =  -382.29668186
 Total energy =  -382.29668186
 Integrated density by DFT XC:
   Number of electrons = 70
   Numerical integral  =    70.000035456971
   Relative error      =     0.0000506528 %
 Calculating analytic gradient of the SCF energy
 Gradient of SCF Energy
            1           2           3           4           5           6
    1  -0.0157284   0.0171366   0.0081449   0.0012004  -0.0070086  -0.0091283
    2  -0.0309675  -0.0035579   0.0178167   0.0106861   0.0079951  -0.0149397
    3   0.0076207  -0.0125498   0.0091033  -0.0045759   0.0053871   0.0093722
            7           8           9          10          11          12
    1  -0.0017552   0.0000917  -0.0070186  -0.0085961   0.0238886  -0.0102054
    2   0.0007736  -0.0040525  -0.0073138  -0.0077699  -0.0092139   0.0076000
    3  -0.0019275  -0.0004500  -0.0019134  -0.0094268  -0.0005112   0.0055749
           13          14          15          16          17          18
    1  -0.0029533  -0.0019057   0.0038359   0.0157005  -0.0019564   0.0048413
    2   0.0022672  -0.0080150  -0.0027395   0.0323210   0.0147838  -0.0037181
    3  -0.0016364  -0.0014284  -0.0027929   0.0005576  -0.0016278  -0.0000152
           19          20
    1  -0.0051191  -0.0034647
    2  -0.0002346  -0.0017210
    3   0.0022717  -0.0010323
 Max gradient component =       3.232E-02
 RMS gradient           =       9.822E-03
 Gradient time:  CPU 0.95 s  wall 0.98 s
 Time for this dynamics step: 3.8 s (CPU) 4.0 s (wall)

TIME STEP #25 (t = 600.000 a.u. = 14.51331 fs)
--------------------------------------
 Instantaneous Temperature = 274.8 K
 ----------------------------------------------------------------
             Standard Nuclear Orientation (Angstroms)
    I     Atom           X                Y                Z
 ----------------------------------------------------------------
    1      C       0.2452962474    -1.4144256265    -0.0094887559
    2      C       1.3270966169    -0.4699545154    -0.1057210719
    3      C       1.0829856309     0.9125694245     0.0005410213
    4      C      -0.2596604550     1.3820929108     0.0639821613
    5      C      -1.3458360532     0.4361432069     0.0862297774
    6      C      -1.1073098462    -0.9605739464     0.0492050129
    7      H       2.3423368609    -0.8431085235    -0.2277190690
    8      H       1.9238608355     1.6127282529    -0.0468595425
    9      H      -2.3959867954     0.7348591335     0.0571853135
   10      H      -1.9697052395    -1.6760070582    -0.0597241400
   11      C      -0.5375352176     2.8395894838     0.0554587507
   12      C       0.2996888363     3.8757116100    -0.0205864475
   13      H      -1.6101008143     3.0862897888     0.1016890083
   14      H      -0.1201793306     4.8774424082    -0.0665376594
   15      H       1.4006974100     3.7663621099    -0.1035062439
   16      C       0.6327679155    -2.8291682003    -0.0278610570
   17      C      -0.3185526082    -3.7751418476    -0.0551725587
   18      H       1.7048652351    -3.1039596027     0.0212921869
   19      H      -0.0978446789    -4.8578825913    -0.0087790381
   20      H      -1.4034704091    -3.5591282871    -0.1026718178
 ----------------------------------------------------------------
 Nuclear Repulsion Energy =         447.19389217 hartrees
 There are       35 alpha and       35 beta electrons
 Applying Cartesian multipole field
    Component          Value
    ---------          -----
     (2,0,0)        1.00000E-11
     (0,2,0)        2.00000E-11
     (0,0,2)       -3.00000E-10
 Nucleus-field energy     =     0.0000000314 hartrees
 Start forming overlap matrix
 Guess from superposition of atomic densities
 Warning:  Energy on first SCF cycle will be non-variational
 SAD guess density has 70.000000 electrons
 SCF convergence criterion is 10**(-8)

 -----------------------------------------------------------------------
  General SCF calculation program by
  Eric Jon Sundstrom, Paul Horn, Yuezhi Mao, Dmitri Zuev, Alec White,
  David Stuck, Shaama M.S., Shane Yost, Joonho Lee, David Small,
  Daniel Levine, Susi Lehtola, Hugh Burton, Evgeny Epifanovsky,
  Bang C. Huynh
 -----------------------------------------------------------------------
 Exchange:     0.2000 Hartree-Fock + 0.0800 Slater + 0.7200 B88
 Correlation:  0.1900 VWN1RPA + 0.8100 LYP
 Using SG-1 standard quadrature grid
 A restricted SCF calculation will be
 performed using DIIS
 SCF converges when DIIS error is below 1.0e-08
 User-specified cutoff of 10e-12
 used for neglect of 2-electron integrals.
 A cutoff of 10e-12
 used for neglect of overlap integrals.
 Incremental Fock algorithm is on at the start.
 ---------------------------------------
  Cycle       Energy         DIIS error
 ---------------------------------------
    1    -381.7768975706      1.35e-01  
    2    -382.2890379209      3.19e-03  
    3    -382.2884851385      3.64e-03  
    4    -382.2954439388      1.14e-03  
    5    -382.2961053698      3.71e-04  
    6    -382.2961784831      4.96e-05  
    7    -382.2961800152      9.27e-06  
    8    -382.2961800540      5.79e-06  
    9    -382.2961800762      7.30e-07  
   10    -382.2961800765      4.57e-07  
   11    -382.2961800766      1.18e-07  
   12    -382.2961800766      4.26e-08  
   13    -382.2961800766      9.08e-09  Convergence criterion met
 ---------------------------------------
 SCF time:   CPU 2.80s  wall 3.00s 
 SCF   energy =  -382.29618008
 Total energy =  -382.29618008
 Integrated density by DFT XC:
   Number of electrons = 70
   Numerical integral  =    70.000027007581
   Relative error      =     0.0000385823 %
 Calculating analytic gradient of the SCF energy
 Gradient of SCF Energy
            1           2           3           4           5           6
    1  -0.0189656   0.0241134   0.0060534   0.0019096  -0.0143688  -0.0019620
    2  -0.0231937  -0.0084366   0.0175597   0.0062987   0.0140883  -0.0097553
    3   0.0078682  -0.0126131   0.0084487  -0.0034955   0.0057751   0.0076271
            7           8           9          10          11          12
    1  -0.0073365   0.0004862   0.0026022  -0.0169249   0.0245492  -0.0211130
    2   0.0031865  -0.0030100  -0.0118263  -0.0142272   0.0014233   0.0018989
    3  -0.0015073  -0.0002267  -0.0021871  -0.0087149  -0.0026086   0.0052491
           13          14          15          16          17          18
    1   0.0005413  -0.0023807   0.0104566   0.0122067   0.0068064   0.0069190
    2   0.0016218  -0.0089612  -0.0029847   0.0215332   0.0282646  -0.0046932
    3  -0.0003009  -0.0014543  -0.0019888  -0.0010351  -0.0012034   0.0010616
           19          20
    1  -0.0029501  -0.0106424
    2  -0.0070466  -0.0017400
    3   0.0020889  -0.0007829
 Max gradient component =       2.826E-02
 RMS gradient           =       1.052E-02
 Gradient time:  CPU 0.94 s  wall 0.99 s
 Time for this dynamics step: 3.8 s (CPU) 4.0 s (wall)

TIME STEP #26 (t = 625.000 a.u. = 15.11803 fs)
--------------------------------------
 Instantaneous Temperature = 269.8 K
 ----------------------------------------------------------------
             Standard Nuclear Orientation (Angstroms)
    I     Atom           X                Y                Z
 ----------------------------------------------------------------
    1      C       0.2432224495    -1.4106240575    -0.0108064438
    2      C       1.3284316790    -0.4723006593    -0.1076348896
    3      C       1.0823351236     0.9107275183    -0.0014258040
    4      C      -0.2585683385     1.3801482244     0.0680528303
    5      C      -1.3442679721     0.4386572394     0.0893965702
    6      C      -1.1082516375    -0.9592835953     0.0480284787
    7      H       2.3379454770    -0.8425622992    -0.2348958074
    8      H       1.9206448821     1.6169359830    -0.0452339825
    9      H      -2.3855491580     0.7255046888     0.0583155121
   10      H      -1.9825823824    -1.6808488565    -0.0345233184
   11      C      -0.5366053837     2.8433332750     0.0562789921
   12      C       0.2951966427     3.8757636717    -0.0230778619
   13      H      -1.6041287054     3.0870866996     0.1219801802
   14      H      -0.1329342875     4.8752066808    -0.0656418009
   15      H       1.4045545867     3.7765552323    -0.0918428101
   16      C       0.6335425721    -2.8341406895    -0.0302407393
   17      C      -0.3157442795    -3.7733025941    -0.0569083250
   18      H       1.7061448741    -3.1111267596     0.0320817331
   19      H      -0.0822135685    -4.8618953852    -0.0175916569
   20      H      -1.4115734983    -3.5726912334    -0.0996498222
 ----------------------------------------------------------------
 Nuclear Repulsion Energy =         447.15039408 hartrees
 There are       35 alpha and       35 beta electrons
 Applying Cartesian multipole field
    Component          Value
    ---------          -----
     (2,0,0)        1.00000E-11
     (0,2,0)        2.00000E-11
     (0,0,2)       -3.00000E-10
 Nucleus-field energy     =     0.0000000314 hartrees
 Start forming overlap matrix
 Guess from superposition of atomic densities
 Warning:  Energy on first SCF cycle will be non-variational
 SAD guess density has 70.000000 electrons
 SCF convergence criterion is 10**(-8)

 -----------------------------------------------------------------------
  General SCF calculation program by
  Eric Jon Sundstrom, Paul Horn, Yuezhi Mao, Dmitri Zuev, Alec White,
  David Stuck, Shaama M.S., Shane Yost, Joonho Lee, David Small,
  Daniel Levine, Susi Lehtola, Hugh Burton, Evgeny Epifanovsky,
  Bang C. Huynh
 -----------------------------------------------------------------------
 Exchange:     0.2000 Hartree-Fock + 0.0800 Slater + 0.7200 B88
 Correlation:  0.1900 VWN1RPA + 0.8100 LYP
 Using SG-1 standard quadrature grid
 A restricted SCF calculation will be
 performed using DIIS
 SCF converges when DIIS error is below 1.0e-08
 User-specified cutoff of 10e-12
 used for neglect of 2-electron integrals.
 A cutoff of 10e-12
 used for neglect of overlap integrals.
 Incremental Fock algorithm is on at the start.
 ---------------------------------------
  Cycle       Energy         DIIS error
 ---------------------------------------
    1    -381.7787554414      1.35e-01  
    2    -382.2876504287      3.15e-03  
    3    -382.2876600381      3.47e-03  
    4    -382.2939088761      1.14e-03  
    5    -382.2945744808      3.68e-04  
    6    -382.2946464001      4.94e-05  
    7    -382.2946479073      9.13e-06  
    8    -382.2946479443      5.73e-06  
    9    -382.2946479658      7.34e-07  
   10    -382.2946479661      4.42e-07  
   11    -382.2946479662      1.17e-07  
   12    -382.2946479662      4.06e-08  
   13    -382.2946479662      8.91e-09  Convergence criterion met
 ---------------------------------------
 SCF time:   CPU 2.81s  wall 3.00s 
 SCF   energy =  -382.29464797
 Total energy =  -382.29464797
 Integrated density by DFT XC:
   Number of electrons = 70
   Numerical integral  =    70.000018233702
   Relative error      =     0.0000260481 %
 Calculating analytic gradient of the SCF energy
 Gradient of SCF Energy
            1           2           3           4           5           6
    1  -0.0216060   0.0292897   0.0037467   0.0024843  -0.0211875   0.0030402
    2  -0.0149810  -0.0126156   0.0164196   0.0018721   0.0194361  -0.0061154
    3   0.0080225  -0.0124560   0.0077145  -0.0023598   0.0060809   0.0052265
            7           8           9          10          11          12
    1  -0.0116772   0.0011442   0.0118618  -0.0230391   0.0248348  -0.0296557
    2   0.0051113  -0.0016143  -0.0158346  -0.0187469   0.0119505  -0.0051900
    3  -0.0011707  -0.0000033  -0.0024225  -0.0073104  -0.0046291   0.0046979
           13          14          15          16          17          18
    1   0.0041331  -0.0032555   0.0153510   0.0091290   0.0145020   0.0081016
    2   0.0009250  -0.0086801  -0.0028708   0.0100936   0.0406971  -0.0053474
    3   0.0009284  -0.0015275  -0.0009012  -0.0026187  -0.0007181   0.0021267
           19          20
    1  -0.0008022  -0.0163953
    2  -0.0124653  -0.0020440
    3   0.0017519  -0.0004319
 Max gradient component =       4.070E-02
 RMS gradient           =       1.250E-02
 Gradient time:  CPU 0.95 s  wall 1.00 s
 Time for this dynamics step: 3.8 s (CPU) 4.0 s (wall)

TIME STEP #27 (t = 650.000 a.u. = 15.72275 fs)
--------------------------------------
 Instantaneous Temperature = 254.2 K
 ----------------------------------------------------------------
             Standard Nuclear Orientation (Angstroms)
    I     Atom           X                Y                Z
 ----------------------------------------------------------------
    1      C       0.2414753259    -1.4065959817    -0.0122454279
    2      C       1.3293238937    -0.4744560605    -0.1093603779
    3      C       1.0816279674     0.9086373547    -0.0035092689
    4      C      -0.2575137839     1.3781752322     0.0721591790
    5      C      -1.3423795452     0.4408774060     0.0924714222
    6      C      -1.1092393961    -0.9579007819     0.0467729217
    7      H       2.3356562867    -0.8429362389    -0.2418617891
    8      H       1.9172229460     1.6214343240    -0.0436078321
    9      H      -2.3772469538     0.7190008758     0.0598818174
   10      H      -1.9913118955    -1.6823157310    -0.0080064383
   11      C      -0.5360510419     2.8468963798     0.0571692239
   12      C       0.2911528303     3.8758942045    -0.0256403068
   13      H      -1.5989006516     3.0877170864     0.1421042213
   14      H      -0.1451031678     4.8745335841    -0.0644709469
   15      H       1.4056481941     3.7872651782    -0.0800171390
   16      C       0.6341792016    -2.8392657901    -0.0325808273
   17      C      -0.3131552147    -3.7720786636    -0.0586332339
   18      H       1.7059660118    -3.1173312562     0.0424884197
   19      H      -0.0664380421    -4.8636641099    -0.0267196613
   20      H      -1.4167250250    -3.5858862153    -0.0965500758
 ----------------------------------------------------------------
 Nuclear Repulsion Energy =         447.13491045 hartrees
 There are       35 alpha and       35 beta electrons
 Applying Cartesian multipole field
    Component          Value
    ---------          -----
     (2,0,0)        1.00000E-11
     (0,2,0)        2.00000E-11
     (0,0,2)       -3.00000E-10
 Nucleus-field energy     =     0.0000000314 hartrees
 Start forming overlap matrix
 Guess from superposition of atomic densities
 Warning:  Energy on first SCF cycle will be non-variational
 SAD guess density has 70.000000 electrons
 SCF convergence criterion is 10**(-8)

 -----------------------------------------------------------------------
  General SCF calculation program by
  Eric Jon Sundstrom, Paul Horn, Yuezhi Mao, Dmitri Zuev, Alec White,
  David Stuck, Shaama M.S., Shane Yost, Joonho Lee, David Small,
  Daniel Levine, Susi Lehtola, Hugh Burton, Evgeny Epifanovsky,
  Bang C. Huynh
 -----------------------------------------------------------------------
 Exchange:     0.2000 Hartree-Fock + 0.0800 Slater + 0.7200 B88
 Correlation:  0.1900 VWN1RPA + 0.8100 LYP
 Using SG-1 standard quadrature grid
 A restricted SCF calculation will be
 performed using DIIS
 SCF converges when DIIS error is below 1.0e-08
 User-specified cutoff of 10e-12
 used for neglect of 2-electron integrals.
 A cutoff of 10e-12
 used for neglect of overlap integrals.
 Incremental Fock algorithm is on at the start.
 ---------------------------------------
  Cycle       Energy         DIIS error
 ---------------------------------------
    1    -381.7836088913      1.36e-01  
    2    -382.2859962541      3.13e-03  
    3    -382.2864335526      3.34e-03  
    4    -382.2921477726      1.14e-03  
    5    -382.2928140982      3.64e-04  
    6    -382.2928845447      4.90e-05  
    7    -382.2928860162      8.95e-06  
    8    -382.2928860512      5.64e-06  
    9    -382.2928860719      7.31e-07  
   10    -382.2928860722      4.20e-07  
   11    -382.2928860723      1.16e-07  
   12    -382.2928860723      3.86e-08  
   13    -382.2928860723      8.88e-09  Convergence criterion met
 ---------------------------------------
 SCF time:   CPU 2.77s  wall 3.00s 
 SCF   energy =  -382.29288607
 Total energy =  -382.29288607
 Integrated density by DFT XC:
   Number of electrons = 70
   Numerical integral  =    70.000013883217
   Relative error      =     0.0000198332 %
 Calculating analytic gradient of the SCF energy
 Gradient of SCF Energy
            1           2           3           4           5           6
    1  -0.0235162   0.0317313   0.0014363   0.0028501  -0.0256263   0.0054627
    2  -0.0065832  -0.0156825   0.0144916  -0.0024621   0.0235269  -0.0042160
    3   0.0080756  -0.0119417   0.0068939  -0.0011762   0.0063577   0.0023611
            7           8           9          10          11          12
    1  -0.0138890   0.0018877   0.0189342  -0.0265577   0.0250369  -0.0350805
    2   0.0062053  -0.0000182  -0.0188369  -0.0210567   0.0217375  -0.0131362
    3  -0.0010542   0.0002297  -0.0026802  -0.0053889  -0.0065455   0.0039193
           13          14          15          16          17          18
    1   0.0072847  -0.0044767   0.0179716   0.0069073   0.0203559   0.0082245
    2   0.0003092  -0.0073024  -0.0024151  -0.0014977   0.0510866  -0.0056463
    3   0.0020618  -0.0016237   0.0004151  -0.0041277  -0.0001923   0.0031296
           19          20
    1   0.0011320  -0.0200687
    2  -0.0158440  -0.0026601
    3   0.0012685   0.0000180
 Max gradient component =       5.109E-02
 RMS gradient           =       1.452E-02
 Gradient time:  CPU 0.95 s  wall 1.01 s
 Time for this dynamics step: 3.8 s (CPU) 4.0 s (wall)

TIME STEP #28 (t = 675.000 a.u. = 16.32747 fs)
--------------------------------------
 Instantaneous Temperature = 236.2 K
 ----------------------------------------------------------------
             Standard Nuclear Orientation (Angstroms)
    I     Atom           X                Y                Z
 ----------------------------------------------------------------
    1      C       0.2400837568    -1.4024683703    -0.0138065118
    2      C       1.3297363448    -0.4763743494    -0.1109053133
    3      C       1.0808990950     0.9063280838    -0.0056969671
    4      C      -0.2565023224     1.3762394654     0.0762833110
    5      C      -1.3401036601     0.4427418553     0.0954501481
    6      C      -1.1103097481    -0.9564542243     0.0454816659
    7      H       2.3358674679    -0.8444272941    -0.2486379873
    8      H       1.9134611801     1.6259359365    -0.0420230255
    9      H      -2.3723533853     0.7158881755     0.0619306203
   10      H      -1.9952603431    -1.6799918718     0.0194805720
   11      C      -0.5358752475     2.8501308219     0.0581584209
   12      C       0.2876394210     3.8762233508    -0.0282620097
   13      H      -1.5949840309     3.0882918088     0.1618570899
   14      H      -0.1564661197     4.8751751044    -0.0630077883
   15      H       1.4035064522     3.7984099111    -0.0682661916
   16      C       0.6347113961    -2.8443682469    -0.0348585069
   17      C      -0.3108739223    -3.7716271417    -0.0603552351
   18      H       1.7043065315    -3.1225192672     0.0523317062
   19      H      -0.0508663043    -4.8625805200    -0.0360760366
   20      H      -1.4182636699    -3.5986023087    -0.0934535684
 ----------------------------------------------------------------
 Nuclear Repulsion Energy =         447.14344225 hartrees
 There are       35 alpha and       35 beta electrons
 Applying Cartesian multipole field
    Component          Value
    ---------          -----
     (2,0,0)        1.00000E-11
     (0,2,0)        2.00000E-11
     (0,0,2)       -3.00000E-10
 Nucleus-field energy     =     0.0000000314 hartrees
 Start forming overlap matrix
 Guess from superposition of atomic densities
 Warning:  Energy on first SCF cycle will be non-variational
 SAD guess density has 70.000000 electrons
 SCF convergence criterion is 10**(-8)

 -----------------------------------------------------------------------
  General SCF calculation program by
  Eric Jon Sundstrom, Paul Horn, Yuezhi Mao, Dmitri Zuev, Alec White,
  David Stuck, Shaama M.S., Shane Yost, Joonho Lee, David Small,
  Daniel Levine, Susi Lehtola, Hugh Burton, Evgeny Epifanovsky,
  Bang C. Huynh
 -----------------------------------------------------------------------
 Exchange:     0.2000 Hartree-Fock + 0.0800 Slater + 0.7200 B88
 Correlation:  0.1900 VWN1RPA + 0.8100 LYP
 Using SG-1 standard quadrature grid
 A restricted SCF calculation will be
 performed using DIIS
 SCF converges when DIIS error is below 1.0e-08
 User-specified cutoff of 10e-12
 used for neglect of 2-electron integrals.
 A cutoff of 10e-12
 used for neglect of overlap integrals.
 Incremental Fock algorithm is on at the start.
 ---------------------------------------
  Cycle       Energy         DIIS error
 ---------------------------------------
    1    -381.7911354493      1.36e-01  
    2    -382.2848312017      3.11e-03  
    3    -382.2855553904      3.25e-03  
    4    -382.2909169715      1.14e-03  
    5    -382.2915817052      3.59e-04  
    6    -382.2916502429      4.84e-05  
    7    -382.2916516704      8.76e-06  
    8    -382.2916517036      5.51e-06  
    9    -382.2916517233      7.20e-07  
   10    -382.2916517236      3.91e-07  
   11    -382.2916517237      1.14e-07  
   12    -382.2916517237      3.64e-08  
   13    -382.2916517237      8.94e-09  Convergence criterion met
 ---------------------------------------
 SCF time:   CPU 2.84s  wall 3.00s 
 SCF   energy =  -382.29165172
 Total energy =  -382.29165172
 Integrated density by DFT XC:
   Number of electrons = 70
   Numerical integral  =    70.000015697880
   Relative error      =     0.0000224255 %
 Calculating analytic gradient of the SCF energy
 Gradient of SCF Energy
            1           2           3           4           5           6
    1  -0.0246114   0.0309373  -0.0006539   0.0029466  -0.0260712   0.0051398
    2   0.0017616  -0.0173959   0.0119277  -0.0065862   0.0259376  -0.0040844
    3   0.0080233  -0.0109770   0.0059854   0.0000489   0.0066583  -0.0007331
            7           8           9          10          11          12
    1  -0.0134835   0.0025230   0.0221983  -0.0273283   0.0253962  -0.0370038
    2   0.0062768   0.0016011  -0.0204240  -0.0210703   0.0301834  -0.0211722
    3  -0.0012562   0.0004793  -0.0030205  -0.0031757  -0.0083554   0.0029312
           13          14          15          16          17          18
    1   0.0095007  -0.0059026   0.0180570   0.0058681   0.0238151   0.0072556
    2  -0.0001075  -0.0051542  -0.0016756  -0.0127325   0.0586921  -0.0055931
    3   0.0031428  -0.0017105   0.0018704  -0.0055017   0.0003463   0.0040249
           19          20
    1   0.0027007  -0.0212838
    2  -0.0168393  -0.0035450
    3   0.0006715   0.0005478
 Max gradient component =       5.869E-02
 RMS gradient           =       1.588E-02
 Gradient time:  CPU 0.96 s  wall 0.98 s
 Time for this dynamics step: 3.9 s (CPU) 4.1 s (wall)

TIME STEP #29 (t = 700.000 a.u. = 16.93219 fs)
--------------------------------------
 Instantaneous Temperature = 223.4 K
 ----------------------------------------------------------------
             Standard Nuclear Orientation (Angstroms)
    I     Atom           X                Y                Z
 ----------------------------------------------------------------
    1      C       0.2390643010    -1.3983673934    -0.0154889048
    2      C       1.3296810369    -0.4780296190    -0.1122842804
    3      C       1.0801801096     0.9038384710    -0.0079751613
    4      C      -0.2555354126     1.3744032798     0.0804067042
    5      C      -1.3374335889     0.4442141393     0.0983282034
    6      C      -1.1114578118    -0.9549459126     0.0442014944
    7      H       2.3385060265    -0.8470483243    -0.2551880361
    8      H       1.9092452132     1.6301493156    -0.0405245043
    9      H      -2.3714560773     0.7164523131     0.0645231830
   10      H      -1.9942890091    -1.6738748258     0.0475392976
   11      C      -0.5360834332     2.8529089032     0.0592739484
   12      C       0.2846854942     3.8768726115    -0.0309280317
   13      H      -1.5927777849     3.0888858773     0.1810441809
   14      H      -0.1667664569     4.8767445134    -0.0612366901
   15      H       1.3981139867     3.8098562930    -0.0568519724
   16      C       0.6351548673    -2.8492781939    -0.0370530035
   17      C      -0.3089527041    -3.7720630195    -0.0620824728
   18      H       1.7013408512    -3.1267003799     0.0614504016
   19      H      -0.0357807605    -4.8584654238    -0.0455533045
   20      H      -1.4159706835    -3.6106802040    -0.0904556776
 ----------------------------------------------------------------
 Nuclear Repulsion Energy =         447.17183210 hartrees
 There are       35 alpha and       35 beta electrons
 Applying Cartesian multipole field
    Component          Value
    ---------          -----
     (2,0,0)        1.00000E-11
     (0,2,0)        2.00000E-11
     (0,0,2)       -3.00000E-10
 Nucleus-field energy     =     0.0000000314 hartrees
 Start forming overlap matrix
 Guess from superposition of atomic densities
 Warning:  Energy on first SCF cycle will be non-variational
 SAD guess density has 70.000000 electrons
 SCF convergence criterion is 10**(-8)

 -----------------------------------------------------------------------
  General SCF calculation program by
  Eric Jon Sundstrom, Paul Horn, Yuezhi Mao, Dmitri Zuev, Alec White,
  David Stuck, Shaama M.S., Shane Yost, Joonho Lee, David Small,
  Daniel Levine, Susi Lehtola, Hugh Burton, Evgeny Epifanovsky,
  Bang C. Huynh
 -----------------------------------------------------------------------
 Exchange:     0.2000 Hartree-Fock + 0.0800 Slater + 0.7200 B88
 Correlation:  0.1900 VWN1RPA + 0.8100 LYP
 Using SG-1 standard quadrature grid
 A restricted SCF calculation will be
 performed using DIIS
 SCF converges when DIIS error is below 1.0e-08
 User-specified cutoff of 10e-12
 used for neglect of 2-electron integrals.
 A cutoff of 10e-12
 used for neglect of overlap integrals.
 Incremental Fock algorithm is on at the start.
 ---------------------------------------
  Cycle       Energy         DIIS error
 ---------------------------------------
    1    -381.8009557327      1.36e-01  
    2    -382.2844931005      3.10e-03  
    3    -382.2853631986      3.21e-03  
    4    -382.2905545002      1.14e-03  
    5    -382.2912162773      3.53e-04  
    6    -382.2912825301      4.77e-05  
    7    -382.2912839060      8.56e-06  
    8    -382.2912839380      5.35e-06  
    9    -382.2912839566      6.99e-07  
   10    -382.2912839568      3.51e-07  
   11    -382.2912839569      1.13e-07  
   12    -382.2912839569      3.36e-08  
   13    -382.2912839569      9.07e-09  Convergence criterion met
 ---------------------------------------
 SCF time:   CPU 2.83s  wall 3.00s 
 SCF   energy =  -382.29128396
 Total energy =  -382.29128396
 Integrated density by DFT XC:
   Number of electrons = 70
   Numerical integral  =    70.000022068306
   Relative error      =     0.0000315262 %
 Calculating analytic gradient of the SCF energy
 Gradient of SCF Energy
            1           2           3           4           5           6
    1  -0.0248658   0.0270196  -0.0023224   0.0027466  -0.0217647   0.0020518
    2   0.0098320  -0.0177462   0.0089136  -0.0103917   0.0264556  -0.0056732
    3   0.0078653  -0.0095505   0.0049940   0.0013095   0.0070064  -0.0038072
            7           8           9          10          11          12
    1  -0.0105443   0.0028734   0.0208523  -0.0253187   0.0260219  -0.0353571
    2   0.0053454   0.0030680  -0.0204043  -0.0188008   0.0367837  -0.0284334
    3  -0.0017994   0.0007485  -0.0034731  -0.0009138  -0.0100703   0.0017654
           13          14          15          16          17          18
    1   0.0104361  -0.0073347   0.0155817   0.0061820   0.0245432   0.0052977
    2  -0.0002449  -0.0026757  -0.0007321  -0.0231313   0.0630272  -0.0052271
    3   0.0042318  -0.0017566   0.0033597  -0.0066946   0.0008672   0.0047804
           19          20
    1   0.0037885  -0.0198870
    2  -0.0153448  -0.0046200
    3   0.0000084   0.0011290
 Max gradient component =       6.303E-02
 RMS gradient           =       1.634E-02
 Gradient time:  CPU 0.96 s  wall 0.96 s
 Time for this dynamics step: 3.9 s (CPU) 4.0 s (wall)

TIME STEP #30 (t = 725.000 a.u. = 17.53691 fs)
--------------------------------------
 Instantaneous Temperature = 219.4 K
 ----------------------------------------------------------------
             Standard Nuclear Orientation (Angstroms)
    I     Atom           X                Y                Z
 ----------------------------------------------------------------
    1      C       0.2384208060    -1.3944150717    -0.0172902182
    2      C       1.3292172035    -0.4794165739    -0.1135188476
    3      C       1.0794962383     0.9012140884    -0.0103288626
    4      C      -0.2546100307     1.3727242119     0.0845102986
    5      C      -1.3344344448     0.4452864260     0.1011003250
    6      C      -1.1126368972    -0.9533518247     0.0429788863
    7      H       2.3430428307    -0.8506316600    -0.2614141465
    8      H       1.9045119638     1.6338103770    -0.0391607249
    9      H      -2.3743127085     0.7206897351     0.0677409878
   10      H      -1.9887596660    -1.6643731614     0.0757625384
   11      C      -0.5366850596     2.8551308308     0.0605417346
   12      C       0.2822661516     3.8779517728    -0.0336207461
   13      H      -1.5924503002     3.0895240307     0.1994694399
   14      H      -0.1757463625     4.8787956125    -0.0591493615
   15      H       1.3899164124     3.8214344691    -0.0460425904
   16      C       0.6355048700    -2.8538384046    -0.0391462798
   17      C      -0.3074025693    -3.7734518421    -0.0638228225
   18      H       1.6974214532    -3.1299404774     0.0697085021
   19      H      -0.0213772358    -4.8515878686    -0.0550320767
   20      H      -1.4100975264    -3.6219263843    -0.0876610398
 ----------------------------------------------------------------
 Nuclear Repulsion Energy =         447.21670916 hartrees
 There are       35 alpha and       35 beta electrons
 Applying Cartesian multipole field
    Component          Value
    ---------          -----
     (2,0,0)        1.00000E-11
     (0,2,0)        2.00000E-11
     (0,0,2)       -3.00000E-10
 Nucleus-field energy     =     0.0000000314 hartrees
 Start forming overlap matrix
 Guess from superposition of atomic densities
 Warning:  Energy on first SCF cycle will be non-variational
 SAD guess density has 70.000000 electrons
 SCF convergence criterion is 10**(-8)

 -----------------------------------------------------------------------
  General SCF calculation program by
  Eric Jon Sundstrom, Paul Horn, Yuezhi Mao, Dmitri Zuev, Alec White,
  David Stuck, Shaama M.S., Shane Yost, Joonho Lee, David Small,
  Daniel Levine, Susi Lehtola, Hugh Burton, Evgeny Epifanovsky,
  Bang C. Huynh
 -----------------------------------------------------------------------
 Exchange:     0.2000 Hartree-Fock + 0.0800 Slater + 0.7200 B88
 Correlation:  0.1900 VWN1RPA + 0.8100 LYP
 Using SG-1 standard quadrature grid
 A restricted SCF calculation will be
 performed using DIIS
 SCF converges when DIIS error is below 1.0e-08
 User-specified cutoff of 10e-12
 used for neglect of 2-electron integrals.
 A cutoff of 10e-12
 used for neglect of overlap integrals.
 Incremental Fock algorithm is on at the start.
 ---------------------------------------
  Cycle       Energy         DIIS error
 ---------------------------------------
    1    -381.8127337417      1.36e-01  
    2    -382.2847483007      3.10e-03  
    3    -382.2856217942      3.21e-03  
    4    -382.2908306306      1.13e-03  
    5    -382.2914877134      3.46e-04  
    6    -382.2915515582      4.68e-05  
    7    -382.2915528777      8.39e-06  
    8    -382.2915529091      5.15e-06  
    9    -382.2915529264      6.69e-07  
   10    -382.2915529267      2.88e-07  
   11    -382.2915529268      1.11e-07  
   12    -382.2915529268      3.05e-08  
   13    -382.2915529268      9.39e-09  Convergence criterion met
 ---------------------------------------
 SCF time:   CPU 2.83s  wall 3.00s 
 SCF   energy =  -382.29155293
 Total energy =  -382.29155293
 Integrated density by DFT XC:
   Number of electrons = 70
   Numerical integral  =    70.000028661972
   Relative error      =     0.0000409457 %
 Calculating analytic gradient of the SCF energy
 Gradient of SCF Energy
            1           2           3           4           5           6
    1  -0.0243162   0.0206759  -0.0034175   0.0022685  -0.0131653  -0.0036806
    2   0.0174236  -0.0169403   0.0056446  -0.0137744   0.0251351  -0.0088655
    3   0.0076056  -0.0077425   0.0039319   0.0025999   0.0073777  -0.0066100
            7           8           9          10          11          12
    1  -0.0056993   0.0028050   0.0152651  -0.0206118   0.0268399  -0.0303752
    2   0.0036315   0.0042316  -0.0188635  -0.0143569   0.0411893  -0.0341058
    3  -0.0026200   0.0010350  -0.0040168   0.0011478  -0.0116955   0.0004655
           13          14          15          16          17          18
    1   0.0099804  -0.0085596   0.0107536   0.0078226   0.0224407   0.0025864
    2  -0.0000778  -0.0003277   0.0003268  -0.0322763   0.0638761  -0.0046233
    3   0.0053806  -0.0017383   0.0047762  -0.0076818   0.0013403   0.0053828
           19          20
    1   0.0043184  -0.0159309
    2  -0.0114559  -0.0057912
    3  -0.0006665   0.0017280
 Max gradient component =       6.388E-02
 RMS gradient           =       1.609E-02
 Gradient time:  CPU 0.96 s  wall 0.98 s
 Time for this dynamics step: 3.8 s (CPU) 4.0 s (wall)

TIME STEP #31 (t = 750.000 a.u. = 18.14163 fs)
--------------------------------------
 Instantaneous Temperature = 221.8 K
 ----------------------------------------------------------------
             Standard Nuclear Orientation (Angstroms)
    I     Atom           X                Y                Z
 ----------------------------------------------------------------
    1      C       0.2381449610    -1.3907261879    -0.0192065255
    2      C       1.3284407598    -0.4805473983    -0.1146363516
    3      C       1.0788640379     0.8985043617    -0.0127420128
    4      C      -0.2537189476     1.3712534067     0.0885745830
    5      C      -1.3312362462     0.4459786808     0.1037608983
    6      C      -1.1137603340    -0.9516236945     0.0418562188
    7      H       2.3486056522    -0.8548687616    -0.2671685890
    8      H       1.8992737508     1.6367096403    -0.0379832752
    9      H      -2.3799174445     0.7283230719     0.0716819251
   10      H      -1.9795196717    -1.6522868867     0.1037791507
   11      C      -0.5376924936     2.8567299938     0.0619863517
   12      C       0.2803060688     3.8795465993    -0.0363204990
   13      H      -1.5939195359     3.0901761842     0.2169260610
   14      H      -0.1831853221     4.8809057137    -0.0567490913
   15      H       1.3797829090     3.8329538111    -0.0360930510
   16      C       0.6357365983    -2.8579106117    -0.0411234106
   17      C      -0.3061917283    -3.7758064443    -0.0655834374
   18      H       1.6930364431    -3.1323482694     0.0769975554
   19      H      -0.0077511262    -4.8426479576    -0.0643908595
   20      H      -1.4013564038    -3.6321299928    -0.0851774801
 ----------------------------------------------------------------
 Nuclear Repulsion Energy =         447.27447402 hartrees
 There are       35 alpha and       35 beta electrons
 Applying Cartesian multipole field
    Component          Value
    ---------          -----
     (2,0,0)        1.00000E-11
     (0,2,0)        2.00000E-11
     (0,0,2)       -3.00000E-10
 Nucleus-field energy     =     0.0000000314 hartrees
 Start forming overlap matrix
 Guess from superposition of atomic densities
 Warning:  Energy on first SCF cycle will be non-variational
 SAD guess density has 70.000000 electrons
 SCF convergence criterion is 10**(-8)

 -----------------------------------------------------------------------
  General SCF calculation program by
  Eric Jon Sundstrom, Paul Horn, Yuezhi Mao, Dmitri Zuev, Alec White,
  David Stuck, Shaama M.S., Shane Yost, Joonho Lee, David Small,
  Daniel Levine, Susi Lehtola, Hugh Burton, Evgeny Epifanovsky,
  Bang C. Huynh
 -----------------------------------------------------------------------
 Exchange:     0.2000 Hartree-Fock + 0.0800 Slater + 0.7200 B88
 Correlation:  0.1900 VWN1RPA + 0.8100 LYP
 Using SG-1 standard quadrature grid
 A restricted SCF calculation will be
 performed using DIIS
 SCF converges when DIIS error is below 1.0e-08
 User-specified cutoff of 10e-12
 used for neglect of 2-electron integrals.
 A cutoff of 10e-12
 used for neglect of overlap integrals.
 Incremental Fock algorithm is on at the start.
 ---------------------------------------
  Cycle       Energy         DIIS error
 ---------------------------------------
    1    -381.8260403683      1.37e-01  
    2    -382.2849610504      3.12e-03  
    3    -382.2856927508      3.27e-03  
    4    -382.2911158061      1.13e-03  
    5    -382.2917649318      3.39e-04  
    6    -382.2918265960      4.59e-05  
    7    -382.2918278611      8.28e-06  
    8    -382.2918278926      4.97e-06  
    9    -382.2918279089      6.37e-07  
   10    -382.2918279092      1.96e-07  
   11    -382.2918279092      9.11e-08  
   12    -382.2918279092      2.42e-08  
   13    -382.2918279092      1.09e-08  
   14    -382.2918279092      8.46e-10  Convergence criterion met
 ---------------------------------------
 SCF time:   CPU 3.01s  wall 3.00s 
 SCF   energy =  -382.29182791
 Total energy =  -382.29182791
 Integrated density by DFT XC:
   Number of electrons = 70
   Numerical integral  =    70.000029581903
   Relative error      =     0.0000422599 %
 Calculating analytic gradient of the SCF energy
 Gradient of SCF Energy
            1           2           3           4           5           6
    1  -0.0230578   0.0129707  -0.0038543   0.0015752  -0.0017735  -0.0116996
    2   0.0243512  -0.0153218   0.0023027  -0.0166355   0.0222491  -0.0133943
    3   0.0072524  -0.0057027   0.0028170   0.0039143   0.0077062  -0.0089034
            7           8           9          10          11          12
    1   0.0000900   0.0022433   0.0068094  -0.0135041   0.0275985  -0.0226373
    2   0.0014797   0.0049828  -0.0161216  -0.0080188   0.0432434  -0.0375478
    3  -0.0035893   0.0013324  -0.0045854   0.0027701  -0.0132110  -0.0009171
           13          14          15          16          17          18
    1   0.0082818  -0.0093859   0.0040630   0.0105446   0.0176999  -0.0005197
    2   0.0003616   0.0014852   0.0014139  -0.0398352   0.0613385  -0.0038880
    3   0.0066062  -0.0016442   0.0060261  -0.0084648   0.0017392   0.0058429
           19          20
    1   0.0042679  -0.0097121
    2  -0.0054892  -0.0069559
    3  -0.0012978   0.0023089
 Max gradient component =       6.134E-02
 RMS gradient           =       1.560E-02
 Gradient time:  CPU 1.00 s  wall 1.03 s
 Time for this dynamics step: 4.1 s (CPU) 4.3 s (wall)

TIME STEP #32 (t = 775.000 a.u. = 18.74635 fs)
--------------------------------------
 Instantaneous Temperature = 224.3 K
 ----------------------------------------------------------------
             Standard Nuclear Orientation (Angstroms)
    I     Atom           X                Y                Z
 ----------------------------------------------------------------
    1      C       0.2382177399    -1.3874054845    -0.0212324866
    2      C       1.3274682049    -0.4814465639    -0.1156676334
    3      C       1.0782901127     0.8957598190    -0.0151977551
    4      C      -0.2528516804     1.3700341231     0.0925796848
    5      C      -1.3280112328     0.4463345385     0.1063049572
    6      C      -1.1147068783    -0.9496930475     0.0408681667
    7      H       2.3541522683    -0.8593722539    -0.2722768642
    8      H       1.8936316945     1.6387118685    -0.0370456923
    9      H      -2.3867480445     0.7388587130     0.0764483554
   10      H      -1.9678486004    -1.6387570215     0.1312970832
   11      C      -0.5391172050     2.8576753353     0.0636307140
   12      C       0.2786882533     3.8817091334    -0.0390063856
   13      H      -1.5968797130     3.0907632457     0.2331933952
   14      H      -0.1889345901     4.8827484483    -0.0540528146
   15      H       1.3689179698     3.8442186076    -0.0272283637
   16      C       0.6358088959    -2.8613805269    -0.0429725573
   17      C      -0.3052485021    -3.7790884597    -0.0673703490
   18      H       1.6887449880    -3.1340561160     0.0832347452
   19      H       0.0051066564    -4.8327198575    -0.0735160119
   20      H      -1.3908668559    -3.6410813659    -0.0831095802
 ----------------------------------------------------------------
 Nuclear Repulsion Energy =         447.33907294 hartrees
 There are       35 alpha and       35 beta electrons
 Applying Cartesian multipole field
    Component          Value
    ---------          -----
     (2,0,0)        1.00000E-11
     (0,2,0)        2.00000E-11
     (0,0,2)       -3.00000E-10
 Nucleus-field energy     =     0.0000000313 hartrees
 Start forming overlap matrix
 Guess from superposition of atomic densities
 Warning:  Energy on first SCF cycle will be non-variational
 SAD guess density has 70.000000 electrons
 SCF convergence criterion is 10**(-8)

 -----------------------------------------------------------------------
  General SCF calculation program by
  Eric Jon Sundstrom, Paul Horn, Yuezhi Mao, Dmitri Zuev, Alec White,
  David Stuck, Shaama M.S., Shane Yost, Joonho Lee, David Small,
  Daniel Levine, Susi Lehtola, Hugh Burton, Evgeny Epifanovsky,
  Bang C. Huynh
 -----------------------------------------------------------------------
 Exchange:     0.2000 Hartree-Fock + 0.0800 Slater + 0.7200 B88
 Correlation:  0.1900 VWN1RPA + 0.8100 LYP
 Using SG-1 standard quadrature grid
 A restricted SCF calculation will be
 performed using DIIS
 SCF converges when DIIS error is below 1.0e-08
 User-specified cutoff of 10e-12
 used for neglect of 2-electron integrals.
 A cutoff of 10e-12
 used for neglect of overlap integrals.
 Incremental Fock algorithm is on at the start.
 ---------------------------------------
  Cycle       Energy         DIIS error
 ---------------------------------------
    1    -381.8400791976      1.37e-01  
    2    -382.2844972337      3.15e-03  
    3    -382.2849453434      3.37e-03  
    4    -382.2907779450      1.12e-03  
    5    -382.2914145964      3.34e-04  
    6    -382.2914746450      4.53e-05  
    7    -382.2914758699      8.32e-06  
    8    -382.2914759023      4.93e-06  
    9    -382.2914759182      6.34e-07  
   10    -382.2914759185      1.97e-07  
   11    -382.2914759185      1.04e-07  
   12    -382.2914759185      2.42e-08  
   13    -382.2914759185      1.02e-08  
   14    -382.2914759185      9.88e-10  Convergence criterion met
 ---------------------------------------
 SCF time:   CPU 2.99s  wall 3.00s 
 SCF   energy =  -382.29147592
 Total energy =  -382.29147592
 Integrated density by DFT XC:
   Number of electrons = 70
   Numerical integral  =    70.000019904038
   Relative error      =     0.0000284343 %
 Calculating analytic gradient of the SCF energy
 Gradient of SCF Energy
            1           2           3           4           5           6
    1  -0.0212344   0.0050489  -0.0036239   0.0007602   0.0104499  -0.0212494
    2   0.0304518  -0.0132679  -0.0009633  -0.0188875   0.0181749  -0.0187159
    3   0.0068175  -0.0036090   0.0016713   0.0052460   0.0079105  -0.0105156
            7           8           9          10          11          12
    1   0.0058028   0.0011814  -0.0026991  -0.0046724   0.0279344  -0.0131215
    2  -0.0007393   0.0052666  -0.0126170  -0.0003562   0.0429865  -0.0383681
    3  -0.0045536   0.0016309  -0.0050951   0.0037789  -0.0145633  -0.0023349
           13          14          15          16          17          18
    1   0.0057018  -0.0096702  -0.0036554   0.0138985   0.0108746  -0.0035696
    2   0.0009949   0.0024640   0.0024528  -0.0455763   0.0558903  -0.0031511
    3   0.0078778  -0.0014757   0.0070455  -0.0090720   0.0020445   0.0061951
           19          20
    1   0.0036987  -0.0018551
    2   0.0019591  -0.0079985
    3  -0.0018364   0.0028377
 Max gradient component =       5.589E-02
 RMS gradient           =       1.543E-02
 Gradient time:  CPU 0.96 s  wall 0.96 s
 Time for this dynamics step: 4.0 s (CPU) 4.2 s (wall)

TIME STEP #33 (t = 800.000 a.u. = 19.35107 fs)
--------------------------------------
 Instantaneous Temperature = 220.4 K
 ----------------------------------------------------------------
             Standard Nuclear Orientation (Angstroms)
    I     Atom           X                Y                Z
 ----------------------------------------------------------------
    1      C       0.2386115742    -1.3845451998    -0.0233615259
    2      C       1.3264193134    -0.4821451251    -0.1166443489
    3      C       1.0777709792     0.8930298410    -0.0176787665
    4      C      -0.2519959073     1.3691004112     0.0965054699
    5      C      -1.3249442180     0.4464155986     0.1087294130
    6      C      -1.1153321403    -0.9474794236     0.0400391059
    7      H       2.3586542371    -0.8637426499    -0.2765653769
    8      H       1.8877769555     1.6397659680    -0.0364017065
    9      H      -2.3930927316     0.7516657262     0.0821320270
   10      H      -1.9553363741    -1.6251630365     0.1581347215
   11      C      -0.5409642726     2.8579707390     0.0654952679
   12      C       0.2772688298     3.8844517770    -0.0416569688
   13      H      -1.6008663656     3.0911711992     0.2480425325
   14      H      -0.1929429744     4.8841476057    -0.0510908792
   15      H       1.3587110973     3.8550418332    -0.0196320386
   16      C       0.6356710546    -2.8641613472    -0.0446845393
   17      C      -0.3044696955    -3.7832155133    -0.0691881727
   18      H       1.6850961597    -3.1351966931     0.0883566529
   19      H       0.0172985762    -4.8231444461    -0.0823105596
   20      H      -1.3800433387    -3.6485928080    -0.0815525462
 ----------------------------------------------------------------
 Nuclear Repulsion Energy =         447.40023291 hartrees
 There are       35 alpha and       35 beta electrons
 Applying Cartesian multipole field
    Component          Value
    ---------          -----
     (2,0,0)        1.00000E-11
     (0,2,0)        2.00000E-11
     (0,0,2)       -3.00000E-10
 Nucleus-field energy     =     0.0000000313 hartrees
 Start forming overlap matrix
 Guess from superposition of atomic densities
 Warning:  Energy on first SCF cycle will be non-variational
 SAD guess density has 70.000000 electrons
 SCF convergence criterion is 10**(-8)

 -----------------------------------------------------------------------
  General SCF calculation program by
  Eric Jon Sundstrom, Paul Horn, Yuezhi Mao, Dmitri Zuev, Alec White,
  David Stuck, Shaama M.S., Shane Yost, Joonho Lee, David Small,
  Daniel Levine, Susi Lehtola, Hugh Burton, Evgeny Epifanovsky,
  Bang C. Huynh
 -----------------------------------------------------------------------
 Exchange:     0.2000 Hartree-Fock + 0.0800 Slater + 0.7200 B88
 Correlation:  0.1900 VWN1RPA + 0.8100 LYP
 Using SG-1 standard quadrature grid
 A restricted SCF calculation will be
 performed using DIIS
 SCF converges when DIIS error is below 1.0e-08
 User-specified cutoff of 10e-12
 used for neglect of 2-electron integrals.
 A cutoff of 10e-12
 used for neglect of overlap integrals.
 Incremental Fock algorithm is on at the start.
 ---------------------------------------
  Cycle       Energy         DIIS error
 ---------------------------------------
    1    -381.8534860193      1.37e-01  
    2    -382.2831393147      3.19e-03  
    3    -382.2831830203      3.51e-03  
    4    -382.2895894033      1.10e-03  
    5    -382.2902097409      3.31e-04  
    6    -382.2902689778      4.52e-05  
    7    -382.2902701920      8.69e-06  
    8    -382.2902702268      5.19e-06  
    9    -382.2902702439      6.92e-07  
   10    -382.2902702441      3.52e-07  
   11    -382.2902702442      1.08e-07  
   12    -382.2902702442      2.22e-08  
   13    -382.2902702442      9.71e-09  Convergence criterion met
 ---------------------------------------
 SCF time:   CPU 2.81s  wall 3.00s 
 SCF   energy =  -382.29027024
 Total energy =  -382.29027024
 Integrated density by DFT XC:
   Number of electrons = 70
   Numerical integral  =    69.999999183143
   Relative error      =     0.0000011669 %
 Calculating analytic gradient of the SCF energy
 Gradient of SCF Energy
            1           2           3           4           5           6
    1  -0.0190218  -0.0020904  -0.0027951  -0.0000724   0.0216886  -0.0310401
    2   0.0355883  -0.0111116  -0.0040524  -0.0204644   0.0132870  -0.0238915
    3   0.0063150  -0.0016293   0.0005191   0.0065874   0.0079230  -0.0114259
            7           8           9          10          11          12
    1   0.0105706  -0.0003190  -0.0115817   0.0046828   0.0274700  -0.0031888
    2  -0.0027048   0.0050895  -0.0087907   0.0076614   0.0406314  -0.0364586
    3  -0.0053710   0.0019190  -0.0054749   0.0041517  -0.0156722  -0.0037606
           13          14          15          16          17          18
    1   0.0027208  -0.0093335  -0.0112229   0.0172976   0.0029089  -0.0060811
    2   0.0017189   0.0024399   0.0033875  -0.0493715   0.0484073  -0.0025488
    3   0.0091201  -0.0012449   0.0078176  -0.0095515   0.0022498   0.0064918
           19          20
    1   0.0027909   0.0066167
    2   0.0099689  -0.0087858
    3  -0.0022510   0.0032868
 Max gradient component =       4.937E-02
 RMS gradient           =       1.585E-02
 Gradient time:  CPU 0.98 s  wall 0.98 s
 Time for this dynamics step: 3.9 s (CPU) 4.0 s (wall)

TIME STEP #34 (t = 825.000 a.u. = 19.95580 fs)
--------------------------------------
 Instantaneous Temperature = 208.0 K
 ----------------------------------------------------------------
             Standard Nuclear Orientation (Angstroms)
    I     Atom           X                Y                Z
 ----------------------------------------------------------------
    1      C       0.2392930096    -1.3822229947    -0.0255860452
    2      C       1.3254020284    -0.4826756837    -0.1175964298
    3      C       1.0772941059     0.8903611332    -0.0201676267
    4      C      -0.2511390393     1.3684761121     0.1003316564
    5      C      -1.3222051262     0.4462957650     0.1110340762
    6      C      -1.1154880882    -0.9449045706     0.0393828002
    7      H       2.3612532300    -0.8676261072    -0.2798869757
    8      H       1.8819796428     1.6399038296    -0.0361031919
    9      H      -2.3973524172     0.7660552895     0.0888013192
   10      H      -1.9436671629    -1.6129482907     0.1842249403
   11      C      -0.5432266747     2.8576518123     0.0675967794
   12      C       0.2758976199     3.8877456590    -0.0442506936
   13      H      -1.6053428265     3.0912697035     0.2612498257
   14      H      -0.1952710855     4.8851075241    -0.0479048276
   15      H       1.3505246252     3.8652552231    -0.0134430748
   16      C       0.6352716805    -2.8661956912    -0.0462521071
   17      C      -0.3037348700    -3.7880744646    -0.0710400123
   18      H       1.6825420842    -3.1358784272     0.0923098751
   19      H       0.0289880568    -4.8153636976    -0.0906998719
   20      H      -1.3704109919    -3.6545225747    -0.0805872258
 ----------------------------------------------------------------
 Nuclear Repulsion Energy =         447.44378448 hartrees
 There are       35 alpha and       35 beta electrons
 Applying Cartesian multipole field
    Component          Value
    ---------          -----
     (2,0,0)        1.00000E-11
     (0,2,0)        2.00000E-11
     (0,0,2)       -3.00000E-10
 Nucleus-field energy     =     0.0000000313 hartrees
 Start forming overlap matrix
 Guess from superposition of atomic densities
 Warning:  Energy on first SCF cycle will be non-variational
 SAD guess density has 70.000000 electrons
 SCF convergence criterion is 10**(-8)

 -----------------------------------------------------------------------
  General SCF calculation program by
  Eric Jon Sundstrom, Paul Horn, Yuezhi Mao, Dmitri Zuev, Alec White,
  David Stuck, Shaama M.S., Shane Yost, Joonho Lee, David Small,
  Daniel Levine, Susi Lehtola, Hugh Burton, Evgeny Epifanovsky,
  Bang C. Huynh
 -----------------------------------------------------------------------
 Exchange:     0.2000 Hartree-Fock + 0.0800 Slater + 0.7200 B88
 Correlation:  0.1900 VWN1RPA + 0.8100 LYP
 Using SG-1 standard quadrature grid
 A restricted SCF calculation will be
 performed using DIIS
 SCF converges when DIIS error is below 1.0e-08
 User-specified cutoff of 10e-12
 used for neglect of 2-electron integrals.
 A cutoff of 10e-12
 used for neglect of overlap integrals.
 Incremental Fock algorithm is on at the start.
 ---------------------------------------
  Cycle       Energy         DIIS error
 ---------------------------------------
    1    -381.8644092128      1.37e-01  
    2    -382.2812774766      3.23e-03  
    3    -382.2808444965      3.66e-03  
    4    -382.2879136450      1.09e-03  
    5    -382.2885169699      3.31e-04  
    6    -382.2885762995      4.61e-05  
    7    -382.2885775486      9.51e-06  
    8    -382.2885775888      5.72e-06  
    9    -382.2885776087      7.60e-07  
   10    -382.2885776089      4.45e-07  
   11    -382.2885776090      9.66e-08  
   12    -382.2885776090      2.31e-08  
   13    -382.2885776091      1.00e-08  
   14    -382.2885776091      1.30e-09  Convergence criterion met
 ---------------------------------------
 SCF time:   CPU 3.02s  wall 4.00s 
 SCF   energy =  -382.28857761
 Total energy =  -382.28857761
 Integrated density by DFT XC:
   Number of electrons = 70
   Numerical integral  =    69.999972270248
   Relative error      =     0.0000396139 %
 Calculating analytic gradient of the SCF energy
 Gradient of SCF Energy
            1           2           3           4           5           6
    1  -0.0166058  -0.0077013  -0.0015101  -0.0008276   0.0306139  -0.0393061
    2   0.0396511  -0.0091064  -0.0069194  -0.0213305   0.0079076  -0.0275966
    3   0.0057595   0.0001008  -0.0006141   0.0079300   0.0077067  -0.0118405
            7           8           9          10          11          12
    1   0.0137734  -0.0021328  -0.0186192   0.0128865   0.0259033   0.0055910
    2  -0.0041807   0.0045207  -0.0050202   0.0146752   0.0365149  -0.0319913
    3  -0.0059327   0.0021854  -0.0056853   0.0040955  -0.0164488  -0.0051979
           13          14          15          16          17          18
    1  -0.0001670  -0.0083709  -0.0172646   0.0201365  -0.0049482  -0.0076279
    2   0.0024272   0.0013873   0.0041897  -0.0511910   0.0400838  -0.0022009
    3   0.0102323  -0.0009720   0.0083800  -0.0099561   0.0023691   0.0067883
           19          20
    1   0.0018558   0.0143214
    2   0.0173478  -0.0091684
    3  -0.0025396   0.0036396
 Max gradient component =       5.119E-02
 RMS gradient           =       1.662E-02
 Gradient time:  CPU 0.95 s  wall 0.99 s
 Time for this dynamics step: 4.1 s (CPU) 4.2 s (wall)

TIME STEP #35 (t = 850.000 a.u. = 20.56052 fs)
--------------------------------------
 Instantaneous Temperature = 190.7 K
 ----------------------------------------------------------------
             Standard Nuclear Orientation (Angstroms)
    I     Atom           X                Y                Z
 ----------------------------------------------------------------
    1      C       0.2402255176    -1.3805002983    -0.0278976457
    2      C       1.3245011844    -0.4830685578    -0.1185500350
    3      C       1.0768400651     0.8877970444    -0.0226472020
    4      C      -0.2502696580     1.3681743210     0.1040379444
    5      C      -1.3199289043     0.4460563714     0.1132222181
    6      C      -1.1150497438    -0.9419124684     0.0389055185
    7      H       2.3613726617    -0.8707569401    -0.2821405324
    8      H       1.8765662832     1.6392278445    -0.0361980981
    9      H      -2.3982601673     0.7813486190     0.0964941024
   10      H      -1.9343178483    -1.6033754504     0.2095778604
   11      C      -0.5458807244     2.8567807963     0.0699469897
   12      C       0.2744418769     3.8915232366    -0.0467658284
   13      H      -1.6097892179     3.0909312434     0.2726150502
   14      H      -0.1960922174     4.8858177020    -0.0445437839
   15      H       1.3454462140     3.8747143598    -0.0087627281
   16      C       0.6345678517    -2.8674560494    -0.0476691431
   17      C      -0.3029252291    -3.7935394662    -0.0729276714
   18      H       1.6813612327    -3.1361639435     0.0950410349
   19      H       0.0403434491    -4.8107059923    -0.0986319835
   20      H      -1.3633568536    -3.6588017999    -0.0802771198
 ----------------------------------------------------------------
 Nuclear Repulsion Energy =         447.45469421 hartrees
 There are       35 alpha and       35 beta electrons
 Applying Cartesian multipole field
    Component          Value
    ---------          -----
     (2,0,0)        1.00000E-11
     (0,2,0)        2.00000E-11
     (0,0,2)       -3.00000E-10
 Nucleus-field energy     =     0.0000000313 hartrees
 Start forming overlap matrix
 Guess from superposition of atomic densities
 Warning:  Energy on first SCF cycle will be non-variational
 SAD guess density has 70.000000 electrons
 SCF convergence criterion is 10**(-8)

 -----------------------------------------------------------------------
  General SCF calculation program by
  Eric Jon Sundstrom, Paul Horn, Yuezhi Mao, Dmitri Zuev, Alec White,
  David Stuck, Shaama M.S., Shane Yost, Joonho Lee, David Small,
  Daniel Levine, Susi Lehtola, Hugh Burton, Evgeny Epifanovsky,
  Bang C. Huynh
 -----------------------------------------------------------------------
 Exchange:     0.2000 Hartree-Fock + 0.0800 Slater + 0.7200 B88
 Correlation:  0.1900 VWN1RPA + 0.8100 LYP
 Using SG-1 standard quadrature grid
 A restricted SCF calculation will be
 performed using DIIS
 SCF converges when DIIS error is below 1.0e-08
 User-specified cutoff of 10e-12
 used for neglect of 2-electron integrals.
 A cutoff of 10e-12
 used for neglect of overlap integrals.
 Incremental Fock algorithm is on at the start.
 ---------------------------------------
  Cycle       Energy         DIIS error
 ---------------------------------------
    1    -381.8709294308      1.37e-01  
    2    -382.2797321631      3.27e-03  
    3    -382.2788254406      3.81e-03  
    4    -382.2865314609      1.08e-03  
    5    -382.2871215993      3.33e-04  
    6    -382.2871818979      4.82e-05  
    7    -382.2871832399      1.08e-05  
    8    -382.2871832913      6.20e-06  
    9    -382.2871833140      7.94e-07  
   10    -382.2871833142      4.73e-07  
   11    -382.2871833144      9.39e-08  
   12    -382.2871833144      2.51e-08  
   13    -382.2871833144      1.02e-08  
   14    -382.2871833144      1.35e-09  Convergence criterion met
 ---------------------------------------
 SCF time:   CPU 2.99s  wall 3.00s 
 SCF   energy =  -382.28718331
 Total energy =  -382.28718331
 Integrated density by DFT XC:
   Number of electrons = 70
   Numerical integral  =    69.999945147224
   Relative error      =     0.0000783611 %
 Calculating analytic gradient of the SCF energy
 Gradient of SCF Energy
            1           2           3           4           5           6
    1  -0.0141555  -0.0113037   0.0000267  -0.0014327   0.0364351  -0.0442160
    2   0.0425598  -0.0074249  -0.0095749  -0.0214873   0.0023167  -0.0284347
    3   0.0051649   0.0014854  -0.0017033   0.0092638   0.0072567  -0.0122056
            7           8           9          10          11          12
    1   0.0150427  -0.0040824  -0.0230902   0.0181820   0.0230620   0.0117972
    2  -0.0050174   0.0036863  -0.0016029   0.0192432   0.0310390  -0.0253870
    3  -0.0061692   0.0024195  -0.0057202   0.0040607  -0.0168150  -0.0066752
           13          14          15          16          17          18
    1  -0.0025370  -0.0068593  -0.0205290   0.0219312  -0.0113861  -0.0079358
    2   0.0030270  -0.0005663   0.0048575  -0.0510902   0.0322093  -0.0021846
    3   0.0111113  -0.0006805   0.0088102  -0.0103242   0.0024376   0.0071251
           19          20
    1   0.0012927   0.0197580
    2   0.0228289  -0.0089975
    3  -0.0027348   0.0038927
 Max gradient component =       5.109E-02
 RMS gradient           =       1.713E-02
 Gradient time:  CPU 0.96 s  wall 0.99 s
 Time for this dynamics step: 4.0 s (CPU) 4.2 s (wall)

=============== TIME STEPS COMPLETED ==================

Step-to-Step energy fluctuations, |E(n) - E(n-1)|
Mean: 3.040e-06   Max: 6.269e-05   RMS: 3.709e-05
Overall energy fluctuations, |E(n) - E(0)|
Mean: 8.383e-05   Max: 1.698e-04   RMS: 5.134e-05   RMS(dE)/RMS(dV): 1.159e-02
Kinetic energy fluctuations, |T(n) - V(0)|
Mean: -8.952e-03   Max: 1.627e-02   RMS: 4.399e-03
Potential energy fluctuations, |V(n) - V(0)|
Mean: 9.036e-03   Max: 1.641e-02   RMS: 4.428e-03


 Total job time:  146.16s(wall), 139.26s(cpu) 
 Wed Jul 29 13:30:58 2026

        *************************************************************
        *                                                           *
        *  Thank you very much for using Q-Chem.  Have a nice day.  *
        *                                                           *
        *************************************************************


