
Running Job 1 of 1 dvb_sp.in
qchem dvb_sp.in_26250.0 /scratch/shannon.houck/qchem26250/ 1
/sw/qchem/release/7.0.0/exe/qcprog.exe_s dvb_sp.in_26250.0 /scratch/shannon.houck/qchem26250/
                  Welcome to Q-Chem
     A Quantum Leap Into The Future Of Chemistry


 Q-Chem 7.0, Q-Chem, Inc., Pleasanton, CA (2026)

 License issued to: Q-Chem (site)

 S. Adibnia,  B. Alam,  B. J. Albrecht,  A. Aldossary,  E. Alguire,  
 J. H. Andersen,  A. D. Andres,  J. E. Arias-Martinez,  A. Aspuru-Guzik,  
 V. Athavale,  K. Begam,  A. Behn,  A. T. Bell,  N. Bellonzi,  Y. A. Bernard,  
 E. J. Berquist,  N. A. Besley,  R. Bi,  N. Bogo,  C. Brandt,  K. Bravaya,  
 D. R. Broderick,  B. R. Brooks,  H. G. A. Burton,  S. Camps,  A. Carreras,  
 K. Carter-Fenk,  D. Casanova,  J.-D. Chai,  A. Chakraborty,  R. Chakraborty,  
 J. Chen,  M. Chen,  T. Chen,  A. D. Chien,  M. Chow,  K. D. Closser,  
 V. Cofer-Shabica,  M. P. Coons,  S. Coriani,  S. J. Cotton,  C. J. Cramer,  
 G. Cserey,  L. Cunha,  A. L. Dempwolff,  J. Deng,  A. E. DePrince III,  
 J. D. DiCenso,  J. Dickinson,  M. Diedenhofen,  H. Dinh,  
 R. A. DiStasio Jr.,  L. B. Dittmer,  H. Do,  W. Dou,  A. Dreuw,  S. Ehlert,  
 E. Epifanovsky,  P.-T. Fang,  S. Faraji,  S. Fatehi,  Q. Feng,  X. Feng,  
 A. Ferino-Pérez,  J. Fetherolf,  S. Folkestad,  A. Fonlon,  Fošević,  
 T. Friedhoff,  T. Froitzheim,  T. R. Furlani,  A. Ganeshram,  B. Ganoe,  
 T. Gao,  S. M. Garner,  A. T. B. Gilbert,  P. M. W. Gill,  M. Gimferrer,  
 G. Giudetti,  W. A. Goddard III,  M. Goldey,  J. Gomes,  R. Goudy,  M. Gray,  
 S. Grimme,  S. Gulania,  A. O. Gunina,  J. A. Gyamfi,  S. Hammes-Schiffer,  
 F. Hampe,  P. H. P. Harbach,  A. W. Hauser,  M. Head-Gordon,  
 T. Head-Gordon,  W. J. Hehre,  J. M. Herbert,  M. F. Herbst,  M. Hodecker,  
 Z. C. Holden,  S. Houck,  C. Hsu,  X. Huang,  K. Hui,  B. C. Huynh,  
 K. Ikeda,  M. Ivanov,  L. D. Jacobson,  T. Jagau,  S. Jana,  N. K. Jayadev,  
 H. Ji,  H. Jiang,  Y. Jiang,  Z. Jin,  Y. Jung,  Á. Jász,  B. Kaduk,  
 L. de Kam,  R. Kang,  K. Khistyaev,  J. Kim,  L. Kim,  G. Kis,  N. Kissing,  
 A. Klamt,  J. H. Koh,  E. Kolodzeiski,  J. Kong,  D. Kosenkov,  
 T. Kowalczyk,  C. M. Krauter,  A. I. Krylov,  K. Kue,  T. Kus,  J. Kussmann,  
 I. Ladjánszki,  D. S. Lambrecht,  A. Landau,  C. W. Lander,  A. W. Lange,  
 K. U. Lao,  H. Laqua,  K. V. Lawler,  J. Lee,  D. Lefrancois,  S. Lehtola,  
 J. Leitner,  D. S. Levine,  C. Li,  R. Li,  S. Li,  T. E. Li,  X. Li,  
 Y.-P. Li,  J. Liang,  H.-H. Lin,  Y.-S. Lin,  H. Ling,  F. Liu,  J. Liu,  
 K.-Y. Liu,  X. Liu,  A. Luenser,  C. Malbon,  A. Mandal,  A. Manjanath,  
 P. U. Manohar,  E. Mansoor,  S. F. Manzer,  S.-P. Mao,  Y. Mao,  
 N. Mardirossian,  A. V. Marenich,  T. Markovich,  F. Matz,  S. A. Maurer,  
 S. May,  L. McCaslin,  C. W. McCurdy,  A. McIsaac,  P. F. McLaughlin,  
 J.-M. Mewes,  S. A. Mewes,  R. E. Moorby,  S. Moradi,  J. Morgenstein,  
 M. Mostafanejad,  M. Mukherjee,  A. Muller,  C. J. Mundy,  K. D. Nanda,  
 M. G. Navas,  M. Neal,  J. B. Neaton,  T. Neudecker,  A. Ni,  C. Ochsenfeld,  
 A. K. Ojha,  Q. Ou,  E. Paenurk,  G. Paran,  J. A. Parkhill,  
 V. Parravicini,  R. L. Patterson,  S. K. Paul,  Z. Pei,  D. Picconi,  
 F. Plasser,  P. Pokhilko,  J. Pottecher,  S. Prager,  E. I. Proynov,  
 A. F. Pérez,  S. Quiton,  H. Ram,  E. Ramos-Cordoba,  B. Rana,  A. E. Rask,  
 V. A. Rassolov,  D. R. Rehn,  H. Ren,  A. Rettig,  R. M. Richard,  
 P. J. Robinson,  E. Rossomme,  S. Roy,  Á. Rák,  P. Salvador,  P. Samal,  
 T. Scheele,  P. E. Schneider,  T. K. Schramm,  N. Sergueev,  Y. Shao,  
 S. M. Sharada,  M. Sharma,  H. Shen,  Y. Shen,  A. Singh,  W. Skomorowski,  
 L. Slipchenko,  S. Smiga,  R. P. Steele,  C. J. Stein,  A. J. Sterling,  
 Y. Su,  Y.-C. Su,  J. E. Subotnik,  E. J. Sundstrom,  J. Talbot,  Z. Tao,  
 H.-H. Teh,  J. Thirman,  A. J. W. Thom,  C. Titeca,  N. V. Tkachenko,  
 A. Tkatchenko,  R. Tomann,  G. J. Tornai,  D. G. Truhlar,  H.-Y. Tsai,  
 T. Tsuchimochi,  N. M. Tubman,  C. Utku,  S. P. Veccham,  M. L. Vidal,  
 C. Villot,  T. V. Voorhis,  O. Vydrov,  E. Wang,  Z. Wang,  J. Wenzel,  
 T. A. Wesolowski,  K. B. Whaley,  A. F. White,  J. Witek,  J. Wong,  H. Wu,  
 A. Yamada,  C.-H. Yang,  K. Yao,  S. Yeganeh,  J. T. Yi,  S. R. Yost,  
 Q. Yu,  F. Zeller,  I. Y. Zhang,  J. Zhang,  X. Zhang,  Y. Zhang,  Z. Zhang,  
 C. Zhao,  T. Zhao,  Y. Zhu,  P. Zimmerman,  D. Zuev

 Additional authors since Version 6.4.0: 
 H. Aksu,  F. Ballesteros,  C. Chakravarty,  A. M. Clark,  Y. Kim,  
 Q. Nguyen,  X. Pan,  R. Stein,  J. A. Tan,  M. G. S. Weiss,  R. Weiss,  
 M. Wormit,  Y. Wu

 Contributors to earlier versions of Q-Chem not listed above: 
 R. D. Adamson,  B. Austin,  R. Baer,  J. Baker,  D. Barton,  G. J. O. Beran,  
 K. Brandhorst,  K. Bravaya,  S. T. Brown,  E. F. C. Byrd,  
 A. K. Chakraborty,  G. K. L. Chan,  C.-M. Chang,  Y. Chen,  C.-L. Cheng,  
 S. H. Chien,  D. M. Chipman,  D. L. Crittenden,  H. Dachsel,  S. Dasgupta,  
 R. J. Doerksen,  B. Dunietz,  A. D. Dutoi,  R. G. Edgar,  J. Fosso-Tande,  
 L. Fusti-Molnar,  Z. Gan,  J. Gayvert,  Q. Ge,  D. Ghosh,  A. Ghysels,  
 G. Gidofalvi,  A. Golubeva-Zadorozhnaya,  J. Gonthier,  
 C. E. González-Espinoza,  M. S. Gordon,  S. R. Gwaltney,  D. Hait,  
 M. Hanson-Heine,  G. Hawkins,  J. E. Herr,  A. Heyden,  S. Hirata,  
 E. G. Hohenstein,  P. Horn,  I. Kaliman,  G. Kedziora,  F. J. Keil,  
 C. Kelley,  R. Z. Khaliullin,  J. Kim,  R. A. King,  P. Klunzinger,  
 Z. Koczor-Benda,  P. P. Korambath,  S. Kotaru,  L. Koulias,  A. Kunitsa,  
 W. Kurlancheek,  J. Kussmann,  S. Kähler,  D. S. Lambrecht,  A. Laurent,  
 A. M. Lee,  M. S. Lee,  S. V. Levchenko,  X. Li,  W. Liang,  M. Liebenthal,  
 C. Y. Lin,  D. Liotard,  E. Livshits,  R. C. Lochan,  M. Loipersberger,  
 I. Lotan,  H. Ma,  L. A. Martinez-Martinez,  P. E. Maslen,  S. Mason,  
 N. J. Mayhall,  S. C. McKenzie,  M. F. S. J. Menger,  P. Morgante,  
 A. F. Morrison,  J. W. Mullinax,  N. Nair,  D. Neuhauser,  E. Neuscamman,  
 C. M. Oana,  R. Olivares-Amaya,  R. Olson,  D. P. O'Neill,  
 K. J. Oosterbaan,  K. Paice,  A. C. Paul,  T. M. Perrine,  B. Peters,  
 R. Peverati,  P. A. Pieniazek,  S. Prasad,  A. Prociuk,  Y. M. Rhee,  
 J. Ritchie,  F. Rob,  M. A. Rohrdanz,  E. Rosta,  N. J. Russ,  
 H. F. Schaefer III,  M. Scheurer,  M. W. Schmidt,  M. Schneider,  
 N. E. Schultz,  S. Sharma,  N. Shenvi,  C. D. Sherrill,  A. C. Simmonett,  
 D. W. Small,  A. Sodt,  T. Stein,  D. Stuck,  K. S. Thanthiriwatte,  
 V. Vanovschi,  M. H. Vera,  L. Vogt,  F. Wang,  T. Wang,  A. Warshel,  
 M. A. Watson,  M. de Wergifosse,  C. F. Williams,  J. Witte,  
 H. L. Woodcock III,  Q. Wu,  X. Xu,  J. Yang,  Z.-Q. You,  A. Zech,  
 W. Zhang,  Y. Zhao

   Please cite Q-Chem as follows:
  "Software for the frontiers of quantum chemistry:
   An overview of developments in the Q-Chem 5 package"
   J. Chem. Phys. 155, 084801 (2021)
   https://doi.org/10.1063/5.0055522 (open access)

 Q-Chem 7.0.0 for Intel X86 EM64T Linux

 Parts of Q-Chem use Armadillo 12.8.2 (Cortisol Injector).
 http://arma.sourceforge.net/

 Q-Chem begins on Wed Jul 29 13:40:47 2026  

 Host: coreman6
0

 Scratch files written to /scratch/shannon.houck/qchem26250//
 Executable: /sw/qchem/release/7.0.0/exe/qcprog.exe_s
 Number of threads = 1
 Jul426 |scratch|qcdevops|jenkins|workspace|build_RNUM -1
 Processing $rem in /sw/qchem/release/7.0.0/config/preferences:
 Processing $rem in /hfnas/home/shannon.houck/.qchemrc:

 Checking the input file for inconsistencies... 	...done.

--------------------------------------------------------------
User input:
--------------------------------------------------------------
$comment
 Divinylbenzene, single point, RB3LYP/STO-3G
$end

$rem
 method = b3lyp
 basis = sto-3g
 scf_final_print = 2
 print_general_basis = true
 print_orbitals = true
 lowdin_population = true
 chelpg = true
 esp_charges = 1
 hirshfeld = true
 cm5 = true
 molden_format = false
 gui = 2
$end

$molecule
 0 1
 C                  0.27867948   -1.36683162    0.00000000
 C                  1.32303041   -0.44173575    0.00000000
 C                  1.04434506    0.92484978    0.00000000
 C                 -0.27867948    1.36683162    0.00000000
 C                 -1.32303041    0.44173575    0.00000000
 C                 -1.04434506   -0.92484978    0.00000000
 H                  2.36595443   -0.79037726    0.00000000
 H                  1.86746094    1.65407997    0.00000000
 H                 -2.36595443    0.79037726    0.00000000
 H                 -1.86746094   -1.65407997    0.00000000
 C                 -0.58659169    2.87589931    0.00000000
 C                  0.36350188    3.80076420    0.00000000
 H                 -1.65647768    3.12394312    0.00000000
 H                  0.14429560    4.87693235    0.00000000
 H                  1.43338788    3.55272039    0.00000000
 C                  0.58659169   -2.87589931    0.00000000
 C                 -0.36350188   -3.80076420    0.00000000
 H                  1.65647768   -3.12394312    0.00000000
 H                 -0.14429560   -4.87693235    0.00000000
 H                 -1.43338788   -3.55272039    0.00000000
$end
--------------------------------------------------------------
 ----------------------------------------------------------------
             Standard Nuclear Orientation (Angstroms)
    I     Atom           X                Y                Z
 ----------------------------------------------------------------
    1      C       1.3668132833     0.2787694006    -0.0000000000
    2      C       0.4416487095     1.3230594681    -0.0000000000
    3      C      -0.9249184834     1.0442842137    -0.0000000000
    4      C      -1.3668132833    -0.2787694006     0.0000000000
    5      C      -0.4416487095    -1.3230594681     0.0000000000
    6      C       0.9249184834    -1.0442842137     0.0000000000
    7      H       0.7902216068     2.3660064222    -0.0000000000
    8      H      -1.6542028230     1.8673521173    -0.0000000000
    9      H      -0.7902216068    -2.3660064222     0.0000000000
   10      H       1.6542028230    -1.8673521173     0.0000000000
   11      C      -2.8758607131    -0.5867808885     0.0000000000
   12      C      -3.8007881058     0.3632518344    -0.0000000000
   13      H      -3.1238341368    -1.6566831945     0.0000000000
   14      H      -4.8769418324     0.1439747559    -0.0000000000
   15      H      -3.5528146821     1.4331541504    -0.0000000000
   16      C       2.8758607131     0.5867808885    -0.0000000000
   17      C       3.8007881058    -0.3632518344     0.0000000000
   18      H       3.1238341368     1.6566831945    -0.0000000000
   19      H       4.8769418324    -0.1439747559     0.0000000000
   20      H       3.5528146821    -1.4331541504     0.0000000000
 ----------------------------------------------------------------
 Molecular Point Group                 C2h   NOp =  4
 Largest Abelian Subgroup              C2h   NOp =  4
 Nuclear Repulsion Energy =         450.00613828 hartrees
 There are       35 alpha and       35 beta electrons
 Requested basis set is STO-3G
 Basis set in general basis input format:
-----------------------------------------------------------------------
$basis
C    0
S    3    1.000000
   7.16168370E+01    1.54328970E-01 
   1.30450960E+01    5.35328140E-01 
   3.53051220E+00    4.44634540E-01 
SP   3    1.000000
   2.94124940E+00   -9.99672300E-02   1.55916270E-01 
   6.83483100E-01    3.99512830E-01   6.07683720E-01 
   2.22289900E-01    7.00115470E-01   3.91957390E-01 
****
C    0
S    3    1.000000
   7.16168370E+01    1.54328970E-01 
   1.30450960E+01    5.35328140E-01 
   3.53051220E+00    4.44634540E-01 
SP   3    1.000000
   2.94124940E+00   -9.99672300E-02   1.55916270E-01 
   6.83483100E-01    3.99512830E-01   6.07683720E-01 
   2.22289900E-01    7.00115470E-01   3.91957390E-01 
****
C    0
S    3    1.000000
   7.16168370E+01    1.54328970E-01 
   1.30450960E+01    5.35328140E-01 
   3.53051220E+00    4.44634540E-01 
SP   3    1.000000
   2.94124940E+00   -9.99672300E-02   1.55916270E-01 
   6.83483100E-01    3.99512830E-01   6.07683720E-01 
   2.22289900E-01    7.00115470E-01   3.91957390E-01 
****
C    0
S    3    1.000000
   7.16168370E+01    1.54328970E-01 
   1.30450960E+01    5.35328140E-01 
   3.53051220E+00    4.44634540E-01 
SP   3    1.000000
   2.94124940E+00   -9.99672300E-02   1.55916270E-01 
   6.83483100E-01    3.99512830E-01   6.07683720E-01 
   2.22289900E-01    7.00115470E-01   3.91957390E-01 
****
C    0
S    3    1.000000
   7.16168370E+01    1.54328970E-01 
   1.30450960E+01    5.35328140E-01 
   3.53051220E+00    4.44634540E-01 
SP   3    1.000000
   2.94124940E+00   -9.99672300E-02   1.55916270E-01 
   6.83483100E-01    3.99512830E-01   6.07683720E-01 
   2.22289900E-01    7.00115470E-01   3.91957390E-01 
****
C    0
S    3    1.000000
   7.16168370E+01    1.54328970E-01 
   1.30450960E+01    5.35328140E-01 
   3.53051220E+00    4.44634540E-01 
SP   3    1.000000
   2.94124940E+00   -9.99672300E-02   1.55916270E-01 
   6.83483100E-01    3.99512830E-01   6.07683720E-01 
   2.22289900E-01    7.00115470E-01   3.91957390E-01 
****
H    0
S    3    1.000000
   3.42525091E+00    1.54328970E-01 
   6.23913730E-01    5.35328140E-01 
   1.68855400E-01    4.44634540E-01 
****
H    0
S    3    1.000000
   3.42525091E+00    1.54328970E-01 
   6.23913730E-01    5.35328140E-01 
   1.68855400E-01    4.44634540E-01 
****
H    0
S    3    1.000000
   3.42525091E+00    1.54328970E-01 
   6.23913730E-01    5.35328140E-01 
   1.68855400E-01    4.44634540E-01 
****
H    0
S    3    1.000000
   3.42525091E+00    1.54328970E-01 
   6.23913730E-01    5.35328140E-01 
   1.68855400E-01    4.44634540E-01 
****
C    0
S    3    1.000000
   7.16168370E+01    1.54328970E-01 
   1.30450960E+01    5.35328140E-01 
   3.53051220E+00    4.44634540E-01 
SP   3    1.000000
   2.94124940E+00   -9.99672300E-02   1.55916270E-01 
   6.83483100E-01    3.99512830E-01   6.07683720E-01 
   2.22289900E-01    7.00115470E-01   3.91957390E-01 
****
C    0
S    3    1.000000
   7.16168370E+01    1.54328970E-01 
   1.30450960E+01    5.35328140E-01 
   3.53051220E+00    4.44634540E-01 
SP   3    1.000000
   2.94124940E+00   -9.99672300E-02   1.55916270E-01 
   6.83483100E-01    3.99512830E-01   6.07683720E-01 
   2.22289900E-01    7.00115470E-01   3.91957390E-01 
****
H    0
S    3    1.000000
   3.42525091E+00    1.54328970E-01 
   6.23913730E-01    5.35328140E-01 
   1.68855400E-01    4.44634540E-01 
****
H    0
S    3    1.000000
   3.42525091E+00    1.54328970E-01 
   6.23913730E-01    5.35328140E-01 
   1.68855400E-01    4.44634540E-01 
****
H    0
S    3    1.000000
   3.42525091E+00    1.54328970E-01 
   6.23913730E-01    5.35328140E-01 
   1.68855400E-01    4.44634540E-01 
****
C    0
S    3    1.000000
   7.16168370E+01    1.54328970E-01 
   1.30450960E+01    5.35328140E-01 
   3.53051220E+00    4.44634540E-01 
SP   3    1.000000
   2.94124940E+00   -9.99672300E-02   1.55916270E-01 
   6.83483100E-01    3.99512830E-01   6.07683720E-01 
   2.22289900E-01    7.00115470E-01   3.91957390E-01 
****
C    0
S    3    1.000000
   7.16168370E+01    1.54328970E-01 
   1.30450960E+01    5.35328140E-01 
   3.53051220E+00    4.44634540E-01 
SP   3    1.000000
   2.94124940E+00   -9.99672300E-02   1.55916270E-01 
   6.83483100E-01    3.99512830E-01   6.07683720E-01 
   2.22289900E-01    7.00115470E-01   3.91957390E-01 
****
H    0
S    3    1.000000
   3.42525091E+00    1.54328970E-01 
   6.23913730E-01    5.35328140E-01 
   1.68855400E-01    4.44634540E-01 
****
H    0
S    3    1.000000
   3.42525091E+00    1.54328970E-01 
   6.23913730E-01    5.35328140E-01 
   1.68855400E-01    4.44634540E-01 
****
H    0
S    3    1.000000
   3.42525091E+00    1.54328970E-01 
   6.23913730E-01    5.35328140E-01 
   1.68855400E-01    4.44634540E-01 
****
$end
-----------------------------------------------------------------------
 There are 30 shells and 60 basis functions

 Total QAlloc Memory Limit   8000 MB
 Mega-Array Size       188 MB
 MEM_STATIC part       192 MB

 A cutoff of  1.0D-09 yielded    383 shell pairs
 There are      1703 function pairs
 Start forming overlap matrix
 Smallest overlap matrix eigenvalue = 1.71E-01

 Scale SEOQF with 1.000000e-01/1.000000e-01/1.000000e+00

 Standard Electronic Orientation quadrupole field applied
 Nucleus-field energy     =     0.0000000194 hartrees
 ================ Generating on-the-fly SAD Guess ================
 Attempting to make child job directory: /scratch/shannon.houck/qchem26250//Frg1/
 Attempting to make child job directory: /scratch/shannon.houck/qchem26250//Frg2/
 Creating input file /scratch/shannon.houck/qchem26250/Frg1.input
 using default PutDataFrgm: nothing
 calling putenv with: QCSCRATCH=/scratch/shannon.houck/qchem26250/ 
 Spawning Job For Fragment 0
 Done Job For Fragment 0
 calling putenv with: QCSCRATCH=/scratch/shannon.houck 
 calling putenv with: QCTHREADS=1 
 Creating input file /scratch/shannon.houck/qchem26250/Frg2.input
 using default PutDataFrgm: nothing
 calling putenv with: QCSCRATCH=/scratch/shannon.houck/qchem26250/ 
 Spawning Job For Fragment 1
 Done Job For Fragment 1
 calling putenv with: QCSCRATCH=/scratch/shannon.houck 
 calling putenv with: QCTHREADS=1 
 Time for running child jobs:  CPU 0.00 s  wall 0.43 s
 ============= Method Specific SAD Guess Constructed =============
 Guess from on-the-fly superposition of atomic densities
 Warning: Energy on first SCF cycle will be non-variational

 -----------------------------------------------------------------------
  General SCF calculation program by
  Eric Jon Sundstrom, Paul Horn, Yuezhi Mao, Dmitri Zuev, Alec White,
  David Stuck, Shaama M.S., Shane Yost, Joonho Lee, David Small,
  Daniel Levine, Susi Lehtola, Hugh Burton, Evgeny Epifanovsky,
  Bang C. Huynh
 -----------------------------------------------------------------------
 Exchange:     0.2000 Hartree-Fock + 0.0800 Slater + 0.7200 B88
 Correlation:  0.1900 VWN1RPA + 0.8100 LYP
 Using SG-1 standard quadrature grid
 A restricted SCF calculation will be
 performed using DIIS
 SCF converges when DIIS error is below 1.0e-05
 User-specified cutoff of 10e-9
 used for neglect of 2-electron integrals.
 A cutoff of 10e-9
 used for neglect of overlap integrals.
 Incremental Fock algorithm is on at the start.
 ---------------------------------------
  Cycle       Energy         DIIS error
 ---------------------------------------
    1    -381.9237896479      1.39e-01  
    2    -382.2937061017      3.10e-03  
    3    -382.2939070992      3.37e-03  
    4    -382.2996723062      1.12e-03  
    5    -382.3003258981      3.23e-04  
    6    -382.3003817260      3.18e-05  
    7    -382.3003823395      4.08e-06  Convergence criterion met
 ---------------------------------------
 DFT Correlation Energy =  -2.97910919630335
 DFT Exchange    Energy = -43.84101901184388
 HF Exchange     Energy = -11.06972348268508
 Kinetic         Energy = 376.02986289525171
 Nuclear Attr.   Energy = -1784.69940483390315
 Total Coulomb   Energy = 634.25287298729313
 Final Alpha MO Eigenvalues
            1           2           3           4           5           6
    1 -10.0179350 -10.0178697 -10.0075475 -10.0075461 -10.0066361 -10.0066026
            7           8           9          10          11          12
    1 -10.0055833 -10.0054740  -9.9919308  -9.9919308  -0.8179610  -0.7550387
           13          14          15          16          17          18
    1  -0.7206778  -0.7041260  -0.6701955  -0.5851001  -0.5605874  -0.5319075
           19          20          21          22          23          24
    1  -0.5121185  -0.4619193  -0.4385288  -0.4103908  -0.3995775  -0.3971033
           25          26          27          28          29          30
    1  -0.3755022  -0.3577682  -0.3489577  -0.3301502  -0.3052631  -0.2954415
           31          32          33          34          35          36
    1  -0.2808773  -0.2631432  -0.2160302  -0.1975109  -0.1600511   0.0495883
           37          38          39          40          41          42
    1   0.0907365   0.1164540   0.1814701   0.2803269   0.3192289   0.3295566
           43          44          45          46          47          48
    1   0.3654095   0.3702669   0.4128747   0.4159657   0.4215648   0.4457341
           49          50          51          52          53          54
    1   0.4687658   0.4958742   0.5387731   0.5705537   0.5867597   0.6101415
           55          56          57          58          59          60
    1   0.6265204   0.6457442   0.6928185   0.7430228   0.8062326   0.8160362
 Final Alpha MO Coefficients
            1           2           3           4           5           6
    1  -0.6989657   0.6989091  -0.0342587   0.0346803  -0.0264257  -0.0143611
    2  -0.0318977   0.0316730   0.0033769  -0.0033144   0.0077756   0.0033217
    3   0.0013835  -0.0010354   0.0040826  -0.0040469  -0.0032886  -0.0022060
    4   0.0002792  -0.0002066   0.0006652  -0.0006232   0.0018235   0.0046509
    5   0.0000000  -0.0000000   0.0000000  -0.0000000  -0.0000000   0.0000000
    6   0.0197916  -0.0210639   0.0139438  -0.0200299  -0.6664930  -0.6563615
    7   0.0081603  -0.0072912   0.0008672  -0.0010254  -0.0319438  -0.0315435
    8   0.0026780  -0.0030755  -0.0000232  -0.0000495   0.0018143   0.0018660
    9  -0.0035614   0.0034040  -0.0002090   0.0002801   0.0014439   0.0011639
   10   0.0000000   0.0000000  -0.0000000   0.0000000  -0.0000000  -0.0000000
   11  -0.0183463  -0.0194440  -0.0092642  -0.0095461   0.2124070   0.2428201
   12  -0.0081147  -0.0072098  -0.0006573  -0.0003786   0.0160149   0.0171117
   13   0.0010603   0.0015057  -0.0001068   0.0000551   0.0045184   0.0043386
   14   0.0043196   0.0043331   0.0001624   0.0002669   0.0005107   0.0004537
   15  -0.0000000   0.0000000  -0.0000000   0.0000000   0.0000000  -0.0000000
   16   0.6989657   0.6989091   0.0342587   0.0346803   0.0264257  -0.0143611
   17   0.0318977   0.0316730  -0.0033769  -0.0033144  -0.0077756   0.0033217
   18   0.0013835   0.0010354   0.0040826   0.0040469  -0.0032886   0.0022060
   19   0.0002792   0.0002066   0.0006652   0.0006232   0.0018235  -0.0046509
   20  -0.0000000   0.0000000   0.0000000  -0.0000000  -0.0000000   0.0000000
   21  -0.0197916  -0.0210639  -0.0139438  -0.0200299   0.6664930  -0.6563615
   22  -0.0081603  -0.0072912  -0.0008672  -0.0010254   0.0319438  -0.0315435
   23   0.0026780   0.0030755  -0.0000232   0.0000495   0.0018143  -0.0018660
   24  -0.0035614  -0.0034040  -0.0002090  -0.0002801   0.0014439  -0.0011639
   25   0.0000000  -0.0000000  -0.0000000   0.0000000   0.0000000  -0.0000000
   26   0.0183463  -0.0194440   0.0092642  -0.0095461  -0.2124070   0.2428201
   27   0.0081147  -0.0072098   0.0006573  -0.0003786  -0.0160149   0.0171117
   28   0.0010603  -0.0015057  -0.0001068  -0.0000551   0.0045184  -0.0043386
   29   0.0043196  -0.0043331   0.0001624  -0.0002669   0.0005107  -0.0004537
   30   0.0000000  -0.0000000  -0.0000000   0.0000000  -0.0000000  -0.0000000
   31  -0.0003504   0.0002161  -0.0001058   0.0001358   0.0060399   0.0060072
   32   0.0003526   0.0002149  -0.0000353  -0.0000646  -0.0020958  -0.0022775
   33   0.0003504   0.0002161   0.0001058   0.0001358  -0.0060399   0.0060072
   34  -0.0003526   0.0002149   0.0000353  -0.0000646   0.0020958  -0.0022775
   35  -0.0338556  -0.0345071   0.6995015   0.6993309   0.0149141  -0.0148364
   36  -0.0065911  -0.0066880   0.0306123   0.0305865   0.0008041  -0.0006441
   37  -0.0037920  -0.0038414  -0.0013478  -0.0013605  -0.0000460   0.0000897
   38  -0.0008854  -0.0008962   0.0010476   0.0010456   0.0000511   0.0000385
   39   0.0000000  -0.0000000   0.0000000   0.0000000  -0.0000000  -0.0000000
   40  -0.0000360  -0.0000214  -0.0055685  -0.0055586  -0.0007575   0.0002186
   41   0.0005524   0.0005589  -0.0077897  -0.0077869  -0.0002855   0.0001818
   42   0.0003083   0.0003182  -0.0032254  -0.0032222  -0.0001390   0.0001020
   43  -0.0000596  -0.0000629   0.0033558   0.0033554   0.0000635  -0.0001004
   44   0.0000000  -0.0000000  -0.0000000  -0.0000000  -0.0000000  -0.0000000
   45   0.0003781   0.0003924  -0.0063659  -0.0063625  -0.0001925   0.0001616
   46  -0.0000309  -0.0000297   0.0002028   0.0002031  -0.0000026  -0.0000023
   47  -0.0001490  -0.0001364   0.0001708   0.0001729   0.0001013   0.0001113
   48   0.0338556  -0.0345071  -0.6995015   0.6993309  -0.0149141  -0.0148364
   49   0.0065911  -0.0066880  -0.0306123   0.0305865  -0.0008041  -0.0006441
   50  -0.0037920   0.0038414  -0.0013478   0.0013605  -0.0000460  -0.0000897
   51  -0.0008854   0.0008962   0.0010476  -0.0010456   0.0000511  -0.0000385
   52  -0.0000000   0.0000000  -0.0000000   0.0000000  -0.0000000  -0.0000000
   53   0.0000360  -0.0000214   0.0055685  -0.0055586   0.0007575   0.0002186
   54  -0.0005524   0.0005589   0.0077897  -0.0077869   0.0002855   0.0001818
   55   0.0003083  -0.0003182  -0.0032254   0.0032222  -0.0001390  -0.0001020
   56  -0.0000596   0.0000629   0.0033558  -0.0033554   0.0000635   0.0001004
   57   0.0000000  -0.0000000  -0.0000000  -0.0000000   0.0000000   0.0000000
   58  -0.0003781   0.0003924   0.0063659  -0.0063625   0.0001925   0.0001616
   59   0.0000309  -0.0000297  -0.0002028   0.0002031   0.0000026  -0.0000023
   60   0.0001490  -0.0001364  -0.0001708   0.0001729  -0.0001013   0.0001113
            7           8           9          10          11          12
    1  -0.0122906   0.0275911   0.0003672  -0.0003754  -0.1081674   0.1018978
    2   0.0040484  -0.0072672   0.0001975  -0.0001964   0.2710740  -0.2673024
    3  -0.0005136   0.0022613   0.0000462  -0.0000445  -0.0491942  -0.0261295
    4  -0.0049565   0.0028152   0.0000456  -0.0000438  -0.0106752   0.0039796
    5  -0.0000000  -0.0000000  -0.0000000   0.0000000   0.0000000   0.0000000
    6   0.2139483   0.2428682   0.0002363  -0.0006444  -0.0990818   0.0361432
    7   0.0030830   0.0045362  -0.0000016   0.0001003   0.2469455  -0.0940434
    8   0.0040542   0.0039077  -0.0001039   0.0000203  -0.0138220  -0.0623426
    9   0.0005762   0.0006765   0.0000108  -0.0000343  -0.0589846   0.0274704
   10  -0.0000000   0.0000000  -0.0000000  -0.0000000   0.0000000   0.0000000
   11   0.6671052   0.6566621  -0.0013819  -0.0014515  -0.0996185  -0.0487811
   12   0.0278493   0.0269426   0.0000143   0.0000335   0.2481199   0.1268804
   13  -0.0004785  -0.0008625  -0.0001663  -0.0001506   0.0348708  -0.0457866
   14  -0.0011258  -0.0008543  -0.0000016   0.0000037  -0.0489356  -0.0485815
   15  -0.0000000   0.0000000   0.0000000   0.0000000  -0.0000000   0.0000000
   16   0.0122906   0.0275911  -0.0003672  -0.0003754  -0.1081674  -0.1018978
   17  -0.0040484  -0.0072672  -0.0001975  -0.0001964   0.2710740   0.2673024
   18  -0.0005136  -0.0022613   0.0000462   0.0000445   0.0491942  -0.0261295
   19  -0.0049565  -0.0028152   0.0000456   0.0000438   0.0106752   0.0039796
   20   0.0000000  -0.0000000  -0.0000000  -0.0000000   0.0000000  -0.0000000
   21  -0.2139483   0.2428682  -0.0002363  -0.0006444  -0.0990818  -0.0361432
   22  -0.0030830   0.0045362   0.0000016   0.0001003   0.2469455   0.0940434
   23   0.0040542  -0.0039077  -0.0001039  -0.0000203   0.0138220  -0.0623426
   24   0.0005762  -0.0006765   0.0000108   0.0000343   0.0589846   0.0274704
   25   0.0000000   0.0000000  -0.0000000  -0.0000000  -0.0000000  -0.0000000
   26  -0.6671052   0.6566621   0.0013819  -0.0014515  -0.0996185   0.0487811
   27  -0.0278493   0.0269426  -0.0000143   0.0000335   0.2481199  -0.1268804
   28  -0.0004785   0.0008625  -0.0001663   0.0001506  -0.0348708  -0.0457866
   29  -0.0011258   0.0008543  -0.0000016  -0.0000037   0.0489356  -0.0485815
   30   0.0000000  -0.0000000  -0.0000000  -0.0000000  -0.0000000   0.0000000
   31  -0.0017454  -0.0021674  -0.0000114   0.0000187   0.0432525  -0.0242076
   32  -0.0059632  -0.0060038  -0.0001635  -0.0001633   0.0443978   0.0352717
   33   0.0017454  -0.0021674   0.0000114   0.0000187   0.0432525   0.0242076
   34   0.0059632  -0.0060038   0.0001635  -0.0001633   0.0443978  -0.0352717
   35   0.0040210   0.0146441  -0.0064182  -0.0064239  -0.0436229  -0.1112731
   36   0.0002630   0.0006648   0.0072555   0.0072554   0.1119713   0.2899519
   37   0.0000100  -0.0001699  -0.0032026  -0.0032020   0.0245908   0.0018134
   38  -0.0000074   0.0000449   0.0033177   0.0033172   0.0139295   0.0417419
   39  -0.0000000   0.0000000   0.0000000   0.0000000   0.0000000  -0.0000000
   40  -0.0012483  -0.0016680  -0.7004868  -0.7004865  -0.0229793  -0.0843663
   41  -0.0001740  -0.0003660  -0.0310942  -0.0310938   0.0574246   0.2166871
   42  -0.0001096  -0.0002032  -0.0010084  -0.0010080   0.0189156   0.0506731
   43  -0.0000591   0.0000128   0.0010211   0.0010210  -0.0117059  -0.0404951
   44   0.0000000  -0.0000000   0.0000000   0.0000000   0.0000000   0.0000000
   45  -0.0000675  -0.0002285  -0.0000863  -0.0000859   0.0218881   0.0645233
   46  -0.0000223  -0.0000204   0.0063417   0.0063417   0.0093351   0.0445169
   47   0.0002348   0.0002352   0.0063633   0.0063634   0.0136291   0.0515552
   48  -0.0040210   0.0146441   0.0064182  -0.0064239  -0.0436229   0.1112731
   49  -0.0002630   0.0006648  -0.0072556   0.0072554   0.1119713  -0.2899519
   50   0.0000100   0.0001699  -0.0032026   0.0032020  -0.0245908   0.0018134
   51  -0.0000074  -0.0000449   0.0033177  -0.0033172  -0.0139295   0.0417419
   52  -0.0000000  -0.0000000  -0.0000000  -0.0000000   0.0000000  -0.0000000
   53   0.0012483  -0.0016680   0.7004869  -0.7004864  -0.0229793   0.0843663
   54   0.0001740  -0.0003660   0.0310942  -0.0310938   0.0574246  -0.2166871
   55  -0.0001096   0.0002032  -0.0010084   0.0010080  -0.0189156   0.0506731
   56  -0.0000591  -0.0000128   0.0010211  -0.0010210   0.0117059  -0.0404951
   57   0.0000000   0.0000000   0.0000000  -0.0000000   0.0000000  -0.0000000
   58   0.0000675  -0.0002285   0.0000863  -0.0000859   0.0218881  -0.0645233
   59   0.0000223  -0.0000204  -0.0063417   0.0063417   0.0093351  -0.0445169
   60  -0.0002348   0.0002352  -0.0063633   0.0063634   0.0136291  -0.0515552
           13          14          15          16          17          18
    1   0.0036000   0.0191018  -0.1021431   0.0622011   0.0645503   0.0102736
    2  -0.0130309  -0.0512565   0.2781738  -0.1816446  -0.1899512  -0.0260810
    3  -0.0908998   0.0303740  -0.0597618  -0.0476408  -0.0759168   0.1188416
    4  -0.0068149  -0.1301253  -0.0247521  -0.1519664   0.1677991   0.0498139
    5   0.0000000   0.0000000   0.0000000   0.0000000  -0.0000000  -0.0000000
    6  -0.0432813   0.1356976  -0.0398983   0.0219773  -0.1087373   0.0460595
    7   0.1119318  -0.3627598   0.1092868  -0.0637450   0.3181236  -0.1395234
    8  -0.0321620   0.0505988   0.0966897  -0.1700637   0.0039957   0.0026465
    9  -0.0183497   0.0058215  -0.0385931   0.0213728   0.0858285   0.0066322
   10   0.0000000  -0.0000000   0.0000000  -0.0000000  -0.0000000  -0.0000000
   11  -0.0350759   0.1168327   0.0777115  -0.0904951   0.0430938  -0.0247094
   12   0.0904949  -0.3119230  -0.2124451   0.2578520  -0.1263284   0.0744407
   13   0.0487463  -0.0680795   0.0432700  -0.0066869   0.1683078  -0.0744324
   14  -0.0016617  -0.0366037   0.0610979   0.0574650   0.1139586  -0.0320781
   15  -0.0000000  -0.0000000  -0.0000000  -0.0000000  -0.0000000  -0.0000000
   16   0.0036000  -0.0191018   0.1021431   0.0622011   0.0645503  -0.0102736
   17  -0.0130309   0.0512565  -0.2781738  -0.1816446  -0.1899512   0.0260810
   18   0.0908998   0.0303740  -0.0597618   0.0476408   0.0759168   0.1188416
   19   0.0068149  -0.1301253  -0.0247521   0.1519664  -0.1677991   0.0498139
   20   0.0000000   0.0000000   0.0000000  -0.0000000   0.0000000   0.0000000
   21  -0.0432813  -0.1356976   0.0398983   0.0219773  -0.1087373  -0.0460595
   22   0.1119318   0.3627598  -0.1092868  -0.0637450   0.3181236   0.1395234
   23   0.0321620   0.0505988   0.0966897   0.1700637  -0.0039957   0.0026465
   24   0.0183497   0.0058215  -0.0385931  -0.0213728  -0.0858285   0.0066322
   25   0.0000000   0.0000000   0.0000000   0.0000000   0.0000000   0.0000000
   26  -0.0350759  -0.1168327  -0.0777115  -0.0904951   0.0430938   0.0247094
   27   0.0904949   0.3119230   0.2124451   0.2578520  -0.1263284  -0.0744407
   28  -0.0487463  -0.0680795   0.0432700   0.0066869  -0.1683078  -0.0744324
   29   0.0016617  -0.0366037   0.0610979  -0.0574650  -0.1139586  -0.0320781
   30   0.0000000   0.0000000   0.0000000   0.0000000   0.0000000   0.0000000
   31   0.0211681  -0.0977675   0.0303086  -0.0417119   0.1619348  -0.0429041
   32   0.0095691  -0.0856304  -0.0536816   0.1237889  -0.0581294   0.0557862
   33   0.0211681   0.0977675  -0.0303086  -0.0417119   0.1619348   0.0429041
   34   0.0095691   0.0856304   0.0536816   0.1237889  -0.0581294  -0.0557862
   35   0.1203206  -0.0029861  -0.0557428   0.0546796   0.0147687   0.1000434
   36  -0.3162485   0.0095348   0.1466937  -0.1658792  -0.0471070  -0.3068030
   37   0.0589157   0.0179204  -0.1207586  -0.0993035  -0.0938736  -0.0319584
   38  -0.0548179  -0.0216206   0.0438764   0.0895333  -0.0237110   0.1232694
   39   0.0000000  -0.0000000  -0.0000000  -0.0000000  -0.0000000  -0.0000000
   40   0.1208024   0.0125690  -0.1077187  -0.0700510  -0.0514760  -0.0804878
   41  -0.3159238  -0.0325155   0.2906314   0.2019673   0.1533077   0.2478783
   42  -0.0537044  -0.0058302   0.0163691  -0.0301731  -0.0587728  -0.0838676
   43   0.0540694  -0.0030468  -0.0388124   0.0471980  -0.0040791   0.1353192
   44  -0.0000000  -0.0000000  -0.0000000  -0.0000000  -0.0000000  -0.0000000
   45  -0.0753961   0.0113550   0.0391155  -0.0916388   0.0129051  -0.1795756
   46  -0.0746198  -0.0073970   0.0856410   0.0809785   0.0853795   0.1251924
   47  -0.0757785  -0.0148039   0.0723360   0.0996068   0.0389078   0.1655099
   48   0.1203206   0.0029861   0.0557428   0.0546796   0.0147687  -0.1000434
   49  -0.3162485  -0.0095348  -0.1466937  -0.1658792  -0.0471070   0.3068030
   50  -0.0589157   0.0179204  -0.1207586   0.0993035   0.0938736  -0.0319584
   51   0.0548179  -0.0216206   0.0438764  -0.0895333   0.0237110   0.1232694
   52   0.0000000  -0.0000000  -0.0000000   0.0000000  -0.0000000  -0.0000000
   53   0.1208024  -0.0125690   0.1077187  -0.0700510  -0.0514760   0.0804878
   54  -0.3159238   0.0325155  -0.2906314   0.2019673   0.1533077  -0.2478783
   55   0.0537044  -0.0058302   0.0163691   0.0301731   0.0587728  -0.0838676
   56  -0.0540694  -0.0030468  -0.0388124  -0.0471980   0.0040791   0.1353192
   57   0.0000000  -0.0000000  -0.0000000  -0.0000000  -0.0000000  -0.0000000
   58  -0.0753961  -0.0113550  -0.0391155  -0.0916388   0.0129051   0.1795756
   59  -0.0746198   0.0073970  -0.0856410   0.0809785   0.0853795  -0.1251924
   60  -0.0757785   0.0148039  -0.0723360   0.0996068   0.0389078  -0.1655099
           19          20          21          22          23          24
    1   0.0513089  -0.0366658  -0.0111732  -0.0748112   0.0063938   0.0189285
    2  -0.1482524   0.1208461   0.0406964   0.2518555  -0.0255360  -0.0621629
    3   0.1436272   0.1257513   0.1308370  -0.0685695  -0.1033865  -0.0117820
    4  -0.0173389   0.0636123  -0.1452782   0.0000417  -0.2472018  -0.0110922
    5  -0.0000000  -0.0000000   0.0000000   0.0000000  -0.0000000   0.0000000
    6  -0.0093401  -0.0133822   0.0138385   0.0442395  -0.0147774  -0.0253710
    7   0.0349398   0.0525087  -0.0456756  -0.1543316   0.0521534   0.0847416
    8  -0.0902525   0.1560216  -0.2013253  -0.0020386  -0.0925407  -0.0647155
    9   0.1836804   0.1308121   0.0079219  -0.2221376   0.1487892  -0.0006833
   10  -0.0000000  -0.0000000   0.0000000   0.0000000  -0.0000000   0.0000000
   11  -0.0528464   0.0226016  -0.0353007  -0.0409248   0.0356152   0.0199762
   12   0.1683152  -0.0630066   0.1150810   0.1438693  -0.1162546  -0.0730918
   13  -0.0459334  -0.1501991   0.1299994  -0.1388120   0.0534219   0.1211334
   14   0.1956796   0.0699158   0.0995899   0.1968286   0.2174843  -0.0281226
   15  -0.0000000  -0.0000000   0.0000000   0.0000000  -0.0000000   0.0000000
   16   0.0513089  -0.0366658   0.0111732   0.0748112  -0.0063938   0.0189285
   17  -0.1482524   0.1208461  -0.0406964  -0.2518555   0.0255360  -0.0621629
   18  -0.1436272  -0.1257513   0.1308370  -0.0685695  -0.1033865   0.0117820
   19   0.0173389  -0.0636123  -0.1452782   0.0000417  -0.2472018   0.0110922
   20  -0.0000000   0.0000000   0.0000000   0.0000000   0.0000000   0.0000000
   21  -0.0093401  -0.0133822  -0.0138385  -0.0442395   0.0147774  -0.0253710
   22   0.0349398   0.0525087   0.0456756   0.1543316  -0.0521534   0.0847416
   23   0.0902525  -0.1560216  -0.2013253  -0.0020386  -0.0925407   0.0647155
   24  -0.1836804  -0.1308121   0.0079219  -0.2221376   0.1487892   0.0006833
   25   0.0000000   0.0000000   0.0000000   0.0000000   0.0000000  -0.0000000
   26  -0.0528464   0.0226016   0.0353007   0.0409248  -0.0356152   0.0199762
   27   0.1683152  -0.0630066  -0.1150810  -0.1438693   0.1162546  -0.0730918
   28   0.0459334   0.1501991   0.1299994  -0.1388120   0.0534219  -0.1211334
   29  -0.1956796  -0.0699158   0.0995899   0.1968286   0.2174843   0.0281226
   30   0.0000000   0.0000000   0.0000000   0.0000000   0.0000000   0.0000000
   31   0.1029382   0.1319789  -0.0679172  -0.2422479   0.1165656   0.0164523
   32   0.1651134   0.0911792   0.0319229   0.2653148   0.0745782  -0.1063301
   33   0.1029382   0.1319789   0.0679172   0.2422479  -0.1165656   0.0164523
   34   0.1651134   0.0911792  -0.0319229  -0.2653148  -0.0745782  -0.1063301
   35  -0.0592133   0.0425044   0.0190226  -0.0112105  -0.0024656  -0.0233294
   36   0.1810226  -0.1324794  -0.0559063   0.0317707   0.0184966   0.0611722
   37   0.0080543   0.1828029  -0.0751719  -0.0470479   0.1949288  -0.0770913
   38  -0.0683214   0.1050468  -0.2175284  -0.0164593  -0.0348809   0.2820033
   39  -0.0000000  -0.0000000   0.0000000  -0.0000000  -0.0000000  -0.0000000
   40   0.0550272  -0.0143373  -0.0122609   0.0131248   0.0007449  -0.0073136
   41  -0.1731521   0.0546248   0.0486707  -0.0473503   0.0093194   0.0059372
   42   0.0819963   0.0229814  -0.2364022   0.0995186   0.0452821   0.3275138
   43  -0.0773854   0.2066910  -0.0416140   0.0108265   0.2393990  -0.0674790
   44  -0.0000000  -0.0000000   0.0000000  -0.0000000  -0.0000000  -0.0000000
   45   0.1142583  -0.1483491   0.1444785   0.0525391  -0.0026014  -0.1758738
   46  -0.1057691  -0.0201652   0.1927009  -0.0994967  -0.0726202  -0.2443667
   47  -0.0892982   0.1740276  -0.0465934   0.0377871   0.2035654  -0.0054850
   48  -0.0592133   0.0425044  -0.0190226   0.0112105   0.0024656  -0.0233294
   49   0.1810226  -0.1324794   0.0559063  -0.0317707  -0.0184966   0.0611722
   50  -0.0080543  -0.1828029  -0.0751719  -0.0470479   0.1949288   0.0770913
   51   0.0683214  -0.1050468  -0.2175284  -0.0164593  -0.0348809  -0.2820033
   52  -0.0000000  -0.0000000   0.0000000  -0.0000000  -0.0000000   0.0000000
   53   0.0550272  -0.0143373   0.0122609  -0.0131248  -0.0007449  -0.0073136
   54  -0.1731521   0.0546248  -0.0486707   0.0473503  -0.0093194   0.0059372
   55  -0.0819963  -0.0229814  -0.2364022   0.0995186   0.0452821  -0.3275138
   56   0.0773854  -0.2066910  -0.0416140   0.0108265   0.2393990   0.0674790
   57  -0.0000000  -0.0000000   0.0000000  -0.0000000  -0.0000000   0.0000000
   58   0.1142583  -0.1483491  -0.1444785  -0.0525391   0.0026014  -0.1758738
   59  -0.1057691  -0.0201652  -0.1927009   0.0994967   0.0726202  -0.2443667
   60  -0.0892982   0.1740276   0.0465934  -0.0377871  -0.2035654  -0.0054850
           25          26          27          28          29          30
    1   0.0017400  -0.0046193   0.0269623  -0.0000000  -0.0119880  -0.0033484
    2  -0.0089818   0.0178100  -0.0952319   0.0000000   0.0556884   0.0080965
    3  -0.1254330   0.1313381  -0.0191088  -0.0000000   0.2775119  -0.1365553
    4   0.0408628  -0.1659624   0.0918742   0.0000000   0.0787872   0.2867142
    5  -0.0000000  -0.0000000   0.0000000  -0.3360661  -0.0000000   0.0000000
    6  -0.0338415   0.0139774   0.0007995   0.0000000   0.0109955  -0.0076989
    7   0.1075659  -0.0502100  -0.0122561  -0.0000000  -0.0362779   0.0188902
    8  -0.1391719  -0.2382570  -0.1233488   0.0000000  -0.0005196   0.1736264
    9  -0.2870014   0.0432869  -0.1396040  -0.0000000   0.0682530  -0.2426475
   10  -0.0000000  -0.0000000   0.0000000  -0.3013910  -0.0000000   0.0000000
   11  -0.0076759  -0.0090281  -0.0005655   0.0000000  -0.0152133   0.0088768
   12   0.0199530   0.0286991   0.0000671  -0.0000000   0.0505226  -0.0195761
   13   0.2369885   0.2004147   0.1452597  -0.0000000   0.0406116  -0.1244338
   14  -0.1475296   0.0921346   0.0652060   0.0000000  -0.1382870   0.2464496
   15  -0.0000000  -0.0000000   0.0000000  -0.3013356  -0.0000000   0.0000000
   16  -0.0017400   0.0046193   0.0269623   0.0000000   0.0119880  -0.0033484
   17   0.0089818  -0.0178100  -0.0952319  -0.0000000  -0.0556884   0.0080965
   18  -0.1254330   0.1313381   0.0191088  -0.0000000   0.2775119   0.1365553
   19   0.0408628  -0.1659624  -0.0918742   0.0000000   0.0787872  -0.2867142
   20  -0.0000000  -0.0000000   0.0000000  -0.3360661   0.0000000   0.0000000
   21   0.0338415  -0.0139774   0.0007995  -0.0000000  -0.0109955  -0.0076989
   22  -0.1075659   0.0502100  -0.0122561   0.0000000   0.0362779   0.0188902
   23  -0.1391719  -0.2382570   0.1233488   0.0000000  -0.0005196  -0.1736264
   24  -0.2870014   0.0432869   0.1396040   0.0000000   0.0682530   0.2426475
   25  -0.0000000  -0.0000000   0.0000000  -0.3013910   0.0000000   0.0000000
   26   0.0076759   0.0090281  -0.0005655  -0.0000000   0.0152133   0.0088768
   27  -0.0199530  -0.0286991   0.0000671   0.0000000  -0.0505226  -0.0195761
   28   0.2369885   0.2004147  -0.1452597  -0.0000000   0.0406116   0.1244338
   29  -0.1475296   0.0921346  -0.0652060  -0.0000000  -0.1382870  -0.2464496
   30  -0.0000000  -0.0000000   0.0000000  -0.3013356   0.0000000   0.0000000
   31  -0.2212639  -0.0468100  -0.1531444  -0.0000000   0.0307269  -0.1917912
   32  -0.2111415  -0.0450345   0.0032463   0.0000000  -0.0620830   0.2843560
   33   0.2212639   0.0468100  -0.1531444  -0.0000000  -0.0307269  -0.1917912
   34   0.2111415   0.0450345   0.0032463  -0.0000000   0.0620830   0.2843560
   35   0.0018600  -0.0010261  -0.0187368  -0.0000000   0.0038655   0.0070675
   36   0.0006998  -0.0162979   0.0761647   0.0000000  -0.0178148  -0.0361182
   37   0.1356709  -0.1505791   0.0688627   0.0000000  -0.2107394  -0.1089418
   38  -0.0040383   0.2402044  -0.1757589  -0.0000000  -0.1703304   0.0589089
   39  -0.0000000  -0.0000000  -0.0000000  -0.1567758  -0.0000000   0.0000000
   40  -0.0047624  -0.0215191   0.0082300   0.0000000  -0.0027377  -0.0063521
   41   0.0244711   0.0571005  -0.0193246  -0.0000000   0.0066884   0.0155093
   42  -0.0018756   0.2083001   0.1139261  -0.0000000   0.1843655   0.0557399
   43   0.1471064  -0.1621361   0.2870769   0.0000000   0.1614281  -0.1173463
   44  -0.0000000  -0.0000000  -0.0000000  -0.0864995  -0.0000000   0.0000000
   45  -0.0116036  -0.1842058   0.1818585   0.0000000   0.2261643  -0.0691298
   46  -0.0128753  -0.1251273  -0.1740413   0.0000000  -0.2317660  -0.0250617
   47   0.1035607  -0.0841005   0.2747743   0.0000000   0.2213725  -0.0520293
   48  -0.0018600   0.0010261  -0.0187368  -0.0000000  -0.0038655   0.0070675
   49  -0.0006998   0.0162979   0.0761647  -0.0000000   0.0178148  -0.0361182
   50   0.1356709  -0.1505791  -0.0688627   0.0000000  -0.2107394   0.1089418
   51  -0.0040383   0.2402044   0.1757589  -0.0000000  -0.1703304  -0.0589089
   52  -0.0000000  -0.0000000  -0.0000000  -0.1567758  -0.0000000  -0.0000000
   53   0.0047624   0.0215191   0.0082300  -0.0000000   0.0027377  -0.0063521
   54  -0.0244711  -0.0571005  -0.0193246   0.0000000  -0.0066884   0.0155093
   55  -0.0018756   0.2083001  -0.1139261  -0.0000000   0.1843655  -0.0557399
   56   0.1471064  -0.1621361  -0.2870769   0.0000000   0.1614281   0.1173463
   57  -0.0000000  -0.0000000  -0.0000000  -0.0864995  -0.0000000  -0.0000000
   58   0.0116036   0.1842058   0.1818585  -0.0000000  -0.2261643  -0.0691298
   59   0.0128753   0.1251273  -0.1740413  -0.0000000   0.2317660  -0.0250617
   60  -0.1035607   0.0841005   0.2747743   0.0000000  -0.2213725  -0.0520293
           31          32          33          34          35          36
    1   0.0090966   0.0000000   0.0000000   0.0000000  -0.0000000   0.0000000
    2  -0.0527200  -0.0000000  -0.0000000  -0.0000000   0.0000000  -0.0000000
    3  -0.2575074  -0.0000000   0.0000000   0.0000000  -0.0000000  -0.0000000
    4  -0.1357079   0.0000000  -0.0000000  -0.0000000   0.0000000  -0.0000000
    5  -0.0000000   0.3435497  -0.0208184   0.0175093   0.3902883  -0.4491969
    6   0.0053201   0.0000000   0.0000000   0.0000000  -0.0000000  -0.0000000
    7  -0.0142475   0.0000000  -0.0000000   0.0000000  -0.0000000   0.0000000
    8   0.2231327   0.0000000   0.0000000   0.0000000  -0.0000000   0.0000000
    9   0.0787161   0.0000000   0.0000000   0.0000000   0.0000000   0.0000000
   10  -0.0000000   0.1313629  -0.1642495   0.4693376   0.2069410   0.2284949
   11   0.0019178   0.0000000  -0.0000000  -0.0000000  -0.0000000   0.0000000
   12  -0.0075684   0.0000000   0.0000000   0.0000000   0.0000000   0.0000000
   13  -0.2181328  -0.0000000  -0.0000000  -0.0000000   0.0000000   0.0000000
   14  -0.1642388  -0.0000000  -0.0000000  -0.0000000  -0.0000000   0.0000000
   15   0.0000000  -0.1411534  -0.1575047   0.4507999  -0.2418213   0.2872333
   16   0.0090966   0.0000000   0.0000000   0.0000000   0.0000000  -0.0000000
   17  -0.0527200  -0.0000000  -0.0000000  -0.0000000  -0.0000000   0.0000000
   18   0.2575074   0.0000000   0.0000000   0.0000000  -0.0000000  -0.0000000
   19   0.1357079  -0.0000000  -0.0000000  -0.0000000  -0.0000000  -0.0000000
   20   0.0000000  -0.3435497  -0.0208184  -0.0175093  -0.3902883  -0.4491969
   21   0.0053201  -0.0000000  -0.0000000  -0.0000000   0.0000000   0.0000000
   22  -0.0142475   0.0000000   0.0000000   0.0000000   0.0000000  -0.0000000
   23  -0.2231327  -0.0000000  -0.0000000  -0.0000000   0.0000000   0.0000000
   24  -0.0787161   0.0000000  -0.0000000   0.0000000  -0.0000000   0.0000000
   25   0.0000000  -0.1313629  -0.1642495  -0.4693376  -0.2069410   0.2284949
   26   0.0019178   0.0000000   0.0000000   0.0000000  -0.0000000  -0.0000000
   27  -0.0075684  -0.0000000  -0.0000000  -0.0000000   0.0000000  -0.0000000
   28   0.2181328   0.0000000   0.0000000   0.0000000  -0.0000000   0.0000000
   29   0.1642388  -0.0000000  -0.0000000  -0.0000000   0.0000000   0.0000000
   30   0.0000000   0.1411534  -0.1575047  -0.4507999   0.2418213   0.2872333
   31   0.1810093   0.0000000   0.0000000   0.0000000   0.0000000  -0.0000000
   32   0.0543302   0.0000000   0.0000000   0.0000000  -0.0000000  -0.0000000
   33   0.1810093   0.0000000   0.0000000   0.0000000  -0.0000000  -0.0000000
   34   0.0543302   0.0000000   0.0000000   0.0000000  -0.0000000   0.0000000
   35   0.0223150   0.0000000   0.0000000   0.0000000  -0.0000000   0.0000000
   36  -0.0926333  -0.0000000  -0.0000000  -0.0000000   0.0000000  -0.0000000
   37  -0.2700035  -0.0000000  -0.0000000  -0.0000000   0.0000000  -0.0000000
   38  -0.1147577  -0.0000000  -0.0000000  -0.0000000  -0.0000000  -0.0000000
   39  -0.0000000  -0.3718433   0.4184180   0.0004439   0.2311898  -0.2733839
   40  -0.0036610  -0.0000000  -0.0000000   0.0000000   0.0000000   0.0000000
   41   0.0063524   0.0000000  -0.0000000  -0.0000000  -0.0000000   0.0000000
   42   0.1287983   0.0000000   0.0000000   0.0000000   0.0000000   0.0000000
   43   0.0366122   0.0000000   0.0000000   0.0000000   0.0000000   0.0000000
   44  -0.0000000  -0.2806684   0.4238458   0.0133575   0.3820396   0.4419283
   45   0.1690289   0.0000000   0.0000000   0.0000000  -0.0000000   0.0000000
   46  -0.1558194  -0.0000000  -0.0000000  -0.0000000   0.0000000  -0.0000000
   47   0.1150858   0.0000000   0.0000000   0.0000000   0.0000000   0.0000000
   48   0.0223150   0.0000000   0.0000000   0.0000000  -0.0000000   0.0000000
   49  -0.0926333  -0.0000000   0.0000000   0.0000000   0.0000000  -0.0000000
   50   0.2700035   0.0000000  -0.0000000   0.0000000   0.0000000   0.0000000
   51   0.1147577   0.0000000   0.0000000  -0.0000000  -0.0000000  -0.0000000
   52  -0.0000000   0.3718433   0.4184180  -0.0004439  -0.2311898  -0.2733839
   53  -0.0036610   0.0000000   0.0000000   0.0000000  -0.0000000   0.0000000
   54   0.0063524  -0.0000000  -0.0000000  -0.0000000   0.0000000  -0.0000000
   55  -0.1287983   0.0000000   0.0000000   0.0000000  -0.0000000  -0.0000000
   56  -0.0366122   0.0000000   0.0000000  -0.0000000  -0.0000000   0.0000000
   57  -0.0000000   0.2806684   0.4238458  -0.0133575  -0.3820396   0.4419283
   58   0.1690289   0.0000000   0.0000000   0.0000000  -0.0000000   0.0000000
   59  -0.1558194   0.0000000   0.0000000  -0.0000000  -0.0000000   0.0000000
   60   0.1150858   0.0000000   0.0000000   0.0000000   0.0000000   0.0000000
           37          38          39          40          41          42
    1  -0.0000000   0.0000000   0.0000000   0.0000000  -0.0692820   0.0546351
    2   0.0000000  -0.0000000  -0.0000000  -0.0000000   0.3977654  -0.3099304
    3  -0.0000000  -0.0000000  -0.0000000  -0.0000000   0.3315268  -0.2690029
    4  -0.0000000  -0.0000000   0.0000000  -0.0000000   0.0878867  -0.2241123
    5  -0.0363067  -0.0254375   0.4936674  -0.5474251  -0.0000000  -0.0000000
    6  -0.0000000   0.0000000  -0.0000000   0.0000000  -0.0330531  -0.0140105
    7  -0.0000000  -0.0000000  -0.0000000  -0.0000000   0.2018353   0.0751535
    8   0.0000000  -0.0000000   0.0000000  -0.0000000   0.0398715  -0.0764213
    9   0.0000000   0.0000000  -0.0000000  -0.0000000   0.2718567  -0.2958150
   10   0.5864500   0.2167888  -0.1763927   0.4777093   0.0000000   0.0000000
   11   0.0000000  -0.0000000   0.0000000   0.0000000  -0.0429288   0.0306155
   12   0.0000000   0.0000000  -0.0000000  -0.0000000   0.2586644  -0.1798699
   13   0.0000000  -0.0000000   0.0000000   0.0000000  -0.1229677  -0.0322844
   14  -0.0000000  -0.0000000  -0.0000000  -0.0000000   0.1823977  -0.2235887
   15  -0.5516422  -0.2090786  -0.2066234  -0.4798646  -0.0000000  -0.0000000
   16  -0.0000000   0.0000000  -0.0000000   0.0000000  -0.0692820  -0.0546351
   17   0.0000000  -0.0000000   0.0000000  -0.0000000   0.3977654   0.3099304
   18   0.0000000   0.0000000   0.0000000   0.0000000  -0.3315268  -0.2690029
   19  -0.0000000  -0.0000000   0.0000000   0.0000000  -0.0878867  -0.2241123
   20  -0.0363067   0.0254375   0.4936674   0.5474251   0.0000000   0.0000000
   21   0.0000000  -0.0000000   0.0000000   0.0000000  -0.0330531   0.0140105
   22  -0.0000000   0.0000000  -0.0000000  -0.0000000   0.2018353  -0.0751535
   23   0.0000000  -0.0000000   0.0000000   0.0000000  -0.0398715  -0.0764213
   24   0.0000000  -0.0000000  -0.0000000   0.0000000  -0.2718567  -0.2958150
   25   0.5864500  -0.2167888  -0.1763927  -0.4777093  -0.0000000  -0.0000000
   26   0.0000000   0.0000000  -0.0000000   0.0000000  -0.0429288  -0.0306155
   27  -0.0000000  -0.0000000  -0.0000000  -0.0000000   0.2586644   0.1798699
   28   0.0000000  -0.0000000   0.0000000  -0.0000000   0.1229677  -0.0322844
   29  -0.0000000   0.0000000  -0.0000000   0.0000000  -0.1823977  -0.2235887
   30  -0.5516422   0.2090786  -0.2066234   0.4798646   0.0000000   0.0000000
   31   0.0000000   0.0000000   0.0000000   0.0000000  -0.4098577   0.2713676
   32   0.0000000  -0.0000000   0.0000000   0.0000000  -0.4067050   0.2138502
   33  -0.0000000   0.0000000   0.0000000   0.0000000  -0.4098577  -0.2713676
   34   0.0000000   0.0000000  -0.0000000   0.0000000  -0.4067050  -0.2138502
   35  -0.0000000  -0.0000000   0.0000000  -0.0000000   0.0597079   0.0184407
   36  -0.0000000   0.0000000  -0.0000000   0.0000000  -0.3286037  -0.0969740
   37  -0.0000000   0.0000000  -0.0000000   0.0000000  -0.3838721  -0.3423086
   38  -0.0000000   0.0000000  -0.0000000   0.0000000  -0.1909102  -0.2823831
   39   0.0013338   0.5355448  -0.5216123  -0.2609547  -0.0000000  -0.0000000
   40  -0.0000000  -0.0000000   0.0000000   0.0000000  -0.0383098   0.0062478
   41   0.0000000   0.0000000  -0.0000000  -0.0000000   0.2183794  -0.0372823
   42   0.0000000   0.0000000  -0.0000000   0.0000000  -0.1462769  -0.2082882
   43   0.0000000  -0.0000000   0.0000000   0.0000000  -0.0913228  -0.3142231
   44   0.0186343  -0.5351135   0.3859134   0.1430030   0.0000000   0.0000000
   45  -0.0000000  -0.0000000   0.0000000   0.0000000  -0.0707427  -0.3235718
   46  -0.0000000   0.0000000  -0.0000000   0.0000000  -0.3378520  -0.2903358
   47  -0.0000000  -0.0000000   0.0000000  -0.0000000   0.0993111   0.3832655
   48   0.0000000   0.0000000  -0.0000000  -0.0000000   0.0597079  -0.0184407
   49  -0.0000000  -0.0000000   0.0000000   0.0000000  -0.3286037   0.0969740
   50   0.0000000  -0.0000000   0.0000000  -0.0000000   0.3838721  -0.3423086
   51  -0.0000000  -0.0000000  -0.0000000  -0.0000000   0.1909102  -0.2823831
   52   0.0013338  -0.5355448  -0.5216123   0.2609547   0.0000000   0.0000000
   53  -0.0000000   0.0000000   0.0000000   0.0000000  -0.0383098  -0.0062478
   54   0.0000000  -0.0000000  -0.0000000  -0.0000000   0.2183794   0.0372823
   55   0.0000000  -0.0000000   0.0000000  -0.0000000   0.1462769  -0.2082882
   56   0.0000000   0.0000000   0.0000000  -0.0000000   0.0913228  -0.3142231
   57   0.0186343   0.5351135   0.3859134  -0.1430030  -0.0000000  -0.0000000
   58   0.0000000   0.0000000  -0.0000000   0.0000000  -0.0707427   0.3235718
   59  -0.0000000   0.0000000   0.0000000   0.0000000  -0.3378520   0.2903358
   60   0.0000000   0.0000000   0.0000000   0.0000000   0.0993111  -0.3832655
           43          44          45          46          47          48
    1   0.0412114  -0.0342425   0.0688641   0.0407941   0.0395373  -0.1161160
    2  -0.2283828   0.2059283  -0.3997783  -0.2420335  -0.2440297   0.7084755
    3  -0.4391341   0.0093576  -0.0648235  -0.1959740   0.1428754   0.0441874
    4   0.0794569   0.0291982   0.1014073   0.2068399   0.1609489   0.0408907
    5   0.0000000  -0.0000000  -0.0000000  -0.0000000  -0.0000000  -0.0000000
    6  -0.0157032   0.0375450  -0.0650413   0.0737093  -0.0721011   0.0917983
    7   0.0948236  -0.2311325   0.3872345  -0.4556820   0.4442771  -0.5772101
    8  -0.2199197  -0.1434993  -0.0662288   0.1297075   0.2377576  -0.2550984
    9   0.1477845   0.0097191   0.1118718  -0.0474800   0.3789637  -0.1001817
   10  -0.0000000   0.0000000   0.0000000   0.0000000  -0.0000000   0.0000000
   11  -0.0104230   0.0429954   0.0916662  -0.0856216   0.0230302   0.0496376
   12   0.0686892  -0.2657670  -0.5576254   0.5264536  -0.1319694  -0.3138019
   13  -0.3451919   0.2031726   0.0990475   0.0179768   0.0607713   0.2563442
   14   0.2629322  -0.1552861  -0.0222327  -0.0015602   0.2462381   0.1928013
   15  -0.0000000  -0.0000000  -0.0000000  -0.0000000  -0.0000000  -0.0000000
   16  -0.0412114  -0.0342425  -0.0688641   0.0407941  -0.0395373  -0.1161160
   17   0.2283828   0.2059283   0.3997783  -0.2420335   0.2440297   0.7084755
   18  -0.4391341  -0.0093576  -0.0648235   0.1959740   0.1428754  -0.0441874
   19   0.0794569  -0.0291982   0.1014073  -0.2068399   0.1609489  -0.0408907
   20  -0.0000000   0.0000000  -0.0000000   0.0000000  -0.0000000  -0.0000000
   21   0.0157032   0.0375450   0.0650413   0.0737093   0.0721011   0.0917983
   22  -0.0948236  -0.2311325  -0.3872345  -0.4556820  -0.4442771  -0.5772101
   23  -0.2199197   0.1434993  -0.0662288  -0.1297075   0.2377576   0.2550984
   24   0.1477845  -0.0097191   0.1118718   0.0474800   0.3789637   0.1001817
   25  -0.0000000  -0.0000000  -0.0000000  -0.0000000  -0.0000000  -0.0000000
   26   0.0104230   0.0429954  -0.0916662  -0.0856216  -0.0230302   0.0496376
   27  -0.0686892  -0.2657670   0.5576254   0.5264536   0.1319694  -0.3138019
   28  -0.3451919  -0.2031726   0.0990475  -0.0179768   0.0607713  -0.2563442
   29   0.2629322   0.1552861  -0.0222327   0.0015602   0.2462381  -0.1928013
   30  -0.0000000   0.0000000   0.0000000   0.0000000  -0.0000000   0.0000000
   31  -0.1044873   0.1915431  -0.2798536   0.2529950  -0.6681439   0.4130748
   32  -0.4619263   0.3227833   0.3024421  -0.1813322  -0.0667319   0.1948483
   33   0.1044873   0.1915431   0.2798536   0.2529950   0.6681439   0.4130748
   34   0.4619263   0.3227833  -0.3024421  -0.1813322   0.0667319   0.1948483
   35   0.0994347  -0.0552100   0.0600585  -0.0462793  -0.0521146   0.0986408
   36  -0.5730362   0.3338083  -0.3780718   0.2922224   0.3306744  -0.5995065
   37  -0.2804981  -0.1488495  -0.1368659   0.1889509  -0.0315466  -0.0831187
   38   0.0411781  -0.2861566   0.2613056  -0.2410724  -0.1853929   0.1420533
   39  -0.0000000   0.0000000   0.0000000  -0.0000000   0.0000000   0.0000000
   40  -0.0567581   0.0435732   0.0812281  -0.0979880  -0.0030932  -0.0622998
   41   0.3297787  -0.2555263  -0.5160919   0.6199543   0.0258459   0.3769624
   42  -0.0510499  -0.2686576   0.2183091  -0.1887237  -0.2886268  -0.0421188
   43   0.0450179  -0.3344457  -0.1984542   0.1793238  -0.0957753  -0.0392359
   44  -0.0000000   0.0000000   0.0000000   0.0000000   0.0000000  -0.0000000
   45   0.2985077  -0.5215697   0.3811105  -0.3416430  -0.3690508   0.3989550
   46  -0.2456195  -0.2021351   0.4156291  -0.4405370  -0.2967033  -0.2391031
   47  -0.1419817   0.5034070   0.3383275  -0.3950188   0.1688465  -0.1650391
   48  -0.0994347  -0.0552100  -0.0600585  -0.0462793   0.0521146   0.0986408
   49   0.5730362   0.3338083   0.3780718   0.2922224  -0.3306744  -0.5995065
   50  -0.2804981   0.1488495  -0.1368659  -0.1889509  -0.0315466   0.0831187
   51   0.0411781   0.2861566   0.2613056   0.2410724  -0.1853929  -0.1420533
   52  -0.0000000   0.0000000  -0.0000000   0.0000000   0.0000000   0.0000000
   53   0.0567581   0.0435732  -0.0812281  -0.0979880   0.0030932  -0.0622998
   54  -0.3297787  -0.2555263   0.5160919   0.6199543  -0.0258459   0.3769624
   55  -0.0510499   0.2686576   0.2183091   0.1887237  -0.2886268   0.0421188
   56   0.0450179   0.3344457  -0.1984542  -0.1793238  -0.0957753   0.0392359
   57  -0.0000000  -0.0000000   0.0000000   0.0000000  -0.0000000  -0.0000000
   58  -0.2985077  -0.5215697  -0.3811105  -0.3416430   0.3690508   0.3989550
   59   0.2456195  -0.2021351  -0.4156291  -0.4405370   0.2967033  -0.2391031
   60   0.1419817   0.5034070  -0.3383275  -0.3950188  -0.1688465  -0.1650391
           49          50          51          52          53          54
    1   0.0578810  -0.0157233  -0.0977635  -0.0022577  -0.0026064  -0.0744712
    2  -0.3529276   0.0976178   0.6601520  -0.0002590   0.0163333   0.5222558
    3   0.1347728   0.0099668  -0.5644449  -0.0865501  -0.0655377  -0.0010012
    4  -0.1360910   0.3624819  -0.1334205   0.5354133   0.2034842   0.3122964
    5  -0.0000000  -0.0000000   0.0000000  -0.0000000  -0.0000000  -0.0000000
    6  -0.0531115   0.1099162   0.0300053   0.1011679   0.0232909  -0.0212486
    7   0.3264075  -0.7050018  -0.2003275  -0.6897325  -0.1661940   0.1439100
    8   0.1808827   0.1737203  -0.2129642  -0.0136850   0.2674078  -0.7684209
    9  -0.1370362   0.0160635   0.4335695  -0.0024719   0.6021622   0.2353414
   10   0.0000000   0.0000000  -0.0000000  -0.0000000  -0.0000000  -0.0000000
   11   0.0618817  -0.1141643   0.0537221   0.0142210  -0.0177724   0.0845008
   12  -0.3812441   0.7345284  -0.3545755  -0.1126967   0.1307363  -0.5909381
   13   0.1983116   0.1697860  -0.0202141   0.4796391   0.4952767  -0.3462367
   14  -0.1608560   0.1040942   0.4141543   0.2935226  -0.4273194  -0.3662369
   15   0.0000000  -0.0000000  -0.0000000  -0.0000000   0.0000000   0.0000000
   16  -0.0578810  -0.0157233  -0.0977635   0.0022577  -0.0026064   0.0744712
   17   0.3529276   0.0976178   0.6601520   0.0002590   0.0163333  -0.5222558
   18   0.1347728  -0.0099668   0.5644449  -0.0865501   0.0655377  -0.0010012
   19  -0.1360910  -0.3624819   0.1334205   0.5354133  -0.2034842   0.3122964
   20   0.0000000   0.0000000  -0.0000000  -0.0000000   0.0000000  -0.0000000
   21   0.0531115   0.1099162   0.0300053  -0.1011679   0.0232909   0.0212486
   22  -0.3264075  -0.7050018  -0.2003275   0.6897325  -0.1661940  -0.1439100
   23   0.1808827  -0.1737203   0.2129642  -0.0136850  -0.2674078  -0.7684209
   24  -0.1370362  -0.0160635  -0.4335695  -0.0024719  -0.6021622   0.2353414
   25  -0.0000000  -0.0000000   0.0000000  -0.0000000   0.0000000  -0.0000000
   26  -0.0618817  -0.1141643   0.0537221  -0.0142210  -0.0177724  -0.0845008
   27   0.3812441   0.7345284  -0.3545755   0.1126967   0.1307363   0.5909381
   28   0.1983116  -0.1697860   0.0202141   0.4796391  -0.4952767  -0.3462367
   29  -0.1608560  -0.1040942  -0.4141543   0.2935226   0.4273194  -0.3662369
   30   0.0000000   0.0000000   0.0000000  -0.0000000  -0.0000000   0.0000000
   31  -0.0850362   0.2673964  -0.1779812   0.2823038  -0.4516751  -0.0485044
   32   0.5027014  -0.3711847  -0.0855136   0.0883496   0.4655184   0.2766736
   33   0.0850362   0.2673964  -0.1779812  -0.2823038  -0.4516751   0.0485044
   34  -0.5027014  -0.3711847  -0.0855136  -0.0883496   0.4655184  -0.2766736
   35   0.0643106   0.0157403  -0.0567272  -0.0086611   0.0400612  -0.0473157
   36  -0.3932513  -0.1198927   0.3736115   0.0718903  -0.2822175   0.3243937
   37   0.1518771  -0.1077792  -0.0836300   0.0333184   0.1847251   0.0708279
   38   0.0519400  -0.0068138  -0.1445255   0.3323601  -0.0807880   0.0407203
   39   0.0000000  -0.0000000   0.0000000  -0.0000000  -0.0000000  -0.0000000
   40  -0.1146002   0.0659794   0.0216007   0.0127516  -0.0413324  -0.0023338
   41   0.7240939  -0.4260058  -0.1394985  -0.1000147   0.2836393   0.0185116
   42  -0.0831686   0.3359400   0.1625758  -0.4619031   0.1960764  -0.2006474
   43   0.0964334  -0.1322065   0.2968370  -0.1085736  -0.1064954   0.1182714
   44  -0.0000000   0.0000000   0.0000000  -0.0000000   0.0000000   0.0000000
   45   0.2750832  -0.0095169  -0.2678496   0.2550553   0.0968909  -0.0993788
   46  -0.3913618   0.4464641   0.2472817  -0.3399484   0.0211412  -0.1321909
   47  -0.4877654   0.3036937  -0.1835185   0.2081665  -0.1281762  -0.1131515
   48  -0.0643106   0.0157403  -0.0567272   0.0086611   0.0400612   0.0473157
   49   0.3932513  -0.1198927   0.3736115  -0.0718903  -0.2822175  -0.3243937
   50   0.1518771   0.1077792   0.0836300   0.0333184  -0.1847251   0.0708279
   51   0.0519400   0.0068138   0.1445255   0.3323601   0.0807880   0.0407203
   52   0.0000000   0.0000000   0.0000000  -0.0000000   0.0000000   0.0000000
   53   0.1146002   0.0659794   0.0216007  -0.0127516  -0.0413324   0.0023338
   54  -0.7240939  -0.4260058  -0.1394985   0.1000147   0.2836393  -0.0185116
   55  -0.0831686  -0.3359400  -0.1625758  -0.4619031  -0.1960764  -0.2006474
   56   0.0964334   0.1322065  -0.2968370  -0.1085736   0.1064954   0.1182714
   57   0.0000000  -0.0000000   0.0000000   0.0000000   0.0000000   0.0000000
   58  -0.2750832  -0.0095169  -0.2678496  -0.2550553   0.0968909   0.0993788
   59   0.3913618   0.4464641   0.2472817   0.3399484   0.0211412   0.1321909
   60   0.4877654   0.3036937  -0.1835185  -0.2081665  -0.1281762   0.1131515
           55          56          57          58          59          60
    1   0.0738011  -0.0092688   0.0029909  -0.0046764  -0.0001517   0.0617742
    2  -0.4990976   0.0395973  -0.0127627   0.0326715   0.0026683  -0.4733349
    3  -0.0838061   0.4521795  -0.2108172  -0.1253671   0.1272453   0.6407753
    4   0.3167595   0.1318343   0.2041559   0.4609028  -0.7266840   0.1426361
    5  -0.0000000  -0.0000000  -0.0000000  -0.0000000   0.0000000  -0.0000000
    6   0.0105134  -0.0190530  -0.0191455   0.0409208  -0.0122432  -0.0615540
    7  -0.0886363   0.1345986   0.1389420  -0.3067808   0.0936212   0.4572349
    8  -0.0427164  -0.1954998  -0.4779944  -0.1342077   0.5352790  -0.2058454
    9  -0.1626685  -0.2133374   0.0462601   0.1245347  -0.2609836  -0.6193360
   10   0.0000000   0.0000000  -0.0000000   0.0000000   0.0000000   0.0000000
   11   0.0586564   0.0231821   0.0190803   0.0256614   0.0129778   0.0611628
   12  -0.4009155  -0.1555647  -0.1381231  -0.1948962  -0.0978284  -0.4554615
   13   0.1937255  -0.0634540  -0.4817963   0.1844380   0.3867546  -0.4359595
   14   0.2813318  -0.2949164  -0.0793478   0.1377611   0.4716317   0.5072336
   15  -0.0000000   0.0000000   0.0000000  -0.0000000  -0.0000000  -0.0000000
   16  -0.0738011  -0.0092688   0.0029909   0.0046764  -0.0001517  -0.0617742
   17   0.4990976   0.0395973  -0.0127627  -0.0326715   0.0026683   0.4733349
   18  -0.0838061  -0.4521795   0.2108172  -0.1253671  -0.1272453   0.6407753
   19   0.3167595  -0.1318343  -0.2041559   0.4609028   0.7266840   0.1426361
   20  -0.0000000   0.0000000   0.0000000  -0.0000000  -0.0000000  -0.0000000
   21  -0.0105134  -0.0190530  -0.0191455  -0.0409208  -0.0122432   0.0615540
   22   0.0886363   0.1345986   0.1389420   0.3067808   0.0936212  -0.4572349
   23  -0.0427164   0.1954998   0.4779944  -0.1342077  -0.5352790  -0.2058454
   24  -0.1626685   0.2133374  -0.0462601   0.1245347   0.2609836  -0.6193360
   25  -0.0000000  -0.0000000  -0.0000000  -0.0000000  -0.0000000   0.0000000
   26  -0.0586564   0.0231821   0.0190803  -0.0256614   0.0129778  -0.0611628
   27   0.4009155  -0.1555647  -0.1381231   0.1948962  -0.0978284   0.4554615
   28   0.1937255   0.0634540   0.4817963   0.1844380  -0.3867546  -0.4359595
   29   0.2813318   0.2949164   0.0793478   0.1377611  -0.4716317   0.5072336
   30  -0.0000000  -0.0000000  -0.0000000  -0.0000000   0.0000000  -0.0000000
   31   0.1204068   0.1522266   0.0176068   0.0505388   0.0185203   0.2599693
   32   0.1502155   0.2364137  -0.1634406   0.0586300  -0.0385809  -0.2845233
   33  -0.1204068   0.1522266   0.0176068  -0.0505388   0.0185203  -0.2599693
   34  -0.1502155   0.2364137  -0.1634406  -0.0586300  -0.0385809   0.2845233
   35  -0.0413015   0.0201061   0.0616723   0.0651553   0.0317809  -0.0128829
   36   0.3155453  -0.1241722  -0.4796040  -0.5075346  -0.2571699   0.0782281
   37  -0.5149349  -0.3676119   0.5263270   0.4159895   0.2527678   0.2517506
   38  -0.2039817  -0.4619568  -0.3741545  -0.6623177  -0.4511517   0.0353226
   39  -0.0000000   0.0000000   0.0000000   0.0000000   0.0000000  -0.0000000
   40   0.0221133  -0.0198747  -0.0591488  -0.0716791  -0.0401749  -0.0014325
   41  -0.1627816   0.1434097   0.4541643   0.5597184   0.3253800   0.0201981
   42   0.1455345   0.4489208   0.3817426   0.5419118   0.3123909  -0.0303562
   43   0.5982288   0.3497307  -0.5425493  -0.4371728  -0.2639164  -0.1588308
   44  -0.0000000   0.0000000   0.0000000   0.0000000   0.0000000   0.0000000
   45  -0.3374481  -0.3428437   0.0010738  -0.1926772  -0.1628306   0.0402919
   46   0.2639733   0.3242103   0.0237932   0.1101132   0.0591184  -0.0452712
   47  -0.4129076  -0.4200744   0.1612669   0.0095997   0.0286016   0.1314364
   48   0.0413015   0.0201061   0.0616723  -0.0651553   0.0317809   0.0128829
   49  -0.3155453  -0.1241722  -0.4796040   0.5075346  -0.2571699  -0.0782281
   50  -0.5149349   0.3676119  -0.5263270   0.4159895  -0.2527678   0.2517506
   51  -0.2039817   0.4619568   0.3741545  -0.6623177   0.4511517   0.0353226
   52   0.0000000   0.0000000  -0.0000000   0.0000000  -0.0000000   0.0000000
   53  -0.0221133  -0.0198747  -0.0591488   0.0716791  -0.0401749   0.0014325
   54   0.1627816   0.1434097   0.4541643  -0.5597184   0.3253800  -0.0201981
   55   0.1455345  -0.4489208  -0.3817426   0.5419118  -0.3123909  -0.0303562
   56   0.5982288  -0.3497307   0.5425493  -0.4371728   0.2639164  -0.1588308
   57  -0.0000000   0.0000000  -0.0000000   0.0000000  -0.0000000   0.0000000
   58   0.3374481  -0.3428437   0.0010738   0.1926772  -0.1628306  -0.0402919
   59  -0.2639733   0.3242103   0.0237932  -0.1101132   0.0591184   0.0452712
   60   0.4129076  -0.4200744   0.1612669  -0.0095997   0.0286016  -0.1314364
 Final Alpha Density Matrix
            1           2           3           4           5           6
    1   1.0333430  -0.1026419  -0.0004202  -0.0001079  -0.0000000   0.0129287
    2  -0.1026419   0.4186490   0.0150670   0.0034741  -0.0000000  -0.0338212
    3  -0.0004202   0.0150670   0.3024815   0.0001529   0.0000000   0.0376957
    4  -0.0001079   0.0034741   0.0001529   0.3026796  -0.0000000  -0.0435337
    5  -0.0000000  -0.0000000   0.0000000  -0.0000000   0.3840318   0.0000000
    6   0.0129287  -0.0338212   0.0376957  -0.0435337   0.0000000   1.0334712
    7  -0.0341359   0.0455742  -0.0938941   0.1082662  -0.0000000  -0.1009946
    8  -0.0389939   0.0958091  -0.0928966   0.1241052  -0.0000000  -0.0010188
    9   0.0432896  -0.1107274   0.1194558  -0.1268589   0.0000000  -0.0023077
   10  -0.0000000   0.0000000  -0.0000000   0.0000000   0.2388208   0.0000000
   11  -0.0023846   0.0071310  -0.0103429   0.0044659  -0.0000000   0.0127047
   12   0.0072466  -0.0163570   0.0398102  -0.0121785  -0.0000000  -0.0331550
   13   0.0118844  -0.0417088   0.0414098  -0.0228264   0.0000000  -0.0568695
   14  -0.0031075   0.0163408  -0.0022404   0.0122583   0.0000000  -0.0110786
   15   0.0000000  -0.0000000  -0.0000000  -0.0000000  -0.0304324   0.0000000
   16  -0.0022441   0.0077553  -0.0065889  -0.0014828   0.0000000  -0.0024338
   17   0.0077553  -0.0263170   0.0245452   0.0057053   0.0000000   0.0073173
   18   0.0065889  -0.0245452   0.0211878   0.0095088  -0.0000000   0.0075814
   19   0.0014828  -0.0057053   0.0095088  -0.0272673  -0.0000000   0.0081644
   20   0.0000000  -0.0000000  -0.0000000  -0.0000000  -0.1572841   0.0000000
   21  -0.0024338   0.0073173  -0.0075814  -0.0081644  -0.0000000  -0.0021989
   22   0.0074485  -0.0171010   0.0310962   0.0268442   0.0000000   0.0075235
   23   0.0099359  -0.0328541   0.0270654   0.0295515   0.0000000   0.0019247
   24   0.0073812  -0.0306675   0.0086522   0.0251804   0.0000000   0.0060424
   25  -0.0000000   0.0000000   0.0000000   0.0000000  -0.0294074  -0.0000000
   26   0.0130310  -0.0341216   0.0172595   0.0548125  -0.0000000  -0.0026130
   27  -0.0344902   0.0465227  -0.0425305  -0.1361936   0.0000000   0.0083752
   28  -0.0193403   0.0464555  -0.0083030  -0.0743071   0.0000000  -0.0012222
   29  -0.0543245   0.1354460  -0.0738040  -0.2101980   0.0000000   0.0120790
   30  -0.0000000  -0.0000000   0.0000000   0.0000000   0.2395277   0.0000000
   31   0.0135088  -0.0513425   0.0158547  -0.0623211   0.0000000  -0.0569737
   32  -0.0093051   0.0351626  -0.0330562   0.0357472  -0.0000000   0.0137036
   33  -0.0091501   0.0342666  -0.0172239  -0.0462159   0.0000000  -0.0010889
   34   0.0131856  -0.0495855  -0.0089362   0.0631295   0.0000000  -0.0091046
   35   0.0000494  -0.0001172   0.0005284  -0.0002077   0.0000000   0.0015302
   36   0.0002222  -0.0009780  -0.0004253   0.0011117  -0.0000000  -0.0059267
   37  -0.0011102   0.0045679  -0.0046916  -0.0015132  -0.0000000  -0.0072934
   38  -0.0006833   0.0029514  -0.0018887  -0.0014965   0.0000000  -0.0027446
   39  -0.0000000  -0.0000000  -0.0000000  -0.0000000   0.0064680  -0.0000000
   40  -0.0002359   0.0009586  -0.0008797   0.0005204  -0.0000000   0.0004914
   41   0.0008948  -0.0034772   0.0035544  -0.0022858   0.0000000  -0.0018836
   42   0.0005428  -0.0026786   0.0015779  -0.0003251  -0.0000000  -0.0008969
   43   0.0011987  -0.0048949   0.0039856  -0.0046593  -0.0000000  -0.0019095
   44  -0.0000000  -0.0000000   0.0000000  -0.0000000   0.0731617   0.0000000
   45   0.0006533  -0.0032809   0.0020041  -0.0027093   0.0000000   0.0033325
   46  -0.0009751   0.0042520  -0.0032132   0.0008505  -0.0000000  -0.0000963
   47   0.0007240  -0.0037408   0.0010751  -0.0001833  -0.0000000   0.0000920
   48   0.0097453  -0.0272136  -0.0494958  -0.0105441  -0.0000000  -0.0028223
   49  -0.0273466   0.0488173   0.1415317   0.0293139   0.0000000   0.0110348
   50   0.0496980  -0.1437048  -0.2315772  -0.0470207  -0.0000000  -0.0111743
   51   0.0118277  -0.0395610  -0.0554255  -0.0088855  -0.0000000   0.0044695
   52   0.0000000  -0.0000000  -0.0000000  -0.0000000   0.0814845   0.0000000
   53  -0.0024300   0.0086197   0.0114471  -0.0023064  -0.0000000   0.0015492
   54   0.0069842  -0.0215987  -0.0371375   0.0118838  -0.0000000  -0.0054307
   55  -0.0110862   0.0461847   0.0461468  -0.0008569   0.0000000   0.0049342
   56   0.0015046  -0.0023669  -0.0169975   0.0055469  -0.0000000  -0.0045085
   57  -0.0000000  -0.0000000   0.0000000  -0.0000000  -0.0326702  -0.0000000
   58   0.0137150  -0.0558739  -0.0590969  -0.0355755   0.0000000   0.0058514
   59  -0.0111967   0.0469345   0.0592284   0.0064718   0.0000000   0.0030401
   60   0.0081489  -0.0339688  -0.0413549  -0.0015125  -0.0000000  -0.0006041
            7           8           9          10          11          12
    1  -0.0341359  -0.0389939   0.0432896  -0.0000000  -0.0023846   0.0072466
    2   0.0455742   0.0958091  -0.1107274   0.0000000   0.0071310  -0.0163570
    3  -0.0938941  -0.0928966   0.1194558  -0.0000000  -0.0103429   0.0398102
    4   0.1082662   0.1241052  -0.1268589   0.0000000   0.0044659  -0.0121785
    5  -0.0000000  -0.0000000   0.0000000   0.2388208  -0.0000000  -0.0000000
    6  -0.1009946  -0.0010188  -0.0023077   0.0000000   0.0127047  -0.0331550
    7   0.4086943   0.0056248   0.0147454   0.0000000  -0.0331725   0.0430018
    8   0.0056248   0.3030818   0.0041842   0.0000000   0.0567526  -0.1421853
    9   0.0147454   0.0041842   0.3098520  -0.0000000   0.0120739  -0.0336948
   10   0.0000000   0.0000000  -0.0000000   0.3981730   0.0000000   0.0000000
   11  -0.0331725   0.0567526   0.0120739   0.0000000   1.0334349  -0.1007636
   12   0.0430018  -0.1421853  -0.0336948   0.0000000  -0.1007636   0.4077516
   13   0.1438411  -0.2237438  -0.0446328  -0.0000000   0.0018313  -0.0108531
   14   0.0245447  -0.0503537  -0.0006008   0.0000000  -0.0018905   0.0121276
   15   0.0000000   0.0000000   0.0000000   0.2596822   0.0000000  -0.0000000
   16   0.0074485  -0.0099359  -0.0073812   0.0000000   0.0130310  -0.0344902
   17  -0.0171010   0.0328541   0.0306675  -0.0000000  -0.0341216   0.0465227
   18  -0.0310962   0.0270654   0.0086522  -0.0000000  -0.0172595   0.0425305
   19  -0.0268442   0.0295515   0.0251804  -0.0000000  -0.0548125   0.1361936
   20  -0.0000000  -0.0000000  -0.0000000  -0.0294074   0.0000000  -0.0000000
   21   0.0075235  -0.0019247  -0.0060424   0.0000000  -0.0026130   0.0083752
   22  -0.0252627   0.0068702   0.0222495   0.0000000   0.0083776  -0.0219463
   23  -0.0068702  -0.0209520   0.0149078  -0.0000000  -0.0036244   0.0096621
   24  -0.0222495   0.0149078   0.0157184   0.0000000   0.0115655  -0.0442053
   25  -0.0000000  -0.0000000  -0.0000000  -0.1625441   0.0000000  -0.0000000
   26   0.0083776   0.0036244  -0.0115655   0.0000000  -0.0021868   0.0074713
   27  -0.0219463  -0.0096621   0.0442053  -0.0000000   0.0074713  -0.0250457
   28   0.0085713   0.0073823   0.0034923  -0.0000000  -0.0041278   0.0149624
   29  -0.0446367  -0.0194825   0.0449657  -0.0000000   0.0048706  -0.0180553
   30  -0.0000000  -0.0000000  -0.0000000  -0.0263023   0.0000000  -0.0000000
   31   0.1454625   0.0873728   0.2599129  -0.0000000   0.0137511  -0.0509223
   32  -0.0507672   0.0597415  -0.0182620  -0.0000000  -0.0571883   0.1458552
   33   0.0037765  -0.0020132  -0.0031124   0.0000000  -0.0090817   0.0342424
   34   0.0343644   0.0303892  -0.0377190   0.0000000  -0.0010656   0.0037104
   35  -0.0055848   0.0076001   0.0019283   0.0000000  -0.0025175   0.0085091
   36   0.0203523  -0.0316005  -0.0082143  -0.0000000   0.0090161  -0.0273575
   37   0.0286713  -0.0372645  -0.0080763   0.0000000   0.0096091  -0.0350307
   38   0.0118331  -0.0117950  -0.0009091   0.0000000   0.0068462  -0.0276781
   39  -0.0000000   0.0000000  -0.0000000  -0.0222696  -0.0000000   0.0000000
   40  -0.0016715   0.0019527   0.0003036   0.0000000  -0.0018222   0.0062150
   41   0.0061637  -0.0080827  -0.0009581  -0.0000000   0.0060333  -0.0205066
   42   0.0028257  -0.0026411  -0.0022011  -0.0000000   0.0048490  -0.0185458
   43   0.0076451  -0.0103863   0.0004358   0.0000000   0.0036869  -0.0149008
   44  -0.0000000   0.0000000   0.0000000   0.0049131  -0.0000000   0.0000000
   45  -0.0136349   0.0152535   0.0046509   0.0000000  -0.0074505   0.0282238
   46   0.0008310  -0.0012835   0.0000796  -0.0000000  -0.0022186   0.0084727
   47   0.0000491   0.0032297  -0.0013458   0.0000000   0.0036852  -0.0127585
   48   0.0099996   0.0115941  -0.0014687   0.0000000   0.0016606  -0.0061594
   49  -0.0360752  -0.0496708   0.0048409   0.0000000  -0.0067217   0.0236451
   50   0.0417681   0.0439019  -0.0246521   0.0000000   0.0074699  -0.0297603
   51  -0.0201399  -0.0055146  -0.0054463  -0.0000000  -0.0000995   0.0012051
   52   0.0000000   0.0000000  -0.0000000  -0.0206788  -0.0000000   0.0000000
   53  -0.0058502  -0.0050428   0.0028685   0.0000000  -0.0006684   0.0027060
   54   0.0187752   0.0198606  -0.0097282  -0.0000000   0.0025011  -0.0095182
   55  -0.0202349  -0.0140716   0.0123327   0.0000000  -0.0021922   0.0097955
   56   0.0175859   0.0168866  -0.0085758  -0.0000000   0.0015795  -0.0060913
   57   0.0000000   0.0000000  -0.0000000  -0.0920058   0.0000000   0.0000000
   58  -0.0218329  -0.0173296   0.0066165   0.0000000  -0.0006318   0.0015044
   59  -0.0120909  -0.0119112   0.0121024  -0.0000000  -0.0020946   0.0088180
   60   0.0008980   0.0043413  -0.0071639  -0.0000000   0.0008800  -0.0034938
           13          14          15          16          17          18
    1   0.0118844  -0.0031075   0.0000000  -0.0022441   0.0077553   0.0065889
    2  -0.0417088   0.0163408  -0.0000000   0.0077553  -0.0263170  -0.0245452
    3   0.0414098  -0.0022404  -0.0000000  -0.0065889   0.0245452   0.0211878
    4  -0.0228264   0.0122583  -0.0000000  -0.0014828   0.0057053   0.0095088
    5   0.0000000   0.0000000  -0.0304324   0.0000000   0.0000000  -0.0000000
    6  -0.0568695  -0.0110786   0.0000000  -0.0024338   0.0073173   0.0075814
    7   0.1438411   0.0245447   0.0000000   0.0074485  -0.0171010  -0.0310962
    8  -0.2237438  -0.0503537   0.0000000  -0.0099359   0.0328541   0.0270654
    9  -0.0446328  -0.0006008   0.0000000  -0.0073812   0.0306675   0.0086522
   10  -0.0000000   0.0000000   0.2596822   0.0000000  -0.0000000  -0.0000000
   11   0.0018313  -0.0018905   0.0000000   0.0130310  -0.0341216  -0.0172595
   12  -0.0108531   0.0121276  -0.0000000  -0.0344902   0.0465227   0.0425305
   13   0.3066622  -0.0063632  -0.0000000   0.0193403  -0.0464555  -0.0083030
   14  -0.0063632   0.3084575   0.0000000   0.0543245  -0.1354460  -0.0738040
   15  -0.0000000   0.0000000   0.3972332  -0.0000000   0.0000000  -0.0000000
   16   0.0193403   0.0543245  -0.0000000   1.0333430  -0.1026419   0.0004202
   17  -0.0464555  -0.1354460   0.0000000  -0.1026419   0.4186490  -0.0150670
   18  -0.0083030  -0.0738040  -0.0000000   0.0004202  -0.0150670   0.3024815
   19  -0.0743071  -0.2101980   0.0000000   0.0001079  -0.0034741   0.0001529
   20   0.0000000   0.0000000   0.2395277  -0.0000000   0.0000000  -0.0000000
   21   0.0012222  -0.0120790   0.0000000   0.0129287  -0.0338212  -0.0376957
   22  -0.0085713   0.0446367   0.0000000  -0.0341359   0.0455742   0.0938941
   23   0.0073823  -0.0194825   0.0000000   0.0389939  -0.0958091  -0.0928966
   24   0.0034923   0.0449657   0.0000000  -0.0432896   0.1107274   0.1194558
   25   0.0000000   0.0000000  -0.0263023  -0.0000000   0.0000000  -0.0000000
   26   0.0041278  -0.0048706   0.0000000  -0.0023846   0.0071310   0.0103429
   27  -0.0149624   0.0180553  -0.0000000   0.0072466  -0.0163570  -0.0398102
   28  -0.0043283  -0.0238683  -0.0000000  -0.0118844   0.0417088   0.0414098
   29  -0.0238683  -0.0008209  -0.0000000   0.0031075  -0.0163408  -0.0022404
   30   0.0000000   0.0000000  -0.1660114  -0.0000000   0.0000000  -0.0000000
   31  -0.0475694  -0.0411899   0.0000000  -0.0091501   0.0342666   0.0172239
   32  -0.1820701   0.2049127  -0.0000000   0.0131856  -0.0495855   0.0089362
   33  -0.0130721  -0.0471366   0.0000000   0.0135088  -0.0513425  -0.0158547
   34   0.0030228  -0.0022165   0.0000000  -0.0093051   0.0351626   0.0330562
   35  -0.0088993  -0.0072073   0.0000000   0.0097453  -0.0272136   0.0494958
   36   0.0371508   0.0257555  -0.0000000  -0.0273466   0.0488173  -0.1415317
   37   0.0303141   0.0345764  -0.0000000  -0.0496980   0.1437048  -0.2315772
   38   0.0116057   0.0210771   0.0000000  -0.0118277   0.0395610  -0.0554255
   39   0.0000000  -0.0000000  -0.0218802   0.0000000  -0.0000000   0.0000000
   40  -0.0059533   0.0008359  -0.0000000  -0.0024300   0.0086197  -0.0114471
   41   0.0227420  -0.0031693   0.0000000   0.0069842  -0.0215987   0.0371375
   42   0.0140148   0.0004950  -0.0000000   0.0110862  -0.0461847   0.0461468
   43   0.0189870  -0.0258221  -0.0000000  -0.0015046   0.0023669  -0.0169975
   44   0.0000000  -0.0000000  -0.0874388   0.0000000  -0.0000000  -0.0000000
   45  -0.0140494  -0.0385195   0.0000000   0.0137150  -0.0558739   0.0590969
   46  -0.0090783   0.0124415  -0.0000000  -0.0111967   0.0469345  -0.0592284
   47   0.0069528  -0.0187668  -0.0000000   0.0081489  -0.0339688   0.0413549
   48  -0.0082694  -0.0014449   0.0000000   0.0000494  -0.0001172  -0.0005284
   49   0.0356774   0.0059300   0.0000000   0.0002222  -0.0009780   0.0004253
   50  -0.0374449  -0.0070021  -0.0000000   0.0011102  -0.0045679  -0.0046916
   51  -0.0022228   0.0014798  -0.0000000   0.0006833  -0.0029514  -0.0018887
   52  -0.0000000  -0.0000000  -0.0154412   0.0000000  -0.0000000   0.0000000
   53   0.0030012   0.0003100   0.0000000  -0.0002359   0.0009586   0.0008797
   54  -0.0119294  -0.0006688  -0.0000000   0.0008948  -0.0034772  -0.0035544
   55   0.0093644   0.0021228   0.0000000  -0.0005428   0.0026786   0.0015779
   56  -0.0087667  -0.0012680  -0.0000000  -0.0011987   0.0048949   0.0039856
   57  -0.0000000  -0.0000000   0.0060541   0.0000000  -0.0000000   0.0000000
   58   0.0015522  -0.0029779   0.0000000   0.0006533  -0.0032809  -0.0020041
   59   0.0103352   0.0013232   0.0000000  -0.0009751   0.0042520   0.0032132
   60  -0.0044622   0.0000799   0.0000000   0.0007240  -0.0037408  -0.0010751
           19          20          21          22          23          24
    1   0.0014828   0.0000000  -0.0024338   0.0074485   0.0099359   0.0073812
    2  -0.0057053  -0.0000000   0.0073173  -0.0171010  -0.0328541  -0.0306675
    3   0.0095088  -0.0000000  -0.0075814   0.0310962   0.0270654   0.0086522
    4  -0.0272673  -0.0000000  -0.0081644   0.0268442   0.0295515   0.0251804
    5  -0.0000000  -0.1572841  -0.0000000   0.0000000   0.0000000   0.0000000
    6   0.0081644   0.0000000  -0.0021989   0.0075235   0.0019247   0.0060424
    7  -0.0268442  -0.0000000   0.0075235  -0.0252627  -0.0068702  -0.0222495
    8   0.0295515  -0.0000000  -0.0019247   0.0068702  -0.0209520   0.0149078
    9   0.0251804  -0.0000000  -0.0060424   0.0222495   0.0149078   0.0157184
   10  -0.0000000  -0.0294074   0.0000000   0.0000000  -0.0000000   0.0000000
   11  -0.0548125   0.0000000  -0.0026130   0.0083776  -0.0036244   0.0115655
   12   0.1361936  -0.0000000   0.0083752  -0.0219463   0.0096621  -0.0442053
   13  -0.0743071   0.0000000   0.0012222  -0.0085713   0.0073823   0.0034923
   14  -0.2101980   0.0000000  -0.0120790   0.0446367  -0.0194825   0.0449657
   15   0.0000000   0.2395277   0.0000000   0.0000000   0.0000000   0.0000000
   16   0.0001079  -0.0000000   0.0129287  -0.0341359   0.0389939  -0.0432896
   17  -0.0034741   0.0000000  -0.0338212   0.0455742  -0.0958091   0.1107274
   18   0.0001529  -0.0000000  -0.0376957   0.0938941  -0.0928966   0.1194558
   19   0.3026796   0.0000000   0.0435337  -0.1082662   0.1241052  -0.1268589
   20   0.0000000   0.3840318  -0.0000000   0.0000000  -0.0000000   0.0000000
   21   0.0435337  -0.0000000   1.0334712  -0.1009946   0.0010188   0.0023077
   22  -0.1082662   0.0000000  -0.1009946   0.4086943  -0.0056248  -0.0147454
   23   0.1241052  -0.0000000   0.0010188  -0.0056248   0.3030818   0.0041842
   24  -0.1268589   0.0000000   0.0023077  -0.0147454   0.0041842   0.3098520
   25   0.0000000   0.2388208   0.0000000  -0.0000000   0.0000000   0.0000000
   26  -0.0044659  -0.0000000   0.0127047  -0.0331725  -0.0567526  -0.0120739
   27   0.0121785   0.0000000  -0.0331550   0.0430018   0.1421853   0.0336948
   28  -0.0228264   0.0000000   0.0568695  -0.1438411  -0.2237438  -0.0446328
   29   0.0122583  -0.0000000   0.0110786  -0.0245447  -0.0503537  -0.0006008
   30   0.0000000  -0.0304324  -0.0000000  -0.0000000   0.0000000   0.0000000
   31   0.0462159   0.0000000  -0.0010889   0.0037765   0.0020132   0.0031124
   32  -0.0631295   0.0000000  -0.0091046   0.0343644  -0.0303892   0.0377190
   33   0.0623211   0.0000000  -0.0569737   0.1454625  -0.0873728  -0.2599129
   34  -0.0357472   0.0000000   0.0137036  -0.0507672  -0.0597415   0.0182620
   35   0.0105441   0.0000000  -0.0028223   0.0099996  -0.0115941   0.0014687
   36  -0.0293139  -0.0000000   0.0110348  -0.0360752   0.0496708  -0.0048409
   37  -0.0470207  -0.0000000   0.0111743  -0.0417681   0.0439019  -0.0246521
   38  -0.0088855   0.0000000  -0.0044695   0.0201399  -0.0055146  -0.0054463
   39  -0.0000000   0.0814845   0.0000000   0.0000000   0.0000000   0.0000000
   40   0.0023064   0.0000000   0.0015492  -0.0058502   0.0050428  -0.0028685
   41  -0.0118838   0.0000000  -0.0054307   0.0187752  -0.0198606   0.0097282
   42  -0.0008569   0.0000000  -0.0049342   0.0202349  -0.0140716   0.0123327
   43   0.0055469  -0.0000000   0.0045085  -0.0175859   0.0168866  -0.0085758
   44  -0.0000000  -0.0326702   0.0000000   0.0000000  -0.0000000  -0.0000000
   45   0.0355755   0.0000000   0.0058514  -0.0218329   0.0173296  -0.0066165
   46  -0.0064718  -0.0000000   0.0030401  -0.0120909   0.0119112  -0.0121024
   47   0.0015125  -0.0000000  -0.0006041   0.0008980  -0.0043413   0.0071639
   48   0.0002077  -0.0000000   0.0015302  -0.0055848  -0.0076001  -0.0019283
   49  -0.0011117   0.0000000  -0.0059267   0.0203523   0.0316005   0.0082143
   50  -0.0015132  -0.0000000   0.0072934  -0.0286713  -0.0372645  -0.0080763
   51  -0.0014965   0.0000000   0.0027446  -0.0118331  -0.0117950  -0.0009091
   52  -0.0000000   0.0064680  -0.0000000   0.0000000   0.0000000  -0.0000000
   53  -0.0005204  -0.0000000   0.0004914  -0.0016715  -0.0019527  -0.0003036
   54   0.0022858  -0.0000000  -0.0018836   0.0061637   0.0080827   0.0009581
   55  -0.0003251  -0.0000000   0.0008969  -0.0028257  -0.0026411  -0.0022011
   56  -0.0046593   0.0000000   0.0019095  -0.0076451  -0.0103863   0.0004358
   57  -0.0000000   0.0731617   0.0000000   0.0000000   0.0000000   0.0000000
   58   0.0027093  -0.0000000   0.0033325  -0.0136349  -0.0152535  -0.0046509
   59  -0.0008505   0.0000000  -0.0000963   0.0008310   0.0012835  -0.0000796
   60   0.0001833   0.0000000   0.0000920   0.0000491  -0.0032297   0.0013458
           25          26          27          28          29          30
    1  -0.0000000   0.0130310  -0.0344902  -0.0193403  -0.0543245  -0.0000000
    2   0.0000000  -0.0341216   0.0465227   0.0464555   0.1354460  -0.0000000
    3   0.0000000   0.0172595  -0.0425305  -0.0083030  -0.0738040   0.0000000
    4   0.0000000   0.0548125  -0.1361936  -0.0743071  -0.2101980   0.0000000
    5  -0.0294074  -0.0000000   0.0000000   0.0000000   0.0000000   0.2395277
    6  -0.0000000  -0.0026130   0.0083752  -0.0012222   0.0120790   0.0000000
    7  -0.0000000   0.0083776  -0.0219463   0.0085713  -0.0446367  -0.0000000
    8  -0.0000000   0.0036244  -0.0096621   0.0073823  -0.0194825  -0.0000000
    9  -0.0000000  -0.0115655   0.0442053   0.0034923   0.0449657  -0.0000000
   10  -0.1625441   0.0000000  -0.0000000  -0.0000000  -0.0000000  -0.0263023
   11   0.0000000  -0.0021868   0.0074713  -0.0041278   0.0048706   0.0000000
   12  -0.0000000   0.0074713  -0.0250457   0.0149624  -0.0180553  -0.0000000
   13   0.0000000   0.0041278  -0.0149624  -0.0043283  -0.0238683   0.0000000
   14   0.0000000  -0.0048706   0.0180553  -0.0238683  -0.0008209   0.0000000
   15  -0.0263023   0.0000000  -0.0000000  -0.0000000  -0.0000000  -0.1660114
   16  -0.0000000  -0.0023846   0.0072466  -0.0118844   0.0031075  -0.0000000
   17   0.0000000   0.0071310  -0.0163570   0.0417088  -0.0163408   0.0000000
   18  -0.0000000   0.0103429  -0.0398102   0.0414098  -0.0022404  -0.0000000
   19   0.0000000  -0.0044659   0.0121785  -0.0228264   0.0122583   0.0000000
   20   0.2388208  -0.0000000   0.0000000   0.0000000  -0.0000000  -0.0304324
   21   0.0000000   0.0127047  -0.0331550   0.0568695   0.0110786  -0.0000000
   22  -0.0000000  -0.0331725   0.0430018  -0.1438411  -0.0245447  -0.0000000
   23   0.0000000  -0.0567526   0.1421853  -0.2237438  -0.0503537   0.0000000
   24   0.0000000  -0.0120739   0.0336948  -0.0446328  -0.0006008   0.0000000
   25   0.3981730  -0.0000000   0.0000000   0.0000000   0.0000000   0.2596822
   26  -0.0000000   1.0334349  -0.1007636  -0.0018313   0.0018905  -0.0000000
   27   0.0000000  -0.1007636   0.4077516   0.0108531  -0.0121276   0.0000000
   28   0.0000000  -0.0018313   0.0108531   0.3066622  -0.0063632   0.0000000
   29   0.0000000   0.0018905  -0.0121276  -0.0063632   0.3084575   0.0000000
   30   0.2596822  -0.0000000   0.0000000   0.0000000   0.0000000   0.3972332
   31   0.0000000  -0.0090817   0.0342424   0.0130721   0.0471366   0.0000000
   32  -0.0000000  -0.0010656   0.0037104  -0.0030228   0.0022165   0.0000000
   33   0.0000000   0.0137511  -0.0509223   0.0475694   0.0411899   0.0000000
   34  -0.0000000  -0.0571883   0.1458552   0.1820701  -0.2049127  -0.0000000
   35   0.0000000   0.0016606  -0.0061594   0.0082694   0.0014449   0.0000000
   36  -0.0000000  -0.0067217   0.0236451  -0.0356774  -0.0059300  -0.0000000
   37  -0.0000000  -0.0074699   0.0297603  -0.0374449  -0.0070021  -0.0000000
   38  -0.0000000   0.0000995  -0.0012051  -0.0022228   0.0014798  -0.0000000
   39  -0.0206788   0.0000000  -0.0000000  -0.0000000   0.0000000  -0.0154412
   40   0.0000000  -0.0006684   0.0027060  -0.0030012  -0.0003100  -0.0000000
   41   0.0000000   0.0025011  -0.0095182   0.0119294   0.0006688   0.0000000
   42  -0.0000000   0.0021922  -0.0097955   0.0093644   0.0021228   0.0000000
   43   0.0000000  -0.0015795   0.0060913  -0.0087667  -0.0012680   0.0000000
   44  -0.0920058   0.0000000  -0.0000000   0.0000000   0.0000000   0.0060541
   45  -0.0000000  -0.0006318   0.0015044  -0.0015522   0.0029779  -0.0000000
   46  -0.0000000  -0.0020946   0.0088180  -0.0103352  -0.0013232  -0.0000000
   47  -0.0000000   0.0008800  -0.0034938   0.0044622  -0.0000799  -0.0000000
   48   0.0000000  -0.0025175   0.0085091   0.0088993   0.0072073   0.0000000
   49  -0.0000000   0.0090161  -0.0273575  -0.0371508  -0.0257555  -0.0000000
   50  -0.0000000  -0.0096091   0.0350307   0.0303141   0.0345764   0.0000000
   51   0.0000000  -0.0068462   0.0276781   0.0116057   0.0210771   0.0000000
   52  -0.0222696   0.0000000  -0.0000000  -0.0000000  -0.0000000  -0.0218802
   53  -0.0000000  -0.0018222   0.0062150   0.0059533  -0.0008359  -0.0000000
   54   0.0000000   0.0060333  -0.0205066  -0.0227420   0.0031693   0.0000000
   55  -0.0000000  -0.0048490   0.0185458   0.0140148   0.0004950  -0.0000000
   56   0.0000000  -0.0036869   0.0149008   0.0189870  -0.0258221  -0.0000000
   57   0.0049131   0.0000000  -0.0000000  -0.0000000  -0.0000000  -0.0874388
   58  -0.0000000  -0.0074505   0.0282238   0.0140494   0.0385195  -0.0000000
   59   0.0000000  -0.0022186   0.0084727   0.0090783  -0.0124415   0.0000000
   60  -0.0000000   0.0036852  -0.0127585  -0.0069528   0.0187668  -0.0000000
           31          32          33          34          35          36
    1   0.0135088  -0.0093051  -0.0091501   0.0131856   0.0000494   0.0002222
    2  -0.0513425   0.0351626   0.0342666  -0.0495855  -0.0001172  -0.0009780
    3   0.0158547  -0.0330562  -0.0172239  -0.0089362   0.0005284  -0.0004253
    4  -0.0623211   0.0357472  -0.0462159   0.0631295  -0.0002077   0.0011117
    5   0.0000000  -0.0000000   0.0000000   0.0000000   0.0000000  -0.0000000
    6  -0.0569737   0.0137036  -0.0010889  -0.0091046   0.0015302  -0.0059267
    7   0.1454625  -0.0507672   0.0037765   0.0343644  -0.0055848   0.0203523
    8   0.0873728   0.0597415  -0.0020132   0.0303892   0.0076001  -0.0316005
    9   0.2599129  -0.0182620  -0.0031124  -0.0377190   0.0019283  -0.0082143
   10  -0.0000000  -0.0000000   0.0000000   0.0000000   0.0000000  -0.0000000
   11   0.0137511  -0.0571883  -0.0090817  -0.0010656  -0.0025175   0.0090161
   12  -0.0509223   0.1458552   0.0342424   0.0037104   0.0085091  -0.0273575
   13  -0.0475694  -0.1820701  -0.0130721   0.0030228  -0.0088993   0.0371508
   14  -0.0411899   0.2049127  -0.0471366  -0.0022165  -0.0072073   0.0257555
   15   0.0000000  -0.0000000   0.0000000   0.0000000   0.0000000  -0.0000000
   16  -0.0091501   0.0131856   0.0135088  -0.0093051   0.0097453  -0.0273466
   17   0.0342666  -0.0495855  -0.0513425   0.0351626  -0.0272136   0.0488173
   18   0.0172239   0.0089362  -0.0158547   0.0330562   0.0494958  -0.1415317
   19   0.0462159  -0.0631295   0.0623211  -0.0357472   0.0105441  -0.0293139
   20   0.0000000   0.0000000   0.0000000   0.0000000   0.0000000  -0.0000000
   21  -0.0010889  -0.0091046  -0.0569737   0.0137036  -0.0028223   0.0110348
   22   0.0037765   0.0343644   0.1454625  -0.0507672   0.0099996  -0.0360752
   23   0.0020132  -0.0303892  -0.0873728  -0.0597415  -0.0115941   0.0496708
   24   0.0031124   0.0377190  -0.2599129   0.0182620   0.0014687  -0.0048409
   25   0.0000000  -0.0000000   0.0000000  -0.0000000   0.0000000  -0.0000000
   26  -0.0090817  -0.0010656   0.0137511  -0.0571883   0.0016606  -0.0067217
   27   0.0342424   0.0037104  -0.0509223   0.1458552  -0.0061594   0.0236451
   28   0.0130721  -0.0030228   0.0475694   0.1820701   0.0082694  -0.0356774
   29   0.0471366   0.0022165   0.0411899  -0.2049127   0.0014449  -0.0059300
   30   0.0000000   0.0000000   0.0000000  -0.0000000   0.0000000  -0.0000000
   31   0.2935302  -0.0377066   0.0096884  -0.0230402   0.0033377  -0.0139327
   32  -0.0377066   0.2935562  -0.0230402   0.0094629   0.0064357  -0.0254794
   33   0.0096884  -0.0230402   0.2935302  -0.0377066   0.0075048  -0.0298901
   34  -0.0230402   0.0094629  -0.0377066   0.2935562   0.0030835  -0.0137371
   35   0.0033377   0.0064357   0.0075048   0.0030835   1.0338223  -0.1037107
   36  -0.0139327  -0.0254794  -0.0298901  -0.0137371  -0.1037107   0.4189725
   37  -0.0178915  -0.0303065  -0.0292821  -0.0185114   0.0000973   0.0170564
   38  -0.0055593  -0.0146466   0.0019288  -0.0037297   0.0024319  -0.0180085
   39   0.0000000   0.0000000  -0.0000000   0.0000000   0.0000000  -0.0000000
   40  -0.0001872   0.0038135  -0.0016375  -0.0014966   0.0150630  -0.0385679
   41   0.0002918  -0.0137309   0.0053398   0.0058823  -0.0386760   0.0478593
   42   0.0004540   0.0025697   0.0064686   0.0055016  -0.0448683   0.1065299
   43   0.0037865  -0.0170439  -0.0010255  -0.0052087   0.0435519  -0.1006451
   44   0.0000000  -0.0000000  -0.0000000   0.0000000  -0.0000000  -0.0000000
   45   0.0120700   0.0065633   0.0090428  -0.0019353  -0.0570274   0.1429178
   46  -0.0040370  -0.0030461  -0.0060463  -0.0063848   0.0142089  -0.0441737
   47   0.0044020   0.0043332   0.0026924   0.0036710   0.0125023  -0.0404590
   48   0.0075048   0.0030835   0.0033377   0.0064357   0.0003262  -0.0015584
   49  -0.0298901  -0.0137371  -0.0139327  -0.0254794  -0.0015584   0.0071634
   50   0.0292821   0.0185114   0.0178915   0.0303065   0.0012897  -0.0063279
   51  -0.0019288   0.0037297   0.0055593   0.0146466   0.0001054  -0.0006198
   52  -0.0000000  -0.0000000  -0.0000000   0.0000000   0.0000000  -0.0000000
   53  -0.0016375  -0.0014966  -0.0001872   0.0038135   0.0000461  -0.0001853
   54   0.0053398   0.0058823   0.0002918  -0.0137309  -0.0001902   0.0007609
   55  -0.0064686  -0.0055016  -0.0004540  -0.0025697   0.0000373  -0.0001376
   56   0.0010255   0.0052087  -0.0037865   0.0170439   0.0006895  -0.0031586
   57  -0.0000000  -0.0000000  -0.0000000   0.0000000  -0.0000000  -0.0000000
   58   0.0090428  -0.0019353   0.0120700   0.0065633   0.0002132  -0.0010019
   59  -0.0060463  -0.0063848  -0.0040370  -0.0030461   0.0000288  -0.0000236
   60   0.0026924   0.0036710   0.0044020   0.0043332   0.0000176   0.0000165
           37          38          39          40          41          42
    1  -0.0011102  -0.0006833  -0.0000000  -0.0002359   0.0008948   0.0005428
    2   0.0045679   0.0029514  -0.0000000   0.0009586  -0.0034772  -0.0026786
    3  -0.0046916  -0.0018887  -0.0000000  -0.0008797   0.0035544   0.0015779
    4  -0.0015132  -0.0014965  -0.0000000   0.0005204  -0.0022858  -0.0003251
    5  -0.0000000   0.0000000   0.0064680  -0.0000000   0.0000000  -0.0000000
    6  -0.0072934  -0.0027446  -0.0000000   0.0004914  -0.0018836  -0.0008969
    7   0.0286713   0.0118331  -0.0000000  -0.0016715   0.0061637   0.0028257
    8  -0.0372645  -0.0117950   0.0000000   0.0019527  -0.0080827  -0.0026411
    9  -0.0080763  -0.0009091  -0.0000000   0.0003036  -0.0009581  -0.0022011
   10   0.0000000   0.0000000  -0.0222696   0.0000000  -0.0000000  -0.0000000
   11   0.0096091   0.0068462  -0.0000000  -0.0018222   0.0060333   0.0048490
   12  -0.0350307  -0.0276781   0.0000000   0.0062150  -0.0205066  -0.0185458
   13   0.0303141   0.0116057   0.0000000  -0.0059533   0.0227420   0.0140148
   14   0.0345764   0.0210771  -0.0000000   0.0008359  -0.0031693   0.0004950
   15  -0.0000000   0.0000000  -0.0218802  -0.0000000   0.0000000  -0.0000000
   16  -0.0496980  -0.0118277   0.0000000  -0.0024300   0.0069842   0.0110862
   17   0.1437048   0.0395610  -0.0000000   0.0086197  -0.0215987  -0.0461847
   18  -0.2315772  -0.0554255   0.0000000  -0.0114471   0.0371375   0.0461468
   19  -0.0470207  -0.0088855  -0.0000000   0.0023064  -0.0118838  -0.0008569
   20  -0.0000000   0.0000000   0.0814845   0.0000000   0.0000000   0.0000000
   21   0.0111743  -0.0044695   0.0000000   0.0015492  -0.0054307  -0.0049342
   22  -0.0417681   0.0201399   0.0000000  -0.0058502   0.0187752   0.0202349
   23   0.0439019  -0.0055146   0.0000000   0.0050428  -0.0198606  -0.0140716
   24  -0.0246521  -0.0054463   0.0000000  -0.0028685   0.0097282   0.0123327
   25  -0.0000000  -0.0000000  -0.0206788   0.0000000   0.0000000  -0.0000000
   26  -0.0074699   0.0000995   0.0000000  -0.0006684   0.0025011   0.0021922
   27   0.0297603  -0.0012051  -0.0000000   0.0027060  -0.0095182  -0.0097955
   28  -0.0374449  -0.0022228  -0.0000000  -0.0030012   0.0119294   0.0093644
   29  -0.0070021   0.0014798   0.0000000  -0.0003100   0.0006688   0.0021228
   30  -0.0000000  -0.0000000  -0.0154412  -0.0000000   0.0000000   0.0000000
   31  -0.0178915  -0.0055593   0.0000000  -0.0001872   0.0002918   0.0004540
   32  -0.0303065  -0.0146466   0.0000000   0.0038135  -0.0137309   0.0025697
   33  -0.0292821   0.0019288  -0.0000000  -0.0016375   0.0053398   0.0064686
   34  -0.0185114  -0.0037297   0.0000000  -0.0014966   0.0058823   0.0055016
   35   0.0000973   0.0024319   0.0000000   0.0150630  -0.0386760  -0.0448683
   36   0.0170564  -0.0180085  -0.0000000  -0.0385679   0.0478593   0.1065299
   37   0.2990214  -0.0002377   0.0000000   0.0427490  -0.0975443  -0.0954294
   38  -0.0002377   0.3094260   0.0000000  -0.0460813   0.1105662   0.1190039
   39   0.0000000   0.0000000   0.3913687  -0.0000000  -0.0000000  -0.0000000
   40   0.0427490  -0.0460813  -0.0000000   1.0336904  -0.1010318   0.0014638
   41  -0.0975443   0.1105662  -0.0000000  -0.1010318   0.4056331  -0.0160317
   42  -0.0954294   0.1190039  -0.0000000   0.0014638  -0.0160317   0.3099486
   43   0.1234804  -0.1055503   0.0000000  -0.0016730   0.0168929   0.0063014
   44  -0.0000000   0.0000000   0.3836000  -0.0000000  -0.0000000  -0.0000000
   45  -0.0682265  -0.2654044   0.0000000   0.0146092  -0.0480949  -0.0132860
   46   0.0544355  -0.0143873  -0.0000000  -0.0561142   0.1411160  -0.2680685
   47   0.0145905  -0.0592133   0.0000000  -0.0562832   0.1407114   0.0742249
   48  -0.0012897  -0.0001054  -0.0000000   0.0000461  -0.0001902  -0.0000373
   49   0.0063279   0.0006198   0.0000000  -0.0001853   0.0007609   0.0001376
   50  -0.0044050   0.0001306  -0.0000000   0.0002992  -0.0012592  -0.0002913
   51   0.0001306   0.0003266  -0.0000000   0.0000221   0.0000109  -0.0000840
   52   0.0000000   0.0000000   0.0079359   0.0000000  -0.0000000  -0.0000000
   53  -0.0002992  -0.0000221   0.0000000  -0.0000869   0.0003630   0.0002170
   54   0.0012592  -0.0000109  -0.0000000   0.0003630  -0.0014681  -0.0009918
   55  -0.0002913  -0.0000840   0.0000000  -0.0002170   0.0009918   0.0003284
   56  -0.0037515  -0.0007540   0.0000000  -0.0001057   0.0003941   0.0005748
   57   0.0000000   0.0000000  -0.0017885   0.0000000  -0.0000000  -0.0000000
   58  -0.0002370   0.0004045   0.0000000  -0.0000942   0.0004044   0.0002553
   59  -0.0006875  -0.0002971  -0.0000000  -0.0002585   0.0010887   0.0005724
   60   0.0000884   0.0004736  -0.0000000   0.0000735  -0.0003999   0.0000467
           43          44          45          46          47          48
    1   0.0011987  -0.0000000   0.0006533  -0.0009751   0.0007240   0.0097453
    2  -0.0048949  -0.0000000  -0.0032809   0.0042520  -0.0037408  -0.0272136
    3   0.0039856   0.0000000   0.0020041  -0.0032132   0.0010751  -0.0494958
    4  -0.0046593  -0.0000000  -0.0027093   0.0008505  -0.0001833  -0.0105441
    5  -0.0000000   0.0731617   0.0000000  -0.0000000  -0.0000000  -0.0000000
    6  -0.0019095   0.0000000   0.0033325  -0.0000963   0.0000920  -0.0028223
    7   0.0076451  -0.0000000  -0.0136349   0.0008310   0.0000491   0.0099996
    8  -0.0103863   0.0000000   0.0152535  -0.0012835   0.0032297   0.0115941
    9   0.0004358   0.0000000   0.0046509   0.0000796  -0.0013458  -0.0014687
   10   0.0000000   0.0049131   0.0000000  -0.0000000   0.0000000   0.0000000
   11   0.0036869  -0.0000000  -0.0074505  -0.0022186   0.0036852   0.0016606
   12  -0.0149008   0.0000000   0.0282238   0.0084727  -0.0127585  -0.0061594
   13   0.0189870   0.0000000  -0.0140494  -0.0090783   0.0069528  -0.0082694
   14  -0.0258221  -0.0000000  -0.0385195   0.0124415  -0.0187668  -0.0014449
   15  -0.0000000  -0.0874388   0.0000000  -0.0000000  -0.0000000   0.0000000
   16  -0.0015046   0.0000000   0.0137150  -0.0111967   0.0081489   0.0000494
   17   0.0023669  -0.0000000  -0.0558739   0.0469345  -0.0339688  -0.0001172
   18  -0.0169975  -0.0000000   0.0590969  -0.0592284   0.0413549  -0.0005284
   19   0.0055469  -0.0000000   0.0355755  -0.0064718   0.0015125   0.0002077
   20  -0.0000000  -0.0326702   0.0000000  -0.0000000  -0.0000000  -0.0000000
   21   0.0045085   0.0000000   0.0058514   0.0030401  -0.0006041   0.0015302
   22  -0.0175859   0.0000000  -0.0218329  -0.0120909   0.0008980  -0.0055848
   23   0.0168866  -0.0000000   0.0173296   0.0119112  -0.0043413  -0.0076001
   24  -0.0085758  -0.0000000  -0.0066165  -0.0121024   0.0071639  -0.0019283
   25   0.0000000  -0.0920058  -0.0000000  -0.0000000  -0.0000000   0.0000000
   26  -0.0015795   0.0000000  -0.0006318  -0.0020946   0.0008800  -0.0025175
   27   0.0060913  -0.0000000   0.0015044   0.0088180  -0.0034938   0.0085091
   28  -0.0087667   0.0000000  -0.0015522  -0.0103352   0.0044622   0.0088993
   29  -0.0012680   0.0000000   0.0029779  -0.0013232  -0.0000799   0.0072073
   30   0.0000000   0.0060541  -0.0000000  -0.0000000  -0.0000000   0.0000000
   31   0.0037865   0.0000000   0.0120700  -0.0040370   0.0044020   0.0075048
   32  -0.0170439  -0.0000000   0.0065633  -0.0030461   0.0043332   0.0030835
   33  -0.0010255  -0.0000000   0.0090428  -0.0060463   0.0026924   0.0033377
   34  -0.0052087   0.0000000  -0.0019353  -0.0063848   0.0036710   0.0064357
   35   0.0435519  -0.0000000  -0.0570274   0.0142089   0.0125023   0.0003262
   36  -0.1006451  -0.0000000   0.1429178  -0.0441737  -0.0404590  -0.0015584
   37   0.1234804  -0.0000000  -0.0682265   0.0544355   0.0145905  -0.0012897
   38  -0.1055503   0.0000000  -0.2654044  -0.0143873  -0.0592133  -0.0001054
   39   0.0000000   0.3836000   0.0000000  -0.0000000   0.0000000  -0.0000000
   40  -0.0016730  -0.0000000   0.0146092  -0.0561142  -0.0562832   0.0000461
   41   0.0168929  -0.0000000  -0.0480949   0.1411160   0.1407114  -0.0001902
   42   0.0063014  -0.0000000  -0.0132860  -0.2680685   0.0742249  -0.0000373
   43   0.3107314  -0.0000000   0.0602546  -0.0665410   0.2659844  -0.0006895
   44  -0.0000000   0.4120349   0.0000000   0.0000000  -0.0000000  -0.0000000
   45   0.0602546   0.0000000   0.2941530  -0.0456237   0.0706939   0.0002132
   46  -0.0665410   0.0000000  -0.0456237   0.2929789  -0.0802421   0.0000288
   47   0.2659844  -0.0000000   0.0706939  -0.0802421   0.2945315   0.0000176
   48  -0.0006895  -0.0000000   0.0002132   0.0000288   0.0000176   1.0338223
   49   0.0031586   0.0000000  -0.0010019  -0.0000236   0.0000165  -0.1037107
   50  -0.0037515  -0.0000000   0.0002370   0.0006875  -0.0000884  -0.0000973
   51  -0.0007540  -0.0000000  -0.0004045   0.0002971  -0.0004736  -0.0024319
   52  -0.0000000  -0.0017885   0.0000000  -0.0000000   0.0000000   0.0000000
   53   0.0001057  -0.0000000  -0.0000942  -0.0002585   0.0000735   0.0150630
   54  -0.0003941  -0.0000000   0.0004044   0.0010887  -0.0003999  -0.0386760
   55   0.0005748   0.0000000  -0.0002553  -0.0005724  -0.0000467   0.0448683
   56  -0.0014766  -0.0000000  -0.0000240  -0.0007738   0.0004973  -0.0435519
   57  -0.0000000  -0.0377800   0.0000000   0.0000000   0.0000000   0.0000000
   58   0.0000240   0.0000000   0.0002166  -0.0001015   0.0000034  -0.0570274
   59   0.0007738  -0.0000000  -0.0001015  -0.0008796   0.0003129   0.0142089
   60  -0.0004973   0.0000000   0.0000034   0.0003129  -0.0002383   0.0125023
           49          50          51          52          53          54
    1  -0.0273466   0.0496980   0.0118277   0.0000000  -0.0024300   0.0069842
    2   0.0488173  -0.1437048  -0.0395610  -0.0000000   0.0086197  -0.0215987
    3   0.1415317  -0.2315772  -0.0554255  -0.0000000   0.0114471  -0.0371375
    4   0.0293139  -0.0470207  -0.0088855  -0.0000000  -0.0023064   0.0118838
    5   0.0000000  -0.0000000  -0.0000000   0.0814845  -0.0000000  -0.0000000
    6   0.0110348  -0.0111743   0.0044695   0.0000000   0.0015492  -0.0054307
    7  -0.0360752   0.0417681  -0.0201399   0.0000000  -0.0058502   0.0187752
    8  -0.0496708   0.0439019  -0.0055146   0.0000000  -0.0050428   0.0198606
    9   0.0048409  -0.0246521  -0.0054463  -0.0000000   0.0028685  -0.0097282
   10   0.0000000   0.0000000  -0.0000000  -0.0206788   0.0000000  -0.0000000
   11  -0.0067217   0.0074699  -0.0000995  -0.0000000  -0.0006684   0.0025011
   12   0.0236451  -0.0297603   0.0012051   0.0000000   0.0027060  -0.0095182
   13   0.0356774  -0.0374449  -0.0022228  -0.0000000   0.0030012  -0.0119294
   14   0.0059300  -0.0070021   0.0014798  -0.0000000   0.0003100  -0.0006688
   15   0.0000000  -0.0000000  -0.0000000  -0.0154412   0.0000000  -0.0000000
   16   0.0002222   0.0011102   0.0006833   0.0000000  -0.0002359   0.0008948
   17  -0.0009780  -0.0045679  -0.0029514  -0.0000000   0.0009586  -0.0034772
   18   0.0004253  -0.0046916  -0.0018887   0.0000000   0.0008797  -0.0035544
   19  -0.0011117  -0.0015132  -0.0014965  -0.0000000  -0.0005204   0.0022858
   20   0.0000000  -0.0000000   0.0000000   0.0064680  -0.0000000  -0.0000000
   21  -0.0059267   0.0072934   0.0027446  -0.0000000   0.0004914  -0.0018836
   22   0.0203523  -0.0286713  -0.0118331   0.0000000  -0.0016715   0.0061637
   23   0.0316005  -0.0372645  -0.0117950   0.0000000  -0.0019527   0.0080827
   24   0.0082143  -0.0080763  -0.0009091  -0.0000000  -0.0003036   0.0009581
   25  -0.0000000  -0.0000000   0.0000000  -0.0222696  -0.0000000   0.0000000
   26   0.0090161  -0.0096091  -0.0068462   0.0000000  -0.0018222   0.0060333
   27  -0.0273575   0.0350307   0.0276781  -0.0000000   0.0062150  -0.0205066
   28  -0.0371508   0.0303141   0.0116057  -0.0000000   0.0059533  -0.0227420
   29  -0.0257555   0.0345764   0.0210771  -0.0000000  -0.0008359   0.0031693
   30  -0.0000000   0.0000000   0.0000000  -0.0218802  -0.0000000   0.0000000
   31  -0.0298901   0.0292821  -0.0019288  -0.0000000  -0.0016375   0.0053398
   32  -0.0137371   0.0185114   0.0037297  -0.0000000  -0.0014966   0.0058823
   33  -0.0139327   0.0178915   0.0055593  -0.0000000  -0.0001872   0.0002918
   34  -0.0254794   0.0303065   0.0146466   0.0000000   0.0038135  -0.0137309
   35  -0.0015584   0.0012897   0.0001054   0.0000000   0.0000461  -0.0001902
   36   0.0071634  -0.0063279  -0.0006198  -0.0000000  -0.0001853   0.0007609
   37   0.0063279  -0.0044050   0.0001306   0.0000000  -0.0002992   0.0012592
   38   0.0006198   0.0001306   0.0003266   0.0000000  -0.0000221  -0.0000109
   39   0.0000000  -0.0000000  -0.0000000   0.0079359   0.0000000  -0.0000000
   40  -0.0001853   0.0002992   0.0000221   0.0000000  -0.0000869   0.0003630
   41   0.0007609  -0.0012592   0.0000109  -0.0000000   0.0003630  -0.0014681
   42   0.0001376  -0.0002913  -0.0000840  -0.0000000   0.0002170  -0.0009918
   43   0.0031586  -0.0037515  -0.0007540  -0.0000000   0.0001057  -0.0003941
   44   0.0000000  -0.0000000  -0.0000000  -0.0017885  -0.0000000  -0.0000000
   45  -0.0010019   0.0002370  -0.0004045   0.0000000  -0.0000942   0.0004044
   46  -0.0000236   0.0006875   0.0002971  -0.0000000  -0.0002585   0.0010887
   47   0.0000165  -0.0000884  -0.0004736   0.0000000   0.0000735  -0.0003999
   48  -0.1037107  -0.0000973  -0.0024319   0.0000000   0.0150630  -0.0386760
   49   0.4189725  -0.0170564   0.0180085   0.0000000  -0.0385679   0.0478593
   50  -0.0170564   0.2990214  -0.0002377  -0.0000000  -0.0427490   0.0975443
   51   0.0180085  -0.0002377   0.3094260  -0.0000000   0.0460813  -0.1105662
   52   0.0000000  -0.0000000  -0.0000000   0.3913687   0.0000000  -0.0000000
   53  -0.0385679  -0.0427490   0.0460813   0.0000000   1.0336904  -0.1010318
   54   0.0478593   0.0975443  -0.1105662  -0.0000000  -0.1010318   0.4056331
   55  -0.1065299  -0.0954294   0.1190039  -0.0000000  -0.0014638   0.0160317
   56   0.1006451   0.1234804  -0.1055503   0.0000000   0.0016730  -0.0168929
   57   0.0000000  -0.0000000   0.0000000   0.3836000   0.0000000  -0.0000000
   58   0.1429178   0.0682265   0.2654044   0.0000000   0.0146092  -0.0480949
   59  -0.0441737  -0.0544355   0.0143873   0.0000000  -0.0561142   0.1411160
   60  -0.0404590  -0.0145905   0.0592133   0.0000000  -0.0562832   0.1407114
           55          56          57          58          59          60
    1  -0.0110862   0.0015046  -0.0000000   0.0137150  -0.0111967   0.0081489
    2   0.0461847  -0.0023669  -0.0000000  -0.0558739   0.0469345  -0.0339688
    3   0.0461468  -0.0169975   0.0000000  -0.0590969   0.0592284  -0.0413549
    4  -0.0008569   0.0055469  -0.0000000  -0.0355755   0.0064718  -0.0015125
    5   0.0000000  -0.0000000  -0.0326702   0.0000000   0.0000000  -0.0000000
    6   0.0049342  -0.0045085  -0.0000000   0.0058514   0.0030401  -0.0006041
    7  -0.0202349   0.0175859   0.0000000  -0.0218329  -0.0120909   0.0008980
    8  -0.0140716   0.0168866   0.0000000  -0.0173296  -0.0119112   0.0043413
    9   0.0123327  -0.0085758  -0.0000000   0.0066165   0.0121024  -0.0071639
   10   0.0000000  -0.0000000  -0.0920058   0.0000000  -0.0000000  -0.0000000
   11  -0.0021922   0.0015795   0.0000000  -0.0006318  -0.0020946   0.0008800
   12   0.0097955  -0.0060913   0.0000000   0.0015044   0.0088180  -0.0034938
   13   0.0093644  -0.0087667  -0.0000000   0.0015522   0.0103352  -0.0044622
   14   0.0021228  -0.0012680  -0.0000000  -0.0029779   0.0013232   0.0000799
   15   0.0000000  -0.0000000   0.0060541   0.0000000   0.0000000   0.0000000
   16  -0.0005428  -0.0011987   0.0000000   0.0006533  -0.0009751   0.0007240
   17   0.0026786   0.0048949  -0.0000000  -0.0032809   0.0042520  -0.0037408
   18   0.0015779   0.0039856   0.0000000  -0.0020041   0.0032132  -0.0010751
   19  -0.0003251  -0.0046593  -0.0000000   0.0027093  -0.0008505   0.0001833
   20  -0.0000000   0.0000000   0.0731617  -0.0000000   0.0000000   0.0000000
   21   0.0008969   0.0019095   0.0000000   0.0033325  -0.0000963   0.0000920
   22  -0.0028257  -0.0076451   0.0000000  -0.0136349   0.0008310   0.0000491
   23  -0.0026411  -0.0103863   0.0000000  -0.0152535   0.0012835  -0.0032297
   24  -0.0022011   0.0004358   0.0000000  -0.0046509  -0.0000796   0.0013458
   25  -0.0000000   0.0000000   0.0049131  -0.0000000   0.0000000  -0.0000000
   26  -0.0048490  -0.0036869   0.0000000  -0.0074505  -0.0022186   0.0036852
   27   0.0185458   0.0149008  -0.0000000   0.0282238   0.0084727  -0.0127585
   28   0.0140148   0.0189870  -0.0000000   0.0140494   0.0090783  -0.0069528
   29   0.0004950  -0.0258221  -0.0000000   0.0385195  -0.0124415   0.0187668
   30  -0.0000000  -0.0000000  -0.0874388  -0.0000000   0.0000000  -0.0000000
   31  -0.0064686   0.0010255  -0.0000000   0.0090428  -0.0060463   0.0026924
   32  -0.0055016   0.0052087  -0.0000000  -0.0019353  -0.0063848   0.0036710
   33  -0.0004540  -0.0037865  -0.0000000   0.0120700  -0.0040370   0.0044020
   34  -0.0025697   0.0170439   0.0000000   0.0065633  -0.0030461   0.0043332
   35   0.0000373   0.0006895  -0.0000000   0.0002132   0.0000288   0.0000176
   36  -0.0001376  -0.0031586  -0.0000000  -0.0010019  -0.0000236   0.0000165
   37  -0.0002913  -0.0037515   0.0000000  -0.0002370  -0.0006875   0.0000884
   38  -0.0000840  -0.0007540   0.0000000   0.0004045  -0.0002971   0.0004736
   39   0.0000000   0.0000000  -0.0017885   0.0000000  -0.0000000  -0.0000000
   40  -0.0002170  -0.0001057   0.0000000  -0.0000942  -0.0002585   0.0000735
   41   0.0009918   0.0003941  -0.0000000   0.0004044   0.0010887  -0.0003999
   42   0.0003284   0.0005748  -0.0000000   0.0002553   0.0005724   0.0000467
   43   0.0005748  -0.0014766  -0.0000000   0.0000240   0.0007738  -0.0004973
   44   0.0000000  -0.0000000  -0.0377800   0.0000000  -0.0000000   0.0000000
   45  -0.0002553  -0.0000240   0.0000000   0.0002166  -0.0001015   0.0000034
   46  -0.0005724  -0.0007738   0.0000000  -0.0001015  -0.0008796   0.0003129
   47  -0.0000467   0.0004973   0.0000000   0.0000034   0.0003129  -0.0002383
   48   0.0448683  -0.0435519   0.0000000  -0.0570274   0.0142089   0.0125023
   49  -0.1065299   0.1006451   0.0000000   0.1429178  -0.0441737  -0.0404590
   50  -0.0954294   0.1234804  -0.0000000   0.0682265  -0.0544355  -0.0145905
   51   0.1190039  -0.1055503   0.0000000   0.2654044   0.0143873   0.0592133
   52  -0.0000000   0.0000000   0.3836000   0.0000000   0.0000000   0.0000000
   53  -0.0014638   0.0016730   0.0000000   0.0146092  -0.0561142  -0.0562832
   54   0.0160317  -0.0168929  -0.0000000  -0.0480949   0.1411160   0.1407114
   55   0.3099486   0.0063014   0.0000000   0.0132860   0.2680685  -0.0742249
   56   0.0063014   0.3107314  -0.0000000  -0.0602546   0.0665410  -0.2659844
   57   0.0000000  -0.0000000   0.4120349   0.0000000   0.0000000   0.0000000
   58   0.0132860  -0.0602546   0.0000000   0.2941530  -0.0456237   0.0706939
   59   0.2680685   0.0665410   0.0000000  -0.0456237   0.2929789  -0.0802421
   60  -0.0742249  -0.2659844   0.0000000   0.0706939  -0.0802421   0.2945315
 SCF time:   CPU 1.44s  wall 1.00s 
 SCF   energy =  -382.30038234
 Total energy =  -382.30038234

 Q-Chem warning in module 0, line  204:

 Quadrupole field failed to resolve orbital degeneracies.


 Q-Chem warning in module 0, line  204:

 Quadrupole field failed to resolve orbital degeneracies.

 Integrated density by DFT XC:
   Number of electrons = 70
   Numerical integral  =    70.000515906883
   Relative error      =     0.0007370098 %
 
 --------------------------------------------------------------
             Orbital Energies (a.u.) and Symmetries
 --------------------------------------------------------------
 
 Alpha MOs, Restricted
 -- Occupied --                  
-10.018 -10.018 -10.008 -10.008 -10.007 -10.007 -10.006 -10.005
  1 Bu    1 Ag    2 Bu    2 Ag    3 Bu    3 Ag    4 Bu    4 Ag                 
 -9.992  -9.992  -0.818  -0.755  -0.721  -0.704  -0.670  -0.585
  5 Bu    5 Ag    6 Ag    6 Bu    7 Ag    7 Bu    8 Bu    8 Ag                 
 -0.561  -0.532  -0.512  -0.462  -0.439  -0.410  -0.400  -0.397
  9 Ag    9 Bu   10 Ag   11 Ag   10 Bu   11 Bu   12 Bu   12 Ag                 
 -0.376  -0.358  -0.349  -0.330  -0.305  -0.295  -0.281  -0.263
 13 Bu   14 Bu   13 Ag    1 Au   15 Bu   14 Ag   15 Ag    1 Bg                 
 -0.216  -0.198  -0.160
  2 Au    2 Bg    3 Bg                                                         
 -- Virtual --                   
  0.050   0.091   0.116   0.181   0.280   0.319   0.330   0.365
  3 Au    4 Au    4 Bg    5 Au    5 Bg   16 Ag   16 Bu   17 Bu                 
  0.370   0.413   0.416   0.422   0.446   0.469   0.496   0.539
 17 Ag   18 Bu   18 Ag   19 Bu   19 Ag   20 Bu   20 Ag   21 Ag                 
  0.571   0.587   0.610   0.627   0.646   0.693   0.743   0.806
 21 Bu   22 Ag   22 Bu   23 Bu   23 Ag   24 Ag   24 Bu   25 Ag                 
  0.816
 25 Bu                                                                         
 
 Beta MOs, Restricted
 -- Occupied --                  
-10.018 -10.018 -10.008 -10.008 -10.007 -10.007 -10.006 -10.005
  1 Bu    1 Ag    2 Bu    2 Ag    3 Bu    3 Ag    4 Bu    4 Ag                 
 -9.992  -9.992  -0.818  -0.755  -0.721  -0.704  -0.670  -0.585
  5 Bu    5 Ag    6 Ag    6 Bu    7 Ag    7 Bu    8 Bu    8 Ag                 
 -0.561  -0.532  -0.512  -0.462  -0.439  -0.410  -0.400  -0.397
  9 Ag    9 Bu   10 Ag   11 Ag   10 Bu   11 Bu   12 Bu   12 Ag                 
 -0.376  -0.358  -0.349  -0.330  -0.305  -0.295  -0.281  -0.263
 13 Bu   14 Bu   13 Ag    1 Au   15 Bu   14 Ag   15 Ag    1 Bg                 
 -0.216  -0.198  -0.160
  2 Au    2 Bg    3 Bg                                                         
 -- Virtual --                   
  0.050   0.091   0.116   0.181   0.280   0.319   0.330   0.365
  3 Au    4 Au    4 Bg    5 Au    5 Bg   16 Ag   16 Bu   17 Bu                 
  0.370   0.413   0.416   0.422   0.446   0.469   0.496   0.539
 17 Ag   18 Bu   18 Ag   19 Bu   19 Ag   20 Bu   20 Ag   21 Ag                 
  0.571   0.587   0.610   0.627   0.646   0.693   0.743   0.806
 21 Bu   22 Ag   22 Bu   23 Bu   23 Ag   24 Ag   24 Bu   25 Ag                 
  0.816
 25 Bu                                                                         
 --------------------------------------------------------------
 

                        RESTRICTED (RHF) MOLECULAR ORBITAL COEFFICIENTS
                         1         2         3         4         5         6
                        1Bu       1Ag       2Bu       2Ag       3Bu       3Ag  
 eigenvalues:        -10.018   -10.018   -10.008   -10.008   -10.007   -10.007
   1  C 1   s       -0.69897   0.69891  -0.03426   0.03468  -0.02643  -0.01436
   2  C 1   s       -0.03190   0.03167   0.00338  -0.00331   0.00778   0.00332
   3  C 1   px       0.00138  -0.00104   0.00408  -0.00405  -0.00329  -0.00221
   4  C 1   py       0.00028  -0.00021   0.00067  -0.00062   0.00182   0.00465
   5  C 1   pz       0.00000  -0.00000   0.00000  -0.00000  -0.00000   0.00000
   6  C 2   s        0.01979  -0.02106   0.01394  -0.02003  -0.66649  -0.65636
   7  C 2   s        0.00816  -0.00729   0.00087  -0.00103  -0.03194  -0.03154
   8  C 2   px       0.00268  -0.00308  -0.00002  -0.00005   0.00181   0.00187
   9  C 2   py      -0.00356   0.00340  -0.00021   0.00028   0.00144   0.00116
  10  C 2   pz       0.00000   0.00000  -0.00000   0.00000  -0.00000  -0.00000
  11  C 3   s       -0.01835  -0.01944  -0.00926  -0.00955   0.21241   0.24282
  12  C 3   s       -0.00811  -0.00721  -0.00066  -0.00038   0.01601   0.01711
  13  C 3   px       0.00106   0.00151  -0.00011   0.00006   0.00452   0.00434
  14  C 3   py       0.00432   0.00433   0.00016   0.00027   0.00051   0.00045
  15  C 3   pz      -0.00000   0.00000  -0.00000   0.00000   0.00000  -0.00000
  16  C 4   s        0.69897   0.69891   0.03426   0.03468   0.02643  -0.01436
  17  C 4   s        0.03190   0.03167  -0.00338  -0.00331  -0.00778   0.00332
  18  C 4   px       0.00138   0.00104   0.00408   0.00405  -0.00329   0.00221
  19  C 4   py       0.00028   0.00021   0.00067   0.00062   0.00182  -0.00465
  20  C 4   pz      -0.00000   0.00000   0.00000  -0.00000  -0.00000   0.00000
  21  C 5   s       -0.01979  -0.02106  -0.01394  -0.02003   0.66649  -0.65636
  22  C 5   s       -0.00816  -0.00729  -0.00087  -0.00103   0.03194  -0.03154
  23  C 5   px       0.00268   0.00308  -0.00002   0.00005   0.00181  -0.00187
  24  C 5   py      -0.00356  -0.00340  -0.00021  -0.00028   0.00144  -0.00116
  25  C 5   pz       0.00000  -0.00000  -0.00000   0.00000   0.00000  -0.00000
  26  C 6   s        0.01835  -0.01944   0.00926  -0.00955  -0.21241   0.24282
  27  C 6   s        0.00811  -0.00721   0.00066  -0.00038  -0.01601   0.01711
  28  C 6   px       0.00106  -0.00151  -0.00011  -0.00006   0.00452  -0.00434
  29  C 6   py       0.00432  -0.00433   0.00016  -0.00027   0.00051  -0.00045
  30  C 6   pz       0.00000  -0.00000  -0.00000   0.00000  -0.00000  -0.00000
  31  H 1   s       -0.00035   0.00022  -0.00011   0.00014   0.00604   0.00601
  32  H 2   s        0.00035   0.00021  -0.00004  -0.00006  -0.00210  -0.00228
  33  H 3   s        0.00035   0.00022   0.00011   0.00014  -0.00604   0.00601
  34  H 4   s       -0.00035   0.00021   0.00004  -0.00006   0.00210  -0.00228
  35  C 7   s       -0.03386  -0.03451   0.69950   0.69933   0.01491  -0.01484
  36  C 7   s       -0.00659  -0.00669   0.03061   0.03059   0.00080  -0.00064
  37  C 7   px      -0.00379  -0.00384  -0.00135  -0.00136  -0.00005   0.00009
  38  C 7   py      -0.00089  -0.00090   0.00105   0.00105   0.00005   0.00004
  39  C 7   pz       0.00000  -0.00000   0.00000   0.00000  -0.00000  -0.00000
  40  C 8   s       -0.00004  -0.00002  -0.00557  -0.00556  -0.00076   0.00022
  41  C 8   s        0.00055   0.00056  -0.00779  -0.00779  -0.00029   0.00018
  42  C 8   px       0.00031   0.00032  -0.00323  -0.00322  -0.00014   0.00010
  43  C 8   py      -0.00006  -0.00006   0.00336   0.00336   0.00006  -0.00010
  44  C 8   pz       0.00000  -0.00000  -0.00000  -0.00000  -0.00000  -0.00000
  45  H 5   s        0.00038   0.00039  -0.00637  -0.00636  -0.00019   0.00016
  46  H 6   s       -0.00003  -0.00003   0.00020   0.00020  -0.00000  -0.00000
  47  H 7   s       -0.00015  -0.00014   0.00017   0.00017   0.00010   0.00011
  48  C 9   s        0.03386  -0.03451  -0.69950   0.69933  -0.01491  -0.01484
  49  C 9   s        0.00659  -0.00669  -0.03061   0.03059  -0.00080  -0.00064
  50  C 9   px      -0.00379   0.00384  -0.00135   0.00136  -0.00005  -0.00009
  51  C 9   py      -0.00089   0.00090   0.00105  -0.00105   0.00005  -0.00004
  52  C 9   pz      -0.00000   0.00000  -0.00000   0.00000  -0.00000  -0.00000
  53  C 10  s        0.00004  -0.00002   0.00557  -0.00556   0.00076   0.00022
  54  C 10  s       -0.00055   0.00056   0.00779  -0.00779   0.00029   0.00018
  55  C 10  px       0.00031  -0.00032  -0.00323   0.00322  -0.00014  -0.00010
  56  C 10  py      -0.00006   0.00006   0.00336  -0.00336   0.00006   0.00010
  57  C 10  pz       0.00000  -0.00000  -0.00000  -0.00000   0.00000   0.00000
  58  H 8   s       -0.00038   0.00039   0.00637  -0.00636   0.00019   0.00016
  59  H 9   s        0.00003  -0.00003  -0.00020   0.00020   0.00000  -0.00000
  60  H 10  s        0.00015  -0.00014  -0.00017   0.00017  -0.00010   0.00011
                         7         8         9        10        11        12
                        4Bu       4Ag       5Bu       5Ag       6Ag       6Bu  
 eigenvalues:        -10.006   -10.005    -9.992    -9.992    -0.818    -0.755
   1  C 1   s       -0.01229   0.02759   0.00037  -0.00038  -0.10817   0.10190
   2  C 1   s        0.00405  -0.00727   0.00020  -0.00020   0.27107  -0.26730
   3  C 1   px      -0.00051   0.00226   0.00005  -0.00004  -0.04919  -0.02613
   4  C 1   py      -0.00496   0.00282   0.00005  -0.00004  -0.01068   0.00398
   5  C 1   pz      -0.00000  -0.00000  -0.00000   0.00000   0.00000   0.00000
   6  C 2   s        0.21395   0.24287   0.00024  -0.00064  -0.09908   0.03614
   7  C 2   s        0.00308   0.00454  -0.00000   0.00010   0.24695  -0.09404
   8  C 2   px       0.00405   0.00391  -0.00010   0.00002  -0.01382  -0.06234
   9  C 2   py       0.00058   0.00068   0.00001  -0.00003  -0.05898   0.02747
  10  C 2   pz      -0.00000   0.00000  -0.00000  -0.00000   0.00000   0.00000
  11  C 3   s        0.66711   0.65666  -0.00138  -0.00145  -0.09962  -0.04878
  12  C 3   s        0.02785   0.02694   0.00001   0.00003   0.24812   0.12688
  13  C 3   px      -0.00048  -0.00086  -0.00017  -0.00015   0.03487  -0.04579
  14  C 3   py      -0.00113  -0.00085  -0.00000   0.00000  -0.04894  -0.04858
  15  C 3   pz      -0.00000   0.00000   0.00000   0.00000  -0.00000   0.00000
  16  C 4   s        0.01229   0.02759  -0.00037  -0.00038  -0.10817  -0.10190
  17  C 4   s       -0.00405  -0.00727  -0.00020  -0.00020   0.27107   0.26730
  18  C 4   px      -0.00051  -0.00226   0.00005   0.00004   0.04919  -0.02613
  19  C 4   py      -0.00496  -0.00282   0.00005   0.00004   0.01068   0.00398
  20  C 4   pz       0.00000  -0.00000  -0.00000  -0.00000   0.00000  -0.00000
  21  C 5   s       -0.21395   0.24287  -0.00024  -0.00064  -0.09908  -0.03614
  22  C 5   s       -0.00308   0.00454   0.00000   0.00010   0.24695   0.09404
  23  C 5   px       0.00405  -0.00391  -0.00010  -0.00002   0.01382  -0.06234
  24  C 5   py       0.00058  -0.00068   0.00001   0.00003   0.05898   0.02747
  25  C 5   pz       0.00000   0.00000  -0.00000  -0.00000  -0.00000  -0.00000
  26  C 6   s       -0.66711   0.65666   0.00138  -0.00145  -0.09962   0.04878
  27  C 6   s       -0.02785   0.02694  -0.00001   0.00003   0.24812  -0.12688
  28  C 6   px      -0.00048   0.00086  -0.00017   0.00015  -0.03487  -0.04579
  29  C 6   py      -0.00113   0.00085  -0.00000  -0.00000   0.04894  -0.04858
  30  C 6   pz       0.00000  -0.00000  -0.00000  -0.00000  -0.00000   0.00000
  31  H 1   s       -0.00175  -0.00217  -0.00001   0.00002   0.04325  -0.02421
  32  H 2   s       -0.00596  -0.00600  -0.00016  -0.00016   0.04440   0.03527
  33  H 3   s        0.00175  -0.00217   0.00001   0.00002   0.04325   0.02421
  34  H 4   s        0.00596  -0.00600   0.00016  -0.00016   0.04440  -0.03527
  35  C 7   s        0.00402   0.01464  -0.00642  -0.00642  -0.04362  -0.11127
  36  C 7   s        0.00026   0.00066   0.00726   0.00726   0.11197   0.28995
  37  C 7   px       0.00001  -0.00017  -0.00320  -0.00320   0.02459   0.00181
  38  C 7   py      -0.00001   0.00004   0.00332   0.00332   0.01393   0.04174
  39  C 7   pz      -0.00000   0.00000   0.00000   0.00000   0.00000  -0.00000
  40  C 8   s       -0.00125  -0.00167  -0.70049  -0.70049  -0.02298  -0.08437
  41  C 8   s       -0.00017  -0.00037  -0.03109  -0.03109   0.05742   0.21669
  42  C 8   px      -0.00011  -0.00020  -0.00101  -0.00101   0.01892   0.05067
  43  C 8   py      -0.00006   0.00001   0.00102   0.00102  -0.01171  -0.04050
  44  C 8   pz       0.00000  -0.00000   0.00000   0.00000   0.00000   0.00000
  45  H 5   s       -0.00007  -0.00023  -0.00009  -0.00009   0.02189   0.06452
  46  H 6   s       -0.00002  -0.00002   0.00634   0.00634   0.00934   0.04452
  47  H 7   s        0.00023   0.00024   0.00636   0.00636   0.01363   0.05156
  48  C 9   s       -0.00402   0.01464   0.00642  -0.00642  -0.04362   0.11127
  49  C 9   s       -0.00026   0.00066  -0.00726   0.00726   0.11197  -0.28995
  50  C 9   px       0.00001   0.00017  -0.00320   0.00320  -0.02459   0.00181
  51  C 9   py      -0.00001  -0.00004   0.00332  -0.00332  -0.01393   0.04174
  52  C 9   pz      -0.00000  -0.00000  -0.00000  -0.00000   0.00000  -0.00000
  53  C 10  s        0.00125  -0.00167   0.70049  -0.70049  -0.02298   0.08437
  54  C 10  s        0.00017  -0.00037   0.03109  -0.03109   0.05742  -0.21669
  55  C 10  px      -0.00011   0.00020  -0.00101   0.00101  -0.01892   0.05067
  56  C 10  py      -0.00006  -0.00001   0.00102  -0.00102   0.01171  -0.04050
  57  C 10  pz       0.00000   0.00000   0.00000  -0.00000   0.00000  -0.00000
  58  H 8   s        0.00007  -0.00023   0.00009  -0.00009   0.02189  -0.06452
  59  H 9   s        0.00002  -0.00002  -0.00634   0.00634   0.00934  -0.04452
  60  H 10  s       -0.00023   0.00024  -0.00636   0.00636   0.01363  -0.05156
                        13        14        15        16        17        18
                        7Ag       7Bu       8Bu       8Ag       9Ag       9Bu  
 eigenvalues:         -0.721    -0.704    -0.670    -0.585    -0.561    -0.532
   1  C 1   s        0.00360   0.01910  -0.10214   0.06220   0.06455   0.01027
   2  C 1   s       -0.01303  -0.05126   0.27817  -0.18164  -0.18995  -0.02608
   3  C 1   px      -0.09090   0.03037  -0.05976  -0.04764  -0.07592   0.11884
   4  C 1   py      -0.00681  -0.13013  -0.02475  -0.15197   0.16780   0.04981
   5  C 1   pz       0.00000   0.00000   0.00000   0.00000  -0.00000  -0.00000
   6  C 2   s       -0.04328   0.13570  -0.03990   0.02198  -0.10874   0.04606
   7  C 2   s        0.11193  -0.36276   0.10929  -0.06375   0.31812  -0.13952
   8  C 2   px      -0.03216   0.05060   0.09669  -0.17006   0.00400   0.00265
   9  C 2   py      -0.01835   0.00582  -0.03859   0.02137   0.08583   0.00663
  10  C 2   pz       0.00000  -0.00000   0.00000  -0.00000  -0.00000  -0.00000
  11  C 3   s       -0.03508   0.11683   0.07771  -0.09050   0.04309  -0.02471
  12  C 3   s        0.09049  -0.31192  -0.21245   0.25785  -0.12633   0.07444
  13  C 3   px       0.04875  -0.06808   0.04327  -0.00669   0.16831  -0.07443
  14  C 3   py      -0.00166  -0.03660   0.06110   0.05746   0.11396  -0.03208
  15  C 3   pz      -0.00000  -0.00000  -0.00000  -0.00000  -0.00000  -0.00000
  16  C 4   s        0.00360  -0.01910   0.10214   0.06220   0.06455  -0.01027
  17  C 4   s       -0.01303   0.05126  -0.27817  -0.18164  -0.18995   0.02608
  18  C 4   px       0.09090   0.03037  -0.05976   0.04764   0.07592   0.11884
  19  C 4   py       0.00681  -0.13013  -0.02475   0.15197  -0.16780   0.04981
  20  C 4   pz       0.00000   0.00000   0.00000  -0.00000   0.00000   0.00000
  21  C 5   s       -0.04328  -0.13570   0.03990   0.02198  -0.10874  -0.04606
  22  C 5   s        0.11193   0.36276  -0.10929  -0.06375   0.31812   0.13952
  23  C 5   px       0.03216   0.05060   0.09669   0.17006  -0.00400   0.00265
  24  C 5   py       0.01835   0.00582  -0.03859  -0.02137  -0.08583   0.00663
  25  C 5   pz       0.00000   0.00000   0.00000   0.00000   0.00000   0.00000
  26  C 6   s       -0.03508  -0.11683  -0.07771  -0.09050   0.04309   0.02471
  27  C 6   s        0.09049   0.31192   0.21245   0.25785  -0.12633  -0.07444
  28  C 6   px      -0.04875  -0.06808   0.04327   0.00669  -0.16831  -0.07443
  29  C 6   py       0.00166  -0.03660   0.06110  -0.05746  -0.11396  -0.03208
  30  C 6   pz       0.00000   0.00000   0.00000   0.00000   0.00000   0.00000
  31  H 1   s        0.02117  -0.09777   0.03031  -0.04171   0.16193  -0.04290
  32  H 2   s        0.00957  -0.08563  -0.05368   0.12379  -0.05813   0.05579
  33  H 3   s        0.02117   0.09777  -0.03031  -0.04171   0.16193   0.04290
  34  H 4   s        0.00957   0.08563   0.05368   0.12379  -0.05813  -0.05579
  35  C 7   s        0.12032  -0.00299  -0.05574   0.05468   0.01477   0.10004
  36  C 7   s       -0.31625   0.00953   0.14669  -0.16588  -0.04711  -0.30680
  37  C 7   px       0.05892   0.01792  -0.12076  -0.09930  -0.09387  -0.03196
  38  C 7   py      -0.05482  -0.02162   0.04388   0.08953  -0.02371   0.12327
  39  C 7   pz       0.00000  -0.00000  -0.00000  -0.00000  -0.00000  -0.00000
  40  C 8   s        0.12080   0.01257  -0.10772  -0.07005  -0.05148  -0.08049
  41  C 8   s       -0.31592  -0.03252   0.29063   0.20197   0.15331   0.24788
  42  C 8   px      -0.05370  -0.00583   0.01637  -0.03017  -0.05877  -0.08387
  43  C 8   py       0.05407  -0.00305  -0.03881   0.04720  -0.00408   0.13532
  44  C 8   pz      -0.00000  -0.00000  -0.00000  -0.00000  -0.00000  -0.00000
  45  H 5   s       -0.07540   0.01135   0.03912  -0.09164   0.01291  -0.17958
  46  H 6   s       -0.07462  -0.00740   0.08564   0.08098   0.08538   0.12519
  47  H 7   s       -0.07578  -0.01480   0.07234   0.09961   0.03891   0.16551
  48  C 9   s        0.12032   0.00299   0.05574   0.05468   0.01477  -0.10004
  49  C 9   s       -0.31625  -0.00953  -0.14669  -0.16588  -0.04711   0.30680
  50  C 9   px      -0.05892   0.01792  -0.12076   0.09930   0.09387  -0.03196
  51  C 9   py       0.05482  -0.02162   0.04388  -0.08953   0.02371   0.12327
  52  C 9   pz       0.00000  -0.00000  -0.00000   0.00000  -0.00000  -0.00000
  53  C 10  s        0.12080  -0.01257   0.10772  -0.07005  -0.05148   0.08049
  54  C 10  s       -0.31592   0.03252  -0.29063   0.20197   0.15331  -0.24788
  55  C 10  px       0.05370  -0.00583   0.01637   0.03017   0.05877  -0.08387
  56  C 10  py      -0.05407  -0.00305  -0.03881  -0.04720   0.00408   0.13532
  57  C 10  pz       0.00000  -0.00000  -0.00000  -0.00000  -0.00000  -0.00000
  58  H 8   s       -0.07540  -0.01135  -0.03912  -0.09164   0.01291   0.17958
  59  H 9   s       -0.07462   0.00740  -0.08564   0.08098   0.08538  -0.12519
  60  H 10  s       -0.07578   0.01480  -0.07234   0.09961   0.03891  -0.16551
                        19        20        21        22        23        24
                       10Ag      11Ag      10Bu      11Bu      12Bu      12Ag  
 eigenvalues:         -0.512    -0.462    -0.439    -0.410    -0.400    -0.397
   1  C 1   s        0.05131  -0.03667  -0.01117  -0.07481   0.00639   0.01893
   2  C 1   s       -0.14825   0.12085   0.04070   0.25186  -0.02554  -0.06216
   3  C 1   px       0.14363   0.12575   0.13084  -0.06857  -0.10339  -0.01178
   4  C 1   py      -0.01734   0.06361  -0.14528   0.00004  -0.24720  -0.01109
   5  C 1   pz      -0.00000  -0.00000   0.00000   0.00000  -0.00000   0.00000
   6  C 2   s       -0.00934  -0.01338   0.01384   0.04424  -0.01478  -0.02537
   7  C 2   s        0.03494   0.05251  -0.04568  -0.15433   0.05215   0.08474
   8  C 2   px      -0.09025   0.15602  -0.20133  -0.00204  -0.09254  -0.06472
   9  C 2   py       0.18368   0.13081   0.00792  -0.22214   0.14879  -0.00068
  10  C 2   pz      -0.00000  -0.00000   0.00000   0.00000  -0.00000   0.00000
  11  C 3   s       -0.05285   0.02260  -0.03530  -0.04092   0.03562   0.01998
  12  C 3   s        0.16832  -0.06301   0.11508   0.14387  -0.11625  -0.07309
  13  C 3   px      -0.04593  -0.15020   0.13000  -0.13881   0.05342   0.12113
  14  C 3   py       0.19568   0.06992   0.09959   0.19683   0.21748  -0.02812
  15  C 3   pz      -0.00000  -0.00000   0.00000   0.00000  -0.00000   0.00000
  16  C 4   s        0.05131  -0.03667   0.01117   0.07481  -0.00639   0.01893
  17  C 4   s       -0.14825   0.12085  -0.04070  -0.25186   0.02554  -0.06216
  18  C 4   px      -0.14363  -0.12575   0.13084  -0.06857  -0.10339   0.01178
  19  C 4   py       0.01734  -0.06361  -0.14528   0.00004  -0.24720   0.01109
  20  C 4   pz      -0.00000   0.00000   0.00000   0.00000   0.00000   0.00000
  21  C 5   s       -0.00934  -0.01338  -0.01384  -0.04424   0.01478  -0.02537
  22  C 5   s        0.03494   0.05251   0.04568   0.15433  -0.05215   0.08474
  23  C 5   px       0.09025  -0.15602  -0.20133  -0.00204  -0.09254   0.06472
  24  C 5   py      -0.18368  -0.13081   0.00792  -0.22214   0.14879   0.00068
  25  C 5   pz       0.00000   0.00000   0.00000   0.00000   0.00000  -0.00000
  26  C 6   s       -0.05285   0.02260   0.03530   0.04092  -0.03562   0.01998
  27  C 6   s        0.16832  -0.06301  -0.11508  -0.14387   0.11625  -0.07309
  28  C 6   px       0.04593   0.15020   0.13000  -0.13881   0.05342  -0.12113
  29  C 6   py      -0.19568  -0.06992   0.09959   0.19683   0.21748   0.02812
  30  C 6   pz       0.00000   0.00000   0.00000   0.00000   0.00000   0.00000
  31  H 1   s        0.10294   0.13198  -0.06792  -0.24225   0.11657   0.01645
  32  H 2   s        0.16511   0.09118   0.03192   0.26531   0.07458  -0.10633
  33  H 3   s        0.10294   0.13198   0.06792   0.24225  -0.11657   0.01645
  34  H 4   s        0.16511   0.09118  -0.03192  -0.26531  -0.07458  -0.10633
  35  C 7   s       -0.05921   0.04250   0.01902  -0.01121  -0.00247  -0.02333
  36  C 7   s        0.18102  -0.13248  -0.05591   0.03177   0.01850   0.06117
  37  C 7   px       0.00805   0.18280  -0.07517  -0.04705   0.19493  -0.07709
  38  C 7   py      -0.06832   0.10505  -0.21753  -0.01646  -0.03488   0.28200
  39  C 7   pz      -0.00000  -0.00000   0.00000  -0.00000  -0.00000  -0.00000
  40  C 8   s        0.05503  -0.01434  -0.01226   0.01312   0.00074  -0.00731
  41  C 8   s       -0.17315   0.05462   0.04867  -0.04735   0.00932   0.00594
  42  C 8   px       0.08200   0.02298  -0.23640   0.09952   0.04528   0.32751
  43  C 8   py      -0.07739   0.20669  -0.04161   0.01083   0.23940  -0.06748
  44  C 8   pz      -0.00000  -0.00000   0.00000  -0.00000  -0.00000  -0.00000
  45  H 5   s        0.11426  -0.14835   0.14448   0.05254  -0.00260  -0.17587
  46  H 6   s       -0.10577  -0.02017   0.19270  -0.09950  -0.07262  -0.24437
  47  H 7   s       -0.08930   0.17403  -0.04659   0.03779   0.20357  -0.00548
  48  C 9   s       -0.05921   0.04250  -0.01902   0.01121   0.00247  -0.02333
  49  C 9   s        0.18102  -0.13248   0.05591  -0.03177  -0.01850   0.06117
  50  C 9   px      -0.00805  -0.18280  -0.07517  -0.04705   0.19493   0.07709
  51  C 9   py       0.06832  -0.10505  -0.21753  -0.01646  -0.03488  -0.28200
  52  C 9   pz      -0.00000  -0.00000   0.00000  -0.00000  -0.00000   0.00000
  53  C 10  s        0.05503  -0.01434   0.01226  -0.01312  -0.00074  -0.00731
  54  C 10  s       -0.17315   0.05462  -0.04867   0.04735  -0.00932   0.00594
  55  C 10  px      -0.08200  -0.02298  -0.23640   0.09952   0.04528  -0.32751
  56  C 10  py       0.07739  -0.20669  -0.04161   0.01083   0.23940   0.06748
  57  C 10  pz      -0.00000  -0.00000   0.00000  -0.00000  -0.00000   0.00000
  58  H 8   s        0.11426  -0.14835  -0.14448  -0.05254   0.00260  -0.17587
  59  H 9   s       -0.10577  -0.02017  -0.19270   0.09950   0.07262  -0.24437
  60  H 10  s       -0.08930   0.17403   0.04659  -0.03779  -0.20357  -0.00548
                        25        26        27        28        29        30
                       13Bu      14Bu      13Ag       1Au      15Bu      14Ag  
 eigenvalues:         -0.376    -0.358    -0.349    -0.330    -0.305    -0.295
   1  C 1   s        0.00174  -0.00462   0.02696  -0.00000  -0.01199  -0.00335
   2  C 1   s       -0.00898   0.01781  -0.09523   0.00000   0.05569   0.00810
   3  C 1   px      -0.12543   0.13134  -0.01911  -0.00000   0.27751  -0.13656
   4  C 1   py       0.04086  -0.16596   0.09187   0.00000   0.07879   0.28671
   5  C 1   pz      -0.00000  -0.00000   0.00000  -0.33607  -0.00000   0.00000
   6  C 2   s       -0.03384   0.01398   0.00080   0.00000   0.01100  -0.00770
   7  C 2   s        0.10757  -0.05021  -0.01226  -0.00000  -0.03628   0.01889
   8  C 2   px      -0.13917  -0.23826  -0.12335   0.00000  -0.00052   0.17363
   9  C 2   py      -0.28700   0.04329  -0.13960  -0.00000   0.06825  -0.24265
  10  C 2   pz      -0.00000  -0.00000   0.00000  -0.30139  -0.00000   0.00000
  11  C 3   s       -0.00768  -0.00903  -0.00057   0.00000  -0.01521   0.00888
  12  C 3   s        0.01995   0.02870   0.00007  -0.00000   0.05052  -0.01958
  13  C 3   px       0.23699   0.20041   0.14526  -0.00000   0.04061  -0.12443
  14  C 3   py      -0.14753   0.09213   0.06521   0.00000  -0.13829   0.24645
  15  C 3   pz      -0.00000  -0.00000   0.00000  -0.30134  -0.00000   0.00000
  16  C 4   s       -0.00174   0.00462   0.02696   0.00000   0.01199  -0.00335
  17  C 4   s        0.00898  -0.01781  -0.09523  -0.00000  -0.05569   0.00810
  18  C 4   px      -0.12543   0.13134   0.01911  -0.00000   0.27751   0.13656
  19  C 4   py       0.04086  -0.16596  -0.09187   0.00000   0.07879  -0.28671
  20  C 4   pz      -0.00000  -0.00000   0.00000  -0.33607   0.00000   0.00000
  21  C 5   s        0.03384  -0.01398   0.00080  -0.00000  -0.01100  -0.00770
  22  C 5   s       -0.10757   0.05021  -0.01226   0.00000   0.03628   0.01889
  23  C 5   px      -0.13917  -0.23826   0.12335   0.00000  -0.00052  -0.17363
  24  C 5   py      -0.28700   0.04329   0.13960   0.00000   0.06825   0.24265
  25  C 5   pz      -0.00000  -0.00000   0.00000  -0.30139   0.00000   0.00000
  26  C 6   s        0.00768   0.00903  -0.00057  -0.00000   0.01521   0.00888
  27  C 6   s       -0.01995  -0.02870   0.00007   0.00000  -0.05052  -0.01958
  28  C 6   px       0.23699   0.20041  -0.14526  -0.00000   0.04061   0.12443
  29  C 6   py      -0.14753   0.09213  -0.06521  -0.00000  -0.13829  -0.24645
  30  C 6   pz      -0.00000  -0.00000   0.00000  -0.30134   0.00000   0.00000
  31  H 1   s       -0.22126  -0.04681  -0.15314  -0.00000   0.03073  -0.19179
  32  H 2   s       -0.21114  -0.04503   0.00325   0.00000  -0.06208   0.28436
  33  H 3   s        0.22126   0.04681  -0.15314  -0.00000  -0.03073  -0.19179
  34  H 4   s        0.21114   0.04503   0.00325  -0.00000   0.06208   0.28436
  35  C 7   s        0.00186  -0.00103  -0.01874  -0.00000   0.00387   0.00707
  36  C 7   s        0.00070  -0.01630   0.07616   0.00000  -0.01781  -0.03612
  37  C 7   px       0.13567  -0.15058   0.06886   0.00000  -0.21074  -0.10894
  38  C 7   py      -0.00404   0.24020  -0.17576  -0.00000  -0.17033   0.05891
  39  C 7   pz      -0.00000  -0.00000  -0.00000  -0.15678  -0.00000   0.00000
  40  C 8   s       -0.00476  -0.02152   0.00823   0.00000  -0.00274  -0.00635
  41  C 8   s        0.02447   0.05710  -0.01932  -0.00000   0.00669   0.01551
  42  C 8   px      -0.00188   0.20830   0.11393  -0.00000   0.18437   0.05574
  43  C 8   py       0.14711  -0.16214   0.28708   0.00000   0.16143  -0.11735
  44  C 8   pz      -0.00000  -0.00000  -0.00000  -0.08650  -0.00000   0.00000
  45  H 5   s       -0.01160  -0.18421   0.18186   0.00000   0.22616  -0.06913
  46  H 6   s       -0.01288  -0.12513  -0.17404   0.00000  -0.23177  -0.02506
  47  H 7   s        0.10356  -0.08410   0.27477   0.00000   0.22137  -0.05203
  48  C 9   s       -0.00186   0.00103  -0.01874  -0.00000  -0.00387   0.00707
  49  C 9   s       -0.00070   0.01630   0.07616  -0.00000   0.01781  -0.03612
  50  C 9   px       0.13567  -0.15058  -0.06886   0.00000  -0.21074   0.10894
  51  C 9   py      -0.00404   0.24020   0.17576  -0.00000  -0.17033  -0.05891
  52  C 9   pz      -0.00000  -0.00000  -0.00000  -0.15678  -0.00000  -0.00000
  53  C 10  s        0.00476   0.02152   0.00823  -0.00000   0.00274  -0.00635
  54  C 10  s       -0.02447  -0.05710  -0.01932   0.00000  -0.00669   0.01551
  55  C 10  px      -0.00188   0.20830  -0.11393  -0.00000   0.18437  -0.05574
  56  C 10  py       0.14711  -0.16214  -0.28708   0.00000   0.16143   0.11735
  57  C 10  pz      -0.00000  -0.00000  -0.00000  -0.08650  -0.00000  -0.00000
  58  H 8   s        0.01160   0.18421   0.18186  -0.00000  -0.22616  -0.06913
  59  H 9   s        0.01288   0.12513  -0.17404  -0.00000   0.23177  -0.02506
  60  H 10  s       -0.10356   0.08410   0.27477   0.00000  -0.22137  -0.05203
                        31        32        33        34        35        36
                       15Ag       1Bg       2Au       2Bg       3Bg       3Au  
 eigenvalues:         -0.281    -0.263    -0.216    -0.198    -0.160     0.050
   1  C 1   s        0.00910   0.00000   0.00000   0.00000  -0.00000   0.00000
   2  C 1   s       -0.05272  -0.00000  -0.00000  -0.00000   0.00000  -0.00000
   3  C 1   px      -0.25751  -0.00000   0.00000   0.00000  -0.00000  -0.00000
   4  C 1   py      -0.13571   0.00000  -0.00000  -0.00000   0.00000  -0.00000
   5  C 1   pz      -0.00000   0.34355  -0.02082   0.01751   0.39029  -0.44920
   6  C 2   s        0.00532   0.00000   0.00000   0.00000  -0.00000  -0.00000
   7  C 2   s       -0.01425   0.00000  -0.00000   0.00000  -0.00000   0.00000
   8  C 2   px       0.22313   0.00000   0.00000   0.00000  -0.00000   0.00000
   9  C 2   py       0.07872   0.00000   0.00000   0.00000   0.00000   0.00000
  10  C 2   pz      -0.00000   0.13136  -0.16425   0.46934   0.20694   0.22849
  11  C 3   s        0.00192   0.00000  -0.00000  -0.00000  -0.00000   0.00000
  12  C 3   s       -0.00757   0.00000   0.00000   0.00000   0.00000   0.00000
  13  C 3   px      -0.21813  -0.00000  -0.00000  -0.00000   0.00000   0.00000
  14  C 3   py      -0.16424  -0.00000  -0.00000  -0.00000  -0.00000   0.00000
  15  C 3   pz       0.00000  -0.14115  -0.15750   0.45080  -0.24182   0.28723
  16  C 4   s        0.00910   0.00000   0.00000   0.00000   0.00000  -0.00000
  17  C 4   s       -0.05272  -0.00000  -0.00000  -0.00000  -0.00000   0.00000
  18  C 4   px       0.25751   0.00000   0.00000   0.00000  -0.00000  -0.00000
  19  C 4   py       0.13571  -0.00000  -0.00000  -0.00000  -0.00000  -0.00000
  20  C 4   pz       0.00000  -0.34355  -0.02082  -0.01751  -0.39029  -0.44920
  21  C 5   s        0.00532  -0.00000  -0.00000  -0.00000   0.00000   0.00000
  22  C 5   s       -0.01425   0.00000   0.00000   0.00000   0.00000  -0.00000
  23  C 5   px      -0.22313  -0.00000  -0.00000  -0.00000   0.00000   0.00000
  24  C 5   py      -0.07872   0.00000  -0.00000   0.00000  -0.00000   0.00000
  25  C 5   pz       0.00000  -0.13136  -0.16425  -0.46934  -0.20694   0.22849
  26  C 6   s        0.00192   0.00000   0.00000   0.00000  -0.00000  -0.00000
  27  C 6   s       -0.00757  -0.00000  -0.00000  -0.00000   0.00000  -0.00000
  28  C 6   px       0.21813   0.00000   0.00000   0.00000  -0.00000   0.00000
  29  C 6   py       0.16424  -0.00000  -0.00000  -0.00000   0.00000   0.00000
  30  C 6   pz       0.00000   0.14115  -0.15750  -0.45080   0.24182   0.28723
  31  H 1   s        0.18101   0.00000   0.00000   0.00000   0.00000  -0.00000
  32  H 2   s        0.05433   0.00000   0.00000   0.00000  -0.00000  -0.00000
  33  H 3   s        0.18101   0.00000   0.00000   0.00000  -0.00000  -0.00000
  34  H 4   s        0.05433   0.00000   0.00000   0.00000  -0.00000   0.00000
  35  C 7   s        0.02231   0.00000   0.00000   0.00000  -0.00000   0.00000
  36  C 7   s       -0.09263  -0.00000  -0.00000  -0.00000   0.00000  -0.00000
  37  C 7   px      -0.27000  -0.00000  -0.00000  -0.00000   0.00000  -0.00000
  38  C 7   py      -0.11476  -0.00000  -0.00000  -0.00000  -0.00000  -0.00000
  39  C 7   pz      -0.00000  -0.37184   0.41842   0.00044   0.23119  -0.27338
  40  C 8   s       -0.00366  -0.00000  -0.00000   0.00000   0.00000   0.00000
  41  C 8   s        0.00635   0.00000  -0.00000  -0.00000  -0.00000   0.00000
  42  C 8   px       0.12880   0.00000   0.00000   0.00000   0.00000   0.00000
  43  C 8   py       0.03661   0.00000   0.00000   0.00000   0.00000   0.00000
  44  C 8   pz      -0.00000  -0.28067   0.42385   0.01336   0.38204   0.44193
  45  H 5   s        0.16903   0.00000   0.00000   0.00000  -0.00000   0.00000
  46  H 6   s       -0.15582  -0.00000  -0.00000  -0.00000   0.00000  -0.00000
  47  H 7   s        0.11509   0.00000   0.00000   0.00000   0.00000   0.00000
  48  C 9   s        0.02231   0.00000   0.00000   0.00000  -0.00000   0.00000
  49  C 9   s       -0.09263  -0.00000   0.00000   0.00000   0.00000  -0.00000
  50  C 9   px       0.27000   0.00000  -0.00000   0.00000   0.00000   0.00000
  51  C 9   py       0.11476   0.00000   0.00000  -0.00000  -0.00000  -0.00000
  52  C 9   pz      -0.00000   0.37184   0.41842  -0.00044  -0.23119  -0.27338
  53  C 10  s       -0.00366   0.00000   0.00000   0.00000  -0.00000   0.00000
  54  C 10  s        0.00635  -0.00000  -0.00000  -0.00000   0.00000  -0.00000
  55  C 10  px      -0.12880   0.00000   0.00000   0.00000  -0.00000  -0.00000
  56  C 10  py      -0.03661   0.00000   0.00000  -0.00000  -0.00000   0.00000
  57  C 10  pz      -0.00000   0.28067   0.42385  -0.01336  -0.38204   0.44193
  58  H 8   s        0.16903   0.00000   0.00000   0.00000  -0.00000   0.00000
  59  H 9   s       -0.15582   0.00000   0.00000  -0.00000  -0.00000   0.00000
  60  H 10  s        0.11509   0.00000   0.00000   0.00000   0.00000   0.00000
                        37        38        39        40
                        4Au       4Bg       5Au       5Bg  
 eigenvalues:          0.091     0.116     0.181     0.280
   1  C 1   s       -0.00000   0.00000   0.00000   0.00000
   2  C 1   s        0.00000  -0.00000  -0.00000  -0.00000
   3  C 1   px      -0.00000  -0.00000  -0.00000  -0.00000
   4  C 1   py      -0.00000  -0.00000   0.00000  -0.00000
   5  C 1   pz      -0.03631  -0.02544   0.49367  -0.54743
   6  C 2   s       -0.00000   0.00000  -0.00000   0.00000
   7  C 2   s       -0.00000  -0.00000  -0.00000  -0.00000
   8  C 2   px       0.00000  -0.00000   0.00000  -0.00000
   9  C 2   py       0.00000   0.00000  -0.00000  -0.00000
  10  C 2   pz       0.58645   0.21679  -0.17639   0.47771
  11  C 3   s        0.00000  -0.00000   0.00000   0.00000
  12  C 3   s        0.00000   0.00000  -0.00000  -0.00000
  13  C 3   px       0.00000  -0.00000   0.00000   0.00000
  14  C 3   py      -0.00000  -0.00000  -0.00000  -0.00000
  15  C 3   pz      -0.55164  -0.20908  -0.20662  -0.47986
  16  C 4   s       -0.00000   0.00000  -0.00000   0.00000
  17  C 4   s        0.00000  -0.00000   0.00000  -0.00000
  18  C 4   px       0.00000   0.00000   0.00000   0.00000
  19  C 4   py      -0.00000  -0.00000   0.00000   0.00000
  20  C 4   pz      -0.03631   0.02544   0.49367   0.54743
  21  C 5   s        0.00000  -0.00000   0.00000   0.00000
  22  C 5   s       -0.00000   0.00000  -0.00000  -0.00000
  23  C 5   px       0.00000  -0.00000   0.00000   0.00000
  24  C 5   py       0.00000  -0.00000  -0.00000   0.00000
  25  C 5   pz       0.58645  -0.21679  -0.17639  -0.47771
  26  C 6   s        0.00000   0.00000  -0.00000   0.00000
  27  C 6   s       -0.00000  -0.00000  -0.00000  -0.00000
  28  C 6   px       0.00000  -0.00000   0.00000  -0.00000
  29  C 6   py      -0.00000   0.00000  -0.00000   0.00000
  30  C 6   pz      -0.55164   0.20908  -0.20662   0.47986
  31  H 1   s        0.00000   0.00000   0.00000   0.00000
  32  H 2   s        0.00000  -0.00000   0.00000   0.00000
  33  H 3   s       -0.00000   0.00000   0.00000   0.00000
  34  H 4   s        0.00000   0.00000  -0.00000   0.00000
  35  C 7   s       -0.00000  -0.00000   0.00000  -0.00000
  36  C 7   s       -0.00000   0.00000  -0.00000   0.00000
  37  C 7   px      -0.00000   0.00000  -0.00000   0.00000
  38  C 7   py      -0.00000   0.00000  -0.00000   0.00000
  39  C 7   pz       0.00133   0.53554  -0.52161  -0.26095
  40  C 8   s       -0.00000  -0.00000   0.00000   0.00000
  41  C 8   s        0.00000   0.00000  -0.00000  -0.00000
  42  C 8   px       0.00000   0.00000  -0.00000   0.00000
  43  C 8   py       0.00000  -0.00000   0.00000   0.00000
  44  C 8   pz       0.01863  -0.53511   0.38591   0.14300
  45  H 5   s       -0.00000  -0.00000   0.00000   0.00000
  46  H 6   s       -0.00000   0.00000  -0.00000   0.00000
  47  H 7   s       -0.00000  -0.00000   0.00000  -0.00000
  48  C 9   s        0.00000   0.00000  -0.00000  -0.00000
  49  C 9   s       -0.00000  -0.00000   0.00000   0.00000
  50  C 9   px       0.00000  -0.00000   0.00000  -0.00000
  51  C 9   py      -0.00000  -0.00000  -0.00000  -0.00000
  52  C 9   pz       0.00133  -0.53554  -0.52161   0.26095
  53  C 10  s       -0.00000   0.00000   0.00000   0.00000
  54  C 10  s        0.00000  -0.00000  -0.00000  -0.00000
  55  C 10  px       0.00000  -0.00000   0.00000  -0.00000
  56  C 10  py       0.00000   0.00000   0.00000  -0.00000
  57  C 10  pz       0.01863   0.53511   0.38591  -0.14300
  58  H 8   s        0.00000   0.00000  -0.00000   0.00000
  59  H 9   s       -0.00000   0.00000   0.00000   0.00000
  60  H 10  s        0.00000   0.00000   0.00000   0.00000
 
          Ground-State Mulliken Net Atomic Charges

     Atom                 Charge (a.u.)
  ----------------------------------------
      1 C                    -0.004106
      2 C                    -0.079219
      3 C                    -0.077211
      4 C                    -0.004106
      5 C                    -0.079219
      6 C                    -0.077211
      7 H                     0.078752
      8 H                     0.079710
      9 H                     0.078752
     10 H                     0.079710
     11 C                    -0.075266
     12 C                    -0.156370
     13 H                     0.078809
     14 H                     0.078359
     15 H                     0.076543
     16 C                    -0.075266
     17 C                    -0.156370
     18 H                     0.078809
     19 H                     0.078359
     20 H                     0.076543
  ----------------------------------------
  Sum of atomic charges =     0.000000

         Ground-State ChElPG Net Atomic Charges

     Atom                 Charge (a.u.)
  ----------------------------------------
      1 C                     0.174379
      2 C                    -0.195923
      3 C                    -0.115074
      4 C                     0.167127
      5 C                    -0.188775
      6 C                    -0.124898
      7 H                     0.101022
      8 H                     0.101564
      9 H                     0.099287
     10 H                     0.105118
     11 C                    -0.126876
     12 C                    -0.251152
     13 H                     0.100197
     14 H                     0.110007
     15 H                     0.106803
     16 C                    -0.128778
     17 C                    -0.249930
     18 H                     0.100126
     19 H                     0.109816
     20 H                     0.105961
  ----------------------------------------
  Sum of atomic charges =     0.000000

  Do orbital-by-orbital Lowdin population analysis
 
         Ground-State ChElPG Net Atomic Charges

     Atom                 Charge (a.u.)
  ----------------------------------------
      1 C                    15.065413
      2 C                     8.053156
      3 C                    -7.931926
      4 C                    11.013046
      5 C                    11.583536
      6 C                   -12.568886
      7 H                   -10.395914
      8 H                     4.265127
      9 H                   -11.294628
     10 H                     6.196236
     11 C                    22.298855
     12 C                    11.718668
     13 H                   -10.131787
     14 H                   -22.092407
     15 H                    -8.091197
     16 C                    20.340493
     17 C                    13.484870
     18 H                    -9.927267
     19 H                   -22.339587
     20 H                    -9.245802
  ----------------------------------------
  Sum of atomic charges =     0.000000


              Partial Lowdin         Populations for Occupied RHF Orbitals

                         1         2         3         4         5         6
                        1Bu       1Ag       2Bu       2Ag       3Bu       3Ag  
   1    C 1   s     0.99487   0.99468   0.00233   0.00238   0.00143   0.00042
   2    C 1   p     0.00000   0.00000   0.00015   0.00015   0.00033   0.00054
   3    C 2   s     0.00090   0.00098   0.00040   0.00082   0.90476   0.87746
   4    C 2   p     0.00045   0.00042   0.00000   0.00000   0.00004   0.00005
   5    C 3   s     0.00078   0.00085   0.00017   0.00019   0.09233   0.12050
   6    C 3   p     0.00045   0.00042   0.00000   0.00000   0.00042   0.00035
   7    C 4   s     0.99487   0.99468   0.00233   0.00238   0.00143   0.00042
   8    C 4   p     0.00000   0.00000   0.00015   0.00015   0.00033   0.00054
   9    C 5   s     0.00090   0.00098   0.00040   0.00082   0.90476   0.87746
  10    C 5   p     0.00045   0.00042   0.00000   0.00000   0.00004   0.00005
  11    C 6   s     0.00078   0.00085   0.00017   0.00019   0.09233   0.12050
  12    C 6   p     0.00045   0.00042   0.00000   0.00000   0.00042   0.00035
  13    H 1   s     0.00000   0.00000   0.00000   0.00000   0.00021   0.00020
  14    H 2   s     0.00000   0.00000   0.00000   0.00000   0.00002   0.00002
  15    H 3   s     0.00000   0.00000   0.00000   0.00000   0.00021   0.00020
  16    H 4   s     0.00000   0.00000   0.00000   0.00000   0.00002   0.00002
  17    C 7   s     0.00241   0.00251   0.99584   0.99535   0.00046   0.00045
  18    C 7   p     0.00014   0.00014   0.00000   0.00000   0.00000   0.00000
  19    C 8   s     0.00000   0.00000   0.00016   0.00016   0.00000   0.00000
  20    C 8   p     0.00000   0.00000   0.00071   0.00071   0.00000   0.00000
  21    H 5   s     0.00000   0.00000   0.00023   0.00023   0.00000   0.00000
  22    H 6   s     0.00000   0.00000   0.00000   0.00000   0.00000   0.00000
  23    H 7   s     0.00000   0.00000   0.00000   0.00000   0.00000   0.00000
  24    C 9   s     0.00241   0.00251   0.99584   0.99535   0.00046   0.00045
  25    C 9   p     0.00014   0.00014   0.00000   0.00000   0.00000   0.00000
  26    C 10  s     0.00000   0.00000   0.00016   0.00016   0.00000   0.00000
  27    C 10  p     0.00000   0.00000   0.00071   0.00071   0.00000   0.00000
  28    H 8   s     0.00000   0.00000   0.00023   0.00023   0.00000   0.00000
  29    H 9   s     0.00000   0.00000   0.00000   0.00000   0.00000   0.00000
  30    H 10  s     0.00000   0.00000   0.00000   0.00000   0.00000   0.00000
                         7         8         9        10        11        12
                        4Bu       4Ag       5Bu       5Ag       6Ag       6Bu  
   1    C 1   s     0.00031   0.00156   0.00000   0.00000   0.28776   0.23608
   2    C 1   p     0.00058   0.00026   0.00000   0.00000   0.02109   0.00984
   3    C 2   s     0.09279   0.11970   0.00000   0.00000   0.24075   0.02919
   4    C 2   p     0.00043   0.00034   0.00000   0.00000   0.03431   0.03864
   5    C 3   s     0.90556   0.87742   0.00000   0.00000   0.24321   0.05274
   6    C 3   p     0.00005   0.00004   0.00000   0.00000   0.03371   0.03710
   7    C 4   s     0.00031   0.00156   0.00000   0.00000   0.28776   0.23608
   8    C 4   p     0.00058   0.00026   0.00000   0.00000   0.02109   0.00984
   9    C 5   s     0.09279   0.11970   0.00000   0.00000   0.24075   0.02919
  10    C 5   p     0.00043   0.00034   0.00000   0.00000   0.03431   0.03864
  11    C 6   s     0.90556   0.87742   0.00000   0.00000   0.24321   0.05274
  12    C 6   p     0.00005   0.00004   0.00000   0.00000   0.03371   0.03710
  13    H 1   s     0.00003   0.00003   0.00000   0.00000   0.02408   0.00591
  14    H 2   s     0.00022   0.00021   0.00000   0.00000   0.02529   0.01284
  15    H 3   s     0.00003   0.00003   0.00000   0.00000   0.02408   0.00591
  16    H 4   s     0.00022   0.00021   0.00000   0.00000   0.02529   0.01284
  17    C 7   s     0.00003   0.00044   0.00016   0.00016   0.05133   0.28315
  18    C 7   p     0.00000   0.00000   0.00071   0.00071   0.00972   0.01319
  19    C 8   s     0.00000   0.00001   0.99865   0.99865   0.01352   0.16005
  20    C 8   p     0.00000   0.00000   0.00000   0.00000   0.00482   0.03138
  21    H 5   s     0.00000   0.00000   0.00000   0.00000   0.00657   0.04224
  22    H 6   s     0.00000   0.00000   0.00023   0.00023   0.00117   0.02046
  23    H 7   s     0.00000   0.00000   0.00023   0.00023   0.00268   0.02720
  24    C 9   s     0.00003   0.00044   0.00016   0.00016   0.05133   0.28315
  25    C 9   p     0.00000   0.00000   0.00071   0.00071   0.00972   0.01319
  26    C 10  s     0.00000   0.00001   0.99866   0.99865   0.01352   0.16005
  27    C 10  p     0.00000   0.00000   0.00000   0.00000   0.00482   0.03138
  28    H 8   s     0.00000   0.00000   0.00000   0.00000   0.00657   0.04224
  29    H 9   s     0.00000   0.00000   0.00023   0.00023   0.00117   0.02046
  30    H 10  s     0.00000   0.00000   0.00023   0.00023   0.00268   0.02720
                        13        14        15        16        17        18
                        7Ag       7Bu       8Bu       8Ag       9Ag       9Bu  
   1    C 1   s     0.00071   0.00746   0.19794   0.06749   0.06730   0.00098
   2    C 1   p     0.06610   0.12635   0.02220   0.13375   0.16202   0.07531
   3    C 2   s     0.03644   0.37630   0.03066   0.00814   0.19261   0.03510
   4    C 2   p     0.00987   0.01724   0.06979   0.15071   0.04298   0.00008
   5    C 3   s     0.02427   0.27888   0.11788   0.13379   0.02995   0.00956
   6    C 3   p     0.01771   0.04237   0.03505   0.02117   0.19844   0.02905
   7    C 4   s     0.00071   0.00746   0.19794   0.06749   0.06730   0.00098
   8    C 4   p     0.06610   0.12635   0.02220   0.13375   0.16202   0.07531
   9    C 5   s     0.03644   0.37630   0.03066   0.00814   0.19261   0.03510
  10    C 5   p     0.00987   0.01724   0.06979   0.15071   0.04298   0.00008
  11    C 6   s     0.02427   0.27888   0.11788   0.13379   0.02995   0.00956
  12    C 6   p     0.01771   0.04237   0.03505   0.02117   0.19844   0.02905
  13    H 1   s     0.00369   0.07831   0.00651   0.00909   0.12648   0.00819
  14    H 2   s     0.00057   0.05973   0.01975   0.08051   0.01573   0.01431
  15    H 3   s     0.00369   0.07831   0.00651   0.00909   0.12648   0.00819
  16    H 4   s     0.00057   0.05973   0.01975   0.08051   0.01573   0.01431
  17    C 7   s     0.30421   0.00028   0.05666   0.05780   0.00420   0.17047
  18    C 7   p     0.04083   0.00626   0.10510   0.09800   0.04868   0.08129
  19    C 8   s     0.30872   0.00294   0.22723   0.08534   0.04796   0.11323
  20    C 8   p     0.03710   0.00031   0.00881   0.01994   0.01882   0.12515
  21    H 5   s     0.04955   0.00113   0.01081   0.04462   0.00080   0.14251
  22    H 6   s     0.05004   0.00044   0.05418   0.03557   0.03635   0.07184
  23    H 7   s     0.05019   0.00201   0.03744   0.05408   0.00769   0.12291
  24    C 9   s     0.30421   0.00028   0.05666   0.05780   0.00420   0.17047
  25    C 9   p     0.04083   0.00626   0.10510   0.09800   0.04868   0.08129
  26    C 10  s     0.30872   0.00294   0.22723   0.08534   0.04796   0.11323
  27    C 10  p     0.03710   0.00031   0.00881   0.01994   0.01882   0.12515
  28    H 8   s     0.04955   0.00113   0.01081   0.04462   0.00080   0.14251
  29    H 9   s     0.05004   0.00044   0.05418   0.03557   0.03635   0.07184
  30    H 10  s     0.05019   0.00201   0.03744   0.05408   0.00769   0.12291
                        19        20        21        22        23        24
                       10Ag      11Ag      10Bu      11Bu      12Bu      12Ag  
   1    C 1   s     0.03162   0.02331   0.00213   0.08024   0.00078   0.00545
   2    C 1   p     0.08170   0.07270   0.12783   0.01215   0.21905   0.00092
   3    C 2   s     0.00298   0.00562   0.00279   0.03191   0.00387   0.00880
   4    C 2   p     0.17550   0.15111   0.13767   0.16828   0.09606   0.01192
   5    C 3   s     0.05210   0.00451   0.01928   0.02791   0.01676   0.00801
   6    C 3   p     0.17513   0.09565   0.08924   0.19804   0.15289   0.05000
   7    C 4   s     0.03162   0.02331   0.00213   0.08024   0.00078   0.00545
   8    C 4   p     0.08170   0.07270   0.12783   0.01215   0.21905   0.00092
   9    C 5   s     0.00298   0.00562   0.00279   0.03191   0.00387   0.00880
  10    C 5   p     0.17550   0.15111   0.13767   0.16828   0.09606   0.01192
  11    C 6   s     0.05210   0.00451   0.01928   0.02791   0.01676   0.00801
  12    C 6   p     0.17513   0.09565   0.08924   0.19804   0.15289   0.05000
  13    H 1   s     0.04423   0.06152   0.01531   0.17854   0.04022   0.00082
  14    H 2   s     0.11112   0.02989   0.00354   0.21237   0.01615   0.03343
  15    H 3   s     0.04423   0.06152   0.01531   0.17854   0.04022   0.00082
  16    H 4   s     0.11112   0.02989   0.00354   0.21237   0.01615   0.03343
  17    C 7   s     0.05519   0.02663   0.00390   0.00096   0.00076   0.00379
  18    C 7   p     0.02292   0.17126   0.18895   0.00890   0.12292   0.25849
  19    C 8   s     0.05374   0.00475   0.00422   0.00349   0.00031   0.00004
  20    C 8   p     0.05879   0.16854   0.20946   0.03416   0.19495   0.35375
  21    H 5   s     0.05414   0.07717   0.06720   0.00830   0.00001   0.08912
  22    H 6   s     0.04792   0.00112   0.12249   0.03037   0.01433   0.17521
  23    H 7   s     0.03291   0.10622   0.00600   0.00440   0.12091   0.00026
  24    C 9   s     0.05519   0.02663   0.00390   0.00096   0.00076   0.00379
  25    C 9   p     0.02292   0.17126   0.18895   0.00890   0.12292   0.25849
  26    C 10  s     0.05374   0.00475   0.00422   0.00349   0.00031   0.00004
  27    C 10  p     0.05879   0.16854   0.20946   0.03416   0.19495   0.35375
  28    H 8   s     0.05414   0.07717   0.06720   0.00830   0.00001   0.08912
  29    H 9   s     0.04792   0.00112   0.12249   0.03037   0.01433   0.17521
  30    H 10  s     0.03291   0.10622   0.00600   0.00440   0.12091   0.00026
                        25        26        27        28        29        30
                       13Bu      14Bu      13Ag       1Au      15Bu      14Ag  
   1    C 1   s     0.00010   0.00045   0.01119   0.00000   0.00397   0.00004
   2    C 1   p     0.05081   0.12307   0.02330   0.34384   0.21099   0.23496
   3    C 2   s     0.01254   0.00324   0.00060   0.00000   0.00115   0.00018
   4    C 2   p     0.30064   0.16092   0.09611   0.27791   0.01107   0.21484
   5    C 3   s     0.00025   0.00078   0.00004   0.00000   0.00225   0.00011
   6    C 3   p     0.23376   0.13357   0.06812   0.27821   0.05077   0.19014
   7    C 4   s     0.00010   0.00045   0.01119   0.00000   0.00397   0.00004
   8    C 4   p     0.05081   0.12307   0.02330   0.34384   0.21099   0.23496
   9    C 5   s     0.01254   0.00324   0.00060   0.00000   0.00115   0.00018
  10    C 5   p     0.30064   0.16092   0.09611   0.27791   0.01107   0.21484
  11    C 6   s     0.00025   0.00078   0.00004   0.00000   0.00225   0.00011
  12    C 6   p     0.23376   0.13357   0.06812   0.27821   0.05077   0.19014
  13    H 1   s     0.13163   0.00585   0.06033   0.00000   0.00198   0.08238
  14    H 2   s     0.11958   0.00535   0.00007   0.00000   0.00792   0.17965
  15    H 3   s     0.13163   0.00585   0.06033   0.00000   0.00198   0.08238
  16    H 4   s     0.11958   0.00535   0.00007   0.00000   0.00792   0.17965
  17    C 7   s     0.00002   0.00077   0.00841   0.00000   0.00025   0.00181
  18    C 7   p     0.05448   0.22163   0.09920   0.07694   0.19644   0.03712
  19    C 8   s     0.00106   0.00294   0.00019   0.00000   0.00005   0.00012
  20    C 8   p     0.06617   0.19140   0.28167   0.02309   0.16554   0.04027
  21    H 5   s     0.00029   0.08954   0.08549   0.00000   0.11601   0.01138
  22    H 6   s     0.00033   0.04156   0.07529   0.00000   0.12210   0.00151
  23    H 7   s     0.02834   0.01893   0.19000   0.00000   0.10950   0.00549
  24    C 9   s     0.00002   0.00077   0.00841   0.00000   0.00025   0.00181
  25    C 9   p     0.05448   0.22163   0.09920   0.07694   0.19644   0.03712
  26    C 10  s     0.00106   0.00294   0.00019   0.00000   0.00005   0.00012
  27    C 10  p     0.06617   0.19140   0.28167   0.02309   0.16554   0.04027
  28    H 8   s     0.00029   0.08954   0.08549   0.00000   0.11601   0.01138
  29    H 9   s     0.00033   0.04156   0.07529   0.00000   0.12210   0.00151
  30    H 10  s     0.02834   0.01893   0.19000   0.00000   0.10950   0.00549
                        31        32        33        34        35
                       15Ag       1Bg       2Au       2Bg       3Bg  
   1    C 1   s     0.00389   0.00000   0.00000   0.00000   0.00000
   2    C 1   p     0.20157   0.31476   0.00088   0.00072   0.33193
   3    C 2   s     0.00013   0.00000   0.00000   0.00000   0.00000
   4    C 2   p     0.13195   0.04606   0.06590   0.51930   0.09466
   5    C 3   s     0.00008   0.00000   0.00000   0.00000   0.00000
   6    C 3   p     0.17034   0.05324   0.06080   0.47956   0.12942
   7    C 4   s     0.00389   0.00000   0.00000   0.00000   0.00000
   8    C 4   p     0.20157   0.31476   0.00088   0.00072   0.33193
   9    C 5   s     0.00013   0.00000   0.00000   0.00000   0.00000
  10    C 5   p     0.13195   0.04606   0.06590   0.51930   0.09466
  11    C 6   s     0.00008   0.00000   0.00000   0.00000   0.00000
  12    C 6   p     0.17034   0.05324   0.06080   0.47956   0.12942
  13    H 1   s     0.07141   0.00000   0.00000   0.00000   0.00000
  14    H 2   s     0.00660   0.00000   0.00000   0.00000   0.00000
  15    H 3   s     0.07141   0.00000   0.00000   0.00000   0.00000
  16    H 4   s     0.00660   0.00000   0.00000   0.00000   0.00000
  17    C 7   s     0.00975   0.00000   0.00000   0.00000   0.00000
  18    C 7   p     0.21826   0.37314   0.42790   0.00000   0.11606
  19    C 8   s     0.00001   0.00000   0.00000   0.00000   0.00000
  20    C 8   p     0.04539   0.21280   0.44453   0.00042   0.32793
  21    H 5   s     0.05978   0.00000   0.00000   0.00000   0.00000
  22    H 6   s     0.05279   0.00000   0.00000   0.00000   0.00000
  23    H 7   s     0.02807   0.00000   0.00000   0.00000   0.00000
  24    C 9   s     0.00975   0.00000   0.00000   0.00000   0.00000
  25    C 9   p     0.21826   0.37314   0.42790   0.00000   0.11606
  26    C 10  s     0.00001   0.00000   0.00000   0.00000   0.00000
  27    C 10  p     0.04539   0.21280   0.44453   0.00042   0.32793
  28    H 8   s     0.05978   0.00000   0.00000   0.00000   0.00000
  29    H 9   s     0.05279   0.00000   0.00000   0.00000   0.00000
  30    H 10  s     0.02807   0.00000   0.00000   0.00000   0.00000
 
 Performing Hirshfeld population analysis.
 Hirshfeld: reading atomic densities from disk.
 Hirshfeld: performing integration.
 warning:  vdwdata pointer should have been initialzed before dftman
 Hirshfeld: integration completed in 0.92 sec.

          Hirshfeld Atomic Charges         

     Atom                 Charge (a.u.)    
  ---------------------------------------- 
      1 C                     0.002912
      2 C                    -0.026982
      3 C                    -0.026611
      4 C                     0.002912
      5 C                    -0.026982
      6 C                    -0.026611
      7 H                     0.024930
      8 H                     0.026139
      9 H                     0.024930
     10 H                     0.026139
     11 C                    -0.022274
     12 C                    -0.055282
     13 H                     0.025342
     14 H                     0.025673
     15 H                     0.025896
     16 C                    -0.022274
     17 C                    -0.055282
     18 H                     0.025342
     19 H                     0.025673
     20 H                     0.025896
  ---------------------------------------- 
  Sum of atomic charges =    -0.000516


          Charge Model 5         

     Atom                 Charge (a.u.)    
  ---------------------------------------- 
      1 C                    -0.007756
      2 C                    -0.078130
      3 C                    -0.077978
      4 C                    -0.007756
      5 C                    -0.078130
      6 C                    -0.077978
      7 H                     0.079454
      8 H                     0.081709
      9 H                     0.079454
     10 H                     0.081709
     11 C                    -0.077989
     12 C                    -0.153660
     13 H                     0.079672
     14 H                     0.076277
     15 H                     0.078141
     16 C                    -0.077989
     17 C                    -0.153660
     18 H                     0.079672
     19 H                     0.076277
     20 H                     0.078141
  ---------------------------------------- 
  Sum of atomic charges =    -0.000516

  Building new vdW surfaces
         Merz-Kollman ESP Net Atomic Charges

     Atom                 Charge (a.u.)
  ----------------------------------------
      1 C                     0.196205
      2 C                    -0.226170
      3 C                    -0.115646
      4 C                     0.196205
      5 C                    -0.226170
      6 C                    -0.115646
      7 H                     0.109846
      8 H                     0.104483
      9 H                     0.109846
     10 H                     0.104483
     11 C                    -0.127918
     12 C                    -0.269759
     13 H                     0.100407
     14 H                     0.118517
     15 H                     0.110036
     16 C                    -0.127918
     17 C                    -0.269759
     18 H                     0.100407
     19 H                     0.118517
     20 H                     0.110036
  ----------------------------------------
  Sum of atomic charges =     0.000000

  Related Dipole Moment =     0.0000 (X -0.0000 Y  0.0000 Z -0.0000)

 -----------------------------------------------------------------
                    Cartesian Multipole Moments
 -----------------------------------------------------------------
    Charge (ESU x 10^10)
                 0.0000
    Dipole Moment (Debye)
         X      -0.0000      Y       0.0000      Z       0.0000
       Tot       0.0000
    Quadrupole Moments (Debye-Ang)
        XX     -50.9654     XY      -0.1101     YY     -50.1438
        XZ       0.0000     YZ      -0.0000     ZZ     -58.5742
    Octopole Moments (Debye-Ang^2)
       XXX      -0.0000    XXY       0.0000    XYY       0.0000
       YYY       0.0000    XXZ       0.0000    XYZ      -0.0000
       YYZ       0.0000    XZZ      -0.0000    YZZ       0.0000
       ZZZ       0.0000
    Hexadecapole Moments (Debye-Ang^3)
      XXXX   -1811.1807   XXXY       0.5007   XXYY    -358.4280
      XYYY       3.4707   YYYY    -329.5837   XXXZ       0.0000
      XXYZ      -0.0000   XYYZ      -0.0000   YYYZ       0.0000
      XXZZ    -356.7122   XYZZ      -0.0669   YYZZ     -72.1348
      XZZZ      -0.0000   YZZZ       0.0000   ZZZZ     -47.5456
 -----------------------------------------------------------------
 Total job time:  4.48s(wall), 3.82s(cpu) 
 Wed Jul 29 13:40:52 2026

        *************************************************************
        *                                                           *
        *  Thank you very much for using Q-Chem.  Have a nice day.  *
        *                                                           *
        *************************************************************


