
Running Job 1 of 1 dvb_sp_un.in
qchem dvb_sp_un.in_26209.0 /scratch/shannon.houck/qchem26209/ 1
/sw/qchem/release/7.0.0/exe/qcprog.exe_s dvb_sp_un.in_26209.0 /scratch/shannon.houck/qchem26209/
                  Welcome to Q-Chem
     A Quantum Leap Into The Future Of Chemistry


 Q-Chem 7.0, Q-Chem, Inc., Pleasanton, CA (2026)

 License issued to: Q-Chem (site)

 S. Adibnia,  B. Alam,  B. J. Albrecht,  A. Aldossary,  E. Alguire,  
 J. H. Andersen,  A. D. Andres,  J. E. Arias-Martinez,  A. Aspuru-Guzik,  
 V. Athavale,  K. Begam,  A. Behn,  A. T. Bell,  N. Bellonzi,  Y. A. Bernard,  
 E. J. Berquist,  N. A. Besley,  R. Bi,  N. Bogo,  C. Brandt,  K. Bravaya,  
 D. R. Broderick,  B. R. Brooks,  H. G. A. Burton,  S. Camps,  A. Carreras,  
 K. Carter-Fenk,  D. Casanova,  J.-D. Chai,  A. Chakraborty,  R. Chakraborty,  
 J. Chen,  M. Chen,  T. Chen,  A. D. Chien,  M. Chow,  K. D. Closser,  
 V. Cofer-Shabica,  M. P. Coons,  S. Coriani,  S. J. Cotton,  C. J. Cramer,  
 G. Cserey,  L. Cunha,  A. L. Dempwolff,  J. Deng,  A. E. DePrince III,  
 J. D. DiCenso,  J. Dickinson,  M. Diedenhofen,  H. Dinh,  
 R. A. DiStasio Jr.,  L. B. Dittmer,  H. Do,  W. Dou,  A. Dreuw,  S. Ehlert,  
 E. Epifanovsky,  P.-T. Fang,  S. Faraji,  S. Fatehi,  Q. Feng,  X. Feng,  
 A. Ferino-Pérez,  J. Fetherolf,  S. Folkestad,  A. Fonlon,  Fošević,  
 T. Friedhoff,  T. Froitzheim,  T. R. Furlani,  A. Ganeshram,  B. Ganoe,  
 T. Gao,  S. M. Garner,  A. T. B. Gilbert,  P. M. W. Gill,  M. Gimferrer,  
 G. Giudetti,  W. A. Goddard III,  M. Goldey,  J. Gomes,  R. Goudy,  M. Gray,  
 S. Grimme,  S. Gulania,  A. O. Gunina,  J. A. Gyamfi,  S. Hammes-Schiffer,  
 F. Hampe,  P. H. P. Harbach,  A. W. Hauser,  M. Head-Gordon,  
 T. Head-Gordon,  W. J. Hehre,  J. M. Herbert,  M. F. Herbst,  M. Hodecker,  
 Z. C. Holden,  S. Houck,  C. Hsu,  X. Huang,  K. Hui,  B. C. Huynh,  
 K. Ikeda,  M. Ivanov,  L. D. Jacobson,  T. Jagau,  S. Jana,  N. K. Jayadev,  
 H. Ji,  H. Jiang,  Y. Jiang,  Z. Jin,  Y. Jung,  Á. Jász,  B. Kaduk,  
 L. de Kam,  R. Kang,  K. Khistyaev,  J. Kim,  L. Kim,  G. Kis,  N. Kissing,  
 A. Klamt,  J. H. Koh,  E. Kolodzeiski,  J. Kong,  D. Kosenkov,  
 T. Kowalczyk,  C. M. Krauter,  A. I. Krylov,  K. Kue,  T. Kus,  J. Kussmann,  
 I. Ladjánszki,  D. S. Lambrecht,  A. Landau,  C. W. Lander,  A. W. Lange,  
 K. U. Lao,  H. Laqua,  K. V. Lawler,  J. Lee,  D. Lefrancois,  S. Lehtola,  
 J. Leitner,  D. S. Levine,  C. Li,  R. Li,  S. Li,  T. E. Li,  X. Li,  
 Y.-P. Li,  J. Liang,  H.-H. Lin,  Y.-S. Lin,  H. Ling,  F. Liu,  J. Liu,  
 K.-Y. Liu,  X. Liu,  A. Luenser,  C. Malbon,  A. Mandal,  A. Manjanath,  
 P. U. Manohar,  E. Mansoor,  S. F. Manzer,  S.-P. Mao,  Y. Mao,  
 N. Mardirossian,  A. V. Marenich,  T. Markovich,  F. Matz,  S. A. Maurer,  
 S. May,  L. McCaslin,  C. W. McCurdy,  A. McIsaac,  P. F. McLaughlin,  
 J.-M. Mewes,  S. A. Mewes,  R. E. Moorby,  S. Moradi,  J. Morgenstein,  
 M. Mostafanejad,  M. Mukherjee,  A. Muller,  C. J. Mundy,  K. D. Nanda,  
 M. G. Navas,  M. Neal,  J. B. Neaton,  T. Neudecker,  A. Ni,  C. Ochsenfeld,  
 A. K. Ojha,  Q. Ou,  E. Paenurk,  G. Paran,  J. A. Parkhill,  
 V. Parravicini,  R. L. Patterson,  S. K. Paul,  Z. Pei,  D. Picconi,  
 F. Plasser,  P. Pokhilko,  J. Pottecher,  S. Prager,  E. I. Proynov,  
 A. F. Pérez,  S. Quiton,  H. Ram,  E. Ramos-Cordoba,  B. Rana,  A. E. Rask,  
 V. A. Rassolov,  D. R. Rehn,  H. Ren,  A. Rettig,  R. M. Richard,  
 P. J. Robinson,  E. Rossomme,  S. Roy,  Á. Rák,  P. Salvador,  P. Samal,  
 T. Scheele,  P. E. Schneider,  T. K. Schramm,  N. Sergueev,  Y. Shao,  
 S. M. Sharada,  M. Sharma,  H. Shen,  Y. Shen,  A. Singh,  W. Skomorowski,  
 L. Slipchenko,  S. Smiga,  R. P. Steele,  C. J. Stein,  A. J. Sterling,  
 Y. Su,  Y.-C. Su,  J. E. Subotnik,  E. J. Sundstrom,  J. Talbot,  Z. Tao,  
 H.-H. Teh,  J. Thirman,  A. J. W. Thom,  C. Titeca,  N. V. Tkachenko,  
 A. Tkatchenko,  R. Tomann,  G. J. Tornai,  D. G. Truhlar,  H.-Y. Tsai,  
 T. Tsuchimochi,  N. M. Tubman,  C. Utku,  S. P. Veccham,  M. L. Vidal,  
 C. Villot,  T. V. Voorhis,  O. Vydrov,  E. Wang,  Z. Wang,  J. Wenzel,  
 T. A. Wesolowski,  K. B. Whaley,  A. F. White,  J. Witek,  J. Wong,  H. Wu,  
 A. Yamada,  C.-H. Yang,  K. Yao,  S. Yeganeh,  J. T. Yi,  S. R. Yost,  
 Q. Yu,  F. Zeller,  I. Y. Zhang,  J. Zhang,  X. Zhang,  Y. Zhang,  Z. Zhang,  
 C. Zhao,  T. Zhao,  Y. Zhu,  P. Zimmerman,  D. Zuev

 Additional authors since Version 6.4.0: 
 H. Aksu,  F. Ballesteros,  C. Chakravarty,  A. M. Clark,  Y. Kim,  
 Q. Nguyen,  X. Pan,  R. Stein,  J. A. Tan,  M. G. S. Weiss,  R. Weiss,  
 M. Wormit,  Y. Wu

 Contributors to earlier versions of Q-Chem not listed above: 
 R. D. Adamson,  B. Austin,  R. Baer,  J. Baker,  D. Barton,  G. J. O. Beran,  
 K. Brandhorst,  K. Bravaya,  S. T. Brown,  E. F. C. Byrd,  
 A. K. Chakraborty,  G. K. L. Chan,  C.-M. Chang,  Y. Chen,  C.-L. Cheng,  
 S. H. Chien,  D. M. Chipman,  D. L. Crittenden,  H. Dachsel,  S. Dasgupta,  
 R. J. Doerksen,  B. Dunietz,  A. D. Dutoi,  R. G. Edgar,  J. Fosso-Tande,  
 L. Fusti-Molnar,  Z. Gan,  J. Gayvert,  Q. Ge,  D. Ghosh,  A. Ghysels,  
 G. Gidofalvi,  A. Golubeva-Zadorozhnaya,  J. Gonthier,  
 C. E. González-Espinoza,  M. S. Gordon,  S. R. Gwaltney,  D. Hait,  
 M. Hanson-Heine,  G. Hawkins,  J. E. Herr,  A. Heyden,  S. Hirata,  
 E. G. Hohenstein,  P. Horn,  I. Kaliman,  G. Kedziora,  F. J. Keil,  
 C. Kelley,  R. Z. Khaliullin,  J. Kim,  R. A. King,  P. Klunzinger,  
 Z. Koczor-Benda,  P. P. Korambath,  S. Kotaru,  L. Koulias,  A. Kunitsa,  
 W. Kurlancheek,  J. Kussmann,  S. Kähler,  D. S. Lambrecht,  A. Laurent,  
 A. M. Lee,  M. S. Lee,  S. V. Levchenko,  X. Li,  W. Liang,  M. Liebenthal,  
 C. Y. Lin,  D. Liotard,  E. Livshits,  R. C. Lochan,  M. Loipersberger,  
 I. Lotan,  H. Ma,  L. A. Martinez-Martinez,  P. E. Maslen,  S. Mason,  
 N. J. Mayhall,  S. C. McKenzie,  M. F. S. J. Menger,  P. Morgante,  
 A. F. Morrison,  J. W. Mullinax,  N. Nair,  D. Neuhauser,  E. Neuscamman,  
 C. M. Oana,  R. Olivares-Amaya,  R. Olson,  D. P. O'Neill,  
 K. J. Oosterbaan,  K. Paice,  A. C. Paul,  T. M. Perrine,  B. Peters,  
 R. Peverati,  P. A. Pieniazek,  S. Prasad,  A. Prociuk,  Y. M. Rhee,  
 J. Ritchie,  F. Rob,  M. A. Rohrdanz,  E. Rosta,  N. J. Russ,  
 H. F. Schaefer III,  M. Scheurer,  M. W. Schmidt,  M. Schneider,  
 N. E. Schultz,  S. Sharma,  N. Shenvi,  C. D. Sherrill,  A. C. Simmonett,  
 D. W. Small,  A. Sodt,  T. Stein,  D. Stuck,  K. S. Thanthiriwatte,  
 V. Vanovschi,  M. H. Vera,  L. Vogt,  F. Wang,  T. Wang,  A. Warshel,  
 M. A. Watson,  M. de Wergifosse,  C. F. Williams,  J. Witte,  
 H. L. Woodcock III,  Q. Wu,  X. Xu,  J. Yang,  Z.-Q. You,  A. Zech,  
 W. Zhang,  Y. Zhao

   Please cite Q-Chem as follows:
  "Software for the frontiers of quantum chemistry:
   An overview of developments in the Q-Chem 5 package"
   J. Chem. Phys. 155, 084801 (2021)
   https://doi.org/10.1063/5.0055522 (open access)

 Q-Chem 7.0.0 for Intel X86 EM64T Linux

 Parts of Q-Chem use Armadillo 12.8.2 (Cortisol Injector).
 http://arma.sourceforge.net/

 Q-Chem begins on Wed Jul 29 13:40:28 2026  

 Host: coreman6
0

 Scratch files written to /scratch/shannon.houck/qchem26209//
 Executable: /sw/qchem/release/7.0.0/exe/qcprog.exe_s
 Number of threads = 1
 Jul426 |scratch|qcdevops|jenkins|workspace|build_RNUM -1
 Processing $rem in /sw/qchem/release/7.0.0/config/preferences:
 Processing $rem in /hfnas/home/shannon.houck/.qchemrc:

 Checking the input file for inconsistencies... 	...done.

--------------------------------------------------------------
User input:
--------------------------------------------------------------
$comment
 Divinylbenzene cation, single point, UB3LYP/STO-3G
$end

$rem
 method = b3lyp
 basis = sto-3g
 unrestricted = true
 scf_final_print = 2
 print_general_basis = true
 print_orbitals = true
 lowdin_population = true
 chelpg = true
 resp_charges = 1
 hirshfeld = true
 cm5 = true
 molden_format = false
 gui = 2
$end

$molecule
 +1 2
 C                  0.27867948   -1.36683162    0.00000000
 C                  1.32303041   -0.44173575    0.00000000
 C                  1.04434506    0.92484978    0.00000000
 C                 -0.27867948    1.36683162    0.00000000
 C                 -1.32303041    0.44173575    0.00000000
 C                 -1.04434506   -0.92484978    0.00000000
 H                  2.36595443   -0.79037726    0.00000000
 H                  1.86746094    1.65407997    0.00000000
 H                 -2.36595443    0.79037726    0.00000000
 H                 -1.86746094   -1.65407997    0.00000000
 C                 -0.58659169    2.87589931    0.00000000
 C                  0.36350188    3.80076420    0.00000000
 H                 -1.65647768    3.12394312    0.00000000
 H                  0.14429560    4.87693235    0.00000000
 H                  1.43338788    3.55272039    0.00000000
 C                  0.58659169   -2.87589931    0.00000000
 C                 -0.36350188   -3.80076420    0.00000000
 H                  1.65647768   -3.12394312    0.00000000
 H                 -0.14429560   -4.87693235    0.00000000
 H                 -1.43338788   -3.55272039    0.00000000
$end
--------------------------------------------------------------
 ----------------------------------------------------------------
             Standard Nuclear Orientation (Angstroms)
    I     Atom           X                Y                Z
 ----------------------------------------------------------------
    1      C       1.3668132833     0.2787694006    -0.0000000000
    2      C       0.4416487095     1.3230594681    -0.0000000000
    3      C      -0.9249184834     1.0442842137    -0.0000000000
    4      C      -1.3668132833    -0.2787694006     0.0000000000
    5      C      -0.4416487095    -1.3230594681     0.0000000000
    6      C       0.9249184834    -1.0442842137     0.0000000000
    7      H       0.7902216068     2.3660064222    -0.0000000000
    8      H      -1.6542028230     1.8673521173    -0.0000000000
    9      H      -0.7902216068    -2.3660064222     0.0000000000
   10      H       1.6542028230    -1.8673521173     0.0000000000
   11      C      -2.8758607131    -0.5867808885     0.0000000000
   12      C      -3.8007881058     0.3632518344    -0.0000000000
   13      H      -3.1238341368    -1.6566831945     0.0000000000
   14      H      -4.8769418324     0.1439747559    -0.0000000000
   15      H      -3.5528146821     1.4331541504    -0.0000000000
   16      C       2.8758607131     0.5867808885    -0.0000000000
   17      C       3.8007881058    -0.3632518344     0.0000000000
   18      H       3.1238341368     1.6566831945    -0.0000000000
   19      H       4.8769418324    -0.1439747559     0.0000000000
   20      H       3.5528146821    -1.4331541504     0.0000000000
 ----------------------------------------------------------------
 Molecular Point Group                 C2h   NOp =  4
 Largest Abelian Subgroup              C2h   NOp =  4
 Nuclear Repulsion Energy =         450.00613828 hartrees
 There are       35 alpha and       34 beta electrons
 Requested basis set is STO-3G
 Basis set in general basis input format:
-----------------------------------------------------------------------
$basis
C    0
S    3    1.000000
   7.16168370E+01    1.54328970E-01 
   1.30450960E+01    5.35328140E-01 
   3.53051220E+00    4.44634540E-01 
SP   3    1.000000
   2.94124940E+00   -9.99672300E-02   1.55916270E-01 
   6.83483100E-01    3.99512830E-01   6.07683720E-01 
   2.22289900E-01    7.00115470E-01   3.91957390E-01 
****
C    0
S    3    1.000000
   7.16168370E+01    1.54328970E-01 
   1.30450960E+01    5.35328140E-01 
   3.53051220E+00    4.44634540E-01 
SP   3    1.000000
   2.94124940E+00   -9.99672300E-02   1.55916270E-01 
   6.83483100E-01    3.99512830E-01   6.07683720E-01 
   2.22289900E-01    7.00115470E-01   3.91957390E-01 
****
C    0
S    3    1.000000
   7.16168370E+01    1.54328970E-01 
   1.30450960E+01    5.35328140E-01 
   3.53051220E+00    4.44634540E-01 
SP   3    1.000000
   2.94124940E+00   -9.99672300E-02   1.55916270E-01 
   6.83483100E-01    3.99512830E-01   6.07683720E-01 
   2.22289900E-01    7.00115470E-01   3.91957390E-01 
****
C    0
S    3    1.000000
   7.16168370E+01    1.54328970E-01 
   1.30450960E+01    5.35328140E-01 
   3.53051220E+00    4.44634540E-01 
SP   3    1.000000
   2.94124940E+00   -9.99672300E-02   1.55916270E-01 
   6.83483100E-01    3.99512830E-01   6.07683720E-01 
   2.22289900E-01    7.00115470E-01   3.91957390E-01 
****
C    0
S    3    1.000000
   7.16168370E+01    1.54328970E-01 
   1.30450960E+01    5.35328140E-01 
   3.53051220E+00    4.44634540E-01 
SP   3    1.000000
   2.94124940E+00   -9.99672300E-02   1.55916270E-01 
   6.83483100E-01    3.99512830E-01   6.07683720E-01 
   2.22289900E-01    7.00115470E-01   3.91957390E-01 
****
C    0
S    3    1.000000
   7.16168370E+01    1.54328970E-01 
   1.30450960E+01    5.35328140E-01 
   3.53051220E+00    4.44634540E-01 
SP   3    1.000000
   2.94124940E+00   -9.99672300E-02   1.55916270E-01 
   6.83483100E-01    3.99512830E-01   6.07683720E-01 
   2.22289900E-01    7.00115470E-01   3.91957390E-01 
****
H    0
S    3    1.000000
   3.42525091E+00    1.54328970E-01 
   6.23913730E-01    5.35328140E-01 
   1.68855400E-01    4.44634540E-01 
****
H    0
S    3    1.000000
   3.42525091E+00    1.54328970E-01 
   6.23913730E-01    5.35328140E-01 
   1.68855400E-01    4.44634540E-01 
****
H    0
S    3    1.000000
   3.42525091E+00    1.54328970E-01 
   6.23913730E-01    5.35328140E-01 
   1.68855400E-01    4.44634540E-01 
****
H    0
S    3    1.000000
   3.42525091E+00    1.54328970E-01 
   6.23913730E-01    5.35328140E-01 
   1.68855400E-01    4.44634540E-01 
****
C    0
S    3    1.000000
   7.16168370E+01    1.54328970E-01 
   1.30450960E+01    5.35328140E-01 
   3.53051220E+00    4.44634540E-01 
SP   3    1.000000
   2.94124940E+00   -9.99672300E-02   1.55916270E-01 
   6.83483100E-01    3.99512830E-01   6.07683720E-01 
   2.22289900E-01    7.00115470E-01   3.91957390E-01 
****
C    0
S    3    1.000000
   7.16168370E+01    1.54328970E-01 
   1.30450960E+01    5.35328140E-01 
   3.53051220E+00    4.44634540E-01 
SP   3    1.000000
   2.94124940E+00   -9.99672300E-02   1.55916270E-01 
   6.83483100E-01    3.99512830E-01   6.07683720E-01 
   2.22289900E-01    7.00115470E-01   3.91957390E-01 
****
H    0
S    3    1.000000
   3.42525091E+00    1.54328970E-01 
   6.23913730E-01    5.35328140E-01 
   1.68855400E-01    4.44634540E-01 
****
H    0
S    3    1.000000
   3.42525091E+00    1.54328970E-01 
   6.23913730E-01    5.35328140E-01 
   1.68855400E-01    4.44634540E-01 
****
H    0
S    3    1.000000
   3.42525091E+00    1.54328970E-01 
   6.23913730E-01    5.35328140E-01 
   1.68855400E-01    4.44634540E-01 
****
C    0
S    3    1.000000
   7.16168370E+01    1.54328970E-01 
   1.30450960E+01    5.35328140E-01 
   3.53051220E+00    4.44634540E-01 
SP   3    1.000000
   2.94124940E+00   -9.99672300E-02   1.55916270E-01 
   6.83483100E-01    3.99512830E-01   6.07683720E-01 
   2.22289900E-01    7.00115470E-01   3.91957390E-01 
****
C    0
S    3    1.000000
   7.16168370E+01    1.54328970E-01 
   1.30450960E+01    5.35328140E-01 
   3.53051220E+00    4.44634540E-01 
SP   3    1.000000
   2.94124940E+00   -9.99672300E-02   1.55916270E-01 
   6.83483100E-01    3.99512830E-01   6.07683720E-01 
   2.22289900E-01    7.00115470E-01   3.91957390E-01 
****
H    0
S    3    1.000000
   3.42525091E+00    1.54328970E-01 
   6.23913730E-01    5.35328140E-01 
   1.68855400E-01    4.44634540E-01 
****
H    0
S    3    1.000000
   3.42525091E+00    1.54328970E-01 
   6.23913730E-01    5.35328140E-01 
   1.68855400E-01    4.44634540E-01 
****
H    0
S    3    1.000000
   3.42525091E+00    1.54328970E-01 
   6.23913730E-01    5.35328140E-01 
   1.68855400E-01    4.44634540E-01 
****
$end
-----------------------------------------------------------------------
 There are 30 shells and 60 basis functions

 Total QAlloc Memory Limit   8000 MB
 Mega-Array Size       188 MB
 MEM_STATIC part       192 MB

 A cutoff of  1.0D-09 yielded    383 shell pairs
 There are      1703 function pairs
 Start forming overlap matrix
 Smallest overlap matrix eigenvalue = 1.71E-01

 Scale SEOQF with 1.000000e-01/1.000000e-01/1.000000e+00

 Standard Electronic Orientation quadrupole field applied
 Nucleus-field energy     =     0.0000000194 hartrees
 ================ Generating on-the-fly SAD Guess ================
 Attempting to make child job directory: /scratch/shannon.houck/qchem26209//Frg1/
 Attempting to make child job directory: /scratch/shannon.houck/qchem26209//Frg2/
 Creating input file /scratch/shannon.houck/qchem26209/Frg1.input
 using default PutDataFrgm: nothing
 calling putenv with: QCSCRATCH=/scratch/shannon.houck/qchem26209/ 
 Spawning Job For Fragment 0
 Done Job For Fragment 0
 calling putenv with: QCSCRATCH=/scratch/shannon.houck 
 calling putenv with: QCTHREADS=1 
 Creating input file /scratch/shannon.houck/qchem26209/Frg2.input
 using default PutDataFrgm: nothing
 calling putenv with: QCSCRATCH=/scratch/shannon.houck/qchem26209/ 
 Spawning Job For Fragment 1
 Done Job For Fragment 1
 calling putenv with: QCSCRATCH=/scratch/shannon.houck 
 calling putenv with: QCTHREADS=1 
 Time for running child jobs:  CPU 0.00 s  wall 0.37 s
 ============= Method Specific SAD Guess Constructed =============
 Guess from on-the-fly superposition of atomic densities
 Warning: Energy on first SCF cycle will be non-variational

 -----------------------------------------------------------------------
  General SCF calculation program by
  Eric Jon Sundstrom, Paul Horn, Yuezhi Mao, Dmitri Zuev, Alec White,
  David Stuck, Shaama M.S., Shane Yost, Joonho Lee, David Small,
  Daniel Levine, Susi Lehtola, Hugh Burton, Evgeny Epifanovsky,
  Bang C. Huynh
 -----------------------------------------------------------------------
 Exchange:     0.2000 Hartree-Fock + 0.0800 Slater + 0.7200 B88
 Correlation:  0.1900 VWN1RPA + 0.8100 LYP
 Using SG-1 standard quadrature grid
 A unrestricted SCF calculation will be
 performed using DIIS
 SCF converges when DIIS error is below 1.0e-05
 User-specified cutoff of 10e-9
 used for neglect of 2-electron integrals.
 A cutoff of 10e-9
 used for neglect of overlap integrals.
 Incremental Fock algorithm is on at the start.
 ---------------------------------------
  Cycle       Energy         DIIS error
 ---------------------------------------
    1    -383.8935084871      7.97e-02  
    2    -382.0229048089      3.27e-03  
    3    -382.0387619916      3.16e-03  
    4    -382.0605111817      1.19e-03  
    5    -382.0645126048      4.93e-04  
    6    -382.0651714731      1.56e-04  
    7    -382.0652601135      7.13e-05  
    8    -382.0652826580      3.02e-05  
    9    -382.0652908252      1.49e-05  
   10    -382.0652939561      7.76e-06  Convergence criterion met
 ---------------------------------------
 Alpha HF Exchange     Energy =  -5.54158622027617
 Beta HF Exchange      Energy =  -5.43615079044647
 DFT Correlation       Energy =  -2.93469669709651
 DFT Exchange          Energy = -43.49248586027061
 Kinetic (alpha)       Energy = 188.27400618041855
 Kinetic (beta)        Energy = 186.80572043921327
 Nuclear Attr. (alpha) Energy = -893.44241855867017
 Nuclear Attr. (beta)  Energy = -876.16773217667264
 Total Coulomb         Energy = 619.86391142499224
 Final Alpha MO Eigenvalues
            1           2           3           4           5           6
    1 -10.2540108 -10.2539418 -10.2220318 -10.2219761 -10.2198815 -10.2197962
            7           8           9          10          11          12
    1 -10.2191698 -10.2191670 -10.2143348 -10.2143347  -1.0326120  -0.9653343
           13          14          15          16          17          18
    1  -0.9257578  -0.9064671  -0.8816730  -0.7851967  -0.7636677  -0.7225003
           19          20          21          22          23          24
    1  -0.7070964  -0.6566288  -0.6371449  -0.6033235  -0.5999430  -0.5896833
           25          26          27          28          29          30
    1  -0.5730837  -0.5584484  -0.5421542  -0.5396040  -0.4981853  -0.4970614
           31          32          33          34          35          36
    1  -0.4787826  -0.4753758  -0.4223550  -0.3994855  -0.3774326  -0.1665406
           37          38          39          40          41          42
    1  -0.1137185  -0.0896533  -0.0320865   0.0652437   0.1228970   0.1311551
           43          44          45          46          47          48
    1   0.1681783   0.1831382   0.2224613   0.2246225   0.2360531   0.2475061
           49          50          51          52          53          54
    1   0.2770693   0.3003540   0.3273000   0.3663606   0.3861617   0.4052218
           55          56          57          58          59          60
    1   0.4259263   0.4455958   0.4842700   0.5307322   0.5921997   0.5997491
 Final Beta MO Eigenvalues
            1           2           3           4           5           6
    1 -10.2510430 -10.2509792 -10.2215444 -10.2214937 -10.2197380 -10.2196954
            7           8           9          10          11          12
    1 -10.2196803 -10.2196332 -10.2103597 -10.2103596  -1.0262148  -0.9573321
           13          14          15          16          17          18
    1  -0.9177004  -0.9045524  -0.8698671  -0.7809522  -0.7588906  -0.7188658
           19          20          21          22          23          24
    1  -0.7039921  -0.6543896  -0.6348135  -0.6005793  -0.5974943  -0.5870041
           25          26          27          28          29          30
    1  -0.5719881  -0.5559767  -0.5375683  -0.5250720  -0.4963686  -0.4950118
           31          32          33          34          35          36
    1  -0.4777388  -0.4511965  -0.3956207  -0.3927728  -0.3098917  -0.1386156
           37          38          39          40          41          42
    1  -0.1049349  -0.0694113  -0.0102329   0.0819363   0.1255037   0.1338716
           43          44          45          46          47          48
    1   0.1698933   0.1856971   0.2271292   0.2289092   0.2373438   0.2533631
           49          50          51          52          53          54
    1   0.2836558   0.3047896   0.3325084   0.3696048   0.3875947   0.4081785
           55          56          57          58          59          60
    1   0.4300988   0.4482199   0.4882613   0.5360324   0.5960394   0.6033662
 Final Alpha MO Coefficients
            1           2           3           4           5           6
    1   0.7002413  -0.7002713   0.0086601   0.0069362  -0.0060238  -0.0088210
    2   0.0315683  -0.0313501  -0.0076675  -0.0050470   0.0056900   0.0069645
    3  -0.0015305   0.0011803   0.0020346   0.0009482  -0.0028683  -0.0033826
    4  -0.0003316   0.0002603   0.0036924   0.0048130   0.0038175   0.0025900
    5  -0.0000000   0.0000000   0.0000000  -0.0000000  -0.0000000   0.0000000
    6  -0.0063097   0.0069757   0.1016541  -0.1166779  -0.6929693  -0.6900672
    7  -0.0074687   0.0068004   0.0114327  -0.0116776  -0.0301186  -0.0296979
    8  -0.0027613   0.0030104  -0.0043669   0.0043374  -0.0002271  -0.0004242
    9   0.0035503  -0.0034335  -0.0012749   0.0011683   0.0012836   0.0009371
   10  -0.0000000  -0.0000000   0.0000000  -0.0000000  -0.0000000  -0.0000000
   11   0.0067405   0.0074542  -0.6928148   0.6904630  -0.1026620  -0.1172823
   12   0.0074980   0.0068400  -0.0321686   0.0319376   0.0022584   0.0012314
   13  -0.0011557  -0.0014252  -0.0015556   0.0014109   0.0042472   0.0042129
   14  -0.0043527  -0.0043417   0.0010464  -0.0007475   0.0008748   0.0009299
   15   0.0000000  -0.0000000   0.0000000   0.0000000   0.0000000  -0.0000000
   16  -0.7002413  -0.7002713  -0.0086601   0.0069362   0.0060238  -0.0088210
   17  -0.0315683  -0.0313501   0.0076675  -0.0050470  -0.0056900   0.0069645
   18  -0.0015305  -0.0011803   0.0020346  -0.0009482  -0.0028683   0.0033826
   19  -0.0003316  -0.0002603   0.0036924  -0.0048130   0.0038175  -0.0025900
   20   0.0000000  -0.0000000  -0.0000000   0.0000000  -0.0000000   0.0000000
   21   0.0063097   0.0069757  -0.1016541  -0.1166779   0.6929693  -0.6900672
   22   0.0074687   0.0068004  -0.0114327  -0.0116776   0.0301186  -0.0296979
   23  -0.0027613  -0.0030104  -0.0043669  -0.0043374  -0.0002271   0.0004242
   24   0.0035503   0.0034335  -0.0012749  -0.0011683   0.0012836  -0.0009371
   25  -0.0000000  -0.0000000  -0.0000000   0.0000000   0.0000000  -0.0000000
   26  -0.0067405   0.0074542   0.6928148   0.6904630   0.1026620  -0.1172823
   27  -0.0074980   0.0068400   0.0321686   0.0319376  -0.0022584   0.0012314
   28  -0.0011557   0.0014252  -0.0015556  -0.0014109   0.0042472  -0.0042129
   29  -0.0043527   0.0043417   0.0010464   0.0007475   0.0008748  -0.0009299
   30  -0.0000000   0.0000000  -0.0000000  -0.0000000  -0.0000000  -0.0000000
   31   0.0002233  -0.0000840  -0.0010821   0.0010984   0.0061157   0.0062056
   32  -0.0002383  -0.0000983   0.0062136  -0.0062729   0.0007344   0.0010063
   33  -0.0002233  -0.0000840   0.0010821   0.0010984  -0.0061157   0.0062056
   34   0.0002383  -0.0000983  -0.0062136  -0.0062729  -0.0007344   0.0010063
   35   0.0097015   0.0098616   0.0020898  -0.0050493  -0.0035428   0.0297193
   36   0.0055043   0.0055849  -0.0001643  -0.0001175   0.0000279   0.0011713
   37   0.0038177   0.0038728  -0.0000802  -0.0000367   0.0000467  -0.0000128
   38   0.0008493   0.0008605  -0.0000199   0.0000600   0.0000374   0.0000733
   39  -0.0000000   0.0000000   0.0000000  -0.0000000  -0.0000000   0.0000000
   40   0.0001085   0.0001035   0.0024445  -0.0022006  -0.0000944   0.0013854
   41  -0.0002858  -0.0002862   0.0001975  -0.0001562  -0.0000172  -0.0001792
   42  -0.0001939  -0.0002005   0.0001091  -0.0000824  -0.0000089  -0.0000366
   43  -0.0000538  -0.0000530   0.0000827  -0.0000868   0.0000084   0.0001467
   44  -0.0000000   0.0000000   0.0000000  -0.0000000  -0.0000000  -0.0000000
   45  -0.0001553  -0.0001643   0.0000357  -0.0000246  -0.0000081  -0.0001931
   46   0.0000256   0.0000246   0.0000147  -0.0000132   0.0000043   0.0000152
   47   0.0001384   0.0001263  -0.0002609   0.0002631  -0.0000127  -0.0000170
   48  -0.0097015   0.0098616  -0.0020898  -0.0050493   0.0035428   0.0297193
   49  -0.0055043   0.0055849   0.0001643  -0.0001175  -0.0000279   0.0011713
   50   0.0038177  -0.0038728  -0.0000802   0.0000367   0.0000467   0.0000128
   51   0.0008493  -0.0008605  -0.0000199  -0.0000600   0.0000374  -0.0000733
   52   0.0000000  -0.0000000   0.0000000  -0.0000000  -0.0000000  -0.0000000
   53  -0.0001085   0.0001035  -0.0024445  -0.0022006   0.0000944   0.0013854
   54   0.0002858  -0.0002862  -0.0001975  -0.0001562   0.0000172  -0.0001792
   55  -0.0001939   0.0002005   0.0001091   0.0000824  -0.0000089   0.0000366
   56  -0.0000538   0.0000530   0.0000827   0.0000868   0.0000084  -0.0001467
   57   0.0000000   0.0000000  -0.0000000   0.0000000  -0.0000000  -0.0000000
   58   0.0001553  -0.0001643  -0.0000357  -0.0000246   0.0000081  -0.0001931
   59  -0.0000256   0.0000246  -0.0000147  -0.0000132  -0.0000043   0.0000152
   60  -0.0001384   0.0001263   0.0002609   0.0002631   0.0000127  -0.0000170
            7           8           9          10          11          12
    1  -0.0108100   0.0113617  -0.0004576   0.0004787   0.1125099   0.1121921
    2   0.0047212  -0.0049907  -0.0000827   0.0000736  -0.2862680  -0.2994353
    3   0.0039437  -0.0037709   0.0000310  -0.0000282   0.0563763  -0.0175916
    4   0.0006560  -0.0007129  -0.0000357   0.0000310   0.0137408   0.0087033
    5   0.0000000  -0.0000000   0.0000000  -0.0000000  -0.0000000  -0.0000000
    6  -0.0037023   0.0283485  -0.0005620   0.0018350   0.0965873   0.0386903
    7  -0.0002697   0.0011759  -0.0000277  -0.0000587  -0.2380245  -0.0995350
    8  -0.0000425   0.0001518   0.0001106  -0.0000104   0.0112026  -0.0666258
    9  -0.0000440   0.0001213  -0.0000086   0.0000365   0.0665382   0.0336405
   10  -0.0000000   0.0000000   0.0000000   0.0000000  -0.0000000   0.0000000
   11   0.0013810   0.0098061   0.0024816   0.0027235   0.0983792  -0.0535802
   12   0.0002425   0.0002645   0.0000425   0.0000146  -0.2430849   0.1384259
   13  -0.0000256  -0.0002793   0.0001707   0.0001437  -0.0340804  -0.0475915
   14   0.0000166   0.0000388   0.0000008  -0.0000046   0.0575904  -0.0576884
   15  -0.0000000   0.0000000  -0.0000000  -0.0000000   0.0000000   0.0000000
   16   0.0108100   0.0113617   0.0004576   0.0004787   0.1125099  -0.1121921
   17  -0.0047212  -0.0049907   0.0000827   0.0000736  -0.2862680   0.2994353
   18   0.0039437   0.0037709   0.0000310   0.0000282  -0.0563763  -0.0175916
   19   0.0006560   0.0007129  -0.0000357  -0.0000310  -0.0137408   0.0087033
   20   0.0000000  -0.0000000   0.0000000   0.0000000  -0.0000000  -0.0000000
   21   0.0037023   0.0283485   0.0005620   0.0018350   0.0965873  -0.0386903
   22   0.0002697   0.0011759   0.0000277  -0.0000587  -0.2380245   0.0995350
   23  -0.0000425  -0.0001518   0.0001106   0.0000104  -0.0112026  -0.0666258
   24  -0.0000440  -0.0001213  -0.0000086  -0.0000365  -0.0665382   0.0336405
   25  -0.0000000   0.0000000   0.0000000   0.0000000   0.0000000  -0.0000000
   26  -0.0013810   0.0098061  -0.0024816   0.0027235   0.0983792   0.0535802
   27  -0.0002425   0.0002645  -0.0000425   0.0000146  -0.2430849  -0.1384259
   28  -0.0000256   0.0002793   0.0001707  -0.0001437   0.0340804  -0.0475915
   29   0.0000166  -0.0000388   0.0000008   0.0000046  -0.0575904  -0.0576884
   30  -0.0000000   0.0000000   0.0000000   0.0000000   0.0000000   0.0000000
   31   0.0000605  -0.0003013   0.0000155  -0.0000305  -0.0357551  -0.0215748
   32  -0.0001462  -0.0002425   0.0001480   0.0001459  -0.0379924   0.0327765
   33  -0.0000605  -0.0003013  -0.0000155  -0.0000305  -0.0357551   0.0215748
   34   0.0001462  -0.0002425  -0.0001480   0.0001459  -0.0379924  -0.0327765
   35   0.7001519   0.6995129   0.0208785   0.0209103   0.0403422  -0.1046585
   36   0.0308873   0.0308486  -0.0067160  -0.0067150  -0.1022368   0.2697411
   37  -0.0012781  -0.0012922   0.0032243   0.0032232  -0.0251046   0.0080278
   38   0.0013143   0.0013106  -0.0033462  -0.0033456  -0.0153708   0.0468265
   39   0.0000000   0.0000000  -0.0000000   0.0000000  -0.0000000   0.0000000
   40  -0.0200438  -0.0201606   0.7002096   0.7002062   0.0207430  -0.0779593
   41  -0.0084803  -0.0084825   0.0309863   0.0309853  -0.0524094   0.2027089
   42  -0.0032888  -0.0032901   0.0011044   0.0011038  -0.0187077   0.0540231
   43   0.0033783   0.0033752  -0.0010595  -0.0010593   0.0111832  -0.0398530
   44  -0.0000000  -0.0000000  -0.0000000  -0.0000000   0.0000000  -0.0000000
   45  -0.0062895  -0.0062867  -0.0000437  -0.0000446  -0.0170475   0.0513541
   46   0.0003301   0.0003300  -0.0062940  -0.0062940  -0.0068673   0.0335186
   47   0.0003157   0.0003189  -0.0063447  -0.0063448  -0.0105249   0.0417143
   48  -0.7001519   0.6995129  -0.0208785   0.0209103   0.0403422   0.1046585
   49  -0.0308873   0.0308486   0.0067160  -0.0067150  -0.1022368  -0.2697411
   50  -0.0012781   0.0012922   0.0032244  -0.0032232   0.0251046   0.0080278
   51   0.0013143  -0.0013106  -0.0033462   0.0033456   0.0153708   0.0468265
   52  -0.0000000   0.0000000   0.0000000   0.0000000  -0.0000000  -0.0000000
   53   0.0200438  -0.0201606  -0.7002100   0.7002057   0.0207430   0.0779593
   54   0.0084803  -0.0084825  -0.0309863   0.0309853  -0.0524094  -0.2027089
   55  -0.0032888   0.0032901   0.0011044  -0.0011038   0.0187077   0.0540231
   56   0.0033783  -0.0033752  -0.0010595   0.0010593  -0.0111832  -0.0398530
   57  -0.0000000  -0.0000000  -0.0000000   0.0000000   0.0000000   0.0000000
   58   0.0062895  -0.0062867   0.0000437  -0.0000446  -0.0170475  -0.0513541
   59  -0.0003301   0.0003300   0.0062940  -0.0062940  -0.0068673  -0.0335186
   60  -0.0003157   0.0003189   0.0063447  -0.0063448  -0.0105249  -0.0417143
           13          14          15          16          17          18
    1  -0.0051717  -0.0230680   0.0961320  -0.0635993  -0.0678865  -0.0060571
    2   0.0176388   0.0634789  -0.2663435   0.1909513   0.2051929   0.0134566
    3   0.0954908  -0.0365452   0.0706784   0.0454715   0.0913015  -0.1422588
    4   0.0057410   0.1404329   0.0332118   0.1781342  -0.1741463  -0.0607299
    5  -0.0000000  -0.0000000  -0.0000000  -0.0000000   0.0000000   0.0000000
    6   0.0409261  -0.1372597   0.0320475  -0.0266583   0.1102181  -0.0452953
    7  -0.1052904   0.3670652  -0.0865736   0.0771745  -0.3224917   0.1383077
    8   0.0301745  -0.0458553  -0.0906312   0.1832726   0.0099641  -0.0092439
    9   0.0217413  -0.0214991   0.0400855  -0.0230197  -0.0619036  -0.0136462
   10  -0.0000000   0.0000000  -0.0000000   0.0000000   0.0000000   0.0000000
   11   0.0323319  -0.1157972  -0.0771452   0.0982196  -0.0358969   0.0243813
   12  -0.0832499   0.3107696   0.2096464  -0.2823839   0.1056748  -0.0744908
   13  -0.0489022   0.0711447  -0.0348099   0.0082579  -0.1793397   0.0757580
   14   0.0043355   0.0276138  -0.0640608  -0.0445255  -0.1192480   0.0391260
   15   0.0000000   0.0000000   0.0000000   0.0000000   0.0000000   0.0000000
   16  -0.0051717   0.0230680  -0.0961320  -0.0635993  -0.0678865   0.0060571
   17   0.0176388  -0.0634789   0.2663435   0.1909513   0.2051929  -0.0134566
   18  -0.0954908  -0.0365452   0.0706784  -0.0454715  -0.0913015  -0.1422588
   19  -0.0057410   0.1404329   0.0332118  -0.1781342   0.1741463  -0.0607299
   20  -0.0000000  -0.0000000  -0.0000000   0.0000000  -0.0000000  -0.0000000
   21   0.0409261   0.1372597  -0.0320475  -0.0266583   0.1102181   0.0452953
   22  -0.1052904  -0.3670652   0.0865736   0.0771745  -0.3224917  -0.1383077
   23  -0.0301745  -0.0458553  -0.0906312  -0.1832726  -0.0099641  -0.0092439
   24  -0.0217413  -0.0214991   0.0400855   0.0230197   0.0619036  -0.0136462
   25   0.0000000   0.0000000   0.0000000   0.0000000  -0.0000000  -0.0000000
   26   0.0323319   0.1157972   0.0771452   0.0982196  -0.0358969  -0.0243813
   27  -0.0832499  -0.3107696  -0.2096464  -0.2823839   0.1056748   0.0744908
   28   0.0489022   0.0711447  -0.0348099  -0.0082579   0.1793397   0.0757580
   29  -0.0043355   0.0276138  -0.0640608   0.0445255   0.1192480   0.0391260
   30  -0.0000000  -0.0000000  -0.0000000  -0.0000000  -0.0000000  -0.0000000
   31  -0.0172623   0.0854365  -0.0197843   0.0421513  -0.1341263   0.0353966
   32  -0.0070070   0.0754167   0.0456181  -0.1166335   0.0469758  -0.0488775
   33  -0.0172623  -0.0854365   0.0197843   0.0421513  -0.1341263  -0.0353966
   34  -0.0070070  -0.0754167  -0.0456181  -0.1166335   0.0469758   0.0488775
   35  -0.1208986   0.0002157   0.0673108  -0.0487168  -0.0138727  -0.1010962
   36   0.3150522  -0.0023531  -0.1764752   0.1486648   0.0449237   0.3139707
   37  -0.0580818  -0.0212961   0.1155362   0.1016232   0.1056284   0.0517906
   38   0.0660387   0.0227243  -0.0528533  -0.0822307   0.0149731  -0.1183789
   39  -0.0000000  -0.0000000  -0.0000000   0.0000000  -0.0000000  -0.0000000
   40  -0.1226230  -0.0157147   0.1125935   0.0636818   0.0577009   0.0848877
   41   0.3254871   0.0415943  -0.3069576  -0.1864760  -0.1737927  -0.2675360
   42   0.0652391   0.0082278  -0.0343986   0.0172643   0.0485699   0.0810472
   43  -0.0588230   0.0004619   0.0477664  -0.0353829   0.0085684  -0.1307682
   44   0.0000000   0.0000000  -0.0000000   0.0000000  -0.0000000   0.0000000
   45   0.0645777  -0.0080412  -0.0398387   0.0736188  -0.0078944   0.1617288
   46   0.0626239   0.0080207  -0.0709252  -0.0605660  -0.0747391  -0.1149381
   47   0.0681601   0.0142587  -0.0660651  -0.0792506  -0.0405905  -0.1541624
   48  -0.1208986  -0.0002157  -0.0673108  -0.0487168  -0.0138727   0.1010962
   49   0.3150522   0.0023531   0.1764752   0.1486648   0.0449237  -0.3139707
   50   0.0580818  -0.0212961   0.1155362  -0.1016232  -0.1056284   0.0517906
   51  -0.0660387   0.0227243  -0.0528533   0.0822307  -0.0149731  -0.1183789
   52  -0.0000000  -0.0000000   0.0000000  -0.0000000  -0.0000000   0.0000000
   53  -0.1226230   0.0157147  -0.1125935   0.0636818   0.0577009  -0.0848877
   54   0.3254871  -0.0415943   0.3069576  -0.1864760  -0.1737927   0.2675360
   55  -0.0652391   0.0082278  -0.0343986  -0.0172643  -0.0485699   0.0810472
   56   0.0588230   0.0004619   0.0477664   0.0353829  -0.0085684  -0.1307682
   57  -0.0000000  -0.0000000  -0.0000000  -0.0000000   0.0000000   0.0000000
   58   0.0645777   0.0080412   0.0398387   0.0736188  -0.0078944  -0.1617288
   59   0.0626239  -0.0080207   0.0709252  -0.0605660  -0.0747391   0.1149381
   60   0.0681601  -0.0142587   0.0660651  -0.0792506  -0.0405905   0.1541624
           19          20          21          22          23          24
    1  -0.0446967   0.0345488   0.0074671   0.0469293  -0.0534183  -0.0151283
    2   0.1320139  -0.1167458  -0.0283956  -0.1604072   0.1893267   0.0513605
    3  -0.1642699  -0.1173352  -0.1426889   0.1454717   0.0614797   0.0043047
    4   0.0028735  -0.0661508   0.1967401   0.1591108   0.1697860   0.0061113
    5   0.0000000   0.0000000  -0.0000000   0.0000000  -0.0000000  -0.0000000
    6   0.0183514   0.0165638  -0.0089922  -0.0256048   0.0484929   0.0245149
    7  -0.0643862  -0.0630871   0.0295069   0.0906103  -0.1699768  -0.0830474
    8   0.0823207  -0.1493690   0.2317165   0.0642876   0.0542676   0.0534783
    9  -0.1891581  -0.1256992  -0.0457163   0.0811493  -0.2350590   0.0015191
   10   0.0000000   0.0000000  -0.0000000   0.0000000  -0.0000000  -0.0000000
   11   0.0519416  -0.0179421   0.0304155   0.0135306  -0.0561487  -0.0215609
   12  -0.1687764   0.0485492  -0.0996688  -0.0546246   0.1931977   0.0789791
   13   0.0414010   0.1470345  -0.1635236   0.0876138  -0.1403281  -0.1121531
   14  -0.1978993  -0.0779817  -0.1220486  -0.2931384  -0.0213866   0.0251785
   15   0.0000000   0.0000000   0.0000000   0.0000000  -0.0000000  -0.0000000
   16  -0.0446967   0.0345488  -0.0074671  -0.0469293   0.0534183  -0.0151283
   17   0.1320139  -0.1167458   0.0283956   0.1604072  -0.1893267   0.0513605
   18   0.1642699   0.1173352  -0.1426889   0.1454717   0.0614797  -0.0043047
   19  -0.0028735   0.0661508   0.1967401   0.1591108   0.1697860  -0.0061113
   20   0.0000000   0.0000000  -0.0000000   0.0000000  -0.0000000  -0.0000000
   21   0.0183514   0.0165638   0.0089922   0.0256048  -0.0484929   0.0245149
   22  -0.0643862  -0.0630871  -0.0295069  -0.0906103   0.1699768  -0.0830474
   23  -0.0823207   0.1493690   0.2317165   0.0642876   0.0542676  -0.0534783
   24   0.1891581   0.1256992  -0.0457163   0.0811493  -0.2350590  -0.0015191
   25   0.0000000  -0.0000000  -0.0000000   0.0000000  -0.0000000  -0.0000000
   26   0.0519416  -0.0179421  -0.0304155  -0.0135306   0.0561487  -0.0215609
   27  -0.1687764   0.0485492   0.0996688   0.0546246  -0.1931977   0.0789791
   28  -0.0414010  -0.1470345  -0.1635236   0.0876138  -0.1403281   0.1121531
   29   0.1978993   0.0779817  -0.1220486  -0.2931384  -0.0213866  -0.0251785
   30   0.0000000  -0.0000000  -0.0000000   0.0000000  -0.0000000  -0.0000000
   31  -0.1063229  -0.1177686   0.0352401   0.1081320  -0.2245167  -0.0168658
   32  -0.1509354  -0.0905738  -0.0236089  -0.2449526   0.1274026   0.0940142
   33  -0.1063229  -0.1177686  -0.0352401  -0.1081320   0.2245167  -0.0168658
   34  -0.1509354  -0.0905738   0.0236089   0.2449526  -0.1274026   0.0940142
   35   0.0600090  -0.0526944  -0.0137805   0.0067589  -0.0064060   0.0171783
   36  -0.1859566   0.1668062   0.0393442  -0.0248315   0.0127419  -0.0410536
   37  -0.0291529  -0.1766720   0.0729632  -0.1097227  -0.1915391   0.0544405
   38   0.0663240  -0.0997972   0.1974887   0.0059894  -0.0366336  -0.2930789
   39  -0.0000000   0.0000000  -0.0000000   0.0000000  -0.0000000  -0.0000000
   40  -0.0589731   0.0231284   0.0196569  -0.0094299   0.0108658  -0.0008299
   41   0.1884445  -0.0857663  -0.0735398   0.0268356  -0.0468207   0.0215570
   42  -0.0769830   0.0017864   0.2093835  -0.1036599  -0.0053848  -0.3408346
   43   0.0710761  -0.2234173   0.0336873  -0.1637814  -0.1835954   0.0518000
   44  -0.0000000   0.0000000  -0.0000000   0.0000000  -0.0000000  -0.0000000
   45  -0.1015335   0.1423829  -0.1191912  -0.0073880   0.0715964   0.1760963
   46   0.0947911  -0.0072708  -0.1551272   0.1011583   0.0102126   0.2320923
   47   0.0839780  -0.1749994   0.0239731  -0.1420550  -0.1283710   0.0038798
   48   0.0600090  -0.0526944   0.0137805  -0.0067589   0.0064060   0.0171783
   49  -0.1859566   0.1668062  -0.0393442   0.0248315  -0.0127419  -0.0410536
   50   0.0291529   0.1766720   0.0729632  -0.1097227  -0.1915391  -0.0544405
   51  -0.0663240   0.0997972   0.1974887   0.0059894  -0.0366336   0.2930789
   52   0.0000000  -0.0000000  -0.0000000   0.0000000  -0.0000000  -0.0000000
   53  -0.0589731   0.0231284  -0.0196569   0.0094299  -0.0108658  -0.0008299
   54   0.1884445  -0.0857663   0.0735398  -0.0268356   0.0468207   0.0215570
   55   0.0769830  -0.0017864   0.2093835  -0.1036599  -0.0053848   0.3408346
   56  -0.0710761   0.2234173   0.0336873  -0.1637814  -0.1835954  -0.0518000
   57   0.0000000  -0.0000000  -0.0000000   0.0000000  -0.0000000  -0.0000000
   58  -0.1015335   0.1423829   0.1191912   0.0073880  -0.0715964   0.1760963
   59   0.0947911  -0.0072708   0.1551272  -0.1011583  -0.0102126   0.2320923
   60   0.0839780  -0.1749994  -0.0239731   0.1420550   0.1283710   0.0038798
           25          26          27          28          29          30
    1  -0.0011673   0.0068068  -0.0000000  -0.0245106   0.0157988   0.0015311
    2   0.0070114  -0.0262312   0.0000000   0.0878402  -0.0691918   0.0005599
    3   0.1485742  -0.1190004   0.0000000  -0.0107598  -0.2519737   0.1725612
    4  -0.0682120   0.1241341  -0.0000000  -0.1018596  -0.0746072  -0.2595651
    5   0.0000000   0.0000000   0.3602242   0.0000000   0.0000000  -0.0000000
    6   0.0259960  -0.0101967   0.0000000  -0.0053279  -0.0072880   0.0000874
    7  -0.0803998   0.0392069  -0.0000000   0.0291275   0.0235311   0.0075785
    8   0.1016878   0.2303537  -0.0000000   0.1494593  -0.0115446  -0.1895822
    9   0.3139940   0.0255129  -0.0000000   0.1570916  -0.0553727   0.2337208
   10   0.0000000   0.0000000   0.2880125   0.0000000   0.0000000  -0.0000000
   11   0.0060485   0.0116330  -0.0000000   0.0027347   0.0110418  -0.0020466
   12  -0.0148615  -0.0363218   0.0000000  -0.0076804  -0.0370801  -0.0050856
   13  -0.1955066  -0.2195636   0.0000000  -0.1624574  -0.0352366   0.1693796
   14   0.1635814  -0.0360666  -0.0000000  -0.0756534   0.1256826  -0.2281769
   15   0.0000000   0.0000000   0.2934813   0.0000000   0.0000000  -0.0000000
   16   0.0011673  -0.0068068   0.0000000  -0.0245106  -0.0157988   0.0015311
   17  -0.0070114   0.0262312  -0.0000000   0.0878402   0.0691918   0.0005599
   18   0.1485742  -0.1190004  -0.0000000   0.0107598  -0.2519737  -0.1725612
   19  -0.0682120   0.1241341   0.0000000   0.1018596  -0.0746072   0.2595651
   20   0.0000000   0.0000000   0.3602242   0.0000000   0.0000000  -0.0000000
   21  -0.0259960   0.0101967  -0.0000000  -0.0053279   0.0072880   0.0000874
   22   0.0803998  -0.0392069   0.0000000   0.0291275  -0.0235311   0.0075785
   23   0.1016878   0.2303537  -0.0000000  -0.1494593  -0.0115446   0.1895822
   24   0.3139940   0.0255129  -0.0000000  -0.1570916  -0.0553727  -0.2337208
   25   0.0000000   0.0000000   0.2880125   0.0000000   0.0000000  -0.0000000
   26  -0.0060485  -0.0116330   0.0000000   0.0027347  -0.0110418  -0.0020466
   27   0.0148615   0.0363218  -0.0000000  -0.0076804   0.0370801  -0.0050856
   28  -0.1955066  -0.2195636   0.0000000   0.1624574  -0.0352366  -0.1693796
   29   0.1635814  -0.0360666   0.0000000   0.0756534   0.1256826   0.2281769
   30   0.0000000   0.0000000   0.2934813  -0.0000000  -0.0000000  -0.0000000
   31   0.2178636   0.0863540  -0.0000000   0.1676847  -0.0250694   0.1653241
   32   0.1832612   0.0763056  -0.0000000  -0.0012676   0.0491001  -0.2861835
   33  -0.2178636  -0.0863540   0.0000000   0.1676847   0.0250694   0.1653241
   34  -0.1832612  -0.0763056  -0.0000000  -0.0012676  -0.0491001  -0.2861835
   35  -0.0044434  -0.0010687  -0.0000000   0.0244930   0.0044974  -0.0097259
   36   0.0057021   0.0236845   0.0000000  -0.0988077  -0.0162903   0.0468373
   37  -0.1488196   0.1340272   0.0000000  -0.1000232   0.1722871   0.1404988
   38   0.0443330  -0.2511153   0.0000000   0.1661881   0.1944998  -0.0394088
   39   0.0000000   0.0000000   0.1462383  -0.0000000   0.0000000  -0.0000000
   40   0.0047364   0.0144364  -0.0000000  -0.0088582  -0.0023132   0.0039570
   41  -0.0273984  -0.0327267   0.0000000   0.0211131   0.0091927  -0.0064401
   42   0.0585111  -0.2471446   0.0000000  -0.1093028  -0.1991968  -0.0782313
   43  -0.1556379   0.1307162   0.0000000  -0.2902875  -0.2020779   0.1062588
   44   0.0000000   0.0000000   0.0839252  -0.0000000   0.0000000  -0.0000000
   45  -0.0138186   0.1724984   0.0000000  -0.1599844  -0.2332572   0.0372792
   46  -0.0302057   0.1487136  -0.0000000   0.1461883   0.2249977   0.0479239
   47  -0.0946160   0.0583377   0.0000000  -0.2473050  -0.2309278   0.0320792
   48   0.0044434   0.0010687  -0.0000000   0.0244930  -0.0044974  -0.0097259
   49  -0.0057021  -0.0236845   0.0000000  -0.0988077   0.0162903   0.0468373
   50  -0.1488196   0.1340272  -0.0000000   0.1000232   0.1722871  -0.1404988
   51   0.0443330  -0.2511153   0.0000000  -0.1661881   0.1944998   0.0394088
   52   0.0000000   0.0000000   0.1462383   0.0000000  -0.0000000  -0.0000000
   53  -0.0047364  -0.0144364   0.0000000  -0.0088582   0.0023132   0.0039570
   54   0.0273984   0.0327267  -0.0000000   0.0211131  -0.0091927  -0.0064401
   55   0.0585111  -0.2471446   0.0000000   0.1093028  -0.1991968   0.0782313
   56  -0.1556379   0.1307162  -0.0000000   0.2902875  -0.2020779  -0.1062588
   57   0.0000000   0.0000000   0.0839252  -0.0000000  -0.0000000  -0.0000000
   58   0.0138186  -0.1724984   0.0000000  -0.1599844   0.2332572   0.0372792
   59   0.0302057  -0.1487136   0.0000000   0.1461883  -0.2249977   0.0479239
   60   0.0946160  -0.0583377  -0.0000000  -0.2473050   0.2309278   0.0320792
           31          32          33          34          35          36
    1  -0.0139784  -0.0000000  -0.0000000  -0.0000000   0.0000000   0.0000000
    2   0.0690383   0.0000000   0.0000000   0.0000000  -0.0000000  -0.0000000
    3   0.2372808  -0.0000000   0.0000000   0.0000000   0.0000000  -0.0000000
    4   0.1612054  -0.0000000   0.0000000  -0.0000000  -0.0000000  -0.0000000
    5  -0.0000000  -0.3843416   0.0269949   0.0151858  -0.3749315  -0.4672792
    6  -0.0026872   0.0000000   0.0000000   0.0000000  -0.0000000  -0.0000000
    7   0.0033674  -0.0000000  -0.0000000  -0.0000000   0.0000000   0.0000000
    8  -0.1871898   0.0000000  -0.0000000   0.0000000  -0.0000000  -0.0000000
    9  -0.1152505   0.0000000   0.0000000   0.0000000  -0.0000000   0.0000000
   10   0.0000000  -0.1352238   0.1542056   0.4630046  -0.1910387   0.2488884
   11  -0.0022160   0.0000000  -0.0000000  -0.0000000   0.0000000   0.0000000
   12   0.0091290   0.0000000   0.0000000   0.0000000  -0.0000000  -0.0000000
   13   0.1829616  -0.0000000   0.0000000  -0.0000000   0.0000000  -0.0000000
   14   0.1793127  -0.0000000   0.0000000   0.0000000  -0.0000000   0.0000000
   15   0.0000000   0.1538954   0.1506387   0.4575130   0.2058093   0.3138544
   16  -0.0139784   0.0000000   0.0000000   0.0000000   0.0000000  -0.0000000
   17   0.0690383  -0.0000000  -0.0000000  -0.0000000   0.0000000   0.0000000
   18  -0.2372808   0.0000000   0.0000000   0.0000000   0.0000000  -0.0000000
   19  -0.1612054   0.0000000   0.0000000  -0.0000000   0.0000000  -0.0000000
   20   0.0000000   0.3843416   0.0269949  -0.0151858   0.3749315  -0.4672792
   21  -0.0026872   0.0000000  -0.0000000  -0.0000000  -0.0000000   0.0000000
   22   0.0033674  -0.0000000   0.0000000   0.0000000   0.0000000  -0.0000000
   23   0.1871898  -0.0000000   0.0000000  -0.0000000   0.0000000  -0.0000000
   24   0.1152505   0.0000000   0.0000000  -0.0000000  -0.0000000   0.0000000
   25  -0.0000000   0.1352238   0.1542056  -0.4630046   0.1910387   0.2488884
   26  -0.0022160  -0.0000000   0.0000000   0.0000000   0.0000000  -0.0000000
   27   0.0091290   0.0000000  -0.0000000  -0.0000000   0.0000000   0.0000000
   28  -0.1829616   0.0000000  -0.0000000   0.0000000   0.0000000   0.0000000
   29  -0.1793127  -0.0000000   0.0000000  -0.0000000   0.0000000   0.0000000
   30  -0.0000000  -0.1538954   0.1506387  -0.4575130  -0.2058093   0.3138544
   31  -0.1881335   0.0000000  -0.0000000   0.0000000   0.0000000   0.0000000
   32  -0.0140006   0.0000000  -0.0000000  -0.0000000   0.0000000   0.0000000
   33  -0.1881335   0.0000000  -0.0000000   0.0000000  -0.0000000   0.0000000
   34  -0.0140006   0.0000000   0.0000000   0.0000000  -0.0000000  -0.0000000
   35  -0.0137620  -0.0000000  -0.0000000   0.0000000   0.0000000   0.0000000
   36   0.0571371   0.0000000   0.0000000  -0.0000000  -0.0000000  -0.0000000
   37   0.2355206  -0.0000000  -0.0000000  -0.0000000  -0.0000000  -0.0000000
   38   0.1465537  -0.0000000  -0.0000000  -0.0000000  -0.0000000  -0.0000000
   39   0.0000000   0.3365317  -0.4002888  -0.0078108  -0.2465993  -0.2537436
   40  -0.0004005   0.0000000  -0.0000000  -0.0000000  -0.0000000   0.0000000
   41   0.0059038  -0.0000000   0.0000000  -0.0000000   0.0000000  -0.0000000
   42  -0.1472796   0.0000000   0.0000000   0.0000000   0.0000000   0.0000000
   43  -0.0894634   0.0000000   0.0000000   0.0000000  -0.0000000   0.0000000
   44   0.0000000   0.2656288  -0.4468610   0.0038595  -0.4149995   0.4053616
   45  -0.1893526   0.0000000   0.0000000   0.0000000   0.0000000   0.0000000
   46   0.1642273  -0.0000000  -0.0000000  -0.0000000  -0.0000000   0.0000000
   47  -0.1422399   0.0000000  -0.0000000   0.0000000   0.0000000   0.0000000
   48  -0.0137620   0.0000000   0.0000000   0.0000000  -0.0000000  -0.0000000
   49   0.0571371  -0.0000000  -0.0000000  -0.0000000   0.0000000   0.0000000
   50  -0.2355206   0.0000000  -0.0000000   0.0000000  -0.0000000  -0.0000000
   51  -0.1465537  -0.0000000  -0.0000000  -0.0000000   0.0000000  -0.0000000
   52  -0.0000000  -0.3365317  -0.4002888   0.0078108   0.2465993  -0.2537436
   53  -0.0004005  -0.0000000  -0.0000000  -0.0000000   0.0000000   0.0000000
   54   0.0059038   0.0000000   0.0000000   0.0000000  -0.0000000  -0.0000000
   55   0.1472796   0.0000000   0.0000000   0.0000000  -0.0000000  -0.0000000
   56   0.0894634   0.0000000  -0.0000000   0.0000000   0.0000000   0.0000000
   57   0.0000000  -0.2656288  -0.4468610  -0.0038595   0.4149995   0.4053616
   58  -0.1893526  -0.0000000  -0.0000000   0.0000000   0.0000000   0.0000000
   59   0.1642273  -0.0000000   0.0000000  -0.0000000   0.0000000   0.0000000
   60  -0.1422399  -0.0000000  -0.0000000  -0.0000000  -0.0000000  -0.0000000
           37          38          39          40          41          42
    1  -0.0000000   0.0000000   0.0000000  -0.0000000   0.0796768  -0.0687274
    2   0.0000000  -0.0000000  -0.0000000   0.0000000  -0.4627296   0.3913788
    3   0.0000000  -0.0000000  -0.0000000   0.0000000  -0.3582518   0.3717050
    4  -0.0000000  -0.0000000   0.0000000   0.0000000  -0.0950353   0.2141101
    5  -0.0347376  -0.0225657   0.4584000   0.5309871   0.0000000   0.0000000
    6   0.0000000  -0.0000000   0.0000000  -0.0000000   0.0258493   0.0229574
    7   0.0000000   0.0000000  -0.0000000   0.0000000  -0.1572357  -0.1305851
    8   0.0000000   0.0000000  -0.0000000  -0.0000000  -0.0090073   0.1233413
    9   0.0000000  -0.0000000  -0.0000000   0.0000000  -0.2529378   0.2516732
   10   0.5897936   0.2221609  -0.1689078  -0.4868799  -0.0000000  -0.0000000
   11  -0.0000000   0.0000000  -0.0000000  -0.0000000   0.0357140  -0.0326335
   12   0.0000000  -0.0000000   0.0000000   0.0000000  -0.2154400   0.1892336
   13   0.0000000  -0.0000000   0.0000000  -0.0000000   0.0871158   0.1131929
   14  -0.0000000  -0.0000000  -0.0000000   0.0000000  -0.1787483   0.1664745
   15  -0.5481010  -0.2118179  -0.1933226   0.4851598   0.0000000   0.0000000
   16   0.0000000  -0.0000000  -0.0000000  -0.0000000   0.0796768   0.0687274
   17  -0.0000000  -0.0000000   0.0000000   0.0000000  -0.4627296  -0.3913788
   18   0.0000000   0.0000000  -0.0000000  -0.0000000   0.3582518   0.3717050
   19  -0.0000000  -0.0000000   0.0000000  -0.0000000   0.0950353   0.2141101
   20  -0.0347376   0.0225657   0.4584000  -0.5309871  -0.0000000  -0.0000000
   21  -0.0000000   0.0000000  -0.0000000   0.0000000   0.0258493  -0.0229574
   22   0.0000000  -0.0000000  -0.0000000   0.0000000  -0.1572357   0.1305851
   23   0.0000000   0.0000000  -0.0000000  -0.0000000   0.0090073   0.1233413
   24   0.0000000  -0.0000000  -0.0000000  -0.0000000   0.2529378   0.2516732
   25   0.5897936  -0.2221609  -0.1689078   0.4868799   0.0000000   0.0000000
   26   0.0000000  -0.0000000  -0.0000000  -0.0000000   0.0357140   0.0326335
   27  -0.0000000   0.0000000   0.0000000   0.0000000  -0.2154400  -0.1892336
   28  -0.0000000   0.0000000   0.0000000   0.0000000  -0.0871158   0.1131929
   29  -0.0000000   0.0000000  -0.0000000  -0.0000000   0.1787483   0.1664745
   30  -0.5481010   0.2118179  -0.1933226  -0.4851598  -0.0000000  -0.0000000
   31   0.0000000   0.0000000   0.0000000  -0.0000000   0.3732356  -0.2285653
   32  -0.0000000   0.0000000   0.0000000  -0.0000000   0.3727547  -0.1218430
   33   0.0000000  -0.0000000  -0.0000000  -0.0000000   0.3732356   0.2285653
   34   0.0000000  -0.0000000  -0.0000000  -0.0000000   0.3727547   0.1218430
   35   0.0000000  -0.0000000   0.0000000   0.0000000  -0.0677747  -0.0506133
   36  -0.0000000   0.0000000  -0.0000000  -0.0000000   0.3792603   0.2853436
   37  -0.0000000   0.0000000  -0.0000000  -0.0000000   0.4200288   0.4190633
   38   0.0000000   0.0000000  -0.0000000  -0.0000000   0.1944838   0.2470302
   39  -0.0016524   0.5494170  -0.5481486   0.2657764   0.0000000   0.0000000
   40   0.0000000   0.0000000   0.0000000  -0.0000000   0.0341931   0.0038453
   41  -0.0000000  -0.0000000   0.0000000   0.0000000  -0.1937355  -0.0178642
   42  -0.0000000  -0.0000000   0.0000000  -0.0000000   0.1197245   0.1646030
   43   0.0000000  -0.0000000   0.0000000  -0.0000000   0.1094332   0.2904258
   44   0.0199277  -0.5175695   0.4003264  -0.1450085  -0.0000000  -0.0000000
   45   0.0000000  -0.0000000  -0.0000000  -0.0000000   0.0564045   0.2033311
   46  -0.0000000  -0.0000000   0.0000000  -0.0000000   0.3227970   0.2984603
   47   0.0000000  -0.0000000   0.0000000   0.0000000  -0.1279295  -0.3444192
   48   0.0000000  -0.0000000  -0.0000000   0.0000000  -0.0677747   0.0506133
   49  -0.0000000   0.0000000   0.0000000  -0.0000000   0.3792603  -0.2853436
   50   0.0000000  -0.0000000  -0.0000000   0.0000000  -0.4200288   0.4190633
   51  -0.0000000  -0.0000000  -0.0000000   0.0000000  -0.1944838   0.2470302
   52  -0.0016524  -0.5494170  -0.5481486  -0.2657764  -0.0000000  -0.0000000
   53   0.0000000   0.0000000   0.0000000  -0.0000000   0.0341931  -0.0038453
   54  -0.0000000  -0.0000000  -0.0000000   0.0000000  -0.1937355   0.0178642
   55   0.0000000  -0.0000000  -0.0000000   0.0000000  -0.1197245   0.1646030
   56   0.0000000   0.0000000   0.0000000  -0.0000000  -0.1094332   0.2904258
   57   0.0199277   0.5175695   0.4003264   0.1450085   0.0000000   0.0000000
   58   0.0000000   0.0000000   0.0000000  -0.0000000   0.0564045  -0.2033311
   59  -0.0000000   0.0000000   0.0000000  -0.0000000   0.3227970  -0.2984603
   60  -0.0000000  -0.0000000  -0.0000000  -0.0000000  -0.1279295   0.3444192
           43          44          45          46          47          48
    1  -0.0268635   0.0454515  -0.0809722  -0.0472068  -0.0154027  -0.1153478
    2   0.1464287  -0.2781417   0.4887149   0.2858193   0.1068859   0.7201314
    3   0.3709036   0.0027580  -0.0444120   0.1762721  -0.1268265  -0.0916916
    4  -0.1620763  -0.0095539  -0.1929813  -0.2680962  -0.1170842   0.0648567
    5   0.0000000   0.0000000   0.0000000   0.0000000   0.0000000   0.0000000
    6   0.0103883  -0.0404126   0.0851324  -0.0750944   0.0381255   0.1097633
    7  -0.0620758   0.2515973  -0.5120946   0.4676082  -0.2385481  -0.6929665
    8   0.2200723   0.1761085  -0.0556103  -0.1730171  -0.2382024  -0.2384186
    9  -0.2270193  -0.0100003  -0.2214807  -0.0162962  -0.2782003  -0.0328876
   10  -0.0000000  -0.0000000  -0.0000000  -0.0000000  -0.0000000  -0.0000000
   11   0.0138980  -0.0575434  -0.0983370   0.1015144   0.0137813   0.0364279
   12  -0.0857570   0.3561504   0.6021645  -0.6315193  -0.0911033  -0.2340999
   13   0.3165197  -0.2304927  -0.1649771  -0.0387911  -0.0238451   0.2608485
   14  -0.3104791   0.1379165  -0.1091662   0.0629044  -0.2585704   0.2461996
   15   0.0000000   0.0000000   0.0000000   0.0000000   0.0000000   0.0000000
   16   0.0268635   0.0454515   0.0809722  -0.0472068   0.0154027  -0.1153478
   17  -0.1464287  -0.2781417  -0.4887149   0.2858193  -0.1068859   0.7201314
   18   0.3709036  -0.0027580  -0.0444120  -0.1762721  -0.1268265   0.0916916
   19  -0.1620763   0.0095539  -0.1929813   0.2680962  -0.1170842  -0.0648567
   20  -0.0000000  -0.0000000  -0.0000000  -0.0000000  -0.0000000  -0.0000000
   21  -0.0103883  -0.0404126  -0.0851324  -0.0750944  -0.0381255   0.1097633
   22   0.0620758   0.2515973   0.5120946   0.4676082   0.2385481  -0.6929665
   23   0.2200723  -0.1761085  -0.0556103   0.1730171  -0.2382024   0.2384186
   24  -0.2270193   0.0100003  -0.2214807   0.0162962  -0.2782003   0.0328876
   25   0.0000000   0.0000000   0.0000000   0.0000000   0.0000000   0.0000000
   26  -0.0138980  -0.0575434   0.0983370   0.1015144  -0.0137813   0.0364279
   27   0.0857570   0.3561504  -0.6021645  -0.6315193   0.0911033  -0.2340999
   28   0.3165197   0.2304927  -0.1649771   0.0387911  -0.0238451  -0.2608485
   29  -0.3104791  -0.1379165  -0.1091662  -0.0629044  -0.2585704  -0.2461996
   30  -0.0000000  -0.0000000  -0.0000000  -0.0000000   0.0000000  -0.0000000
   31   0.1696806  -0.2139353   0.5121002  -0.2016034   0.4833256   0.4268221
   32   0.4994020  -0.3784903  -0.2937984   0.2036397   0.1937626   0.1405537
   33  -0.1696806  -0.2139353  -0.5121002  -0.2016034  -0.4833256   0.4268221
   34  -0.4994020  -0.3784903   0.2937984   0.2036397  -0.1937626   0.1405537
   35  -0.0913752   0.0456409  -0.0310068   0.0553339   0.0664478   0.0850780
   36   0.5303643  -0.2760987   0.1941606  -0.3432030  -0.4246833  -0.5186777
   37   0.2069536   0.1542446   0.1144493  -0.1688873   0.0047407  -0.0300228
   38  -0.0990071   0.2286693  -0.1811508   0.2829350   0.2719072   0.1016866
   39   0.0000000   0.0000000   0.0000000   0.0000000   0.0000000   0.0000000
   40   0.0487260  -0.0493568  -0.0687240   0.0794443   0.0351533  -0.0681379
   41  -0.2835320   0.2973388   0.4384063  -0.5102960  -0.2290296   0.4196517
   42  -0.0312519   0.2403538  -0.0808128   0.1750587   0.3660450   0.0265439
   43  -0.1204195   0.3372870   0.1833622  -0.1033121   0.0263180   0.0395210
   44  -0.0000000  -0.0000000  -0.0000000  -0.0000000  -0.0000000  -0.0000000
   45  -0.3676567   0.4482705  -0.2208347   0.4309741   0.4893681   0.3502750
   46   0.1244673   0.1603948  -0.2647519   0.4054015   0.4705278  -0.1883509
   47   0.2164388  -0.5230313  -0.3341082   0.2714641  -0.0456875  -0.2676890
   48   0.0913752   0.0456409   0.0310068   0.0553339  -0.0664478   0.0850780
   49  -0.5303643  -0.2760987  -0.1941606  -0.3432030   0.4246833  -0.5186777
   50   0.2069536  -0.1542446   0.1144493   0.1688873   0.0047407   0.0300228
   51  -0.0990071  -0.2286693  -0.1811508  -0.2829350   0.2719072  -0.1016866
   52  -0.0000000  -0.0000000  -0.0000000  -0.0000000  -0.0000000  -0.0000000
   53  -0.0487260  -0.0493568   0.0687240   0.0794443  -0.0351533  -0.0681379
   54   0.2835320   0.2973388  -0.4384063  -0.5102960   0.2290296   0.4196517
   55  -0.0312519  -0.2403538  -0.0808128  -0.1750587   0.3660450  -0.0265439
   56  -0.1204195  -0.3372870   0.1833622   0.1033121   0.0263180  -0.0395210
   57   0.0000000   0.0000000   0.0000000   0.0000000   0.0000000   0.0000000
   58   0.3676567   0.4482705   0.2208347   0.4309741  -0.4893681   0.3502750
   59  -0.1244673   0.1603948   0.2647519   0.4054015  -0.4705278  -0.1883509
   60  -0.2164388  -0.5230313   0.3341082   0.2714641   0.0456875  -0.2676890
           49          50          51          52          53          54
    1  -0.0588061  -0.0050049   0.0787998  -0.0024724   0.0017204   0.0749318
    2   0.3674477   0.0265591  -0.5463615   0.0294396  -0.0114919  -0.5314336
    3  -0.1424638   0.0611895   0.5883494   0.1078690   0.0733429  -0.0252700
    4   0.1815943   0.3728925   0.1172129  -0.5674097  -0.1519592  -0.2404242
    5   0.0000000   0.0000000   0.0000000   0.0000000   0.0000000   0.0000000
    6   0.0547708   0.0963806  -0.0238323  -0.1025508  -0.0049422   0.0333542
    7  -0.3428100  -0.6222013   0.1627360   0.7015360   0.0472892  -0.2256282
    8  -0.2166291   0.2066816   0.1494752   0.0713718  -0.2327468   0.7438288
    9   0.1643252   0.0556113  -0.4598979   0.0342437  -0.6049984  -0.2431117
   10  -0.0000000  -0.0000000  -0.0000000  -0.0000000   0.0000000   0.0000000
   11  -0.0504333  -0.1098799  -0.0337294  -0.0280063   0.0008229  -0.0824041
   12   0.3086384   0.7135388   0.2261508   0.2070377  -0.0202020   0.5732572
   13  -0.1570725   0.2092350   0.0509367  -0.4871601  -0.4511797   0.3783767
   14   0.1305015  -0.0065233  -0.4190217  -0.2703805   0.4266399   0.4112765
   15   0.0000000   0.0000000   0.0000000   0.0000000  -0.0000000  -0.0000000
   16   0.0588061  -0.0050049   0.0787998   0.0024724   0.0017204  -0.0749318
   17  -0.3674477   0.0265591  -0.5463615  -0.0294396  -0.0114919   0.5314336
   18  -0.1424638  -0.0611895  -0.5883494   0.1078690  -0.0733429  -0.0252700
   19   0.1815943  -0.3728925  -0.1172129  -0.5674097   0.1519592  -0.2404242
   20  -0.0000000  -0.0000000  -0.0000000  -0.0000000  -0.0000000   0.0000000
   21  -0.0547708   0.0963806  -0.0238323   0.1025508  -0.0049422  -0.0333542
   22   0.3428100  -0.6222013   0.1627360  -0.7015360   0.0472892   0.2256282
   23  -0.2166291  -0.2066816  -0.1494752   0.0713718   0.2327468   0.7438288
   24   0.1643252  -0.0556113   0.4598979   0.0342437   0.6049984  -0.2431117
   25   0.0000000   0.0000000   0.0000000   0.0000000  -0.0000000   0.0000000
   26   0.0504333  -0.1098799  -0.0337294   0.0280063   0.0008229   0.0824041
   27  -0.3086384   0.7135388   0.2261508  -0.2070377  -0.0202020  -0.5732572
   28  -0.1570725  -0.2092350  -0.0509367  -0.4871601   0.4511797   0.3783767
   29   0.1305015   0.0065233   0.4190217  -0.2703805  -0.4266399   0.4112765
   30  -0.0000000  -0.0000000  -0.0000000  -0.0000000   0.0000000  -0.0000000
   31   0.0802354   0.1913613   0.2386094  -0.3339908   0.5105540   0.0919508
   32  -0.4386525  -0.2802698   0.1790738  -0.1636562  -0.5038673  -0.2870598
   33  -0.0802354   0.1913613   0.2386094   0.3339908   0.5105540  -0.0919508
   34   0.4386525  -0.2802698   0.1790738   0.1636562  -0.5038673   0.2870598
   35  -0.0680287   0.0235787   0.0704506   0.0085089  -0.0388872   0.0394230
   36   0.4207257  -0.1723429  -0.4559125  -0.0766292   0.2740761  -0.2675076
   37  -0.1563557  -0.0954872   0.0508148   0.0108737  -0.2012521  -0.1286024
   38  -0.0111195   0.0378765   0.1188635  -0.2842099   0.0770749  -0.0359270
   39   0.0000000   0.0000000   0.0000000   0.0000000  -0.0000000   0.0000000
   40   0.1196330   0.0733653  -0.0371305  -0.0023684   0.0437713   0.0114460
   41  -0.7646098  -0.4756258   0.2401749   0.0333372  -0.3032903  -0.0814699
   42   0.0292012   0.3568599  -0.1464284   0.4369343  -0.1750716   0.1972041
   43  -0.1099877  -0.1633437  -0.2560873   0.0260252   0.1024368  -0.0566833
   44  -0.0000000   0.0000000  -0.0000000  -0.0000000  -0.0000000  -0.0000000
   45  -0.2630139   0.0566940   0.2948086  -0.2211532  -0.1077183   0.0766611
   46   0.3746658   0.5010735  -0.2873679   0.3497056   0.0016425   0.1711482
   47   0.5303826   0.3393213   0.0955828  -0.1048364   0.1459690   0.0978147
   48   0.0680287   0.0235787   0.0704506  -0.0085089  -0.0388872  -0.0394230
   49  -0.4207257  -0.1723429  -0.4559125   0.0766292   0.2740761   0.2675076
   50  -0.1563557   0.0954872  -0.0508148   0.0108737   0.2012521  -0.1286024
   51  -0.0111195  -0.0378765  -0.1188635  -0.2842099  -0.0770749  -0.0359270
   52  -0.0000000  -0.0000000  -0.0000000  -0.0000000   0.0000000  -0.0000000
   53  -0.1196330   0.0733653  -0.0371305   0.0023684   0.0437713  -0.0114460
   54   0.7646098  -0.4756258   0.2401749  -0.0333372  -0.3032903   0.0814699
   55   0.0292012  -0.3568599   0.1464284   0.4369343   0.1750716   0.1972041
   56  -0.1099877   0.1633437   0.2560873   0.0260252  -0.1024368  -0.0566833
   57   0.0000000  -0.0000000   0.0000000   0.0000000  -0.0000000   0.0000000
   58   0.2630139   0.0566940   0.2948086   0.2211532  -0.1077183  -0.0766611
   59  -0.3746658   0.5010735  -0.2873679  -0.3497056   0.0016425  -0.1711482
   60  -0.5303826   0.3393213   0.0955828   0.1048364   0.1459690  -0.0978147
           55          56          57          58          59          60
    1  -0.0626260   0.0132487  -0.0046800   0.0058941  -0.0006552  -0.0576295
    2   0.4270523  -0.0699874   0.0232365  -0.0413422   0.0024220   0.4477620
    3   0.0420088  -0.3755452   0.2238565   0.1265849  -0.1230731  -0.6281353
    4  -0.2673541  -0.1339914  -0.1954186  -0.4425259   0.7127685  -0.1416500
    5   0.0000000   0.0000000   0.0000000   0.0000000  -0.0000000   0.0000000
    6   0.0020917   0.0169108   0.0194568  -0.0403741   0.0097385   0.0570791
    7  -0.0018509  -0.1208078  -0.1405337   0.3024724  -0.0766312  -0.4265606
    8   0.1161099   0.2357936   0.4699226   0.1280334  -0.5411189   0.2096185
    9   0.1678247   0.1761651  -0.0459843  -0.1276903   0.2594664   0.6206959
   10  -0.0000000  -0.0000000  -0.0000000  -0.0000000  -0.0000000  -0.0000000
   11  -0.0617204  -0.0280231  -0.0170454  -0.0238506  -0.0097369  -0.0567573
   12   0.4249870   0.1887724   0.1244639   0.1818942   0.0759955   0.4257289
   13  -0.0862298   0.0927129   0.4872984  -0.1832562  -0.3894483   0.4389661
   14  -0.2128056   0.2751907   0.0620693  -0.1245104  -0.4708699  -0.5077368
   15   0.0000000   0.0000000   0.0000000   0.0000000   0.0000000   0.0000000
   16   0.0626260   0.0132487  -0.0046800  -0.0058941  -0.0006552   0.0576295
   17  -0.4270523  -0.0699874   0.0232365   0.0413422   0.0024220  -0.4477620
   18   0.0420088   0.3755452  -0.2238565   0.1265849   0.1230731  -0.6281353
   19  -0.2673541   0.1339914   0.1954186  -0.4425259  -0.7127685  -0.1416500
   20  -0.0000000  -0.0000000  -0.0000000   0.0000000   0.0000000   0.0000000
   21  -0.0020917   0.0169108   0.0194568   0.0403741   0.0097385  -0.0570791
   22   0.0018509  -0.1208078  -0.1405337  -0.3024724  -0.0766312   0.4265606
   23   0.1161099  -0.2357936  -0.4699226   0.1280334   0.5411189   0.2096185
   24   0.1678247  -0.1761651   0.0459843  -0.1276903  -0.2594664   0.6206959
   25   0.0000000   0.0000000   0.0000000   0.0000000   0.0000000  -0.0000000
   26   0.0617204  -0.0280231  -0.0170454   0.0238506  -0.0097369   0.0567573
   27  -0.4249870   0.1887724   0.1244639  -0.1818942   0.0759955  -0.4257289
   28  -0.0862298  -0.0927129  -0.4872984  -0.1832562   0.3894483   0.4389661
   29  -0.2128056  -0.2751907  -0.0620693  -0.1245104   0.4708699  -0.5077368
   30  -0.0000000  -0.0000000  -0.0000000   0.0000000  -0.0000000   0.0000000
   31  -0.1098316  -0.1461356  -0.0155239  -0.0472119  -0.0231876  -0.2813720
   32  -0.1533845  -0.2291817   0.1897431  -0.0620710   0.0461223   0.3067987
   33   0.1098316  -0.1461356  -0.0155239   0.0472119  -0.0231876   0.2813720
   34   0.1533845  -0.2291817   0.1897431   0.0620710   0.0461223  -0.3067987
   35   0.0495472  -0.0144752  -0.0597876  -0.0629267  -0.0304540   0.0112207
   36  -0.3672486   0.0921269   0.4671162   0.4932729   0.2490894  -0.0647529
   37   0.4897963   0.3299566  -0.5397617  -0.4117641  -0.2545768  -0.2667004
   38   0.2362743   0.4922797   0.3434063   0.6751114   0.4591234  -0.0342541
   39   0.0000000  -0.0000000  -0.0000000  -0.0000000  -0.0000000   0.0000000
   40  -0.0204858   0.0195964   0.0538995   0.0687644   0.0387344   0.0018235
   41   0.1502879  -0.1465304  -0.4203471  -0.5429324  -0.3170935  -0.0240863
   42  -0.1736803  -0.4781660  -0.3540620  -0.5554794  -0.3198810   0.0296330
   43  -0.6155964  -0.3400632   0.5651625   0.4334884   0.2670846   0.1800891
   44   0.0000000   0.0000000  -0.0000000  -0.0000000  -0.0000000  -0.0000000
   45   0.3926314   0.3809224  -0.0198892   0.2145519   0.1766018  -0.0478679
   46  -0.2950270  -0.3566678  -0.0141539  -0.1312121  -0.0690450   0.0509150
   47   0.4500663   0.4280206  -0.2030984  -0.0109389  -0.0343863  -0.1502079
   48  -0.0495472  -0.0144752  -0.0597876   0.0629267  -0.0304540  -0.0112207
   49   0.3672486   0.0921269   0.4671162  -0.4932729   0.2490894   0.0647529
   50   0.4897963  -0.3299566   0.5397617  -0.4117641   0.2545768  -0.2667004
   51   0.2362743  -0.4922797  -0.3434063   0.6751114  -0.4591234  -0.0342541
   52  -0.0000000   0.0000000   0.0000000  -0.0000000   0.0000000  -0.0000000
   53   0.0204858   0.0195964   0.0538995  -0.0687644   0.0387344  -0.0018235
   54  -0.1502879  -0.1465304  -0.4203471   0.5429324  -0.3170935   0.0240863
   55  -0.1736803   0.4781660   0.3540620  -0.5554794   0.3198810   0.0296330
   56  -0.6155964   0.3400632  -0.5651625   0.4334884  -0.2670846   0.1800891
   57   0.0000000   0.0000000   0.0000000  -0.0000000   0.0000000   0.0000000
   58  -0.3926314   0.3809224  -0.0198892  -0.2145519   0.1766018   0.0478679
   59   0.2950270  -0.3566678  -0.0141539   0.1312121  -0.0690450  -0.0509150
   60  -0.4500663   0.4280206  -0.2030984   0.0109389  -0.0343863   0.1502079
 Final Beta MO Coefficients
            1           2           3           4           5           6
    1  -0.7002839   0.7003111  -0.0095939   0.0071383   0.0058337  -0.0048505
    2  -0.0312601   0.0310473   0.0077538  -0.0047949  -0.0052595   0.0002508
    3   0.0015065  -0.0011602  -0.0021023   0.0008677   0.0029947   0.0050236
    4   0.0003270  -0.0002564  -0.0035910   0.0048776  -0.0038669  -0.0007773
    5   0.0000000  -0.0000000  -0.0000000  -0.0000000   0.0000000   0.0000000
    6   0.0070067  -0.0076485  -0.1182645  -0.1361947   0.6894206   0.3555658
    7   0.0074351  -0.0067536  -0.0121220  -0.0124959   0.0297626   0.0152554
    8   0.0027189  -0.0029787   0.0043505   0.0043100   0.0003232   0.0001566
    9  -0.0035061   0.0033909   0.0012991   0.0011930  -0.0012511  -0.0006069
   10   0.0000000   0.0000000  -0.0000000  -0.0000000  -0.0000000  -0.0000000
   11  -0.0074426  -0.0081186   0.6901550   0.6868444   0.1192552   0.0644822
   12  -0.0074649  -0.0067927   0.0321398   0.0318898  -0.0014667  -0.0005272
   13   0.0011341   0.0014129   0.0016582   0.0015317  -0.0041996  -0.0020734
   14   0.0042957   0.0042904  -0.0010178  -0.0007159  -0.0008987  -0.0005554
   15  -0.0000000   0.0000000  -0.0000000   0.0000000  -0.0000000  -0.0000000
   16   0.7002839   0.7003111   0.0095939   0.0071383  -0.0058337  -0.0048505
   17   0.0312601   0.0310473  -0.0077538  -0.0047949   0.0052595   0.0002508
   18   0.0015065   0.0011602  -0.0021023  -0.0008677   0.0029947  -0.0050236
   19   0.0003270   0.0002564  -0.0035910  -0.0048776  -0.0038669   0.0007773
   20  -0.0000000   0.0000000  -0.0000000   0.0000000   0.0000000   0.0000000
   21  -0.0070067  -0.0076485   0.1182645  -0.1361947  -0.6894206   0.3555658
   22  -0.0074351  -0.0067536   0.0121220  -0.0124959  -0.0297626   0.0152554
   23   0.0027189   0.0029787   0.0043505  -0.0043100   0.0003232  -0.0001566
   24  -0.0035061  -0.0033909   0.0012991  -0.0011930  -0.0012511   0.0006069
   25   0.0000000   0.0000000   0.0000000   0.0000000  -0.0000000  -0.0000000
   26   0.0074426  -0.0081186  -0.6901550   0.6868444  -0.1192552   0.0644822
   27   0.0074649  -0.0067927  -0.0321398   0.0318898   0.0014667  -0.0005272
   28   0.0011341  -0.0014129   0.0016582  -0.0015317  -0.0041996   0.0020734
   29   0.0042957  -0.0042904  -0.0010178   0.0007159  -0.0008987   0.0005554
   30   0.0000000  -0.0000000   0.0000000  -0.0000000   0.0000000  -0.0000000
   31  -0.0002298   0.0000907   0.0012264   0.0012721  -0.0060722  -0.0031547
   32   0.0002450   0.0001051  -0.0061786  -0.0062258  -0.0008880  -0.0004259
   33   0.0002298   0.0000907  -0.0012264   0.0012721   0.0060722  -0.0031547
   34  -0.0002450   0.0001051   0.0061786  -0.0062258   0.0008880  -0.0004259
   35  -0.0105115  -0.0107023  -0.0029333  -0.0075069   0.0357003  -0.6000733
   36  -0.0054817  -0.0055633   0.0001174  -0.0002413   0.0013973  -0.0263269
   37  -0.0037692  -0.0038238   0.0000836  -0.0000297  -0.0000992   0.0010441
   38  -0.0008411  -0.0008522   0.0000142   0.0000516   0.0000225  -0.0010977
   39   0.0000000  -0.0000000  -0.0000000   0.0000000   0.0000000  -0.0000000
   40  -0.0000453  -0.0000497  -0.0015570  -0.0013687  -0.0005152   0.0084069
   41   0.0002982   0.0002983  -0.0001473  -0.0000879  -0.0003619   0.0068400
   42   0.0001958   0.0002026  -0.0001035  -0.0000660  -0.0001448   0.0027570
   43   0.0000478   0.0000467  -0.0000873  -0.0000994   0.0001447  -0.0028894
   44  -0.0000000  -0.0000000  -0.0000000  -0.0000000   0.0000000   0.0000000
   45   0.0001610   0.0001703  -0.0000289  -0.0000000  -0.0002823   0.0053549
   46  -0.0000267  -0.0000255  -0.0000230  -0.0000208   0.0000072  -0.0002142
   47  -0.0001385  -0.0001263   0.0002510   0.0002536   0.0000302  -0.0001840
   48   0.0105115  -0.0107023   0.0029333  -0.0075069  -0.0357003  -0.6000733
   49   0.0054817  -0.0055633  -0.0001174  -0.0002413  -0.0013973  -0.0263269
   50  -0.0037692   0.0038238   0.0000836   0.0000297  -0.0000992  -0.0010441
   51  -0.0008411   0.0008522   0.0000142  -0.0000516   0.0000225   0.0010977
   52   0.0000000   0.0000000  -0.0000000  -0.0000000   0.0000000   0.0000000
   53   0.0000453  -0.0000497   0.0015570  -0.0013687   0.0005152   0.0084069
   54  -0.0002982   0.0002983   0.0001473  -0.0000879   0.0003619   0.0068400
   55   0.0001958  -0.0002026  -0.0001035   0.0000660  -0.0001448  -0.0027570
   56   0.0000478  -0.0000467  -0.0000873   0.0000994   0.0001447   0.0028894
   57   0.0000000  -0.0000000   0.0000000   0.0000000   0.0000000  -0.0000000
   58  -0.0001610   0.0001703   0.0000289  -0.0000000   0.0002823   0.0053549
   59   0.0000267  -0.0000255   0.0000230  -0.0000208  -0.0000072  -0.0002142
   60   0.0001385  -0.0001263  -0.0002510   0.0002536  -0.0000302  -0.0001840
            7           8           9          10          11          12
    1   0.0119137  -0.0149083   0.0002692  -0.0002492  -0.1099403   0.1103170
    2  -0.0049410   0.0086405   0.0001518  -0.0001557   0.2758403  -0.2910624
    3  -0.0038121  -0.0007600   0.0000201  -0.0000202  -0.0558047  -0.0212064
    4  -0.0008311   0.0024265   0.0000399  -0.0000426  -0.0133742   0.0080334
    5  -0.0000000   0.0000000  -0.0000000   0.0000000   0.0000000   0.0000000
    6   0.0355705  -0.5879065   0.0009999  -0.0003004  -0.0981130   0.0383629
    7   0.0016454  -0.0250743  -0.0000859  -0.0000068   0.2437028  -0.0997837
    8   0.0000477  -0.0005414  -0.0000169   0.0001046  -0.0133917  -0.0674022
    9  -0.0000108   0.0006789   0.0000342  -0.0000098  -0.0670336   0.0331129
   10   0.0000000  -0.0000000   0.0000000   0.0000000   0.0000000  -0.0000000
   11   0.0033312  -0.1212030   0.0017436   0.0016082  -0.0994271  -0.0534404
   12  -0.0003379   0.0000604  -0.0000196   0.0000018   0.2469242   0.1390823
   13  -0.0001733   0.0036213   0.0001475   0.0001663   0.0363844  -0.0482179
   14  -0.0000619   0.0007658  -0.0000036   0.0000017  -0.0569127  -0.0571498
   15   0.0000000  -0.0000000  -0.0000000  -0.0000000  -0.0000000   0.0000000
   16  -0.0119137  -0.0149083   0.0002692   0.0002492  -0.1099403  -0.1103170
   17   0.0049410   0.0086405   0.0001518   0.0001557   0.2758403   0.2910624
   18  -0.0038121   0.0007600  -0.0000201  -0.0000202   0.0558047  -0.0212064
   19  -0.0008311  -0.0024265  -0.0000399  -0.0000426   0.0133742   0.0080334
   20  -0.0000000   0.0000000   0.0000000   0.0000000   0.0000000  -0.0000000
   21  -0.0355705  -0.5879065   0.0009999   0.0003004  -0.0981130  -0.0383629
   22  -0.0016454  -0.0250743  -0.0000859   0.0000068   0.2437028   0.0997837
   23   0.0000477   0.0005414   0.0000169   0.0001046   0.0133917  -0.0674022
   24  -0.0000108  -0.0006789  -0.0000342  -0.0000098   0.0670336   0.0331129
   25   0.0000000  -0.0000000   0.0000000   0.0000000  -0.0000000  -0.0000000
   26  -0.0033312  -0.1212030   0.0017436  -0.0016082  -0.0994271   0.0534404
   27   0.0003379   0.0000604  -0.0000196  -0.0000018   0.2469242  -0.1390823
   28  -0.0001733  -0.0036213  -0.0001475   0.0001663  -0.0363844  -0.0482179
   29  -0.0000619  -0.0007658   0.0000036   0.0000017   0.0569127  -0.0571498
   30   0.0000000  -0.0000000   0.0000000   0.0000000  -0.0000000   0.0000000
   31  -0.0003415   0.0053059  -0.0000219   0.0000124   0.0371146  -0.0222335
   32   0.0001101   0.0011330   0.0001529   0.0001536   0.0393046   0.0339411
   33   0.0003415   0.0053059  -0.0000219  -0.0000124   0.0371146   0.0222335
   34  -0.0001101   0.0011330   0.0001529  -0.0001536   0.0393046  -0.0339411
   35  -0.6994468  -0.3610574   0.0114125   0.0114146  -0.0405587  -0.1075804
   36  -0.0307874  -0.0159878  -0.0070245  -0.0070244   0.1046222   0.2815372
   37   0.0012269   0.0006773   0.0031825   0.0031832   0.0260138   0.0104005
   38  -0.0012703  -0.0006354  -0.0033027  -0.0033033   0.0151838   0.0464958
   39  -0.0000000   0.0000000  -0.0000000  -0.0000000   0.0000000  -0.0000000
   40   0.0105709   0.0065687   0.7005101   0.7005117  -0.0198445  -0.0755460
   41   0.0080586   0.0042796   0.0306682   0.0306685   0.0490259   0.1922772
   42   0.0032771   0.0017802   0.0011277   0.0011281   0.0185262   0.0546389
   43  -0.0033652  -0.0017307  -0.0010832  -0.0010834  -0.0109772  -0.0402007
   44   0.0000000  -0.0000000  -0.0000000  -0.0000000  -0.0000000   0.0000000
   45   0.0062889   0.0033102   0.0000413   0.0000417   0.0174705   0.0542270
   46  -0.0002435  -0.0001163  -0.0062022  -0.0062022   0.0068530   0.0339389
   47  -0.0002282  -0.0001439  -0.0062527  -0.0062526   0.0106724   0.0425451
   48   0.6994468  -0.3610574   0.0114125  -0.0114146  -0.0405587   0.1075804
   49   0.0307874  -0.0159878  -0.0070245   0.0070244   0.1046222  -0.2815372
   50   0.0012269  -0.0006773  -0.0031825   0.0031832  -0.0260138   0.0104005
   51  -0.0012703   0.0006354   0.0033027  -0.0033033  -0.0151838   0.0464958
   52   0.0000000  -0.0000000   0.0000000   0.0000000   0.0000000  -0.0000000
   53  -0.0105709   0.0065687   0.7005108  -0.7005110  -0.0198445   0.0755460
   54  -0.0080586   0.0042796   0.0306682  -0.0306685   0.0490259  -0.1922772
   55   0.0032771  -0.0017802  -0.0011277   0.0011281  -0.0185262   0.0546389
   56  -0.0033652   0.0017307   0.0010832  -0.0010834   0.0109772  -0.0402007
   57   0.0000000  -0.0000000   0.0000000  -0.0000000   0.0000000  -0.0000000
   58  -0.0062889   0.0033102   0.0000413  -0.0000417   0.0174705  -0.0542270
   59   0.0002435  -0.0001163  -0.0062022   0.0062022   0.0068530  -0.0339389
   60   0.0002282  -0.0001439  -0.0062527   0.0062526   0.0106724  -0.0425451
           13          14          15          16          17          18
    1   0.0083375   0.0187586  -0.0961498   0.0588777   0.0723223   0.0056638
    2  -0.0263709  -0.0507572   0.2635754  -0.1743555  -0.2157588  -0.0119099
    3  -0.0993290   0.0331753  -0.0741563  -0.0358351  -0.0873389   0.1371797
    4  -0.0063685  -0.1389329  -0.0269780  -0.1857432   0.1606237   0.0623110
    5   0.0000000   0.0000000   0.0000000   0.0000000  -0.0000000  -0.0000000
    6  -0.0418464   0.1361677  -0.0392610   0.0348769  -0.1066320   0.0454211
    7   0.1082041  -0.3648271   0.1074914  -0.1011675   0.3124790  -0.1390517
    8  -0.0338254   0.0510758   0.0919707  -0.1823748  -0.0223025   0.0120461
    9  -0.0213839   0.0192066  -0.0413628   0.0209775   0.0699191   0.0121120
   10  -0.0000000  -0.0000000  -0.0000000  -0.0000000  -0.0000000  -0.0000000
   11  -0.0329502   0.1185518   0.0735998  -0.0986497   0.0308831  -0.0242645
   12   0.0850517  -0.3176968  -0.2016412   0.2833700  -0.0913716   0.0742221
   13   0.0523716  -0.0712699   0.0395437  -0.0213728   0.1768844  -0.0796543
   14  -0.0025106  -0.0261736   0.0659436   0.0402439   0.1259954  -0.0384825
   15  -0.0000000   0.0000000  -0.0000000   0.0000000  -0.0000000   0.0000000
   16   0.0083375  -0.0187586   0.0961498   0.0588777   0.0723223  -0.0056638
   17  -0.0263709   0.0507572  -0.2635754  -0.1743555  -0.2157588   0.0119099
   18   0.0993290   0.0331753  -0.0741563   0.0358351   0.0873389   0.1371797
   19   0.0063685  -0.1389329  -0.0269780   0.1857432  -0.1606237   0.0623110
   20  -0.0000000   0.0000000   0.0000000  -0.0000000   0.0000000   0.0000000
   21  -0.0418464  -0.1361677   0.0392610   0.0348769  -0.1066320  -0.0454211
   22   0.1082041   0.3648271  -0.1074914  -0.1011675   0.3124790   0.1390517
   23   0.0338254   0.0510758   0.0919707   0.1823748   0.0223025   0.0120461
   24   0.0213839   0.0192066  -0.0413628  -0.0209775  -0.0699191   0.0121120
   25   0.0000000   0.0000000   0.0000000   0.0000000   0.0000000   0.0000000
   26  -0.0329502  -0.1185518  -0.0735998  -0.0986497   0.0308831   0.0242645
   27   0.0850517   0.3176968   0.2016412   0.2833700  -0.0913716  -0.0742221
   28  -0.0523716  -0.0712699   0.0395437   0.0213728  -0.1768844  -0.0796543
   29   0.0025106  -0.0261736   0.0659436  -0.0402439  -0.1259954  -0.0384825
   30  -0.0000000  -0.0000000  -0.0000000  -0.0000000   0.0000000  -0.0000000
   31   0.0179381  -0.0855408   0.0257549  -0.0514051   0.1339706  -0.0362379
   32   0.0072886  -0.0776199  -0.0450217   0.1213480  -0.0391938   0.0517109
   33   0.0179381   0.0855408  -0.0257549  -0.0514051   0.1339706   0.0362379
   34   0.0072886   0.0776199   0.0450217   0.1213480  -0.0391938  -0.0517109
   35   0.1245967  -0.0028784  -0.0691668   0.0446994   0.0133898   0.0976060
   36  -0.3293984   0.0092679   0.1839821  -0.1376764  -0.0444683  -0.3045260
   37   0.0537728   0.0168873  -0.1187124  -0.0993309  -0.1160548  -0.0566184
   38  -0.0644871  -0.0206675   0.0530368   0.0868136  -0.0094740   0.1253442
   39   0.0000000   0.0000000   0.0000000   0.0000000   0.0000000   0.0000000
   40   0.1170906   0.0108258  -0.1098442  -0.0623163  -0.0623873  -0.0866814
   41  -0.3043479  -0.0277884   0.2941134   0.1785763   0.1839353   0.2675482
   42  -0.0659681  -0.0067081   0.0347712  -0.0118964  -0.0470387  -0.0748454
   43   0.0591893  -0.0022516  -0.0488022   0.0334376  -0.0089772   0.1258684
   44  -0.0000000   0.0000000   0.0000000   0.0000000   0.0000000   0.0000000
   45  -0.0687164   0.0095125   0.0425817  -0.0727403   0.0069995  -0.1618144
   46  -0.0624046  -0.0053632   0.0734418   0.0598460   0.0818384   0.1187648
   47  -0.0681417  -0.0118131   0.0678864   0.0812393   0.0478434   0.1602379
   48   0.1245967   0.0028784   0.0691668   0.0446994   0.0133898  -0.0976060
   49  -0.3293984  -0.0092679  -0.1839821  -0.1376764  -0.0444683   0.3045260
   50  -0.0537728   0.0168873  -0.1187124   0.0993309   0.1160548  -0.0566184
   51   0.0644871  -0.0206675   0.0530368  -0.0868136   0.0094740   0.1253442
   52   0.0000000  -0.0000000  -0.0000000   0.0000000  -0.0000000  -0.0000000
   53   0.1170906  -0.0108258   0.1098442  -0.0623163  -0.0623873   0.0866814
   54  -0.3043479   0.0277884  -0.2941134   0.1785763   0.1839353  -0.2675482
   55   0.0659681  -0.0067081   0.0347712   0.0118964   0.0470387  -0.0748454
   56  -0.0591893  -0.0022516  -0.0488022  -0.0334376   0.0089772   0.1258684
   57   0.0000000   0.0000000  -0.0000000  -0.0000000   0.0000000  -0.0000000
   58  -0.0687164  -0.0095125  -0.0425817  -0.0727403   0.0069995   0.1618144
   59  -0.0624046   0.0053632  -0.0734418   0.0598460   0.0818384  -0.1187648
   60  -0.0681417   0.0118131  -0.0678864   0.0812393   0.0478434  -0.1602379
           19          20          21          22          23          24
    1   0.0430217  -0.0356936  -0.0083830  -0.0528613   0.0483623   0.0154494
    2  -0.1246659   0.1187980   0.0314592   0.1787599  -0.1697958  -0.0514904
    3   0.1653968   0.1121665   0.1437690  -0.1385900  -0.0696803  -0.0008484
    4  -0.0037213   0.0656388  -0.1922239  -0.1399789  -0.1878514  -0.0080654
    5  -0.0000000  -0.0000000   0.0000000   0.0000000  -0.0000000   0.0000000
    6  -0.0162531  -0.0168700   0.0107956   0.0294474  -0.0436308  -0.0244343
    7   0.0577425   0.0640382  -0.0355160  -0.1037001   0.1528167   0.0828256
    8  -0.0791528   0.1539220  -0.2322688  -0.0527322  -0.0636598  -0.0569628
    9   0.1922819   0.1221883   0.0407576  -0.1020385   0.2329192   0.0016185
   10  -0.0000000  -0.0000000   0.0000000  -0.0000000  -0.0000000   0.0000000
   11  -0.0511973   0.0193219  -0.0309146  -0.0172066   0.0539577   0.0213676
   12   0.1660840  -0.0530165   0.1011281   0.0667601  -0.1843141  -0.0783659
   13  -0.0477415  -0.1469768   0.1615940  -0.1039676   0.1291039   0.1144334
   14   0.1992161   0.0720346   0.1211722   0.2934811   0.0544140  -0.0248137
   15  -0.0000000   0.0000000   0.0000000   0.0000000   0.0000000   0.0000000
   16   0.0430217  -0.0356936   0.0083830   0.0528613  -0.0483623   0.0154494
   17  -0.1246659   0.1187980  -0.0314592  -0.1787599   0.1697958  -0.0514904
   18  -0.1653968  -0.1121665   0.1437690  -0.1385900  -0.0696803   0.0008484
   19   0.0037213  -0.0656388  -0.1922239  -0.1399789  -0.1878514   0.0080654
   20   0.0000000   0.0000000   0.0000000   0.0000000   0.0000000   0.0000000
   21  -0.0162531  -0.0168700  -0.0107956  -0.0294474   0.0436308  -0.0244343
   22   0.0577425   0.0640382   0.0355160   0.1037001  -0.1528167   0.0828256
   23   0.0791528  -0.1539220  -0.2322688  -0.0527322  -0.0636598   0.0569628
   24  -0.1922819  -0.1221883   0.0407576  -0.1020385   0.2329192  -0.0016185
   25   0.0000000   0.0000000   0.0000000   0.0000000   0.0000000   0.0000000
   26  -0.0511973   0.0193219   0.0309146   0.0172066  -0.0539577   0.0213676
   27   0.1660840  -0.0530165  -0.1011281  -0.0667601   0.1843141  -0.0783659
   28   0.0477415   0.1469768   0.1615940  -0.1039676   0.1291039  -0.1144334
   29  -0.1992161  -0.0720346   0.1211722   0.2934811   0.0544140   0.0248137
   30  -0.0000000  -0.0000000  -0.0000000   0.0000000  -0.0000000   0.0000000
   31   0.1067459   0.1178578  -0.0414236  -0.1268338   0.2151569   0.0181564
   32   0.1543008   0.0870810   0.0251211   0.2594964  -0.0993897  -0.0966829
   33   0.1067459   0.1178578   0.0414236   0.1268338  -0.2151569   0.0181564
   34   0.1543008   0.0870810  -0.0251211  -0.2594964   0.0993897  -0.0966829
   35  -0.0568970   0.0531525   0.0147210  -0.0075686   0.0061461  -0.0185741
   36   0.1767679  -0.1683681  -0.0430722   0.0264629  -0.0111217   0.0462463
   37   0.0365998   0.1761156  -0.0773358   0.0896063   0.2009436  -0.0558333
   38  -0.0684346   0.1060571  -0.1985678  -0.0106373   0.0353846   0.2959430
   39  -0.0000000   0.0000000   0.0000000   0.0000000   0.0000000   0.0000000
   40   0.0605886  -0.0241511  -0.0206369   0.0111075  -0.0102563   0.0007802
   41  -0.1894099   0.0874011   0.0754325  -0.0329690   0.0445562  -0.0215204
   42   0.0735132  -0.0007097  -0.2062439   0.1013474   0.0122611   0.3339646
   43  -0.0645237   0.2182788  -0.0316163   0.1403696   0.1937256  -0.0572293
   44   0.0000000   0.0000000   0.0000000   0.0000000   0.0000000   0.0000000
   45   0.0987087  -0.1472704   0.1199594   0.0151242  -0.0713282  -0.1766082
   46  -0.0989126   0.0088647   0.1590507  -0.1024226  -0.0172767  -0.2335988
   47  -0.0855902   0.1780716  -0.0209937   0.1282142   0.1430623  -0.0093137
   48  -0.0568970   0.0531525  -0.0147210   0.0075686  -0.0061461  -0.0185741
   49   0.1767679  -0.1683681   0.0430722  -0.0264629   0.0111217   0.0462463
   50  -0.0365998  -0.1761156  -0.0773358   0.0896063   0.2009436   0.0558333
   51   0.0684346  -0.1060571  -0.1985678  -0.0106373   0.0353846  -0.2959430
   52  -0.0000000  -0.0000000   0.0000000  -0.0000000  -0.0000000   0.0000000
   53   0.0605886  -0.0241511   0.0206369  -0.0111075   0.0102563   0.0007802
   54  -0.1894099   0.0874011  -0.0754325   0.0329690  -0.0445562  -0.0215204
   55  -0.0735132   0.0007097  -0.2062439   0.1013474   0.0122611  -0.3339646
   56   0.0645237  -0.2182788  -0.0316163   0.1403696   0.1937256   0.0572293
   57  -0.0000000   0.0000000   0.0000000  -0.0000000   0.0000000   0.0000000
   58   0.0987087  -0.1472704  -0.1199594  -0.0151242   0.0713282  -0.1766082
   59  -0.0989126   0.0088647  -0.1590507   0.1024226   0.0172767  -0.2335988
   60  -0.0855902   0.1780716   0.0209937  -0.1282142  -0.1430623  -0.0093137
           25          26          27          28          29          30
    1   0.0005888  -0.0070475   0.0246121   0.0000000  -0.0152282  -0.0011144
    2  -0.0050740   0.0269125  -0.0868857  -0.0000000   0.0666036  -0.0027415
    3  -0.1417810   0.1244862   0.0128738   0.0000000   0.2492970  -0.1776483
    4   0.0550302  -0.1295510   0.1030592  -0.0000000   0.0731961   0.2547623
    5  -0.0000000   0.0000000  -0.0000000   0.3342844  -0.0000000   0.0000000
    6  -0.0257695   0.0125097   0.0048001  -0.0000000   0.0072684  -0.0011904
    7   0.0797215  -0.0466168  -0.0272367   0.0000000  -0.0234774  -0.0032528
    8  -0.1179823  -0.2231461  -0.1503523  -0.0000000   0.0096744   0.1957162
    9  -0.3134475  -0.0032049  -0.1554838   0.0000000   0.0550594  -0.2317290
   10  -0.0000000   0.0000000  -0.0000000   0.3025374  -0.0000000   0.0000000
   11  -0.0061352  -0.0106342  -0.0018837  -0.0000000  -0.0110252   0.0029726
   12   0.0151065   0.0333595   0.0045129   0.0000000   0.0369192   0.0014570
   13   0.2103780   0.2033895   0.1641514   0.0000000   0.0366195  -0.1713179
   14  -0.1564112   0.0519563   0.0786811  -0.0000000  -0.1259824   0.2233525
   15  -0.0000000   0.0000000  -0.0000000   0.3034812   0.0000000   0.0000000
   16  -0.0005888   0.0070475   0.0246121  -0.0000000   0.0152282  -0.0011144
   17   0.0050740  -0.0269125  -0.0868857   0.0000000  -0.0666036  -0.0027415
   18  -0.1417810   0.1244862  -0.0128738  -0.0000000   0.2492970   0.1776483
   19   0.0550302  -0.1295510  -0.1030592   0.0000000   0.0731961  -0.2547623
   20  -0.0000000   0.0000000   0.0000000   0.3342844   0.0000000   0.0000000
   21   0.0257695  -0.0125097   0.0048001   0.0000000  -0.0072684  -0.0011904
   22  -0.0797215   0.0466168  -0.0272367  -0.0000000   0.0234774  -0.0032528
   23  -0.1179823  -0.2231461   0.1503523   0.0000000   0.0096744  -0.1957162
   24  -0.3134475  -0.0032049   0.1554838  -0.0000000   0.0550594   0.2317290
   25  -0.0000000   0.0000000   0.0000000   0.3025374   0.0000000   0.0000000
   26   0.0061352   0.0106342  -0.0018837  -0.0000000   0.0110252   0.0029726
   27  -0.0151065  -0.0333595   0.0045129   0.0000000  -0.0369192   0.0014570
   28   0.2103780   0.2033895  -0.1641514  -0.0000000   0.0366195   0.1713179
   29  -0.1564112   0.0519563  -0.0786811   0.0000000  -0.1259824  -0.2233525
   30  -0.0000000   0.0000000  -0.0000000   0.3034812  -0.0000000   0.0000000
   31  -0.2218953  -0.0717586  -0.1674401   0.0000000   0.0247384  -0.1599316
   32  -0.1868580  -0.0610087   0.0009675  -0.0000000  -0.0500867   0.2855687
   33   0.2218953   0.0717586  -0.1674401   0.0000000  -0.0247384  -0.1599316
   34   0.1868580   0.0610087   0.0009675  -0.0000000   0.0500867   0.2855687
   35   0.0048662  -0.0004315  -0.0235221  -0.0000000  -0.0038065   0.0095222
   36  -0.0083684  -0.0189025   0.0951214   0.0000000   0.0127772  -0.0466058
   37   0.1447785  -0.1456213   0.1027274   0.0000000  -0.1747703  -0.1493188
   38  -0.0230013   0.2572073  -0.1625219  -0.0000000  -0.1909383   0.0375760
   39   0.0000000   0.0000000   0.0000000   0.1589675   0.0000000   0.0000000
   40  -0.0058552  -0.0144903   0.0087656   0.0000000   0.0020034  -0.0041463
   41   0.0297052   0.0311734  -0.0203195  -0.0000000  -0.0081127   0.0065889
   42  -0.0373353   0.2463651   0.1099462  -0.0000000   0.2001179   0.0837471
   43   0.1492210  -0.1428947   0.2872807   0.0000000   0.1987473  -0.1038850
   44   0.0000000   0.0000000   0.0000000   0.0776452   0.0000000   0.0000000
   45  -0.0021626  -0.1741642   0.1548849   0.0000000   0.2297206  -0.0327751
   46   0.0177551  -0.1507011  -0.1505722   0.0000000  -0.2314207  -0.0546935
   47   0.0964818  -0.0677281   0.2519604   0.0000000   0.2351057  -0.0293245
   48  -0.0048662   0.0004315  -0.0235221  -0.0000000   0.0038065   0.0095222
   49   0.0083684   0.0189025   0.0951214   0.0000000  -0.0127772  -0.0466058
   50   0.1447785  -0.1456213  -0.1027274  -0.0000000  -0.1747703   0.1493188
   51  -0.0230013   0.2572073   0.1625219  -0.0000000  -0.1909383  -0.0375760
   52  -0.0000000   0.0000000  -0.0000000   0.1589675  -0.0000000   0.0000000
   53   0.0058552   0.0144903   0.0087656   0.0000000  -0.0020034  -0.0041463
   54  -0.0297052  -0.0311734  -0.0203195   0.0000000   0.0081127   0.0065889
   55  -0.0373353   0.2463651  -0.1099462   0.0000000   0.2001179  -0.0837471
   56   0.1492210  -0.1428947  -0.2872807  -0.0000000   0.1987473   0.1038850
   57  -0.0000000   0.0000000   0.0000000   0.0776452  -0.0000000   0.0000000
   58   0.0021626   0.1741642   0.1548849  -0.0000000  -0.2297206  -0.0327751
   59  -0.0177551   0.1507011  -0.1505722   0.0000000   0.2314207  -0.0546935
   60  -0.0964818   0.0677281   0.2519604   0.0000000  -0.2351057  -0.0293245
           31          32          33          34          35          36
    1   0.0137487   0.0000000  -0.0000000   0.0000000   0.0000000  -0.0000000
    2  -0.0675416  -0.0000000   0.0000000  -0.0000000   0.0000000   0.0000000
    3  -0.2297885  -0.0000000   0.0000000   0.0000000  -0.0000000  -0.0000000
    4  -0.1672358  -0.0000000  -0.0000000  -0.0000000   0.0000000   0.0000000
    5  -0.0000000   0.3579798   0.0148746  -0.0068136   0.3781090   0.4716157
    6   0.0028155   0.0000000   0.0000000   0.0000000   0.0000000  -0.0000000
    7  -0.0038762  -0.0000000  -0.0000000  -0.0000000  -0.0000000   0.0000000
    8   0.1796415   0.0000000   0.0000000   0.0000000  -0.0000000  -0.0000000
    9   0.1200845   0.0000000   0.0000000   0.0000000   0.0000000   0.0000000
   10  -0.0000000   0.1320531   0.4673221   0.1783058   0.2119388  -0.2106929
   11   0.0017731  -0.0000000  -0.0000000  -0.0000000   0.0000000   0.0000000
   12  -0.0079368   0.0000000   0.0000000   0.0000000  -0.0000000  -0.0000000
   13  -0.1763031  -0.0000000  -0.0000000   0.0000000  -0.0000000   0.0000000
   14  -0.1861927  -0.0000000  -0.0000000  -0.0000000  -0.0000000  -0.0000000
   15   0.0000000  -0.1438989   0.4530710   0.1695996  -0.2382994  -0.3012419
   16   0.0137487   0.0000000   0.0000000   0.0000000   0.0000000  -0.0000000
   17  -0.0675416  -0.0000000  -0.0000000  -0.0000000   0.0000000  -0.0000000
   18   0.2297885   0.0000000   0.0000000   0.0000000  -0.0000000   0.0000000
   19   0.1672358   0.0000000  -0.0000000  -0.0000000  -0.0000000   0.0000000
   20   0.0000000  -0.3579798  -0.0148746  -0.0068136  -0.3781090   0.4716157
   21   0.0028155  -0.0000000  -0.0000000  -0.0000000   0.0000000   0.0000000
   22  -0.0038762   0.0000000   0.0000000   0.0000000  -0.0000000   0.0000000
   23  -0.1796415  -0.0000000  -0.0000000  -0.0000000  -0.0000000  -0.0000000
   24  -0.1200845   0.0000000  -0.0000000   0.0000000  -0.0000000   0.0000000
   25   0.0000000  -0.1320531  -0.4673221   0.1783058  -0.2119388  -0.2106929
   26   0.0017731   0.0000000   0.0000000   0.0000000   0.0000000   0.0000000
   27  -0.0079368  -0.0000000  -0.0000000  -0.0000000  -0.0000000  -0.0000000
   28   0.1763031   0.0000000  -0.0000000   0.0000000  -0.0000000  -0.0000000
   29   0.1861927   0.0000000  -0.0000000  -0.0000000   0.0000000  -0.0000000
   30  -0.0000000   0.1438989  -0.4530710   0.1695996   0.2382994  -0.3012419
   31   0.1913234   0.0000000   0.0000000   0.0000000   0.0000000  -0.0000000
   32   0.0054080   0.0000000  -0.0000000  -0.0000000  -0.0000000   0.0000000
   33   0.1913234   0.0000000   0.0000000   0.0000000   0.0000000  -0.0000000
   34   0.0054080   0.0000000   0.0000000   0.0000000   0.0000000   0.0000000
   35   0.0135878   0.0000000   0.0000000   0.0000000   0.0000000   0.0000000
   36  -0.0571392  -0.0000000  -0.0000000   0.0000000  -0.0000000  -0.0000000
   37  -0.2342413  -0.0000000  -0.0000000  -0.0000000   0.0000000   0.0000000
   38  -0.1463695  -0.0000000  -0.0000000  -0.0000000   0.0000000   0.0000000
   39   0.0000000  -0.3814597  -0.0016604  -0.4473790   0.2642405   0.2141804
   40   0.0004136   0.0000000   0.0000000   0.0000000  -0.0000000  -0.0000000
   41  -0.0057895  -0.0000000  -0.0000000  -0.0000000   0.0000000  -0.0000000
   42   0.1464696   0.0000000   0.0000000   0.0000000  -0.0000000   0.0000000
   43   0.0915215   0.0000000   0.0000000   0.0000000   0.0000000  -0.0000000
   44   0.0000000  -0.2470654   0.0097900  -0.3840737   0.3726923  -0.4508114
   45   0.1897247   0.0000000   0.0000000   0.0000000   0.0000000   0.0000000
   46  -0.1683146  -0.0000000  -0.0000000  -0.0000000  -0.0000000   0.0000000
   47   0.1463473   0.0000000   0.0000000   0.0000000  -0.0000000   0.0000000
   48   0.0135878   0.0000000   0.0000000   0.0000000   0.0000000  -0.0000000
   49  -0.0571392  -0.0000000  -0.0000000  -0.0000000  -0.0000000   0.0000000
   50   0.2342413   0.0000000   0.0000000   0.0000000   0.0000000   0.0000000
   51   0.1463695   0.0000000  -0.0000000  -0.0000000  -0.0000000  -0.0000000
   52  -0.0000000   0.3814597   0.0016604  -0.4473790  -0.2642405   0.2141804
   53   0.0004136   0.0000000   0.0000000   0.0000000   0.0000000   0.0000000
   54  -0.0057895  -0.0000000  -0.0000000  -0.0000000  -0.0000000  -0.0000000
   55  -0.1464696  -0.0000000   0.0000000   0.0000000  -0.0000000   0.0000000
   56  -0.0915215   0.0000000   0.0000000  -0.0000000  -0.0000000  -0.0000000
   57  -0.0000000   0.2470654  -0.0097900  -0.3840737  -0.3726923  -0.4508114
   58   0.1897247   0.0000000   0.0000000   0.0000000   0.0000000   0.0000000
   59  -0.1683146  -0.0000000  -0.0000000  -0.0000000   0.0000000   0.0000000
   60   0.1463473  -0.0000000  -0.0000000  -0.0000000   0.0000000   0.0000000
           37          38          39          40          41          42
    1  -0.0000000  -0.0000000  -0.0000000  -0.0000000  -0.0773785   0.0667950
    2   0.0000000   0.0000000   0.0000000   0.0000000   0.4461649  -0.3777698
    3   0.0000000  -0.0000000  -0.0000000   0.0000000   0.3613449  -0.3689085
    4  -0.0000000  -0.0000000  -0.0000000  -0.0000000   0.0946365  -0.2186508
    5  -0.0510138   0.0381490  -0.4726110  -0.5460647  -0.0000000  -0.0000000
    6   0.0000000   0.0000000  -0.0000000   0.0000000  -0.0284744  -0.0210451
    7  -0.0000000  -0.0000000   0.0000000  -0.0000000   0.1734169   0.1193420
    8   0.0000000  -0.0000000  -0.0000000   0.0000000   0.0172222  -0.1261766
    9   0.0000000  -0.0000000   0.0000000  -0.0000000   0.2531506  -0.2574007
   10   0.5925020  -0.2244053   0.1621432   0.4737703   0.0000000   0.0000000
   11  -0.0000000   0.0000000   0.0000000  -0.0000000  -0.0375834   0.0314525
   12   0.0000000  -0.0000000  -0.0000000   0.0000000   0.2269742  -0.1823319
   13  -0.0000000  -0.0000000  -0.0000000  -0.0000000  -0.0954307  -0.1130614
   14  -0.0000000   0.0000000   0.0000000  -0.0000000   0.1755974  -0.1756768
   15  -0.5434007   0.2161741   0.1955001  -0.4755084  -0.0000000  -0.0000000
   16   0.0000000   0.0000000   0.0000000   0.0000000  -0.0773785  -0.0667950
   17  -0.0000000   0.0000000  -0.0000000  -0.0000000   0.4461649   0.3777698
   18   0.0000000   0.0000000   0.0000000   0.0000000  -0.3613449  -0.3689085
   19  -0.0000000   0.0000000  -0.0000000  -0.0000000  -0.0946365  -0.2186508
   20  -0.0510138  -0.0381490  -0.4726110   0.5460647   0.0000000   0.0000000
   21  -0.0000000   0.0000000  -0.0000000  -0.0000000  -0.0284744   0.0210451
   22   0.0000000  -0.0000000  -0.0000000   0.0000000   0.1734169  -0.1193420
   23  -0.0000000   0.0000000  -0.0000000  -0.0000000  -0.0172222  -0.1261766
   24   0.0000000   0.0000000   0.0000000   0.0000000  -0.2531506  -0.2574007
   25   0.5925020   0.2244053   0.1621432  -0.4737703  -0.0000000  -0.0000000
   26   0.0000000   0.0000000   0.0000000   0.0000000  -0.0375834  -0.0314525
   27  -0.0000000  -0.0000000  -0.0000000  -0.0000000   0.2269742   0.1823319
   28  -0.0000000  -0.0000000  -0.0000000  -0.0000000   0.0954307  -0.1130614
   29  -0.0000000  -0.0000000  -0.0000000   0.0000000  -0.1755974  -0.1756768
   30  -0.5434007  -0.2161741   0.1955001   0.4755084   0.0000000   0.0000000
   31   0.0000000   0.0000000   0.0000000   0.0000000  -0.3842166   0.2414579
   32  -0.0000000   0.0000000   0.0000000  -0.0000000  -0.3815493   0.1250464
   33   0.0000000   0.0000000   0.0000000   0.0000000  -0.3842166  -0.2414579
   34   0.0000000   0.0000000   0.0000000   0.0000000  -0.3815493  -0.1250464
   35  -0.0000000   0.0000000   0.0000000  -0.0000000   0.0658134   0.0475796
   36   0.0000000  -0.0000000  -0.0000000   0.0000000  -0.3682975  -0.2681377
   37   0.0000000   0.0000000   0.0000000   0.0000000  -0.4169370  -0.4129491
   38   0.0000000  -0.0000000   0.0000000   0.0000000  -0.1919559  -0.2509930
   39   0.0010066  -0.5079923   0.5245754  -0.2706076  -0.0000000  -0.0000000
   40   0.0000000  -0.0000000  -0.0000000   0.0000000  -0.0330726  -0.0031957
   41  -0.0000000   0.0000000   0.0000000  -0.0000000   0.1855586   0.0144302
   42   0.0000000  -0.0000000  -0.0000000   0.0000000  -0.1198825  -0.1670436
   43   0.0000000   0.0000000  -0.0000000   0.0000000  -0.1071001  -0.2903058
   44   0.0302707   0.5542034  -0.4171521   0.1566067   0.0000000   0.0000000
   45   0.0000000   0.0000000   0.0000000   0.0000000  -0.0600762  -0.2163085
   46  -0.0000000  -0.0000000  -0.0000000   0.0000000  -0.3141955  -0.2950600
   47   0.0000000  -0.0000000  -0.0000000   0.0000000   0.1290930   0.3428698
   48   0.0000000   0.0000000  -0.0000000   0.0000000   0.0658134  -0.0475796
   49  -0.0000000   0.0000000   0.0000000  -0.0000000  -0.3682975   0.2681377
   50   0.0000000  -0.0000000  -0.0000000  -0.0000000   0.4169370  -0.4129491
   51  -0.0000000   0.0000000  -0.0000000  -0.0000000   0.1919559  -0.2509930
   52   0.0010066   0.5079923   0.5245754   0.2706076   0.0000000   0.0000000
   53   0.0000000   0.0000000   0.0000000   0.0000000  -0.0330726   0.0031957
   54  -0.0000000  -0.0000000  -0.0000000  -0.0000000   0.1855586  -0.0144302
   55   0.0000000  -0.0000000   0.0000000   0.0000000   0.1198825  -0.1670436
   56   0.0000000  -0.0000000  -0.0000000  -0.0000000   0.1071001  -0.2903058
   57   0.0302707  -0.5542034  -0.4171521  -0.1566067  -0.0000000  -0.0000000
   58   0.0000000   0.0000000   0.0000000   0.0000000  -0.0600762   0.2163085
   59   0.0000000   0.0000000   0.0000000   0.0000000  -0.3141955   0.2950600
   60  -0.0000000   0.0000000   0.0000000   0.0000000   0.1290930  -0.3428698
           43          44          45          46          47          48
    1   0.0283574  -0.0423846   0.0824373   0.0513196   0.0113274   0.1144013
    2  -0.1539004   0.2578346  -0.4944844  -0.3089008  -0.0812064  -0.7094831
    3  -0.3798780  -0.0026838   0.0476256  -0.1837533   0.1150117   0.0667084
    4   0.1596907   0.0230850   0.1827942   0.2659303   0.1164785  -0.0869579
    5  -0.0000000  -0.0000000  -0.0000000  -0.0000000  -0.0000000  -0.0000000
    6  -0.0114640   0.0421881  -0.0878585   0.0720224  -0.0343736  -0.1132557
    7   0.0684707  -0.2622670   0.5293960  -0.4489531   0.2158245   0.7155319
    8  -0.2265722  -0.1646697   0.0643787   0.1893741   0.2268149   0.2229291
    9   0.2252873   0.0109689   0.2256558   0.0206056   0.2820135   0.0455304
   10   0.0000000   0.0000000   0.0000000   0.0000000   0.0000000   0.0000000
   11  -0.0126416   0.0518737   0.0995463  -0.1064593  -0.0189508  -0.0290448
   12   0.0783087  -0.3211853  -0.6091595   0.6625636   0.1228617   0.1870001
   13  -0.3216741   0.2279117   0.1687580   0.0211999   0.0072660  -0.2669589
   14   0.3071469  -0.1464696   0.0944524  -0.0480902   0.2609031  -0.2369158
   15  -0.0000000  -0.0000000  -0.0000000  -0.0000000  -0.0000000   0.0000000
   16  -0.0283574  -0.0423846  -0.0824373   0.0513196  -0.0113274   0.1144013
   17   0.1539004   0.2578346   0.4944844  -0.3089008   0.0812064  -0.7094831
   18  -0.3798780   0.0026838   0.0476256   0.1837533   0.1150117  -0.0667084
   19   0.1596907  -0.0230850   0.1827942  -0.2659303   0.1164785   0.0869579
   20   0.0000000   0.0000000   0.0000000   0.0000000   0.0000000   0.0000000
   21   0.0114640   0.0421881   0.0878585   0.0720224   0.0343736  -0.1132557
   22  -0.0684707  -0.2622670  -0.5293960  -0.4489531  -0.2158245   0.7155319
   23  -0.2265722   0.1646697   0.0643787  -0.1893741   0.2268149  -0.2229291
   24   0.2252873  -0.0109689   0.2256558  -0.0206056   0.2820135  -0.0455304
   25  -0.0000000  -0.0000000  -0.0000000  -0.0000000  -0.0000000   0.0000000
   26   0.0126416   0.0518737  -0.0995463  -0.1064593   0.0189508  -0.0290448
   27  -0.0783087  -0.3211853   0.6091595   0.6625636  -0.1228617   0.1870001
   28  -0.3216741  -0.2279117   0.1687580  -0.0211999   0.0072660   0.2669589
   29   0.3071469   0.1464696   0.0944524   0.0480902   0.2609031   0.2369158
   30   0.0000000   0.0000000   0.0000000   0.0000000   0.0000000   0.0000000
   31  -0.1688220   0.2158840  -0.5242826   0.1815394  -0.4702015  -0.4415571
   32  -0.4985991   0.3664881   0.3105918  -0.2381366  -0.2249582  -0.1234783
   33   0.1688220   0.2158840   0.5242826   0.1815394   0.4702015  -0.4415571
   34   0.4985991   0.3664881  -0.3105918  -0.2381366   0.2249582  -0.1234783
   35   0.0917901  -0.0481473   0.0306075  -0.0564461  -0.0689469  -0.0864428
   36  -0.5333593   0.2919456  -0.1921450   0.3508883   0.4407179   0.5277091
   37  -0.2176637  -0.1473961  -0.1083587   0.1707644  -0.0127425   0.0415038
   38   0.1032591  -0.2511402   0.1679512  -0.2721988  -0.2799981  -0.0995770
   39  -0.0000000  -0.0000000  -0.0000000  -0.0000000  -0.0000000  -0.0000000
   40  -0.0456841   0.0446555   0.0658763  -0.0787283  -0.0325138   0.0693249
   41   0.2621803  -0.2650646  -0.4165817   0.5013005   0.2106695  -0.4236883
   42   0.0303958  -0.2510222   0.0671869  -0.1561587  -0.3628920  -0.0152703
   43   0.1113286  -0.3342051  -0.1936871   0.1270511  -0.0250602  -0.0280000
   44  -0.0000000   0.0000000   0.0000000  -0.0000000   0.0000000   0.0000000
   45   0.3688990  -0.4769783   0.2064138  -0.4206446  -0.5061851  -0.3450302
   46  -0.1159084  -0.1856009   0.2369852  -0.3750534  -0.4561173   0.2031203
   47  -0.1948493   0.5045909   0.3316404  -0.2880677   0.0570918   0.2518384
   48  -0.0917901  -0.0481473  -0.0306075  -0.0564461   0.0689469  -0.0864428
   49   0.5333593   0.2919456   0.1921450   0.3508883  -0.4407179   0.5277091
   50  -0.2176637   0.1473961  -0.1083587  -0.1707644  -0.0127425  -0.0415038
   51   0.1032591   0.2511402   0.1679512   0.2721988  -0.2799981   0.0995770
   52  -0.0000000   0.0000000   0.0000000   0.0000000   0.0000000   0.0000000
   53   0.0456841   0.0446555  -0.0658763  -0.0787283   0.0325138   0.0693249
   54  -0.2621803  -0.2650646   0.4165817   0.5013005  -0.2106695  -0.4236883
   55   0.0303958   0.2510222   0.0671869   0.1561587  -0.3628920   0.0152703
   56   0.1113286   0.3342051  -0.1936871  -0.1270511  -0.0250602   0.0280000
   57  -0.0000000  -0.0000000  -0.0000000  -0.0000000  -0.0000000  -0.0000000
   58  -0.3688990  -0.4769783  -0.2064138  -0.4206446   0.5061851  -0.3450302
   59   0.1159084  -0.1856009  -0.2369852  -0.3750534   0.4561173   0.2031203
   60   0.1948493   0.5045909  -0.3316404  -0.2880677  -0.0570918   0.2518384
           49          50          51          52          53          54
    1   0.0578056   0.0011943  -0.0843668   0.0039354  -0.0014965  -0.0735774
    2  -0.3596677  -0.0015802   0.5791463  -0.0395121   0.0096941   0.5184424
    3   0.1360622  -0.0755612  -0.5879828  -0.1092333  -0.0699728   0.0243274
    4  -0.1799187  -0.3653682  -0.1119652   0.5613759   0.1527441   0.2678994
    5  -0.0000000  -0.0000000  -0.0000000  -0.0000000  -0.0000000  -0.0000000
    6  -0.0538742  -0.0919060   0.0277538   0.1029434   0.0061927  -0.0300686
    7   0.3379306   0.5939126  -0.1883872  -0.7045077  -0.0557238   0.2030493
    8   0.2173594  -0.2155571  -0.1566948  -0.0503756   0.2412224  -0.7507940
    9  -0.1515617  -0.0482730   0.4636488  -0.0341299   0.6020126   0.2313792
   10   0.0000000   0.0000000   0.0000000   0.0000000  -0.0000000   0.0000000
   11   0.0474042   0.1093052   0.0352903   0.0250602  -0.0019927   0.0849083
   12  -0.2895914  -0.7103144  -0.2360420  -0.1868491   0.0281369  -0.5912485
   13   0.1499037  -0.2075273  -0.0361834   0.4943112   0.4600225  -0.3651587
   14  -0.1229444   0.0195515   0.4218358   0.2814741  -0.4263067  -0.3909104
   15  -0.0000000  -0.0000000  -0.0000000  -0.0000000   0.0000000  -0.0000000
   16  -0.0578056   0.0011943  -0.0843668  -0.0039354  -0.0014965   0.0735774
   17   0.3596677  -0.0015802   0.5791463   0.0395121   0.0096941  -0.5184424
   18   0.1360622   0.0755612   0.5879828  -0.1092333   0.0699728   0.0243274
   19  -0.1799187   0.3653682   0.1119652   0.5613759  -0.1527441   0.2678994
   20   0.0000000   0.0000000   0.0000000   0.0000000   0.0000000   0.0000000
   21   0.0538742  -0.0919060   0.0277538  -0.1029434   0.0061927   0.0300686
   22  -0.3379306   0.5939126  -0.1883872   0.7045077  -0.0557238  -0.2030493
   23   0.2173594   0.2155571   0.1566948  -0.0503756  -0.2412224  -0.7507940
   24  -0.1515617   0.0482730  -0.4636488  -0.0341299  -0.6020126   0.2313792
   25  -0.0000000  -0.0000000  -0.0000000  -0.0000000   0.0000000  -0.0000000
   26  -0.0474042   0.1093052   0.0352903  -0.0250602  -0.0019927  -0.0849083
   27   0.2895914  -0.7103144  -0.2360420   0.1868491   0.0281369   0.5912485
   28   0.1499037   0.2075273   0.0361834   0.4943112  -0.4600225  -0.3651587
   29  -0.1229444  -0.0195515  -0.4218358   0.2814741   0.4263067  -0.3909104
   30   0.0000000   0.0000000   0.0000000   0.0000000   0.0000000   0.0000000
   31  -0.0887487  -0.1804970  -0.2278003   0.3287428  -0.5062023  -0.0741677
   32   0.4177753   0.2720471  -0.1688121   0.1501982   0.5051483   0.2908072
   33   0.0887487  -0.1804970  -0.2278003  -0.3287428  -0.5062023   0.0741677
   34  -0.4177753   0.2720471  -0.1688121  -0.1501982   0.5051483  -0.2908072
   35   0.0651452  -0.0230513  -0.0653631  -0.0077158   0.0386520  -0.0429431
   36  -0.4013410   0.1705802   0.4237818   0.0713756  -0.2714132   0.2931961
   37   0.1486666   0.0922409  -0.0531913  -0.0121644   0.1957928   0.1079027
   38   0.0046427  -0.0384402  -0.1159167   0.2847301  -0.0654779   0.0325352
   39  -0.0000000  -0.0000000  -0.0000000  -0.0000000   0.0000000  -0.0000000
   40  -0.1243198  -0.0767853   0.0376280   0.0034669  -0.0451544  -0.0102767
   41   0.7888139   0.4934753  -0.2418605  -0.0404332   0.3089141   0.0720257
   42  -0.0580120  -0.3578440   0.1616760  -0.4386685   0.1611909  -0.2016907
   43   0.1182669   0.1767434   0.2463584  -0.0352263  -0.0951578   0.0864068
   44  -0.0000000  -0.0000000   0.0000000   0.0000000   0.0000000   0.0000000
   45   0.2440013  -0.0563989  -0.2766467   0.2227429   0.1143281  -0.0913965
   46  -0.4087001  -0.5051191   0.2968372  -0.3477297  -0.0147799  -0.1651356
   47  -0.5355751  -0.3558445  -0.0896643   0.1173633  -0.1516911  -0.1154891
   48  -0.0651452  -0.0230513  -0.0653631   0.0077158   0.0386520   0.0429431
   49   0.4013410   0.1705802   0.4237818  -0.0713756  -0.2714132  -0.2931961
   50   0.1486666  -0.0922409   0.0531913  -0.0121644  -0.1957928   0.1079027
   51   0.0046427   0.0384402   0.1159167   0.2847301   0.0654779   0.0325352
   52   0.0000000  -0.0000000   0.0000000   0.0000000   0.0000000   0.0000000
   53   0.1243198  -0.0767853   0.0376280  -0.0034669  -0.0451544   0.0102767
   54  -0.7888139   0.4934753  -0.2418605   0.0404332   0.3089141  -0.0720257
   55  -0.0580120   0.3578440  -0.1616760  -0.4386685  -0.1611909  -0.2016907
   56   0.1182669  -0.1767434  -0.2463584  -0.0352263   0.0951578   0.0864068
   57  -0.0000000   0.0000000  -0.0000000  -0.0000000  -0.0000000  -0.0000000
   58  -0.2440013  -0.0563989  -0.2766467  -0.2227429   0.1143281   0.0913965
   59   0.4087001  -0.5051191   0.2968372   0.3477297  -0.0147799   0.1651356
   60   0.5355751  -0.3558445  -0.0896643  -0.1173633  -0.1516911   0.1154891
           55          56          57          58          59          60
    1   0.0670021  -0.0134596   0.0046841  -0.0064277   0.0005992   0.0593928
    2  -0.4553889   0.0709702  -0.0233651   0.0450831  -0.0019645  -0.4582722
    3  -0.0488470   0.3771545  -0.2245892  -0.1284574   0.1220771   0.6296365
    4   0.2668053   0.1380015   0.2086258   0.4402441  -0.7124635   0.1438140
    5  -0.0000000  -0.0000000  -0.0000000  -0.0000000   0.0000000  -0.0000000
    6   0.0001751  -0.0165706  -0.0186499   0.0403336  -0.0103832  -0.0574639
    7  -0.0144136   0.1184768   0.1348372  -0.3025087   0.0812952   0.4292279
    8  -0.0822805  -0.2338178  -0.4716562  -0.1270953   0.5343760  -0.2053181
    9  -0.1719906  -0.1714007   0.0556397   0.1300465  -0.2580200  -0.6208041
   10   0.0000000   0.0000000   0.0000000   0.0000000   0.0000000   0.0000000
   11   0.0590414   0.0275664   0.0164818   0.0235038   0.0105202   0.0574881
   12  -0.4059011  -0.1853642  -0.1202979  -0.1793719  -0.0815735  -0.4307304
   13   0.1131331  -0.0890107  -0.4834648   0.1835286   0.3841681  -0.4340746
   14   0.2331004  -0.2783859  -0.0748794   0.1204318   0.4679421   0.5107294
   15  -0.0000000  -0.0000000  -0.0000000  -0.0000000  -0.0000000  -0.0000000
   16  -0.0670021  -0.0134596   0.0046841   0.0064277   0.0005992  -0.0593928
   17   0.4553889   0.0709702  -0.0233651  -0.0450831  -0.0019645   0.4582722
   18  -0.0488470  -0.3771545   0.2245892  -0.1284574  -0.1220771   0.6296365
   19   0.2668053  -0.1380015  -0.2086258   0.4402441   0.7124635   0.1438140
   20   0.0000000   0.0000000   0.0000000   0.0000000  -0.0000000  -0.0000000
   21  -0.0001751  -0.0165706  -0.0186499  -0.0403336  -0.0103832   0.0574639
   22   0.0144136   0.1184768   0.1348372   0.3025087   0.0812952  -0.4292279
   23  -0.0822805   0.2338178   0.4716562  -0.1270953  -0.5343760  -0.2053181
   24  -0.1719906   0.1714007  -0.0556397   0.1300465   0.2580200  -0.6208041
   25  -0.0000000  -0.0000000  -0.0000000  -0.0000000  -0.0000000   0.0000000
   26  -0.0590414   0.0275664   0.0164818  -0.0235038   0.0105202  -0.0574881
   27   0.4059011  -0.1853642  -0.1202979   0.1793719  -0.0815735   0.4307304
   28   0.1131331   0.0890107   0.4834648   0.1835286  -0.3841681  -0.4340746
   29   0.2331004   0.2783859   0.0748794   0.1204318  -0.4679421   0.5107294
   30   0.0000000   0.0000000   0.0000000   0.0000000   0.0000000  -0.0000000
   31   0.1108671   0.1424699   0.0110936   0.0456531   0.0218778   0.2786014
   32   0.1459120   0.2310057  -0.1808715   0.0634459  -0.0449149  -0.3031412
   33  -0.1108671   0.1424699   0.0110936  -0.0456531   0.0218778  -0.2786014
   34  -0.1459120   0.2310057  -0.1808715  -0.0634459  -0.0449149   0.3031412
   35  -0.0462514   0.0154954   0.0605911   0.0639531   0.0315624  -0.0107608
   36   0.3453531  -0.0992685  -0.4729707  -0.5012975  -0.2577733   0.0619047
   37  -0.4926925  -0.3282672   0.5391803   0.4153726   0.2605924   0.2643265
   38  -0.2387149  -0.4893605  -0.3381014  -0.6707144  -0.4624558   0.0313087
   39  -0.0000000  -0.0000000  -0.0000000  -0.0000000   0.0000000  -0.0000000
   40   0.0209237  -0.0205459  -0.0558691  -0.0709951  -0.0405133  -0.0021292
   41  -0.1521149   0.1519088   0.4307282   0.5552523   0.3283721   0.0261401
   42   0.1860087   0.4821800   0.3521174   0.5537088   0.3242502  -0.0273160
   43   0.6099608   0.3420711  -0.5648187  -0.4370900  -0.2729904  -0.1798952
   44  -0.0000000  -0.0000000   0.0000000   0.0000000   0.0000000   0.0000000
   45  -0.3836458  -0.3746787   0.0256803  -0.2073364  -0.1742573   0.0465852
   46   0.3023569   0.3559099   0.0079131   0.1231802   0.0664189  -0.0499306
   47  -0.4425073  -0.4310918   0.1962007   0.0079078   0.0327109   0.1481003
   48   0.0462514   0.0154954   0.0605911  -0.0639531   0.0315624   0.0107608
   49  -0.3453531  -0.0992685  -0.4729707   0.5012975  -0.2577733  -0.0619047
   50  -0.4926925   0.3282672  -0.5391803   0.4153726  -0.2605924   0.2643265
   51  -0.2387149   0.4893605   0.3381014  -0.6707144   0.4624558   0.0313087
   52   0.0000000   0.0000000   0.0000000   0.0000000  -0.0000000   0.0000000
   53  -0.0209237  -0.0205459  -0.0558691   0.0709951  -0.0405133   0.0021292
   54   0.1521149   0.1519088   0.4307282  -0.5552523   0.3283721  -0.0261401
   55   0.1860087  -0.4821800  -0.3521174   0.5537088  -0.3242502  -0.0273160
   56   0.6099608  -0.3420711   0.5648187  -0.4370900   0.2729904  -0.1798952
   57  -0.0000000  -0.0000000  -0.0000000   0.0000000  -0.0000000   0.0000000
   58   0.3836458  -0.3746787   0.0256803   0.2073364  -0.1742573  -0.0465852
   59  -0.3023569   0.3559099   0.0079131  -0.1231802   0.0664189   0.0499306
   60   0.4425073  -0.4310918   0.1962007  -0.0079078   0.0327109  -0.1481003
 Final Alpha Density Matrix
            1           2           3           4           5           6
    1   1.0345649  -0.1083248  -0.0006805  -0.0001516  -0.0000000   0.0125985
    2  -0.1083248   0.4419135   0.0167844   0.0039862   0.0000000  -0.0327700
    3  -0.0006805   0.0167844   0.3216307   0.0004996   0.0000000   0.0375968
    4  -0.0001516   0.0039862   0.0004996   0.3135647   0.0000000  -0.0430534
    5  -0.0000000   0.0000000   0.0000000   0.0000000   0.4190129   0.0000000
    6   0.0125985  -0.0327700   0.0375968  -0.0430534   0.0000000   1.0337031
    7  -0.0320699   0.0386281  -0.0912573   0.1042851  -0.0000000  -0.1020716
    8  -0.0382147   0.0952479  -0.0937577   0.1235790  -0.0000000  -0.0013788
    9   0.0432830  -0.1129271   0.1226458  -0.1304189   0.0000000  -0.0053645
   10  -0.0000000   0.0000000   0.0000000   0.0000000   0.2385415   0.0000000
   11  -0.0023198   0.0069674  -0.0105408   0.0044882  -0.0000000   0.0126002
   12   0.0068478  -0.0149081   0.0400770  -0.0120101  -0.0000000  -0.0327459
   13   0.0125752  -0.0453596   0.0456471  -0.0257616   0.0000000  -0.0569469
   14  -0.0033448   0.0169534  -0.0032039   0.0138159  -0.0000000  -0.0102544
   15   0.0000000  -0.0000000   0.0000000  -0.0000000  -0.0195796   0.0000000
   16  -0.0021798   0.0075226  -0.0065984  -0.0015105  -0.0000000  -0.0023310
   17   0.0075226  -0.0257408   0.0245813   0.0057957   0.0000000   0.0069999
   18   0.0065984  -0.0245813   0.0222420   0.0097115  -0.0000000   0.0077742
   19   0.0015105  -0.0057957   0.0097115  -0.0273735  -0.0000000   0.0080549
   20   0.0000000  -0.0000000   0.0000000  -0.0000000  -0.1580325  -0.0000000
   21  -0.0023310   0.0069999  -0.0077742  -0.0080549  -0.0000000  -0.0021580
   22   0.0068428  -0.0148813   0.0314572   0.0256956  -0.0000000   0.0072910
   23   0.0103586  -0.0355471   0.0297237   0.0325533   0.0000000   0.0018630
   24   0.0079764  -0.0331273   0.0101564   0.0290598  -0.0000000   0.0060736
   25  -0.0000000  -0.0000000  -0.0000000   0.0000000  -0.0227178  -0.0000000
   26   0.0126270  -0.0326810   0.0173752   0.0543105  -0.0000000  -0.0024500
   27  -0.0321087   0.0380544  -0.0422235  -0.1319991   0.0000000   0.0076003
   28  -0.0187157   0.0451704  -0.0088539  -0.0732720   0.0000000  -0.0018777
   29  -0.0537057   0.1356667  -0.0761915  -0.2146476   0.0000000   0.0121554
   30  -0.0000000  -0.0000000   0.0000000   0.0000000   0.2391506   0.0000000
   31   0.0130811  -0.0509958   0.0153947  -0.0598714   0.0000000  -0.0573312
   32  -0.0089055   0.0344848  -0.0325019   0.0354464   0.0000000   0.0134222
   33  -0.0086594   0.0333563  -0.0168287  -0.0454117   0.0000000  -0.0010191
   34   0.0128809  -0.0496806  -0.0088987   0.0620356  -0.0000000  -0.0085928
   35  -0.0000102   0.0001734   0.0003310  -0.0002149   0.0000000   0.0014543
   36   0.0004964  -0.0022762   0.0005760   0.0011694  -0.0000000  -0.0055387
   37  -0.0008282   0.0033216  -0.0039247  -0.0012663  -0.0000000  -0.0071710
   38  -0.0006363   0.0028241  -0.0018431  -0.0012470   0.0000000  -0.0029491
   39  -0.0000000   0.0000000   0.0000000  -0.0000000   0.0048689  -0.0000000
   40  -0.0002171   0.0008949  -0.0008377   0.0005345  -0.0000000   0.0004733
   41   0.0008153  -0.0032211   0.0033461  -0.0023537  -0.0000000  -0.0018112
   42   0.0006053  -0.0029835   0.0018900  -0.0004514  -0.0000000  -0.0008485
   43   0.0012338  -0.0052281   0.0041634  -0.0045520  -0.0000000  -0.0018462
   44  -0.0000000   0.0000000   0.0000000  -0.0000000   0.0717317   0.0000000
   45   0.0006066  -0.0030876   0.0018828  -0.0024524  -0.0000000   0.0031335
   46  -0.0008756   0.0039060  -0.0029837   0.0008946   0.0000000  -0.0001531
   47   0.0006711  -0.0035328   0.0010233  -0.0002499  -0.0000000   0.0001627
   48   0.0095571  -0.0266623  -0.0489157  -0.0103259  -0.0000000  -0.0028710
   49  -0.0261383   0.0448151   0.1365639   0.0275166  -0.0000000   0.0112085
   50   0.0494380  -0.1451835  -0.2324673  -0.0465744   0.0000000  -0.0110234
   51   0.0125796  -0.0430748  -0.0594477  -0.0109264   0.0000000   0.0047777
   52   0.0000000  -0.0000000   0.0000000  -0.0000000   0.0788767   0.0000000
   53  -0.0024164   0.0085792   0.0114914  -0.0025109  -0.0000000   0.0015086
   54   0.0069355  -0.0212100  -0.0371990   0.0123963  -0.0000000  -0.0052522
   55  -0.0124802   0.0528122   0.0536785  -0.0004743  -0.0000000   0.0052896
   56   0.0009275   0.0002525  -0.0141709   0.0056801  -0.0000000  -0.0043114
   57   0.0000000  -0.0000000   0.0000000  -0.0000000  -0.0353939   0.0000000
   58   0.0135244  -0.0561015  -0.0582599  -0.0333682  -0.0000000   0.0054603
   59  -0.0111086   0.0474054   0.0589031   0.0067202   0.0000000   0.0028701
   60   0.0081569  -0.0345942  -0.0414110  -0.0018016  -0.0000000  -0.0004999
            7           8           9          10          11          12
    1  -0.0320699  -0.0382147   0.0432830  -0.0000000  -0.0023198   0.0068478
    2   0.0386281   0.0952479  -0.1129271   0.0000000   0.0069674  -0.0149081
    3  -0.0912573  -0.0937577   0.1226458   0.0000000  -0.0105408   0.0400770
    4   0.1042851   0.1235790  -0.1304189   0.0000000   0.0044882  -0.0120101
    5  -0.0000000  -0.0000000   0.0000000   0.2385415  -0.0000000  -0.0000000
    6  -0.1020716  -0.0013788  -0.0053645   0.0000000   0.0126002  -0.0327459
    7   0.4135939   0.0074049   0.0296706  -0.0000000  -0.0326510   0.0409231
    8   0.0074049   0.2991943   0.0161348   0.0000000   0.0565182  -0.1418294
    9   0.0296706   0.0161348   0.3230853  -0.0000000   0.0130142  -0.0368778
   10  -0.0000000   0.0000000  -0.0000000   0.3758851  -0.0000000   0.0000000
   11  -0.0326510   0.0565182   0.0130142  -0.0000000   1.0337799  -0.1023722
   12   0.0409231  -0.1418294  -0.0368778   0.0000000  -0.1023722   0.4147397
   13   0.1435758  -0.2248765  -0.0489361   0.0000000   0.0029598  -0.0163179
   14   0.0217667  -0.0468827  -0.0016065   0.0000000  -0.0040790   0.0229917
   15  -0.0000000   0.0000000   0.0000000   0.2594584   0.0000000   0.0000000
   16   0.0068428  -0.0103586  -0.0079764   0.0000000   0.0126270  -0.0321087
   17  -0.0148813   0.0355471   0.0331273  -0.0000000  -0.0326810   0.0380544
   18  -0.0314572   0.0297237   0.0101564  -0.0000000  -0.0173752   0.0422235
   19  -0.0256956   0.0325533   0.0290598  -0.0000000  -0.0543105   0.1319991
   20   0.0000000   0.0000000   0.0000000  -0.0227178   0.0000000  -0.0000000
   21   0.0072910  -0.0018630  -0.0060736   0.0000000  -0.0024500   0.0076003
   22  -0.0241857   0.0066704   0.0222037   0.0000000   0.0075562  -0.0181145
   23  -0.0066704  -0.0208446   0.0149579  -0.0000000  -0.0030894   0.0073533
   24  -0.0222037   0.0149579   0.0161948  -0.0000000   0.0120410  -0.0458476
   25   0.0000000  -0.0000000  -0.0000000  -0.1624240   0.0000000  -0.0000000
   26   0.0075562   0.0030894  -0.0120410   0.0000000  -0.0021514   0.0072813
   27  -0.0181145  -0.0073533   0.0458476  -0.0000000   0.0072813  -0.0242489
   28   0.0113312   0.0097706   0.0028881  -0.0000000  -0.0040725   0.0147578
   29  -0.0443314  -0.0198823   0.0509083  -0.0000000   0.0049293  -0.0180900
   30  -0.0000000  -0.0000000   0.0000000  -0.0439472   0.0000000  -0.0000000
   31   0.1520157   0.0865988   0.2542481  -0.0000000   0.0133594  -0.0502663
   32  -0.0503282   0.0532359  -0.0183092  -0.0000000  -0.0574161   0.1513686
   33   0.0036191  -0.0019153  -0.0019698  -0.0000000  -0.0085649   0.0325525
   34   0.0324172   0.0292550  -0.0382979   0.0000000  -0.0009572   0.0033474
   35  -0.0051955   0.0075269   0.0021302   0.0000000  -0.0024322   0.0081779
   36   0.0184884  -0.0310394  -0.0089130  -0.0000000   0.0085038  -0.0254497
   37   0.0278969  -0.0384249  -0.0094385  -0.0000000   0.0097609  -0.0361655
   38   0.0125750  -0.0132329  -0.0016657   0.0000000   0.0075160  -0.0304236
   39  -0.0000000   0.0000000  -0.0000000  -0.0216218  -0.0000000   0.0000000
   40  -0.0016120   0.0017702   0.0003520   0.0000000  -0.0017655   0.0059720
   41   0.0059521  -0.0073317  -0.0011917  -0.0000000   0.0058411  -0.0197886
   42   0.0025802  -0.0020894  -0.0023581  -0.0000000   0.0048955  -0.0185503
   43   0.0074620  -0.0093964   0.0003396  -0.0000000   0.0037558  -0.0152491
   44  -0.0000000   0.0000000   0.0000000   0.0004117  -0.0000000   0.0000000
   45  -0.0128145   0.0153060   0.0051373   0.0000000  -0.0070872   0.0273198
   46   0.0009827  -0.0021205  -0.0000685  -0.0000000  -0.0019260   0.0072099
   47  -0.0002346   0.0037725  -0.0010517   0.0000000   0.0031942  -0.0106749
   48   0.0102620   0.0117703  -0.0009926   0.0000000   0.0016331  -0.0060115
   49  -0.0370520  -0.0503334   0.0025419  -0.0000000  -0.0065729   0.0228861
   50   0.0412152   0.0438091  -0.0213602   0.0000000   0.0072769  -0.0287152
   51  -0.0212965  -0.0061758  -0.0035366  -0.0000000  -0.0001176   0.0013252
   52   0.0000000  -0.0000000  -0.0000000  -0.0175948  -0.0000000  -0.0000000
   53  -0.0056316  -0.0049596   0.0026962  -0.0000000  -0.0006423   0.0025735
   54   0.0179005   0.0194747  -0.0089286   0.0000000   0.0024046  -0.0090420
   55  -0.0216726  -0.0153661   0.0134247   0.0000000  -0.0023910   0.0106044
   56   0.0168555   0.0162847  -0.0076829  -0.0000000   0.0014786  -0.0056377
   57   0.0000000  -0.0000000  -0.0000000  -0.0898856   0.0000000  -0.0000000
   58  -0.0203882  -0.0164511   0.0069487   0.0000000  -0.0006164   0.0014974
   59  -0.0115323  -0.0112970   0.0110678  -0.0000000  -0.0019812   0.0083345
   60   0.0005812   0.0039350  -0.0063932  -0.0000000   0.0008125  -0.0032098
           13          14          15          16          17          18
    1   0.0125752  -0.0033448   0.0000000  -0.0021798   0.0075226   0.0065984
    2  -0.0453596   0.0169534  -0.0000000   0.0075226  -0.0257408  -0.0245813
    3   0.0456471  -0.0032039   0.0000000  -0.0065984   0.0245813   0.0222420
    4  -0.0257616   0.0138159  -0.0000000  -0.0015105   0.0057957   0.0097115
    5   0.0000000  -0.0000000  -0.0195796  -0.0000000   0.0000000  -0.0000000
    6  -0.0569469  -0.0102544   0.0000000  -0.0023310   0.0069999   0.0077742
    7   0.1435758   0.0217667  -0.0000000   0.0068428  -0.0148813  -0.0314572
    8  -0.2248765  -0.0468827   0.0000000  -0.0103586   0.0355471   0.0297237
    9  -0.0489361  -0.0016065   0.0000000  -0.0079764   0.0331273   0.0101564
   10   0.0000000   0.0000000   0.2594584   0.0000000  -0.0000000  -0.0000000
   11   0.0029598  -0.0040790   0.0000000   0.0126270  -0.0326810  -0.0173752
   12  -0.0163179   0.0229917   0.0000000  -0.0321087   0.0380544   0.0422235
   13   0.3163540  -0.0184850   0.0000000   0.0187157  -0.0451704  -0.0088539
   14  -0.0184850   0.3102638  -0.0000000   0.0537057  -0.1356667  -0.0761915
   15   0.0000000  -0.0000000   0.3841827  -0.0000000  -0.0000000  -0.0000000
   16   0.0187157   0.0537057  -0.0000000   1.0345649  -0.1083248   0.0006805
   17  -0.0451704  -0.1356667  -0.0000000  -0.1083248   0.4419135  -0.0167844
   18  -0.0088539  -0.0761915  -0.0000000   0.0006805  -0.0167844   0.3216307
   19  -0.0732720  -0.2146476   0.0000000   0.0001516  -0.0039862   0.0004996
   20   0.0000000   0.0000000   0.2391506   0.0000000  -0.0000000   0.0000000
   21   0.0018777  -0.0121554   0.0000000   0.0125985  -0.0327700  -0.0375968
   22  -0.0113312   0.0443314  -0.0000000  -0.0320699   0.0386281   0.0912573
   23   0.0097706  -0.0198823  -0.0000000   0.0382147  -0.0952479  -0.0937577
   24   0.0028881   0.0509083  -0.0000000  -0.0432830   0.1129271   0.1226458
   25   0.0000000  -0.0000000  -0.0439472   0.0000000   0.0000000  -0.0000000
   26   0.0040725  -0.0049293   0.0000000  -0.0023198   0.0069674   0.0105408
   27  -0.0147578   0.0180900  -0.0000000   0.0068478  -0.0149081  -0.0400770
   28  -0.0041938  -0.0241224  -0.0000000  -0.0125752   0.0453596   0.0456471
   29  -0.0241224  -0.0004937  -0.0000000   0.0033448  -0.0169534  -0.0032039
   30   0.0000000  -0.0000000  -0.1665361  -0.0000000   0.0000000   0.0000000
   31  -0.0419443  -0.0379191   0.0000000  -0.0086594   0.0333563   0.0168287
   32  -0.1799774   0.2002892  -0.0000000   0.0128809  -0.0496806   0.0088987
   33  -0.0120433  -0.0467902  -0.0000000   0.0130811  -0.0509958  -0.0153947
   34   0.0025888  -0.0011588   0.0000000  -0.0089055   0.0344848   0.0325019
   35  -0.0091600  -0.0063381   0.0000000   0.0095571  -0.0266623   0.0489157
   36   0.0378846   0.0214481  -0.0000000  -0.0261383   0.0448151  -0.1365639
   37   0.0323677   0.0332102  -0.0000000  -0.0494380   0.1451835  -0.2324673
   38   0.0132553   0.0236046   0.0000000  -0.0125796   0.0430748  -0.0594477
   39   0.0000000  -0.0000000  -0.0199160   0.0000000  -0.0000000   0.0000000
   40  -0.0056956   0.0007573  -0.0000000  -0.0024164   0.0085792  -0.0114914
   41   0.0217361  -0.0030939  -0.0000000   0.0069355  -0.0212100   0.0371990
   42   0.0143714  -0.0002473  -0.0000000   0.0124802  -0.0528122   0.0536785
   43   0.0188516  -0.0263326  -0.0000000  -0.0009275  -0.0002525  -0.0141709
   44   0.0000000  -0.0000000  -0.0854500   0.0000000  -0.0000000   0.0000000
   45  -0.0134436  -0.0368910   0.0000000   0.0135244  -0.0561015   0.0582599
   46  -0.0078275   0.0119592  -0.0000000  -0.0111086   0.0474054  -0.0589031
   47   0.0056692  -0.0178896   0.0000000   0.0081569  -0.0345942   0.0414110
   48  -0.0084396  -0.0012563   0.0000000  -0.0000102   0.0001734  -0.0003310
   49   0.0363290   0.0050965  -0.0000000   0.0004964  -0.0022762  -0.0005760
   50  -0.0385039  -0.0064345   0.0000000   0.0008282  -0.0033216  -0.0039247
   51  -0.0027658   0.0011060  -0.0000000   0.0006363  -0.0028241  -0.0018431
   52   0.0000000  -0.0000000  -0.0148455   0.0000000   0.0000000   0.0000000
   53   0.0030246   0.0002167   0.0000000  -0.0002171   0.0008949   0.0008377
   54  -0.0120636  -0.0003266   0.0000000   0.0008153  -0.0032211  -0.0033461
   55   0.0108889   0.0020124   0.0000000  -0.0006053   0.0029835   0.0018900
   56  -0.0086248  -0.0008878   0.0000000  -0.0012338   0.0052281   0.0041634
   57   0.0000000  -0.0000000   0.0000819  -0.0000000   0.0000000   0.0000000
   58   0.0016245  -0.0030495   0.0000000   0.0006066  -0.0030876  -0.0018828
   59   0.0104573   0.0012210  -0.0000000  -0.0008756   0.0039060   0.0029837
   60  -0.0045772   0.0000241  -0.0000000   0.0006711  -0.0035328  -0.0010233
           19          20          21          22          23          24
    1   0.0015105   0.0000000  -0.0023310   0.0068428   0.0103586   0.0079764
    2  -0.0057957  -0.0000000   0.0069999  -0.0148813  -0.0355471  -0.0331273
    3   0.0097115   0.0000000  -0.0077742   0.0314572   0.0297237   0.0101564
    4  -0.0273735  -0.0000000  -0.0080549   0.0256956   0.0325533   0.0290598
    5  -0.0000000  -0.1580325  -0.0000000  -0.0000000   0.0000000  -0.0000000
    6   0.0080549  -0.0000000  -0.0021580   0.0072910   0.0018630   0.0060736
    7  -0.0256956   0.0000000   0.0072910  -0.0241857  -0.0066704  -0.0222037
    8   0.0325533   0.0000000  -0.0018630   0.0066704  -0.0208446   0.0149579
    9   0.0290598   0.0000000  -0.0060736   0.0222037   0.0149579   0.0161948
   10  -0.0000000  -0.0227178   0.0000000   0.0000000  -0.0000000  -0.0000000
   11  -0.0543105   0.0000000  -0.0024500   0.0075562  -0.0030894   0.0120410
   12   0.1319991  -0.0000000   0.0076003  -0.0181145   0.0073533  -0.0458476
   13  -0.0732720   0.0000000   0.0018777  -0.0113312   0.0097706   0.0028881
   14  -0.2146476   0.0000000  -0.0121554   0.0443314  -0.0198823   0.0509083
   15   0.0000000   0.2391506   0.0000000  -0.0000000  -0.0000000  -0.0000000
   16   0.0001516   0.0000000   0.0125985  -0.0320699   0.0382147  -0.0432830
   17  -0.0039862  -0.0000000  -0.0327700   0.0386281  -0.0952479   0.1129271
   18   0.0004996   0.0000000  -0.0375968   0.0912573  -0.0937577   0.1226458
   19   0.3135647  -0.0000000   0.0430534  -0.1042851   0.1235790  -0.1304189
   20  -0.0000000   0.4190129  -0.0000000   0.0000000  -0.0000000   0.0000000
   21   0.0430534  -0.0000000   1.0337031  -0.1020716   0.0013788   0.0053645
   22  -0.1042851   0.0000000  -0.1020716   0.4135939  -0.0074049  -0.0296706
   23   0.1235790  -0.0000000   0.0013788  -0.0074049   0.2991943   0.0161348
   24  -0.1304189   0.0000000   0.0053645  -0.0296706   0.0161348   0.3230853
   25   0.0000000   0.2385415   0.0000000  -0.0000000   0.0000000  -0.0000000
   26  -0.0044882  -0.0000000   0.0126002  -0.0326510  -0.0565182  -0.0130142
   27   0.0120101   0.0000000  -0.0327459   0.0409231   0.1418294   0.0368778
   28  -0.0257616   0.0000000   0.0569469  -0.1435758  -0.2248765  -0.0489361
   29   0.0138159  -0.0000000   0.0102544  -0.0217667  -0.0468827  -0.0016065
   30  -0.0000000  -0.0195796  -0.0000000   0.0000000  -0.0000000   0.0000000
   31   0.0454117   0.0000000  -0.0010191   0.0036191   0.0019153   0.0019698
   32  -0.0620356   0.0000000  -0.0085928   0.0324172  -0.0292550   0.0382979
   33   0.0598714  -0.0000000  -0.0573312   0.1520157  -0.0865988  -0.2542481
   34  -0.0354464  -0.0000000   0.0134222  -0.0503282  -0.0532359   0.0183092
   35   0.0103259   0.0000000  -0.0028710   0.0102620  -0.0117703   0.0009926
   36  -0.0275166  -0.0000000   0.0112085  -0.0370520   0.0503334  -0.0025419
   37  -0.0465744  -0.0000000   0.0110234  -0.0412152   0.0438091  -0.0213602
   38  -0.0109264   0.0000000  -0.0047777   0.0212965  -0.0061758  -0.0035366
   39  -0.0000000   0.0788767  -0.0000000  -0.0000000  -0.0000000  -0.0000000
   40   0.0025109   0.0000000   0.0015086  -0.0056316   0.0049596  -0.0026962
   41  -0.0123963  -0.0000000  -0.0052522   0.0179005  -0.0194747   0.0089286
   42  -0.0004743  -0.0000000  -0.0052896   0.0216726  -0.0153661   0.0134247
   43   0.0056801  -0.0000000   0.0043114  -0.0168555   0.0162847  -0.0076829
   44  -0.0000000  -0.0353939   0.0000000  -0.0000000  -0.0000000   0.0000000
   45   0.0333682   0.0000000   0.0054603  -0.0203882   0.0164511  -0.0069487
   46  -0.0067202  -0.0000000   0.0028701  -0.0115323   0.0112970  -0.0110678
   47   0.0018016   0.0000000  -0.0004999   0.0005812  -0.0039350   0.0063932
   48   0.0002149  -0.0000000   0.0014543  -0.0051955  -0.0075269  -0.0021302
   49  -0.0011694  -0.0000000  -0.0055387   0.0184884   0.0310394   0.0089130
   50  -0.0012663   0.0000000   0.0071710  -0.0278969  -0.0384249  -0.0094385
   51  -0.0012470  -0.0000000   0.0029491  -0.0125750  -0.0132329  -0.0016657
   52  -0.0000000   0.0048689   0.0000000   0.0000000   0.0000000  -0.0000000
   53  -0.0005345  -0.0000000   0.0004733  -0.0016120  -0.0017702  -0.0003520
   54   0.0023537  -0.0000000  -0.0018112   0.0059521   0.0073317   0.0011917
   55  -0.0004514  -0.0000000   0.0008485  -0.0025802  -0.0020894  -0.0023581
   56  -0.0045520   0.0000000   0.0018462  -0.0074620  -0.0093964   0.0003396
   57  -0.0000000   0.0717317   0.0000000  -0.0000000   0.0000000  -0.0000000
   58   0.0024524   0.0000000   0.0031335  -0.0128145  -0.0153060  -0.0051373
   59  -0.0008946   0.0000000  -0.0001531   0.0009827   0.0021205   0.0000685
   60   0.0002499   0.0000000   0.0001627  -0.0002346  -0.0037725   0.0010517
           25          26          27          28          29          30
    1  -0.0000000   0.0126270  -0.0321087  -0.0187157  -0.0537057  -0.0000000
    2  -0.0000000  -0.0326810   0.0380544   0.0451704   0.1356667  -0.0000000
    3  -0.0000000   0.0173752  -0.0422235  -0.0088539  -0.0761915   0.0000000
    4   0.0000000   0.0543105  -0.1319991  -0.0732720  -0.2146476   0.0000000
    5  -0.0227178  -0.0000000   0.0000000   0.0000000   0.0000000   0.2391506
    6  -0.0000000  -0.0024500   0.0076003  -0.0018777   0.0121554   0.0000000
    7   0.0000000   0.0075562  -0.0181145   0.0113312  -0.0443314  -0.0000000
    8  -0.0000000   0.0030894  -0.0073533   0.0097706  -0.0198823  -0.0000000
    9  -0.0000000  -0.0120410   0.0458476   0.0028881   0.0509083   0.0000000
   10  -0.1624240   0.0000000  -0.0000000  -0.0000000  -0.0000000  -0.0439472
   11   0.0000000  -0.0021514   0.0072813  -0.0040725   0.0049293   0.0000000
   12  -0.0000000   0.0072813  -0.0242489   0.0147578  -0.0180900  -0.0000000
   13   0.0000000   0.0040725  -0.0147578  -0.0041938  -0.0241224   0.0000000
   14  -0.0000000  -0.0049293   0.0180900  -0.0241224  -0.0004937  -0.0000000
   15  -0.0439472   0.0000000  -0.0000000  -0.0000000  -0.0000000  -0.1665361
   16   0.0000000  -0.0023198   0.0068478  -0.0125752   0.0033448  -0.0000000
   17   0.0000000   0.0069674  -0.0149081   0.0453596  -0.0169534   0.0000000
   18  -0.0000000   0.0105408  -0.0400770   0.0456471  -0.0032039   0.0000000
   19   0.0000000  -0.0044882   0.0120101  -0.0257616   0.0138159  -0.0000000
   20   0.2385415  -0.0000000   0.0000000   0.0000000  -0.0000000  -0.0195796
   21   0.0000000   0.0126002  -0.0327459   0.0569469   0.0102544  -0.0000000
   22  -0.0000000  -0.0326510   0.0409231  -0.1435758  -0.0217667   0.0000000
   23   0.0000000  -0.0565182   0.1418294  -0.2248765  -0.0468827  -0.0000000
   24  -0.0000000  -0.0130142   0.0368778  -0.0489361  -0.0016065   0.0000000
   25   0.3758851   0.0000000   0.0000000   0.0000000   0.0000000   0.2594584
   26   0.0000000   1.0337799  -0.1023722  -0.0029598   0.0040790  -0.0000000
   27   0.0000000  -0.1023722   0.4147397   0.0163179  -0.0229917   0.0000000
   28   0.0000000  -0.0029598   0.0163179   0.3163540  -0.0184850   0.0000000
   29   0.0000000   0.0040790  -0.0229917  -0.0184850   0.3102638   0.0000000
   30   0.2594584  -0.0000000   0.0000000   0.0000000   0.0000000   0.3841827
   31  -0.0000000  -0.0085649   0.0325525   0.0120433   0.0467902  -0.0000000
   32   0.0000000  -0.0009572   0.0033474  -0.0025888   0.0011588   0.0000000
   33   0.0000000   0.0133594  -0.0502663   0.0419443   0.0379191  -0.0000000
   34  -0.0000000  -0.0574161   0.1513686   0.1799774  -0.2002892   0.0000000
   35   0.0000000   0.0016331  -0.0060115   0.0084396   0.0012563  -0.0000000
   36  -0.0000000  -0.0065729   0.0228861  -0.0363290  -0.0050965  -0.0000000
   37   0.0000000  -0.0072769   0.0287152  -0.0385039  -0.0064345  -0.0000000
   38   0.0000000   0.0001176  -0.0013252  -0.0027658   0.0011060  -0.0000000
   39  -0.0175948   0.0000000   0.0000000  -0.0000000  -0.0000000  -0.0148455
   40   0.0000000  -0.0006423   0.0025735  -0.0030246  -0.0002167  -0.0000000
   41   0.0000000   0.0024046  -0.0090420   0.0120636   0.0003266   0.0000000
   42  -0.0000000   0.0023910  -0.0106044   0.0108889   0.0020124   0.0000000
   43  -0.0000000  -0.0014786   0.0056377  -0.0086248  -0.0008878   0.0000000
   44  -0.0898856  -0.0000000  -0.0000000  -0.0000000  -0.0000000   0.0000819
   45  -0.0000000  -0.0006164   0.0014974  -0.0016245   0.0030495  -0.0000000
   46   0.0000000  -0.0019812   0.0083345  -0.0104573  -0.0012210  -0.0000000
   47  -0.0000000   0.0008125  -0.0032098   0.0045772  -0.0000241   0.0000000
   48   0.0000000  -0.0024322   0.0081779   0.0091600   0.0063381   0.0000000
   49   0.0000000   0.0085038  -0.0254497  -0.0378846  -0.0214481  -0.0000000
   50  -0.0000000  -0.0097609   0.0361655   0.0323677   0.0332102  -0.0000000
   51   0.0000000  -0.0075160   0.0304236   0.0132553   0.0236046   0.0000000
   52  -0.0216218  -0.0000000   0.0000000   0.0000000  -0.0000000  -0.0199160
   53  -0.0000000  -0.0017655   0.0059720   0.0056956  -0.0007573  -0.0000000
   54   0.0000000   0.0058411  -0.0197886  -0.0217361   0.0030939  -0.0000000
   55  -0.0000000  -0.0048955   0.0185503   0.0143714  -0.0002473  -0.0000000
   56  -0.0000000  -0.0037558   0.0152491   0.0188516  -0.0263326  -0.0000000
   57   0.0004117  -0.0000000   0.0000000   0.0000000  -0.0000000  -0.0854500
   58  -0.0000000  -0.0070872   0.0273198   0.0134436   0.0368910  -0.0000000
   59   0.0000000  -0.0019260   0.0072099   0.0078275  -0.0119592   0.0000000
   60  -0.0000000   0.0031942  -0.0106749  -0.0056692   0.0178896  -0.0000000
           31          32          33          34          35          36
    1   0.0130811  -0.0089055  -0.0086594   0.0128809  -0.0000102   0.0004964
    2  -0.0509958   0.0344848   0.0333563  -0.0496806   0.0001734  -0.0022762
    3   0.0153947  -0.0325019  -0.0168287  -0.0088987   0.0003310   0.0005760
    4  -0.0598714   0.0354464  -0.0454117   0.0620356  -0.0002149   0.0011694
    5   0.0000000   0.0000000   0.0000000  -0.0000000   0.0000000  -0.0000000
    6  -0.0573312   0.0134222  -0.0010191  -0.0085928   0.0014543  -0.0055387
    7   0.1520157  -0.0503282   0.0036191   0.0324172  -0.0051955   0.0184884
    8   0.0865988   0.0532359  -0.0019153   0.0292550   0.0075269  -0.0310394
    9   0.2542481  -0.0183092  -0.0019698  -0.0382979   0.0021302  -0.0089130
   10  -0.0000000  -0.0000000  -0.0000000   0.0000000   0.0000000  -0.0000000
   11   0.0133594  -0.0574161  -0.0085649  -0.0009572  -0.0024322   0.0085038
   12  -0.0502663   0.1513686   0.0325525   0.0033474   0.0081779  -0.0254497
   13  -0.0419443  -0.1799774  -0.0120433   0.0025888  -0.0091600   0.0378846
   14  -0.0379191   0.2002892  -0.0467902  -0.0011588  -0.0063381   0.0214481
   15   0.0000000  -0.0000000  -0.0000000   0.0000000   0.0000000  -0.0000000
   16  -0.0086594   0.0128809   0.0130811  -0.0089055   0.0095571  -0.0261383
   17   0.0333563  -0.0496806  -0.0509958   0.0344848  -0.0266623   0.0448151
   18   0.0168287   0.0088987  -0.0153947   0.0325019   0.0489157  -0.1365639
   19   0.0454117  -0.0620356   0.0598714  -0.0354464   0.0103259  -0.0275166
   20   0.0000000   0.0000000  -0.0000000  -0.0000000   0.0000000  -0.0000000
   21  -0.0010191  -0.0085928  -0.0573312   0.0134222  -0.0028710   0.0112085
   22   0.0036191   0.0324172   0.1520157  -0.0503282   0.0102620  -0.0370520
   23   0.0019153  -0.0292550  -0.0865988  -0.0532359  -0.0117703   0.0503334
   24   0.0019698   0.0382979  -0.2542481   0.0183092   0.0009926  -0.0025419
   25  -0.0000000   0.0000000   0.0000000  -0.0000000   0.0000000  -0.0000000
   26  -0.0085649  -0.0009572   0.0133594  -0.0574161   0.0016331  -0.0065729
   27   0.0325525   0.0033474  -0.0502663   0.1513686  -0.0060115   0.0228861
   28   0.0120433  -0.0025888   0.0419443   0.1799774   0.0084396  -0.0363290
   29   0.0467902   0.0011588   0.0379191  -0.2002892   0.0012563  -0.0050965
   30  -0.0000000   0.0000000  -0.0000000   0.0000000  -0.0000000  -0.0000000
   31   0.2660257  -0.0370384   0.0093457  -0.0219631   0.0029399  -0.0121756
   32  -0.0370384   0.2691453  -0.0219631   0.0093856   0.0061992  -0.0244499
   33   0.0093457  -0.0219631   0.2660257  -0.0370384   0.0071449  -0.0284240
   34  -0.0219631   0.0093856  -0.0370384   0.2691453   0.0028289  -0.0126273
   35   0.0029399   0.0061992   0.0071449   0.0028289   1.0339100  -0.1040946
   36  -0.0121756  -0.0244499  -0.0284240  -0.0126273  -0.1040946   0.4208720
   37  -0.0167512  -0.0298275  -0.0289485  -0.0169488   0.0019106   0.0084385
   38  -0.0059232  -0.0147565   0.0006430  -0.0034340   0.0055648  -0.0328519
   39   0.0000000  -0.0000000   0.0000000  -0.0000000   0.0000000   0.0000000
   40  -0.0001914   0.0035439  -0.0015774  -0.0013654   0.0146229  -0.0360976
   41   0.0003511  -0.0126188   0.0051920   0.0053962  -0.0369872   0.0386619
   42   0.0007904   0.0032346   0.0070616   0.0058184  -0.0457817   0.1088598
   43   0.0040461  -0.0151330  -0.0008920  -0.0046568   0.0437235  -0.1000765
   44   0.0000000   0.0000000  -0.0000000   0.0000000  -0.0000000   0.0000000
   45   0.0110509   0.0066871   0.0082977  -0.0018692  -0.0574758   0.1503177
   46  -0.0038641  -0.0035250  -0.0060569  -0.0057832   0.0143347  -0.0463576
   47   0.0042009   0.0045311   0.0028255   0.0033097   0.0114809  -0.0361906
   48   0.0071449   0.0028289   0.0029399   0.0061992   0.0003460  -0.0016383
   49  -0.0284240  -0.0126273  -0.0121756  -0.0244499  -0.0016383   0.0074677
   50   0.0289485   0.0169488   0.0167512   0.0298275   0.0014457  -0.0069970
   51  -0.0006430   0.0034340   0.0059232   0.0147565   0.0001799  -0.0009552
   52   0.0000000   0.0000000  -0.0000000  -0.0000000   0.0000000  -0.0000000
   53  -0.0015774  -0.0013654  -0.0001914   0.0035439   0.0000356  -0.0001406
   54   0.0051920   0.0053962   0.0003511  -0.0126188  -0.0001452   0.0005740
   55  -0.0070616  -0.0058184  -0.0007904  -0.0032346   0.0000104  -0.0000032
   56   0.0008920   0.0046568  -0.0040461   0.0151330   0.0006708  -0.0030705
   57   0.0000000   0.0000000  -0.0000000  -0.0000000  -0.0000000  -0.0000000
   58   0.0082977  -0.0018692   0.0110509   0.0066871   0.0002284  -0.0010781
   59  -0.0060569  -0.0057832  -0.0038641  -0.0035250  -0.0000307   0.0002344
   60   0.0028255   0.0033097   0.0042009   0.0045311   0.0000481  -0.0001247
           37          38          39          40          41          42
    1  -0.0008282  -0.0006363  -0.0000000  -0.0002171   0.0008153   0.0006053
    2   0.0033216   0.0028241   0.0000000   0.0008949  -0.0032211  -0.0029835
    3  -0.0039247  -0.0018431   0.0000000  -0.0008377   0.0033461   0.0018900
    4  -0.0012663  -0.0012470  -0.0000000   0.0005345  -0.0023537  -0.0004514
    5  -0.0000000   0.0000000   0.0048689  -0.0000000  -0.0000000  -0.0000000
    6  -0.0071710  -0.0029491  -0.0000000   0.0004733  -0.0018112  -0.0008485
    7   0.0278969   0.0125750  -0.0000000  -0.0016120   0.0059521   0.0025802
    8  -0.0384249  -0.0132329   0.0000000   0.0017702  -0.0073317  -0.0020894
    9  -0.0094385  -0.0016657  -0.0000000   0.0003520  -0.0011917  -0.0023581
   10  -0.0000000   0.0000000  -0.0216218   0.0000000  -0.0000000  -0.0000000
   11   0.0097609   0.0075160  -0.0000000  -0.0017655   0.0058411   0.0048955
   12  -0.0361655  -0.0304236   0.0000000   0.0059720  -0.0197886  -0.0185503
   13   0.0323677   0.0132553   0.0000000  -0.0056956   0.0217361   0.0143714
   14   0.0332102   0.0236046  -0.0000000   0.0007573  -0.0030939  -0.0002473
   15  -0.0000000   0.0000000  -0.0199160  -0.0000000  -0.0000000  -0.0000000
   16  -0.0494380  -0.0125796   0.0000000  -0.0024164   0.0069355   0.0124802
   17   0.1451835   0.0430748  -0.0000000   0.0085792  -0.0212100  -0.0528122
   18  -0.2324673  -0.0594477   0.0000000  -0.0114914   0.0371990   0.0536785
   19  -0.0465744  -0.0109264  -0.0000000   0.0025109  -0.0123963  -0.0004743
   20  -0.0000000   0.0000000   0.0788767   0.0000000  -0.0000000  -0.0000000
   21   0.0110234  -0.0047777  -0.0000000   0.0015086  -0.0052522  -0.0052896
   22  -0.0412152   0.0212965  -0.0000000  -0.0056316   0.0179005   0.0216726
   23   0.0438091  -0.0061758  -0.0000000   0.0049596  -0.0194747  -0.0153661
   24  -0.0213602  -0.0035366  -0.0000000  -0.0026962   0.0089286   0.0134247
   25   0.0000000   0.0000000  -0.0175948   0.0000000   0.0000000  -0.0000000
   26  -0.0072769   0.0001176   0.0000000  -0.0006423   0.0024046   0.0023910
   27   0.0287152  -0.0013252   0.0000000   0.0025735  -0.0090420  -0.0106044
   28  -0.0385039  -0.0027658  -0.0000000  -0.0030246   0.0120636   0.0108889
   29  -0.0064345   0.0011060  -0.0000000  -0.0002167   0.0003266   0.0020124
   30  -0.0000000  -0.0000000  -0.0148455  -0.0000000   0.0000000   0.0000000
   31  -0.0167512  -0.0059232   0.0000000  -0.0001914   0.0003511   0.0007904
   32  -0.0298275  -0.0147565  -0.0000000   0.0035439  -0.0126188   0.0032346
   33  -0.0289485   0.0006430   0.0000000  -0.0015774   0.0051920   0.0070616
   34  -0.0169488  -0.0034340  -0.0000000  -0.0013654   0.0053962   0.0058184
   35   0.0019106   0.0055648   0.0000000   0.0146229  -0.0369872  -0.0457817
   36   0.0084385  -0.0328519   0.0000000  -0.0360976   0.0386619   0.1088598
   37   0.2861754   0.0035357   0.0000000   0.0410033  -0.0921176  -0.0957798
   38   0.0035357   0.3252642   0.0000000  -0.0456359   0.1086454   0.1236080
   39   0.0000000   0.0000000   0.3557426  -0.0000000  -0.0000000  -0.0000000
   40   0.0410033  -0.0456359  -0.0000000   1.0353997  -0.1090570   0.0036455
   41  -0.0921176   0.1086454  -0.0000000  -0.1090570   0.4384303  -0.0271068
   42  -0.0957798   0.1236080  -0.0000000   0.0036455  -0.0271068   0.3386810
   43   0.1234196  -0.1102461   0.0000000  -0.0031004   0.0237005   0.0182706
   44  -0.0000000   0.0000000   0.3828475  -0.0000000  -0.0000000  -0.0000000
   45  -0.0648795  -0.2603441   0.0000000   0.0137615  -0.0457843  -0.0083967
   46   0.0491588  -0.0126079   0.0000000  -0.0548311   0.1431906  -0.2621694
   47   0.0167986  -0.0618509   0.0000000  -0.0541499   0.1383886   0.0772897
   48  -0.0014457  -0.0001799  -0.0000000   0.0000356  -0.0001452  -0.0000104
   49   0.0069970   0.0009552   0.0000000  -0.0001406   0.0005740   0.0000032
   50  -0.0053378  -0.0001952   0.0000000   0.0002297  -0.0009557  -0.0001793
   51  -0.0001952   0.0002638   0.0000000   0.0000068   0.0000762  -0.0000648
   52  -0.0000000   0.0000000   0.0074909   0.0000000  -0.0000000   0.0000000
   53  -0.0002297  -0.0000068   0.0000000  -0.0000782   0.0003273   0.0002249
   54   0.0009557  -0.0000762  -0.0000000   0.0003273  -0.0013262  -0.0010219
   55  -0.0001793  -0.0000648  -0.0000000  -0.0002249   0.0010219   0.0004178
   56  -0.0036822  -0.0008006   0.0000000  -0.0001058   0.0004082   0.0006449
   57   0.0000000   0.0000000  -0.0005545  -0.0000000   0.0000000  -0.0000000
   58  -0.0003862   0.0003159   0.0000000  -0.0000998   0.0004319   0.0002953
   59  -0.0003363  -0.0002133  -0.0000000  -0.0002225   0.0009407   0.0005687
   60  -0.0000642   0.0004146   0.0000000   0.0000630  -0.0003480   0.0000433
           43          44          45          46          47          48
    1   0.0012338  -0.0000000   0.0006066  -0.0008756   0.0006711   0.0095571
    2  -0.0052281   0.0000000  -0.0030876   0.0039060  -0.0035328  -0.0266623
    3   0.0041634   0.0000000   0.0018828  -0.0029837   0.0010233  -0.0489157
    4  -0.0045520  -0.0000000  -0.0024524   0.0008946  -0.0002499  -0.0103259
    5  -0.0000000   0.0717317  -0.0000000   0.0000000  -0.0000000  -0.0000000
    6  -0.0018462   0.0000000   0.0031335  -0.0001531   0.0001627  -0.0028710
    7   0.0074620  -0.0000000  -0.0128145   0.0009827  -0.0002346   0.0102620
    8  -0.0093964   0.0000000   0.0153060  -0.0021205   0.0037725   0.0117703
    9   0.0003396   0.0000000   0.0051373  -0.0000685  -0.0010517  -0.0009926
   10  -0.0000000   0.0004117   0.0000000  -0.0000000   0.0000000   0.0000000
   11   0.0037558  -0.0000000  -0.0070872  -0.0019260   0.0031942   0.0016331
   12  -0.0152491   0.0000000   0.0273198   0.0072099  -0.0106749  -0.0060115
   13   0.0188516   0.0000000  -0.0134436  -0.0078275   0.0056692  -0.0084396
   14  -0.0263326  -0.0000000  -0.0368910   0.0119592  -0.0178896  -0.0012563
   15  -0.0000000  -0.0854500   0.0000000  -0.0000000   0.0000000   0.0000000
   16  -0.0009275   0.0000000   0.0135244  -0.0111086   0.0081569  -0.0000102
   17  -0.0002525  -0.0000000  -0.0561015   0.0474054  -0.0345942   0.0001734
   18  -0.0141709   0.0000000   0.0582599  -0.0589031   0.0414110  -0.0003310
   19   0.0056801  -0.0000000   0.0333682  -0.0067202   0.0018016   0.0002149
   20  -0.0000000  -0.0353939   0.0000000  -0.0000000   0.0000000  -0.0000000
   21   0.0043114   0.0000000   0.0054603   0.0028701  -0.0004999   0.0014543
   22  -0.0168555  -0.0000000  -0.0203882  -0.0115323   0.0005812  -0.0051955
   23   0.0162847  -0.0000000   0.0164511   0.0112970  -0.0039350  -0.0075269
   24  -0.0076829   0.0000000  -0.0069487  -0.0110678   0.0063932  -0.0021302
   25  -0.0000000  -0.0898856  -0.0000000   0.0000000  -0.0000000   0.0000000
   26  -0.0014786  -0.0000000  -0.0006164  -0.0019812   0.0008125  -0.0024322
   27   0.0056377  -0.0000000   0.0014974   0.0083345  -0.0032098   0.0081779
   28  -0.0086248  -0.0000000  -0.0016245  -0.0104573   0.0045772   0.0091600
   29  -0.0008878  -0.0000000   0.0030495  -0.0012210  -0.0000241   0.0063381
   30   0.0000000   0.0000819  -0.0000000  -0.0000000   0.0000000   0.0000000
   31   0.0040461   0.0000000   0.0110509  -0.0038641   0.0042009   0.0071449
   32  -0.0151330   0.0000000   0.0066871  -0.0035250   0.0045311   0.0028289
   33  -0.0008920  -0.0000000   0.0082977  -0.0060569   0.0028255   0.0029399
   34  -0.0046568   0.0000000  -0.0018692  -0.0057832   0.0033097   0.0061992
   35   0.0437235  -0.0000000  -0.0574758   0.0143347   0.0114809   0.0003460
   36  -0.1000765   0.0000000   0.1503177  -0.0463576  -0.0361906  -0.0016383
   37   0.1234196  -0.0000000  -0.0648795   0.0491588   0.0167986  -0.0014457
   38  -0.1102461   0.0000000  -0.2603441  -0.0126079  -0.0618509  -0.0001799
   39   0.0000000   0.3828475   0.0000000   0.0000000   0.0000000  -0.0000000
   40  -0.0031004  -0.0000000   0.0137615  -0.0548311  -0.0541499   0.0000356
   41   0.0237005  -0.0000000  -0.0457843   0.1431906   0.1383886  -0.0001452
   42   0.0182706  -0.0000000  -0.0083967  -0.2621694   0.0772897  -0.0000104
   43   0.3309297  -0.0000000   0.0615160  -0.0685798   0.2635428  -0.0006708
   44  -0.0000000   0.4495263   0.0000000  -0.0000000   0.0000000   0.0000000
   45   0.0615160   0.0000000   0.2686411  -0.0442433   0.0679621   0.0002284
   46  -0.0685798  -0.0000000  -0.0442433   0.2543287  -0.0714950  -0.0000307
   47   0.2635428   0.0000000   0.0679621  -0.0714950   0.2658695   0.0000481
   48  -0.0006708   0.0000000   0.0002284  -0.0000307   0.0000481   1.0339100
   49   0.0030705  -0.0000000  -0.0010781   0.0002344  -0.0001247  -0.1040946
   50  -0.0036822   0.0000000   0.0003862   0.0003363   0.0000642  -0.0019106
   51  -0.0008006   0.0000000  -0.0003159   0.0002133  -0.0004146  -0.0055648
   52  -0.0000000  -0.0005545   0.0000000  -0.0000000   0.0000000  -0.0000000
   53   0.0001058  -0.0000000  -0.0000998  -0.0002225   0.0000630   0.0146229
   54  -0.0004082  -0.0000000   0.0004319   0.0009407  -0.0003480  -0.0369872
   55   0.0006449   0.0000000  -0.0002953  -0.0005687  -0.0000433   0.0457817
   56  -0.0013401   0.0000000   0.0000075  -0.0007746   0.0004864  -0.0437235
   57  -0.0000000  -0.0360700   0.0000000   0.0000000   0.0000000   0.0000000
   58  -0.0000075   0.0000000   0.0001860  -0.0001500   0.0000368  -0.0574758
   59   0.0007746  -0.0000000  -0.0001500  -0.0007163   0.0002393   0.0143347
   60  -0.0004864   0.0000000   0.0000368   0.0002393  -0.0001926   0.0114809
           49          50          51          52          53          54
    1  -0.0261383   0.0494380   0.0125796   0.0000000  -0.0024164   0.0069355
    2   0.0448151  -0.1451835  -0.0430748  -0.0000000   0.0085792  -0.0212100
    3   0.1365639  -0.2324673  -0.0594477   0.0000000   0.0114914  -0.0371990
    4   0.0275166  -0.0465744  -0.0109264  -0.0000000  -0.0025109   0.0123963
    5  -0.0000000   0.0000000   0.0000000   0.0788767  -0.0000000  -0.0000000
    6   0.0112085  -0.0110234   0.0047777   0.0000000   0.0015086  -0.0052522
    7  -0.0370520   0.0412152  -0.0212965   0.0000000  -0.0056316   0.0179005
    8  -0.0503334   0.0438091  -0.0061758  -0.0000000  -0.0049596   0.0194747
    9   0.0025419  -0.0213602  -0.0035366  -0.0000000   0.0026962  -0.0089286
   10  -0.0000000   0.0000000  -0.0000000  -0.0175948  -0.0000000   0.0000000
   11  -0.0065729   0.0072769  -0.0001176  -0.0000000  -0.0006423   0.0024046
   12   0.0228861  -0.0287152   0.0013252  -0.0000000   0.0025735  -0.0090420
   13   0.0363290  -0.0385039  -0.0027658   0.0000000   0.0030246  -0.0120636
   14   0.0050965  -0.0064345   0.0011060  -0.0000000   0.0002167  -0.0003266
   15  -0.0000000   0.0000000  -0.0000000  -0.0148455   0.0000000   0.0000000
   16   0.0004964   0.0008282   0.0006363   0.0000000  -0.0002171   0.0008153
   17  -0.0022762  -0.0033216  -0.0028241   0.0000000   0.0008949  -0.0032211
   18  -0.0005760  -0.0039247  -0.0018431   0.0000000   0.0008377  -0.0033461
   19  -0.0011694  -0.0012663  -0.0012470  -0.0000000  -0.0005345   0.0023537
   20  -0.0000000   0.0000000  -0.0000000   0.0048689  -0.0000000  -0.0000000
   21  -0.0055387   0.0071710   0.0029491   0.0000000   0.0004733  -0.0018112
   22   0.0184884  -0.0278969  -0.0125750   0.0000000  -0.0016120   0.0059521
   23   0.0310394  -0.0384249  -0.0132329   0.0000000  -0.0017702   0.0073317
   24   0.0089130  -0.0094385  -0.0016657  -0.0000000  -0.0003520   0.0011917
   25   0.0000000  -0.0000000   0.0000000  -0.0216218  -0.0000000   0.0000000
   26   0.0085038  -0.0097609  -0.0075160  -0.0000000  -0.0017655   0.0058411
   27  -0.0254497   0.0361655   0.0304236   0.0000000   0.0059720  -0.0197886
   28  -0.0378846   0.0323677   0.0132553   0.0000000   0.0056956  -0.0217361
   29  -0.0214481   0.0332102   0.0236046  -0.0000000  -0.0007573   0.0030939
   30  -0.0000000  -0.0000000   0.0000000  -0.0199160  -0.0000000  -0.0000000
   31  -0.0284240   0.0289485  -0.0006430   0.0000000  -0.0015774   0.0051920
   32  -0.0126273   0.0169488   0.0034340   0.0000000  -0.0013654   0.0053962
   33  -0.0121756   0.0167512   0.0059232  -0.0000000  -0.0001914   0.0003511
   34  -0.0244499   0.0298275   0.0147565  -0.0000000   0.0035439  -0.0126188
   35  -0.0016383   0.0014457   0.0001799   0.0000000   0.0000356  -0.0001452
   36   0.0074677  -0.0069970  -0.0009552  -0.0000000  -0.0001406   0.0005740
   37   0.0069970  -0.0053378  -0.0001952  -0.0000000  -0.0002297   0.0009557
   38   0.0009552  -0.0001952   0.0002638   0.0000000  -0.0000068  -0.0000762
   39   0.0000000   0.0000000   0.0000000   0.0074909   0.0000000  -0.0000000
   40  -0.0001406   0.0002297   0.0000068   0.0000000  -0.0000782   0.0003273
   41   0.0005740  -0.0009557   0.0000762  -0.0000000   0.0003273  -0.0013262
   42   0.0000032  -0.0001793  -0.0000648   0.0000000   0.0002249  -0.0010219
   43   0.0030705  -0.0036822  -0.0008006  -0.0000000   0.0001058  -0.0004082
   44  -0.0000000   0.0000000   0.0000000  -0.0005545  -0.0000000  -0.0000000
   45  -0.0010781   0.0003862  -0.0003159   0.0000000  -0.0000998   0.0004319
   46   0.0002344   0.0003363   0.0002133  -0.0000000  -0.0002225   0.0009407
   47  -0.0001247   0.0000642  -0.0004146   0.0000000   0.0000630  -0.0003480
   48  -0.1040946  -0.0019106  -0.0055648  -0.0000000   0.0146229  -0.0369872
   49   0.4208720  -0.0084385   0.0328519   0.0000000  -0.0360976   0.0386619
   50  -0.0084385   0.2861754   0.0035357   0.0000000  -0.0410033   0.0921176
   51   0.0328519   0.0035357   0.3252642   0.0000000   0.0456359  -0.1086454
   52   0.0000000   0.0000000   0.0000000   0.3557426   0.0000000  -0.0000000
   53  -0.0360976  -0.0410033   0.0456359   0.0000000   1.0353997  -0.1090570
   54   0.0386619   0.0921176  -0.1086454  -0.0000000  -0.1090570   0.4384303
   55  -0.1088598  -0.0957798   0.1236080  -0.0000000  -0.0036455   0.0271068
   56   0.1000765   0.1234196  -0.1102461   0.0000000   0.0031004  -0.0237005
   57  -0.0000000  -0.0000000   0.0000000   0.3828475   0.0000000  -0.0000000
   58   0.1503177   0.0648795   0.2603441  -0.0000000   0.0137615  -0.0457843
   59  -0.0463576  -0.0491588   0.0126079   0.0000000  -0.0548311   0.1431906
   60  -0.0361906  -0.0167986   0.0618509  -0.0000000  -0.0541499   0.1383886
           55          56          57          58          59          60
    1  -0.0124802   0.0009275   0.0000000   0.0135244  -0.0111086   0.0081569
    2   0.0528122   0.0002525  -0.0000000  -0.0561015   0.0474054  -0.0345942
    3   0.0536785  -0.0141709   0.0000000  -0.0582599   0.0589031  -0.0414110
    4  -0.0004743   0.0056801  -0.0000000  -0.0333682   0.0067202  -0.0018016
    5  -0.0000000  -0.0000000  -0.0353939  -0.0000000   0.0000000  -0.0000000
    6   0.0052896  -0.0043114   0.0000000   0.0054603   0.0028701  -0.0004999
    7  -0.0216726   0.0168555   0.0000000  -0.0203882  -0.0115323   0.0005812
    8  -0.0153661   0.0162847  -0.0000000  -0.0164511  -0.0112970   0.0039350
    9   0.0134247  -0.0076829  -0.0000000   0.0069487   0.0110678  -0.0063932
   10   0.0000000  -0.0000000  -0.0898856   0.0000000  -0.0000000  -0.0000000
   11  -0.0023910   0.0014786   0.0000000  -0.0006164  -0.0019812   0.0008125
   12   0.0106044  -0.0056377  -0.0000000   0.0014974   0.0083345  -0.0032098
   13   0.0108889  -0.0086248   0.0000000   0.0016245   0.0104573  -0.0045772
   14   0.0020124  -0.0008878  -0.0000000  -0.0030495   0.0012210   0.0000241
   15   0.0000000   0.0000000   0.0000819   0.0000000  -0.0000000  -0.0000000
   16  -0.0006053  -0.0012338  -0.0000000   0.0006066  -0.0008756   0.0006711
   17   0.0029835   0.0052281   0.0000000  -0.0030876   0.0039060  -0.0035328
   18   0.0018900   0.0041634   0.0000000  -0.0018828   0.0029837  -0.0010233
   19  -0.0004514  -0.0045520  -0.0000000   0.0024524  -0.0008946   0.0002499
   20  -0.0000000   0.0000000   0.0717317   0.0000000   0.0000000   0.0000000
   21   0.0008485   0.0018462   0.0000000   0.0031335  -0.0001531   0.0001627
   22  -0.0025802  -0.0074620  -0.0000000  -0.0128145   0.0009827  -0.0002346
   23  -0.0020894  -0.0093964   0.0000000  -0.0153060   0.0021205  -0.0037725
   24  -0.0023581   0.0003396  -0.0000000  -0.0051373   0.0000685   0.0010517
   25  -0.0000000  -0.0000000   0.0004117  -0.0000000   0.0000000  -0.0000000
   26  -0.0048955  -0.0037558  -0.0000000  -0.0070872  -0.0019260   0.0031942
   27   0.0185503   0.0152491   0.0000000   0.0273198   0.0072099  -0.0106749
   28   0.0143714   0.0188516   0.0000000   0.0134436   0.0078275  -0.0056692
   29  -0.0002473  -0.0263326  -0.0000000   0.0368910  -0.0119592   0.0178896
   30  -0.0000000  -0.0000000  -0.0854500  -0.0000000   0.0000000  -0.0000000
   31  -0.0070616   0.0008920   0.0000000   0.0082977  -0.0060569   0.0028255
   32  -0.0058184   0.0046568   0.0000000  -0.0018692  -0.0057832   0.0033097
   33  -0.0007904  -0.0040461  -0.0000000   0.0110509  -0.0038641   0.0042009
   34  -0.0032346   0.0151330  -0.0000000   0.0066871  -0.0035250   0.0045311
   35   0.0000104   0.0006708  -0.0000000   0.0002284  -0.0000307   0.0000481
   36  -0.0000032  -0.0030705  -0.0000000  -0.0010781   0.0002344  -0.0001247
   37  -0.0001793  -0.0036822   0.0000000  -0.0003862  -0.0003363  -0.0000642
   38  -0.0000648  -0.0008006   0.0000000   0.0003159  -0.0002133   0.0004146
   39  -0.0000000   0.0000000  -0.0005545   0.0000000  -0.0000000   0.0000000
   40  -0.0002249  -0.0001058  -0.0000000  -0.0000998  -0.0002225   0.0000630
   41   0.0010219   0.0004082   0.0000000   0.0004319   0.0009407  -0.0003480
   42   0.0004178   0.0006449  -0.0000000   0.0002953   0.0005687   0.0000433
   43   0.0006449  -0.0013401  -0.0000000  -0.0000075   0.0007746  -0.0004864
   44   0.0000000   0.0000000  -0.0360700   0.0000000  -0.0000000   0.0000000
   45  -0.0002953   0.0000075   0.0000000   0.0001860  -0.0001500   0.0000368
   46  -0.0005687  -0.0007746   0.0000000  -0.0001500  -0.0007163   0.0002393
   47  -0.0000433   0.0004864   0.0000000   0.0000368   0.0002393  -0.0001926
   48   0.0457817  -0.0437235   0.0000000  -0.0574758   0.0143347   0.0114809
   49  -0.1088598   0.1000765  -0.0000000   0.1503177  -0.0463576  -0.0361906
   50  -0.0957798   0.1234196  -0.0000000   0.0648795  -0.0491588  -0.0167986
   51   0.1236080  -0.1102461   0.0000000   0.2603441   0.0126079   0.0618509
   52  -0.0000000   0.0000000   0.3828475  -0.0000000   0.0000000  -0.0000000
   53  -0.0036455   0.0031004   0.0000000   0.0137615  -0.0548311  -0.0541499
   54   0.0271068  -0.0237005  -0.0000000  -0.0457843   0.1431906   0.1383886
   55   0.3386810   0.0182706  -0.0000000   0.0083967   0.2621694  -0.0772897
   56   0.0182706   0.3309297  -0.0000000  -0.0615160   0.0685798  -0.2635428
   57  -0.0000000  -0.0000000   0.4495263  -0.0000000   0.0000000   0.0000000
   58   0.0083967  -0.0615160  -0.0000000   0.2686411  -0.0442433   0.0679621
   59   0.2621694   0.0685798   0.0000000  -0.0442433   0.2543287  -0.0714950
   60  -0.0772897  -0.2635428   0.0000000   0.0679621  -0.0714950   0.2658695
 Final Beta Density Matrix
            1           2           3           4           5           6
    1   1.0336951  -0.1041765  -0.0003633   0.0000030  -0.0000000   0.0126957
    2  -0.1041765   0.4241793   0.0154134   0.0033002  -0.0000000  -0.0328738
    3  -0.0003633   0.0154134   0.3147637   0.0001964   0.0000000   0.0374537
    4   0.0000030   0.0033002   0.0001964   0.3094383  -0.0000000  -0.0430184
    5  -0.0000000  -0.0000000   0.0000000  -0.0000000   0.2401633   0.0000000
    6   0.0126957  -0.0328738   0.0374537  -0.0430184   0.0000000   1.0337921
    7  -0.0329773   0.0412404  -0.0913956   0.1048294  -0.0000000  -0.1024398
    8  -0.0386204   0.0955539  -0.0934998   0.1236159   0.0000000  -0.0017398
    9   0.0436881  -0.1129378   0.1222689  -0.1301186   0.0000000  -0.0046851
   10  -0.0000000   0.0000000   0.0000000   0.0000000   0.1541422   0.0000000
   11  -0.0023363   0.0069827  -0.0104580   0.0044906  -0.0000000   0.0125930
   12   0.0069569  -0.0152204   0.0397519  -0.0120390   0.0000000  -0.0326835
   13   0.0124663  -0.0445554   0.0447027  -0.0254155   0.0000000  -0.0568744
   14  -0.0033439   0.0169374  -0.0034865   0.0137275  -0.0000000  -0.0104084
   15   0.0000000  -0.0000000   0.0000000  -0.0000000   0.0555198   0.0000000
   16  -0.0022040   0.0075759  -0.0066053  -0.0015102   0.0000000  -0.0023464
   17   0.0075759  -0.0257373   0.0244089   0.0057341  -0.0000000   0.0070081
   18   0.0066053  -0.0244089   0.0219915   0.0096834   0.0000000   0.0076830
   19   0.0015102  -0.0057341   0.0096834  -0.0274227  -0.0000000   0.0080247
   20   0.0000000  -0.0000000  -0.0000000   0.0000000  -0.0165783  -0.0000000
   21  -0.0023464   0.0070081  -0.0076830  -0.0080247  -0.0000000  -0.0021685
   22   0.0069595  -0.0152253   0.0311154   0.0256415   0.0000000   0.0073431
   23   0.0102527  -0.0347865   0.0288269   0.0318397  -0.0000000   0.0018815
   24   0.0079329  -0.0327992   0.0101141   0.0288345   0.0000000   0.0061429
   25   0.0000000  -0.0000000   0.0000000   0.0000000   0.0456950  -0.0000000
   26   0.0127485  -0.0329487   0.0172624   0.0542791  -0.0000000  -0.0024337
   27  -0.0330817   0.0411889  -0.0420648  -0.1325591   0.0000000   0.0075511
   28  -0.0189229   0.0454473  -0.0086010  -0.0733006   0.0000000  -0.0018765
   29  -0.0542486   0.1360652  -0.0757670  -0.2140193   0.0000000   0.0119613
   30  -0.0000000  -0.0000000   0.0000000   0.0000000   0.1450671   0.0000000
   31   0.0129206  -0.0498960   0.0154792  -0.0593590   0.0000000  -0.0571994
   32  -0.0089779   0.0343970  -0.0323088   0.0354259   0.0000000   0.0132557
   33  -0.0087323   0.0332699  -0.0166366  -0.0452943   0.0000000  -0.0010547
   34   0.0127386  -0.0487048  -0.0085748   0.0614432   0.0000000  -0.0085650
   35  -0.0000081   0.0001575   0.0003449  -0.0002126   0.0000000   0.0014526
   36   0.0004885  -0.0021989   0.0004959   0.0011547  -0.0000000  -0.0055484
   37  -0.0008335   0.0033280  -0.0039563  -0.0012608  -0.0000000  -0.0071333
   38  -0.0006288   0.0027605  -0.0018029  -0.0012351   0.0000000  -0.0029528
   39  -0.0000000  -0.0000000   0.0000000   0.0000000  -0.0803910  -0.0000000
   40  -0.0002184   0.0008946  -0.0008278   0.0005258  -0.0000000   0.0004742
   41   0.0008130  -0.0031874   0.0032709  -0.0022852  -0.0000000  -0.0017848
   42   0.0005819  -0.0028582   0.0018026  -0.0004147   0.0000000  -0.0008470
   43   0.0012236  -0.0051259   0.0040696  -0.0045604   0.0000000  -0.0018223
   44   0.0000000  -0.0000000   0.0000000   0.0000000  -0.0597263   0.0000000
   45   0.0005894  -0.0029880   0.0018476  -0.0025226   0.0000000   0.0031336
   46  -0.0008738   0.0038629  -0.0029455   0.0008729  -0.0000000  -0.0001635
   47   0.0006974  -0.0036216   0.0011299  -0.0003674   0.0000000   0.0000892
   48   0.0096306  -0.0266716  -0.0486801  -0.0103199  -0.0000000  -0.0028313
   49  -0.0268241   0.0464581   0.1365643   0.0278715  -0.0000000   0.0110577
   50   0.0500579  -0.1457591  -0.2328398  -0.0466891   0.0000000  -0.0109883
   51   0.0125215  -0.0423596  -0.0587291  -0.0106181   0.0000000   0.0048847
   52   0.0000000  -0.0000000   0.0000000  -0.0000000   0.1927682   0.0000000
   53  -0.0024037   0.0084926   0.0113778  -0.0023954  -0.0000000   0.0015112
   54   0.0068290  -0.0207658  -0.0363625   0.0119480  -0.0000000  -0.0052048
   55  -0.0121913   0.0511899   0.0523180  -0.0003872   0.0000000   0.0051860
   56   0.0010541  -0.0002631  -0.0145079   0.0054813   0.0000000  -0.0043241
   57  -0.0000000  -0.0000000   0.0000000   0.0000000   0.1168713   0.0000000
   58   0.0134217  -0.0551124  -0.0577534  -0.0332430   0.0000000   0.0055601
   59  -0.0111023   0.0470460   0.0585655   0.0068572  -0.0000000   0.0028097
   60   0.0082636  -0.0346689  -0.0416661  -0.0016511  -0.0000000  -0.0005162
            7           8           9          10          11          12
    1  -0.0329773  -0.0386204   0.0436881  -0.0000000  -0.0023363   0.0069569
    2   0.0412404   0.0955539  -0.1129378   0.0000000   0.0069827  -0.0152204
    3  -0.0913956  -0.0934998   0.1222689   0.0000000  -0.0104580   0.0397519
    4   0.1048294   0.1236159  -0.1301186   0.0000000   0.0044906  -0.0120390
    5  -0.0000000   0.0000000   0.0000000   0.1541422  -0.0000000   0.0000000
    6  -0.1024398  -0.0017398  -0.0046851   0.0000000   0.0125930  -0.0326835
    7   0.4145870   0.0089094   0.0266720  -0.0000000  -0.0326915   0.0410478
    8   0.0089094   0.3018644   0.0137245   0.0000000   0.0565996  -0.1416075
    9   0.0266720   0.0137245   0.3254460  -0.0000000   0.0128544  -0.0360793
   10  -0.0000000   0.0000000  -0.0000000   0.3591498  -0.0000000   0.0000000
   11  -0.0326915   0.0565996   0.0128544  -0.0000000   1.0337523  -0.1021843
   12   0.0410478  -0.1416075  -0.0360793   0.0000000  -0.1021843   0.4134312
   13   0.1431008  -0.2253754  -0.0484525   0.0000000   0.0031224  -0.0169323
   14   0.0223761  -0.0474701  -0.0017595   0.0000000  -0.0033119   0.0196304
   15  -0.0000000   0.0000000   0.0000000   0.3147828   0.0000000   0.0000000
   16   0.0069595  -0.0102527  -0.0079329   0.0000000   0.0127485  -0.0330817
   17  -0.0152253   0.0347865   0.0327992  -0.0000000  -0.0329487   0.0411889
   18  -0.0311154   0.0288269   0.0101141  -0.0000000  -0.0172624   0.0420648
   19  -0.0256415   0.0318397   0.0288345  -0.0000000  -0.0542791   0.1325591
   20   0.0000000  -0.0000000  -0.0000000   0.0456950   0.0000000  -0.0000000
   21   0.0073431  -0.0018815  -0.0061429   0.0000000  -0.0024337   0.0075511
   22  -0.0243810   0.0068317   0.0225212  -0.0000000   0.0075210  -0.0182382
   23  -0.0068317  -0.0211213   0.0150795   0.0000000  -0.0030035   0.0070513
   24  -0.0225212   0.0150795   0.0164620   0.0000000   0.0118581  -0.0451551
   25  -0.0000000  -0.0000000  -0.0000000  -0.1125061   0.0000000  -0.0000000
   26   0.0075210   0.0030035  -0.0118581   0.0000000  -0.0021604   0.0073189
   27  -0.0182382  -0.0070513   0.0451551  -0.0000000   0.0073189  -0.0243564
   28   0.0113079   0.0097243   0.0027027  -0.0000000  -0.0041068   0.0149751
   29  -0.0436711  -0.0191696   0.0497315  -0.0000000   0.0049777  -0.0182568
   30   0.0000000   0.0000000  -0.0000000  -0.0706728   0.0000000  -0.0000000
   31   0.1510195   0.0862949   0.2550891  -0.0000000   0.0132020  -0.0494199
   32  -0.0495275   0.0535440  -0.0189967  -0.0000000  -0.0574099   0.1506317
   33   0.0037922  -0.0019229  -0.0021889  -0.0000000  -0.0085359   0.0323693
   34   0.0323034   0.0291695  -0.0380312   0.0000000  -0.0009849   0.0034845
   35  -0.0051940   0.0074935   0.0021009  -0.0000000  -0.0024392   0.0082214
   36   0.0185617  -0.0309883  -0.0087799   0.0000000   0.0085788  -0.0258738
   37   0.0278091  -0.0380897  -0.0092598   0.0000000   0.0095859  -0.0354513
   38   0.0125935  -0.0131643  -0.0016418   0.0000000   0.0075144  -0.0304394
   39   0.0000000  -0.0000000  -0.0000000  -0.0828255   0.0000000  -0.0000000
   40  -0.0016204   0.0017980   0.0003470   0.0000000  -0.0017898   0.0061165
   41   0.0058753  -0.0073199  -0.0011430  -0.0000000   0.0058340  -0.0199148
   42   0.0025775  -0.0021630  -0.0023183  -0.0000000   0.0049089  -0.0187327
   43   0.0073600  -0.0094376   0.0004191  -0.0000000   0.0037358  -0.0151712
   44   0.0000000  -0.0000000  -0.0000000  -0.0730427  -0.0000000  -0.0000000
   45  -0.0128162   0.0151786   0.0051299   0.0000000  -0.0070922   0.0272467
   46   0.0010322  -0.0020462  -0.0000811   0.0000000  -0.0019529   0.0074081
   47   0.0000315   0.0033783  -0.0011109  -0.0000000   0.0034384  -0.0116650
   48   0.0101152   0.0116323  -0.0008824   0.0000000   0.0016169  -0.0059400
   49  -0.0366306  -0.0497472   0.0020980  -0.0000000  -0.0065125   0.0226461
   50   0.0411490   0.0435300  -0.0209833   0.0000000   0.0073033  -0.0288518
   51  -0.0218215  -0.0066422  -0.0032052  -0.0000000  -0.0001577   0.0014785
   52   0.0000000   0.0000000  -0.0000000   0.0194723  -0.0000000   0.0000000
   53  -0.0056722  -0.0049403   0.0027061  -0.0000000  -0.0006436   0.0025870
   54   0.0178274   0.0192016  -0.0088752   0.0000000   0.0023754  -0.0089514
   55  -0.0212306  -0.0150050   0.0130681   0.0000000  -0.0023506   0.0104329
   56   0.0169347   0.0163069  -0.0078053  -0.0000000   0.0014785  -0.0056348
   57   0.0000000   0.0000000   0.0000000  -0.0169413   0.0000000  -0.0000000
   58  -0.0208646  -0.0168622   0.0073831   0.0000000  -0.0006353   0.0015551
   59  -0.0112798  -0.0109980   0.0109050  -0.0000000  -0.0019663   0.0082923
   60   0.0005952   0.0039476  -0.0063488  -0.0000000   0.0008390  -0.0033252
           13          14          15          16          17          18
    1   0.0124663  -0.0033439   0.0000000  -0.0022040   0.0075759   0.0066053
    2  -0.0445554   0.0169374  -0.0000000   0.0075759  -0.0257373  -0.0244089
    3   0.0447027  -0.0034865   0.0000000  -0.0066053   0.0244089   0.0219915
    4  -0.0254155   0.0137275  -0.0000000  -0.0015102   0.0057341   0.0096834
    5   0.0000000  -0.0000000   0.0555198   0.0000000  -0.0000000   0.0000000
    6  -0.0568744  -0.0104084   0.0000000  -0.0023464   0.0070081   0.0076830
    7   0.1431008   0.0223761  -0.0000000   0.0069595  -0.0152253  -0.0311154
    8  -0.2253754  -0.0474701   0.0000000  -0.0102527   0.0347865   0.0288269
    9  -0.0484525  -0.0017595   0.0000000  -0.0079329   0.0327992   0.0101141
   10   0.0000000   0.0000000   0.3147828   0.0000000  -0.0000000  -0.0000000
   11   0.0031224  -0.0033119   0.0000000   0.0127485  -0.0329487  -0.0172624
   12  -0.0169323   0.0196304   0.0000000  -0.0330817   0.0411889   0.0420648
   13   0.3160795  -0.0167843   0.0000000   0.0189229  -0.0454473  -0.0086010
   14  -0.0167843   0.3136072   0.0000000   0.0542486  -0.1360652  -0.0757670
   15   0.0000000   0.0000000   0.3468451  -0.0000000  -0.0000000   0.0000000
   16   0.0189229   0.0542486  -0.0000000   1.0336951  -0.1041765   0.0003633
   17  -0.0454473  -0.1360652  -0.0000000  -0.1041765   0.4241793  -0.0154134
   18  -0.0086010  -0.0757670   0.0000000   0.0003633  -0.0154134   0.3147637
   19  -0.0733006  -0.2140193  -0.0000000  -0.0000030  -0.0033002   0.0001964
   20   0.0000000   0.0000000   0.1450671  -0.0000000   0.0000000  -0.0000000
   21   0.0018765  -0.0119613  -0.0000000   0.0126957  -0.0328738  -0.0374537
   22  -0.0113079   0.0436711   0.0000000  -0.0329773   0.0412404   0.0913956
   23   0.0097243  -0.0191696  -0.0000000   0.0386204  -0.0955539  -0.0934998
   24   0.0027027   0.0497315   0.0000000  -0.0436881   0.1129378   0.1222689
   25   0.0000000   0.0000000  -0.0706728   0.0000000   0.0000000  -0.0000000
   26   0.0041068  -0.0049777   0.0000000  -0.0023363   0.0069827   0.0104580
   27  -0.0149751   0.0182568  -0.0000000   0.0069569  -0.0152204  -0.0397519
   28  -0.0042966  -0.0243304   0.0000000  -0.0124663   0.0445554   0.0447027
   29  -0.0243304  -0.0003850  -0.0000000   0.0033439  -0.0169374  -0.0034865
   30   0.0000000  -0.0000000  -0.1051154  -0.0000000  -0.0000000  -0.0000000
   31  -0.0420442  -0.0386223   0.0000000  -0.0087323   0.0332699   0.0166366
   32  -0.1799808   0.2012600  -0.0000000   0.0127386  -0.0487048   0.0085748
   33  -0.0120448  -0.0464873   0.0000000   0.0129206  -0.0498960  -0.0154792
   34   0.0026493  -0.0013423   0.0000000  -0.0089779   0.0343970   0.0323088
   35  -0.0091402  -0.0063330   0.0000000   0.0096306  -0.0266716   0.0486801
   36   0.0378956   0.0215158  -0.0000000  -0.0268241   0.0464581  -0.1365643
   37   0.0317494   0.0324231  -0.0000000  -0.0500579   0.1457591  -0.2328398
   38   0.0132889   0.0234283   0.0000000  -0.0125215   0.0423596  -0.0587291
   39   0.0000000   0.0000000   0.0265078  -0.0000000   0.0000000   0.0000000
   40  -0.0057363   0.0007037  -0.0000000  -0.0024037   0.0084926  -0.0113778
   41   0.0215555  -0.0028930  -0.0000000   0.0068290  -0.0207658   0.0363625
   42   0.0143235   0.0001731   0.0000000   0.0121913  -0.0511899   0.0523180
   43   0.0187245  -0.0262610   0.0000000  -0.0010541   0.0002631  -0.0145079
   44   0.0000000   0.0000000  -0.0015869  -0.0000000   0.0000000  -0.0000000
   45  -0.0134375  -0.0367588   0.0000000   0.0134217  -0.0551124   0.0577534
   46  -0.0078892   0.0117868  -0.0000000  -0.0111023   0.0470460  -0.0585655
   47   0.0065649  -0.0182787   0.0000000   0.0082636  -0.0346689   0.0416661
   48  -0.0083298  -0.0012697   0.0000000  -0.0000081   0.0001575  -0.0003449
   49   0.0358872   0.0052056  -0.0000000   0.0004885  -0.0021989  -0.0004959
   50  -0.0383956  -0.0064914   0.0000000   0.0008335  -0.0033280  -0.0039563
   51  -0.0024652   0.0011973  -0.0000000   0.0006288  -0.0027605  -0.0018029
   52   0.0000000  -0.0000000  -0.0817710  -0.0000000   0.0000000  -0.0000000
   53   0.0030100   0.0002231   0.0000000  -0.0002184   0.0008946   0.0008278
   54  -0.0118358  -0.0003401  -0.0000000   0.0008130  -0.0031874  -0.0032709
   55   0.0106377   0.0019775   0.0000000  -0.0005819   0.0028582   0.0018026
   56  -0.0086081  -0.0009425  -0.0000000  -0.0012236   0.0051259   0.0040696
   57   0.0000000  -0.0000000  -0.0815629  -0.0000000   0.0000000   0.0000000
   58   0.0017259  -0.0030174   0.0000000   0.0005894  -0.0029880  -0.0018476
   59   0.0102743   0.0011975  -0.0000000  -0.0008738   0.0038629   0.0029455
   60  -0.0046145   0.0000664   0.0000000   0.0006974  -0.0036216  -0.0011299
           19          20          21          22          23          24
    1   0.0015102   0.0000000  -0.0023464   0.0069595   0.0102527   0.0079329
    2  -0.0057341  -0.0000000   0.0070081  -0.0152253  -0.0347865  -0.0327992
    3   0.0096834  -0.0000000  -0.0076830   0.0311154   0.0288269   0.0101141
    4  -0.0274227   0.0000000  -0.0080247   0.0256415   0.0318397   0.0288345
    5  -0.0000000  -0.0165783  -0.0000000   0.0000000  -0.0000000   0.0000000
    6   0.0080247  -0.0000000  -0.0021685   0.0073431   0.0018815   0.0061429
    7  -0.0256415   0.0000000   0.0073431  -0.0243810  -0.0068317  -0.0225212
    8   0.0318397  -0.0000000  -0.0018815   0.0068317  -0.0211213   0.0150795
    9   0.0288345  -0.0000000  -0.0061429   0.0225212   0.0150795   0.0164620
   10  -0.0000000   0.0456950   0.0000000  -0.0000000   0.0000000   0.0000000
   11  -0.0542791   0.0000000  -0.0024337   0.0075210  -0.0030035   0.0118581
   12   0.1325591  -0.0000000   0.0075511  -0.0182382   0.0070513  -0.0451551
   13  -0.0733006   0.0000000   0.0018765  -0.0113079   0.0097243   0.0027027
   14  -0.2140193   0.0000000  -0.0119613   0.0436711  -0.0191696   0.0497315
   15  -0.0000000   0.1450671  -0.0000000   0.0000000  -0.0000000   0.0000000
   16  -0.0000030  -0.0000000   0.0126957  -0.0329773   0.0386204  -0.0436881
   17  -0.0033002   0.0000000  -0.0328738   0.0412404  -0.0955539   0.1129378
   18   0.0001964  -0.0000000  -0.0374537   0.0913956  -0.0934998   0.1222689
   19   0.3094383   0.0000000   0.0430184  -0.1048294   0.1236159  -0.1301186
   20   0.0000000   0.2401633  -0.0000000   0.0000000   0.0000000   0.0000000
   21   0.0430184  -0.0000000   1.0337921  -0.1024398   0.0017398   0.0046851
   22  -0.1048294   0.0000000  -0.1024398   0.4145870  -0.0089094  -0.0266720
   23   0.1236159   0.0000000   0.0017398  -0.0089094   0.3018644   0.0137245
   24  -0.1301186   0.0000000   0.0046851  -0.0266720   0.0137245   0.3254460
   25   0.0000000   0.1541422   0.0000000   0.0000000   0.0000000   0.0000000
   26  -0.0044906   0.0000000   0.0125930  -0.0326915  -0.0565996  -0.0128544
   27   0.0120390   0.0000000  -0.0326835   0.0410478   0.1416075   0.0360793
   28  -0.0254155   0.0000000   0.0568744  -0.1431008  -0.2253754  -0.0484525
   29   0.0137275   0.0000000   0.0104084  -0.0223761  -0.0474701  -0.0017595
   30   0.0000000   0.0555198  -0.0000000   0.0000000   0.0000000   0.0000000
   31   0.0452943   0.0000000  -0.0010547   0.0037922   0.0019229   0.0021889
   32  -0.0614432   0.0000000  -0.0085650   0.0323034  -0.0291695   0.0380312
   33   0.0593590  -0.0000000  -0.0571994   0.1510195  -0.0862949  -0.2550891
   34  -0.0354259  -0.0000000   0.0132557  -0.0495275  -0.0535440   0.0189967
   35   0.0103199   0.0000000  -0.0028313   0.0101152  -0.0116323   0.0008824
   36  -0.0278715  -0.0000000   0.0110577  -0.0366306   0.0497472  -0.0020980
   37  -0.0466891  -0.0000000   0.0109883  -0.0411490   0.0435300  -0.0209833
   38  -0.0106181   0.0000000  -0.0048847   0.0218215  -0.0066422  -0.0032052
   39   0.0000000   0.1927682  -0.0000000   0.0000000   0.0000000  -0.0000000
   40   0.0023954   0.0000000   0.0015112  -0.0056722   0.0049403  -0.0027061
   41  -0.0119480   0.0000000  -0.0052048   0.0178274  -0.0192016   0.0088752
   42  -0.0003872  -0.0000000  -0.0051860   0.0212306  -0.0150050   0.0130681
   43   0.0054813  -0.0000000   0.0043241  -0.0169347   0.0163069  -0.0078053
   44   0.0000000   0.1168713   0.0000000  -0.0000000   0.0000000  -0.0000000
   45   0.0332430  -0.0000000   0.0055601  -0.0208646   0.0168622  -0.0073831
   46  -0.0068572   0.0000000   0.0028097  -0.0112798   0.0109980  -0.0109050
   47   0.0016511  -0.0000000  -0.0005162   0.0005952  -0.0039476   0.0063488
   48   0.0002126  -0.0000000   0.0014526  -0.0051940  -0.0074935  -0.0021009
   49  -0.0011547   0.0000000  -0.0055484   0.0185617   0.0309883   0.0087799
   50  -0.0012608   0.0000000   0.0071333  -0.0278091  -0.0380897  -0.0092598
   51  -0.0012351   0.0000000   0.0029528  -0.0125935  -0.0131643  -0.0016418
   52  -0.0000000  -0.0803910   0.0000000  -0.0000000   0.0000000  -0.0000000
   53  -0.0005258  -0.0000000   0.0004742  -0.0016204  -0.0017980  -0.0003470
   54   0.0022852   0.0000000  -0.0017848   0.0058753   0.0073199   0.0011430
   55  -0.0004147  -0.0000000   0.0008470  -0.0025775  -0.0021630  -0.0023183
   56  -0.0045604  -0.0000000   0.0018223  -0.0073600  -0.0094376   0.0004191
   57  -0.0000000  -0.0597263   0.0000000   0.0000000  -0.0000000  -0.0000000
   58   0.0025226  -0.0000000   0.0031336  -0.0128162  -0.0151786  -0.0051299
   59  -0.0008729  -0.0000000  -0.0001635   0.0010322   0.0020462   0.0000811
   60   0.0003674   0.0000000   0.0000892   0.0000315  -0.0033783   0.0011109
           25          26          27          28          29          30
    1   0.0000000   0.0127485  -0.0330817  -0.0189229  -0.0542486  -0.0000000
    2  -0.0000000  -0.0329487   0.0411889   0.0454473   0.1360652  -0.0000000
    3   0.0000000   0.0172624  -0.0420648  -0.0086010  -0.0757670   0.0000000
    4   0.0000000   0.0542791  -0.1325591  -0.0733006  -0.2140193   0.0000000
    5   0.0456950  -0.0000000   0.0000000   0.0000000   0.0000000   0.1450671
    6  -0.0000000  -0.0024337   0.0075511  -0.0018765   0.0119613   0.0000000
    7  -0.0000000   0.0075210  -0.0182382   0.0113079  -0.0436711   0.0000000
    8  -0.0000000   0.0030035  -0.0070513   0.0097243  -0.0191696   0.0000000
    9  -0.0000000  -0.0118581   0.0451551   0.0027027   0.0497315  -0.0000000
   10  -0.1125061   0.0000000  -0.0000000  -0.0000000  -0.0000000  -0.0706728
   11   0.0000000  -0.0021604   0.0073189  -0.0041068   0.0049777   0.0000000
   12  -0.0000000   0.0073189  -0.0243564   0.0149751  -0.0182568  -0.0000000
   13   0.0000000   0.0041068  -0.0149751  -0.0042966  -0.0243304   0.0000000
   14   0.0000000  -0.0049777   0.0182568  -0.0243304  -0.0003850  -0.0000000
   15  -0.0706728   0.0000000  -0.0000000   0.0000000  -0.0000000  -0.1051154
   16   0.0000000  -0.0023363   0.0069569  -0.0124663   0.0033439  -0.0000000
   17   0.0000000   0.0069827  -0.0152204   0.0445554  -0.0169374  -0.0000000
   18  -0.0000000   0.0104580  -0.0397519   0.0447027  -0.0034865  -0.0000000
   19   0.0000000  -0.0044906   0.0120390  -0.0254155   0.0137275   0.0000000
   20   0.1541422   0.0000000   0.0000000   0.0000000   0.0000000   0.0555198
   21   0.0000000   0.0125930  -0.0326835   0.0568744   0.0104084  -0.0000000
   22   0.0000000  -0.0326915   0.0410478  -0.1431008  -0.0223761   0.0000000
   23   0.0000000  -0.0565996   0.1416075  -0.2253754  -0.0474701   0.0000000
   24   0.0000000  -0.0128544   0.0360793  -0.0484525  -0.0017595   0.0000000
   25   0.3591498  -0.0000000   0.0000000   0.0000000   0.0000000   0.3147828
   26  -0.0000000   1.0337523  -0.1021843  -0.0031224   0.0033119  -0.0000000
   27   0.0000000  -0.1021843   0.4134312   0.0169323  -0.0196304  -0.0000000
   28   0.0000000  -0.0031224   0.0169323   0.3160795  -0.0167843   0.0000000
   29   0.0000000   0.0033119  -0.0196304  -0.0167843   0.3136072   0.0000000
   30   0.3147828  -0.0000000  -0.0000000   0.0000000   0.0000000   0.3468451
   31   0.0000000  -0.0085359   0.0323693   0.0120448   0.0464873   0.0000000
   32   0.0000000  -0.0009849   0.0034845  -0.0026493   0.0013423   0.0000000
   33   0.0000000   0.0132020  -0.0494199   0.0420442   0.0386223  -0.0000000
   34  -0.0000000  -0.0574099   0.1506317   0.1799808  -0.2012600   0.0000000
   35   0.0000000   0.0016169  -0.0059400   0.0083298   0.0012697  -0.0000000
   36  -0.0000000  -0.0065125   0.0226461  -0.0358872  -0.0052056   0.0000000
   37   0.0000000  -0.0073033   0.0288518  -0.0383956  -0.0064914   0.0000000
   38  -0.0000000   0.0001577  -0.0014785  -0.0024652   0.0011973   0.0000000
   39   0.0194723  -0.0000000   0.0000000   0.0000000   0.0000000  -0.0817710
   40   0.0000000  -0.0006436   0.0025870  -0.0030100  -0.0002231   0.0000000
   41   0.0000000   0.0023754  -0.0089514   0.0118358   0.0003401   0.0000000
   42   0.0000000   0.0023506  -0.0104329   0.0106377   0.0019775  -0.0000000
   43   0.0000000  -0.0014785   0.0056348  -0.0086081  -0.0009425  -0.0000000
   44  -0.0169413  -0.0000000   0.0000000   0.0000000  -0.0000000  -0.0815629
   45  -0.0000000  -0.0006353   0.0015551  -0.0017259   0.0030174  -0.0000000
   46  -0.0000000  -0.0019663   0.0082923  -0.0102743  -0.0011975  -0.0000000
   47  -0.0000000   0.0008390  -0.0033252   0.0046145  -0.0000664  -0.0000000
   48   0.0000000  -0.0024392   0.0082214   0.0091402   0.0063330   0.0000000
   49   0.0000000   0.0085788  -0.0258738  -0.0378956  -0.0215158   0.0000000
   50   0.0000000  -0.0095859   0.0354513   0.0317494   0.0324231  -0.0000000
   51   0.0000000  -0.0075144   0.0304394   0.0132889   0.0234283   0.0000000
   52  -0.0828255  -0.0000000   0.0000000  -0.0000000   0.0000000   0.0265078
   53  -0.0000000  -0.0017898   0.0061165   0.0057363  -0.0007037  -0.0000000
   54  -0.0000000   0.0058340  -0.0199148  -0.0215555   0.0028930   0.0000000
   55  -0.0000000  -0.0049089   0.0187327   0.0143235   0.0001731   0.0000000
   56  -0.0000000  -0.0037358   0.0151712   0.0187245  -0.0262610   0.0000000
   57  -0.0730427  -0.0000000   0.0000000   0.0000000  -0.0000000  -0.0015869
   58  -0.0000000  -0.0070922   0.0272467   0.0134375   0.0367588  -0.0000000
   59   0.0000000  -0.0019529   0.0074081   0.0078892  -0.0117868   0.0000000
   60   0.0000000   0.0034384  -0.0116650  -0.0065649   0.0182787  -0.0000000
           31          32          33          34          35          36
    1   0.0129206  -0.0089779  -0.0087323   0.0127386  -0.0000081   0.0004885
    2  -0.0498960   0.0343970   0.0332699  -0.0487048   0.0001575  -0.0021989
    3   0.0154792  -0.0323088  -0.0166366  -0.0085748   0.0003449   0.0004959
    4  -0.0593590   0.0354259  -0.0452943   0.0614432  -0.0002126   0.0011547
    5   0.0000000   0.0000000   0.0000000   0.0000000   0.0000000  -0.0000000
    6  -0.0571994   0.0132557  -0.0010547  -0.0085650   0.0014526  -0.0055484
    7   0.1510195  -0.0495275   0.0037922   0.0323034  -0.0051940   0.0185617
    8   0.0862949   0.0535440  -0.0019229   0.0291695   0.0074935  -0.0309883
    9   0.2550891  -0.0189967  -0.0021889  -0.0380312   0.0021009  -0.0087799
   10  -0.0000000  -0.0000000  -0.0000000   0.0000000  -0.0000000   0.0000000
   11   0.0132020  -0.0574099  -0.0085359  -0.0009849  -0.0024392   0.0085788
   12  -0.0494199   0.1506317   0.0323693   0.0034845   0.0082214  -0.0258738
   13  -0.0420442  -0.1799808  -0.0120448   0.0026493  -0.0091402   0.0378956
   14  -0.0386223   0.2012600  -0.0464873  -0.0013423  -0.0063330   0.0215158
   15   0.0000000  -0.0000000   0.0000000   0.0000000   0.0000000  -0.0000000
   16  -0.0087323   0.0127386   0.0129206  -0.0089779   0.0096306  -0.0268241
   17   0.0332699  -0.0487048  -0.0498960   0.0343970  -0.0266716   0.0464581
   18   0.0166366   0.0085748  -0.0154792   0.0323088   0.0486801  -0.1365643
   19   0.0452943  -0.0614432   0.0593590  -0.0354259   0.0103199  -0.0278715
   20   0.0000000   0.0000000  -0.0000000  -0.0000000   0.0000000  -0.0000000
   21  -0.0010547  -0.0085650  -0.0571994   0.0132557  -0.0028313   0.0110577
   22   0.0037922   0.0323034   0.1510195  -0.0495275   0.0101152  -0.0366306
   23   0.0019229  -0.0291695  -0.0862949  -0.0535440  -0.0116323   0.0497472
   24   0.0021889   0.0380312  -0.2550891   0.0189967   0.0008824  -0.0020980
   25   0.0000000   0.0000000   0.0000000  -0.0000000   0.0000000  -0.0000000
   26  -0.0085359  -0.0009849   0.0132020  -0.0574099   0.0016169  -0.0065125
   27   0.0323693   0.0034845  -0.0494199   0.1506317  -0.0059400   0.0226461
   28   0.0120448  -0.0026493   0.0420442   0.1799808   0.0083298  -0.0358872
   29   0.0464873   0.0013423   0.0386223  -0.2012600   0.0012697  -0.0052056
   30   0.0000000   0.0000000  -0.0000000   0.0000000  -0.0000000   0.0000000
   31   0.2670839  -0.0376066   0.0092427  -0.0218330   0.0029316  -0.0121592
   32  -0.0376066   0.2711301  -0.0218330   0.0093076   0.0062668  -0.0248779
   33   0.0092427  -0.0218330   0.2670839  -0.0376066   0.0071911  -0.0287376
   34  -0.0218330   0.0093076  -0.0376066   0.2711301   0.0027778  -0.0124086
   35   0.0029316   0.0062668   0.0071911   0.0027778   1.0343270  -0.1059927
   36  -0.0121592  -0.0248779  -0.0287376  -0.0124086  -0.1059927   0.4278624
   37  -0.0166050  -0.0301351  -0.0293908  -0.0168975   0.0017339   0.0093774
   38  -0.0058883  -0.0149439   0.0007723  -0.0033027   0.0045506  -0.0284263
   39   0.0000000   0.0000000  -0.0000000  -0.0000000   0.0000000  -0.0000000
   40  -0.0001898   0.0035116  -0.0015897  -0.0013654   0.0147178  -0.0373051
   41   0.0003505  -0.0123786   0.0051595   0.0053241  -0.0368222   0.0415365
   42   0.0007115   0.0032186   0.0070119   0.0056925  -0.0452733   0.1080741
   43   0.0040692  -0.0151263  -0.0009609  -0.0046724   0.0434069  -0.1002265
   44  -0.0000000   0.0000000  -0.0000000  -0.0000000  -0.0000000  -0.0000000
   45   0.0110402   0.0067536   0.0083062  -0.0019860  -0.0569862   0.1480103
   46  -0.0038497  -0.0037075  -0.0061021  -0.0057159   0.0140091  -0.0452150
   47   0.0042529   0.0042056   0.0029281   0.0033240   0.0114251  -0.0364723
   48   0.0071911   0.0027778   0.0029316   0.0062668   0.0003416  -0.0016200
   49  -0.0287376  -0.0124086  -0.0121592  -0.0248779  -0.0016200   0.0073952
   50   0.0293908   0.0168975   0.0166050   0.0301351   0.0014303  -0.0069350
   51  -0.0007723   0.0033027   0.0058883   0.0149439   0.0001746  -0.0009304
   52   0.0000000   0.0000000  -0.0000000  -0.0000000  -0.0000000  -0.0000000
   53  -0.0015897  -0.0013654  -0.0001898   0.0035116   0.0000353  -0.0001398
   54   0.0051595   0.0053241   0.0003505  -0.0123786  -0.0001419   0.0005612
   55  -0.0070119  -0.0056925  -0.0007115  -0.0032186   0.0000075   0.0000093
   56   0.0009609   0.0046724  -0.0040692   0.0151263   0.0006585  -0.0030197
   57   0.0000000   0.0000000  -0.0000000   0.0000000   0.0000000  -0.0000000
   58   0.0083062  -0.0019860   0.0110402   0.0067536   0.0002281  -0.0010754
   59  -0.0061021  -0.0057159  -0.0038497  -0.0037075  -0.0000300   0.0002333
   60   0.0029281   0.0033240   0.0042529   0.0042056   0.0000344  -0.0000653
           37          38          39          40          41          42
    1  -0.0008335  -0.0006288  -0.0000000  -0.0002184   0.0008130   0.0005819
    2   0.0033280   0.0027605  -0.0000000   0.0008946  -0.0031874  -0.0028582
    3  -0.0039563  -0.0018029   0.0000000  -0.0008278   0.0032709   0.0018026
    4  -0.0012608  -0.0012351   0.0000000   0.0005258  -0.0022852  -0.0004147
    5  -0.0000000   0.0000000  -0.0803910  -0.0000000  -0.0000000   0.0000000
    6  -0.0071333  -0.0029528  -0.0000000   0.0004742  -0.0017848  -0.0008470
    7   0.0278091   0.0125935   0.0000000  -0.0016204   0.0058753   0.0025775
    8  -0.0380897  -0.0131643  -0.0000000   0.0017980  -0.0073199  -0.0021630
    9  -0.0092598  -0.0016418  -0.0000000   0.0003470  -0.0011430  -0.0023183
   10   0.0000000   0.0000000  -0.0828255   0.0000000  -0.0000000  -0.0000000
   11   0.0095859   0.0075144   0.0000000  -0.0017898   0.0058340   0.0049089
   12  -0.0354513  -0.0304394  -0.0000000   0.0061165  -0.0199148  -0.0187327
   13   0.0317494   0.0132889   0.0000000  -0.0057363   0.0215555   0.0143235
   14   0.0324231   0.0234283   0.0000000   0.0007037  -0.0028930   0.0001731
   15  -0.0000000   0.0000000   0.0265078  -0.0000000  -0.0000000   0.0000000
   16  -0.0500579  -0.0125215  -0.0000000  -0.0024037   0.0068290   0.0121913
   17   0.1457591   0.0423596   0.0000000   0.0084926  -0.0207658  -0.0511899
   18  -0.2328398  -0.0587291   0.0000000  -0.0113778   0.0363625   0.0523180
   19  -0.0466891  -0.0106181   0.0000000   0.0023954  -0.0119480  -0.0003872
   20  -0.0000000   0.0000000   0.1927682   0.0000000   0.0000000  -0.0000000
   21   0.0109883  -0.0048847  -0.0000000   0.0015112  -0.0052048  -0.0051860
   22  -0.0411490   0.0218215   0.0000000  -0.0056722   0.0178274   0.0212306
   23   0.0435300  -0.0066422   0.0000000   0.0049403  -0.0192016  -0.0150050
   24  -0.0209833  -0.0032052  -0.0000000  -0.0027061   0.0088752   0.0130681
   25   0.0000000  -0.0000000   0.0194723   0.0000000   0.0000000   0.0000000
   26  -0.0073033   0.0001577  -0.0000000  -0.0006436   0.0023754   0.0023506
   27   0.0288518  -0.0014785   0.0000000   0.0025870  -0.0089514  -0.0104329
   28  -0.0383956  -0.0024652   0.0000000  -0.0030100   0.0118358   0.0106377
   29  -0.0064914   0.0011973   0.0000000  -0.0002231   0.0003401   0.0019775
   30   0.0000000   0.0000000  -0.0817710   0.0000000   0.0000000  -0.0000000
   31  -0.0166050  -0.0058883   0.0000000  -0.0001898   0.0003505   0.0007115
   32  -0.0301351  -0.0149439   0.0000000   0.0035116  -0.0123786   0.0032186
   33  -0.0293908   0.0007723  -0.0000000  -0.0015897   0.0051595   0.0070119
   34  -0.0168975  -0.0033027  -0.0000000  -0.0013654   0.0053241   0.0056925
   35   0.0017339   0.0045506   0.0000000   0.0147178  -0.0368222  -0.0452733
   36   0.0093774  -0.0284263  -0.0000000  -0.0373051   0.0415365   0.1080741
   37   0.2949385   0.0018561  -0.0000000   0.0418267  -0.0932034  -0.0962074
   38   0.0018561   0.3298545  -0.0000000  -0.0462284   0.1086493   0.1229666
   39  -0.0000000  -0.0000000   0.3709329  -0.0000000   0.0000000   0.0000000
   40   0.0418267  -0.0462284  -0.0000000   1.0341964  -0.1032323   0.0034166
   41  -0.0932034   0.1086493   0.0000000  -0.1032323   0.4137420  -0.0258830
   42  -0.0962074   0.1229666   0.0000000   0.0034166  -0.0258830   0.3295017
   43   0.1233028  -0.1094686   0.0000000  -0.0029205   0.0227660   0.0169921
   44  -0.0000000  -0.0000000   0.2783988  -0.0000000   0.0000000   0.0000000
   45  -0.0654357  -0.2613281  -0.0000000   0.0136425  -0.0446488  -0.0085605
   46   0.0492805  -0.0113969  -0.0000000  -0.0561351   0.1452568  -0.2633551
   47   0.0153951  -0.0610425   0.0000000  -0.0555176   0.1407550   0.0772233
   48  -0.0014303  -0.0001746  -0.0000000   0.0000353  -0.0001419  -0.0000075
   49   0.0069350   0.0009304   0.0000000  -0.0001398   0.0005612  -0.0000093
   50  -0.0053045  -0.0001928  -0.0000000   0.0002338  -0.0009600  -0.0001709
   51  -0.0001928   0.0002710   0.0000000   0.0000032   0.0000900  -0.0000496
   52   0.0000000   0.0000000   0.0799043   0.0000000  -0.0000000  -0.0000000
   53  -0.0002338  -0.0000032   0.0000000  -0.0000780   0.0003222   0.0002190
   54   0.0009600  -0.0000900  -0.0000000   0.0003222  -0.0012889  -0.0009836
   55  -0.0001709  -0.0000496  -0.0000000  -0.0002190   0.0009836   0.0003950
   56  -0.0036400  -0.0007730   0.0000000  -0.0001033   0.0003933   0.0006243
   57  -0.0000000  -0.0000000   0.0899403  -0.0000000   0.0000000   0.0000000
   58  -0.0004044   0.0003149  -0.0000000  -0.0001010   0.0004312   0.0002939
   59  -0.0003423  -0.0002055  -0.0000000  -0.0002195   0.0009175   0.0005446
   60   0.0000083   0.0004261   0.0000000   0.0000700  -0.0003723   0.0000186
           43          44          45          46          47          48
    1   0.0012236   0.0000000   0.0005894  -0.0008738   0.0006974   0.0096306
    2  -0.0051259  -0.0000000  -0.0029880   0.0038629  -0.0036216  -0.0266716
    3   0.0040696   0.0000000   0.0018476  -0.0029455   0.0011299  -0.0486801
    4  -0.0045604   0.0000000  -0.0025226   0.0008729  -0.0003674  -0.0103199
    5   0.0000000  -0.0597263   0.0000000  -0.0000000   0.0000000  -0.0000000
    6  -0.0018223   0.0000000   0.0031336  -0.0001635   0.0000892  -0.0028313
    7   0.0073600   0.0000000  -0.0128162   0.0010322   0.0000315   0.0101152
    8  -0.0094376  -0.0000000   0.0151786  -0.0020462   0.0033783   0.0116323
    9   0.0004191  -0.0000000   0.0051299  -0.0000811  -0.0011109  -0.0008824
   10  -0.0000000  -0.0730427   0.0000000   0.0000000  -0.0000000   0.0000000
   11   0.0037358  -0.0000000  -0.0070922  -0.0019529   0.0034384   0.0016169
   12  -0.0151712  -0.0000000   0.0272467   0.0074081  -0.0116650  -0.0059400
   13   0.0187245   0.0000000  -0.0134375  -0.0078892   0.0065649  -0.0083298
   14  -0.0262610   0.0000000  -0.0367588   0.0117868  -0.0182787  -0.0012697
   15   0.0000000  -0.0015869   0.0000000  -0.0000000   0.0000000   0.0000000
   16  -0.0010541  -0.0000000   0.0134217  -0.0111023   0.0082636  -0.0000081
   17   0.0002631   0.0000000  -0.0551124   0.0470460  -0.0346689   0.0001575
   18  -0.0145079  -0.0000000   0.0577534  -0.0585655   0.0416661  -0.0003449
   19   0.0054813   0.0000000   0.0332430  -0.0068572   0.0016511   0.0002126
   20  -0.0000000   0.1168713  -0.0000000   0.0000000  -0.0000000  -0.0000000
   21   0.0043241   0.0000000   0.0055601   0.0028097  -0.0005162   0.0014526
   22  -0.0169347  -0.0000000  -0.0208646  -0.0112798   0.0005952  -0.0051940
   23   0.0163069   0.0000000   0.0168622   0.0109980  -0.0039476  -0.0074935
   24  -0.0078053  -0.0000000  -0.0073831  -0.0109050   0.0063488  -0.0021009
   25   0.0000000  -0.0169413  -0.0000000  -0.0000000  -0.0000000   0.0000000
   26  -0.0014785  -0.0000000  -0.0006353  -0.0019663   0.0008390  -0.0024392
   27   0.0056348   0.0000000   0.0015551   0.0082923  -0.0033252   0.0082214
   28  -0.0086081   0.0000000  -0.0017259  -0.0102743   0.0046145   0.0091402
   29  -0.0009425  -0.0000000   0.0030174  -0.0011975  -0.0000664   0.0063330
   30  -0.0000000  -0.0815629  -0.0000000  -0.0000000  -0.0000000   0.0000000
   31   0.0040692  -0.0000000   0.0110402  -0.0038497   0.0042529   0.0071911
   32  -0.0151263   0.0000000   0.0067536  -0.0037075   0.0042056   0.0027778
   33  -0.0009609  -0.0000000   0.0083062  -0.0061021   0.0029281   0.0029316
   34  -0.0046724  -0.0000000  -0.0019860  -0.0057159   0.0033240   0.0062668
   35   0.0434069  -0.0000000  -0.0569862   0.0140091   0.0114251   0.0003416
   36  -0.1002265  -0.0000000   0.1480103  -0.0452150  -0.0364723  -0.0016200
   37   0.1233028  -0.0000000  -0.0654357   0.0492805   0.0153951  -0.0014303
   38  -0.1094686  -0.0000000  -0.2613281  -0.0113969  -0.0610425  -0.0001746
   39   0.0000000   0.2783988  -0.0000000  -0.0000000   0.0000000  -0.0000000
   40  -0.0029205  -0.0000000   0.0136425  -0.0561351  -0.0555176   0.0000353
   41   0.0227660   0.0000000  -0.0446488   0.1452568   0.1407550  -0.0001419
   42   0.0169921   0.0000000  -0.0085605  -0.2633551   0.0772233  -0.0000075
   43   0.3218950  -0.0000000   0.0601459  -0.0683312   0.2642499  -0.0006585
   44  -0.0000000   0.2146785  -0.0000000  -0.0000000  -0.0000000  -0.0000000
   45   0.0601459  -0.0000000   0.2679723  -0.0451439   0.0679831   0.0002281
   46  -0.0683312  -0.0000000  -0.0451439   0.2660682  -0.0714739  -0.0000300
   47   0.2642499  -0.0000000   0.0679831  -0.0714739   0.2773593   0.0000344
   48  -0.0006585  -0.0000000   0.0002281  -0.0000300   0.0000344   1.0343270
   49   0.0030197   0.0000000  -0.0010754   0.0002333  -0.0000653  -0.1059927
   50  -0.0036400  -0.0000000   0.0004044   0.0003423  -0.0000083  -0.0017339
   51  -0.0007730   0.0000000  -0.0003149   0.0002055  -0.0004261  -0.0045506
   52  -0.0000000   0.0899403  -0.0000000   0.0000000  -0.0000000   0.0000000
   53   0.0001033  -0.0000000  -0.0001010  -0.0002195   0.0000700   0.0147178
   54  -0.0003933   0.0000000   0.0004312   0.0009175  -0.0003723  -0.0368222
   55   0.0006243   0.0000000  -0.0002939  -0.0005446  -0.0000186   0.0452733
   56  -0.0013403   0.0000000  -0.0000159  -0.0007550   0.0004647  -0.0434069
   57   0.0000000   0.0924042   0.0000000  -0.0000000   0.0000000   0.0000000
   58   0.0000159  -0.0000000   0.0002045  -0.0001562   0.0000490  -0.0569862
   59   0.0007550   0.0000000  -0.0001562  -0.0007028   0.0002639   0.0140091
   60  -0.0004647  -0.0000000   0.0000490   0.0002639  -0.0002219   0.0114251
           49          50          51          52          53          54
    1  -0.0268241   0.0500579   0.0125215   0.0000000  -0.0024037   0.0068290
    2   0.0464581  -0.1457591  -0.0423596  -0.0000000   0.0084926  -0.0207658
    3   0.1365643  -0.2328398  -0.0587291   0.0000000   0.0113778  -0.0363625
    4   0.0278715  -0.0466891  -0.0106181  -0.0000000  -0.0023954   0.0119480
    5  -0.0000000   0.0000000   0.0000000   0.1927682  -0.0000000  -0.0000000
    6   0.0110577  -0.0109883   0.0048847   0.0000000   0.0015112  -0.0052048
    7  -0.0366306   0.0411490  -0.0218215   0.0000000  -0.0056722   0.0178274
    8  -0.0497472   0.0435300  -0.0066422   0.0000000  -0.0049403   0.0192016
    9   0.0020980  -0.0209833  -0.0032052  -0.0000000   0.0027061  -0.0088752
   10  -0.0000000   0.0000000  -0.0000000   0.0194723  -0.0000000   0.0000000
   11  -0.0065125   0.0073033  -0.0001577  -0.0000000  -0.0006436   0.0023754
   12   0.0226461  -0.0288518   0.0014785   0.0000000   0.0025870  -0.0089514
   13   0.0358872  -0.0383956  -0.0024652   0.0000000   0.0030100  -0.0118358
   14   0.0052056  -0.0064914   0.0011973  -0.0000000   0.0002231  -0.0003401
   15  -0.0000000   0.0000000  -0.0000000  -0.0817710   0.0000000  -0.0000000
   16   0.0004885   0.0008335   0.0006288  -0.0000000  -0.0002184   0.0008130
   17  -0.0021989  -0.0033280  -0.0027605   0.0000000   0.0008946  -0.0031874
   18  -0.0004959  -0.0039563  -0.0018029  -0.0000000   0.0008278  -0.0032709
   19  -0.0011547  -0.0012608  -0.0012351  -0.0000000  -0.0005258   0.0022852
   20   0.0000000   0.0000000   0.0000000  -0.0803910  -0.0000000   0.0000000
   21  -0.0055484   0.0071333   0.0029528   0.0000000   0.0004742  -0.0017848
   22   0.0185617  -0.0278091  -0.0125935  -0.0000000  -0.0016204   0.0058753
   23   0.0309883  -0.0380897  -0.0131643   0.0000000  -0.0017980   0.0073199
   24   0.0087799  -0.0092598  -0.0016418  -0.0000000  -0.0003470   0.0011430
   25   0.0000000   0.0000000   0.0000000  -0.0828255  -0.0000000  -0.0000000
   26   0.0085788  -0.0095859  -0.0075144  -0.0000000  -0.0017898   0.0058340
   27  -0.0258738   0.0354513   0.0304394   0.0000000   0.0061165  -0.0199148
   28  -0.0378956   0.0317494   0.0132889  -0.0000000   0.0057363  -0.0215555
   29  -0.0215158   0.0324231   0.0234283   0.0000000  -0.0007037   0.0028930
   30   0.0000000  -0.0000000   0.0000000   0.0265078  -0.0000000   0.0000000
   31  -0.0287376   0.0293908  -0.0007723   0.0000000  -0.0015897   0.0051595
   32  -0.0124086   0.0168975   0.0033027   0.0000000  -0.0013654   0.0053241
   33  -0.0121592   0.0166050   0.0058883  -0.0000000  -0.0001898   0.0003505
   34  -0.0248779   0.0301351   0.0149439  -0.0000000   0.0035116  -0.0123786
   35  -0.0016200   0.0014303   0.0001746  -0.0000000   0.0000353  -0.0001419
   36   0.0073952  -0.0069350  -0.0009304  -0.0000000  -0.0001398   0.0005612
   37   0.0069350  -0.0053045  -0.0001928   0.0000000  -0.0002338   0.0009600
   38   0.0009304  -0.0001928   0.0002710   0.0000000  -0.0000032  -0.0000900
   39   0.0000000  -0.0000000   0.0000000   0.0799043   0.0000000  -0.0000000
   40  -0.0001398   0.0002338   0.0000032   0.0000000  -0.0000780   0.0003222
   41   0.0005612  -0.0009600   0.0000900  -0.0000000   0.0003222  -0.0012889
   42  -0.0000093  -0.0001709  -0.0000496  -0.0000000   0.0002190  -0.0009836
   43   0.0030197  -0.0036400  -0.0007730  -0.0000000   0.0001033  -0.0003933
   44   0.0000000  -0.0000000   0.0000000   0.0899403  -0.0000000   0.0000000
   45  -0.0010754   0.0004044  -0.0003149  -0.0000000  -0.0001010   0.0004312
   46   0.0002333   0.0003423   0.0002055   0.0000000  -0.0002195   0.0009175
   47  -0.0000653  -0.0000083  -0.0004261  -0.0000000   0.0000700  -0.0003723
   48  -0.1059927  -0.0017339  -0.0045506   0.0000000   0.0147178  -0.0368222
   49   0.4278624  -0.0093774   0.0284263  -0.0000000  -0.0373051   0.0415365
   50  -0.0093774   0.2949385   0.0018561   0.0000000  -0.0418267   0.0932034
   51   0.0284263   0.0018561   0.3298545   0.0000000   0.0462284  -0.1086493
   52  -0.0000000   0.0000000   0.0000000   0.3709329  -0.0000000   0.0000000
   53  -0.0373051  -0.0418267   0.0462284  -0.0000000   1.0341964  -0.1032323
   54   0.0415365   0.0932034  -0.1086493   0.0000000  -0.1032323   0.4137420
   55  -0.1080741  -0.0962074   0.1229666  -0.0000000  -0.0034166   0.0258830
   56   0.1002265   0.1233028  -0.1094686   0.0000000   0.0029205  -0.0227660
   57  -0.0000000  -0.0000000   0.0000000   0.2783988   0.0000000   0.0000000
   58   0.1480103   0.0654357   0.2613281  -0.0000000   0.0136425  -0.0446488
   59  -0.0452150  -0.0492805   0.0113969  -0.0000000  -0.0561351   0.1452568
   60  -0.0364723  -0.0153951   0.0610425  -0.0000000  -0.0555176   0.1407550
           55          56          57          58          59          60
    1  -0.0121913   0.0010541  -0.0000000   0.0134217  -0.0111023   0.0082636
    2   0.0511899  -0.0002631  -0.0000000  -0.0551124   0.0470460  -0.0346689
    3   0.0523180  -0.0145079   0.0000000  -0.0577534   0.0585655  -0.0416661
    4  -0.0003872   0.0054813   0.0000000  -0.0332430   0.0068572  -0.0016511
    5   0.0000000   0.0000000   0.1168713   0.0000000  -0.0000000  -0.0000000
    6   0.0051860  -0.0043241   0.0000000   0.0055601   0.0028097  -0.0005162
    7  -0.0212306   0.0169347   0.0000000  -0.0208646  -0.0112798   0.0005952
    8  -0.0150050   0.0163069   0.0000000  -0.0168622  -0.0109980   0.0039476
    9   0.0130681  -0.0078053   0.0000000   0.0073831   0.0109050  -0.0063488
   10   0.0000000  -0.0000000  -0.0169413   0.0000000  -0.0000000  -0.0000000
   11  -0.0023506   0.0014785   0.0000000  -0.0006353  -0.0019663   0.0008390
   12   0.0104329  -0.0056348  -0.0000000   0.0015551   0.0082923  -0.0033252
   13   0.0106377  -0.0086081   0.0000000   0.0017259   0.0102743  -0.0046145
   14   0.0019775  -0.0009425  -0.0000000  -0.0030174   0.0011975   0.0000664
   15   0.0000000  -0.0000000  -0.0815629   0.0000000  -0.0000000   0.0000000
   16  -0.0005819  -0.0012236  -0.0000000   0.0005894  -0.0008738   0.0006974
   17   0.0028582   0.0051259   0.0000000  -0.0029880   0.0038629  -0.0036216
   18   0.0018026   0.0040696   0.0000000  -0.0018476   0.0029455  -0.0011299
   19  -0.0004147  -0.0045604  -0.0000000   0.0025226  -0.0008729   0.0003674
   20  -0.0000000  -0.0000000  -0.0597263  -0.0000000  -0.0000000   0.0000000
   21   0.0008470   0.0018223   0.0000000   0.0031336  -0.0001635   0.0000892
   22  -0.0025775  -0.0073600   0.0000000  -0.0128162   0.0010322   0.0000315
   23  -0.0021630  -0.0094376  -0.0000000  -0.0151786   0.0020462  -0.0033783
   24  -0.0023183   0.0004191  -0.0000000  -0.0051299   0.0000811   0.0011109
   25  -0.0000000  -0.0000000  -0.0730427  -0.0000000   0.0000000   0.0000000
   26  -0.0049089  -0.0037358  -0.0000000  -0.0070922  -0.0019529   0.0034384
   27   0.0187327   0.0151712   0.0000000   0.0272467   0.0074081  -0.0116650
   28   0.0143235   0.0187245   0.0000000   0.0134375   0.0078892  -0.0065649
   29   0.0001731  -0.0262610  -0.0000000   0.0367588  -0.0117868   0.0182787
   30   0.0000000   0.0000000  -0.0015869  -0.0000000   0.0000000  -0.0000000
   31  -0.0070119   0.0009609   0.0000000   0.0083062  -0.0061021   0.0029281
   32  -0.0056925   0.0046724   0.0000000  -0.0019860  -0.0057159   0.0033240
   33  -0.0007115  -0.0040692  -0.0000000   0.0110402  -0.0038497   0.0042529
   34  -0.0032186   0.0151263   0.0000000   0.0067536  -0.0037075   0.0042056
   35   0.0000075   0.0006585   0.0000000   0.0002281  -0.0000300   0.0000344
   36   0.0000093  -0.0030197  -0.0000000  -0.0010754   0.0002333  -0.0000653
   37  -0.0001709  -0.0036400  -0.0000000  -0.0004044  -0.0003423   0.0000083
   38  -0.0000496  -0.0007730  -0.0000000   0.0003149  -0.0002055   0.0004261
   39  -0.0000000   0.0000000   0.0899403  -0.0000000  -0.0000000   0.0000000
   40  -0.0002190  -0.0001033  -0.0000000  -0.0001010  -0.0002195   0.0000700
   41   0.0009836   0.0003933   0.0000000   0.0004312   0.0009175  -0.0003723
   42   0.0003950   0.0006243   0.0000000   0.0002939   0.0005446   0.0000186
   43   0.0006243  -0.0013403   0.0000000   0.0000159   0.0007550  -0.0004647
   44   0.0000000   0.0000000   0.0924042  -0.0000000   0.0000000  -0.0000000
   45  -0.0002939  -0.0000159   0.0000000   0.0002045  -0.0001562   0.0000490
   46  -0.0005446  -0.0007550  -0.0000000  -0.0001562  -0.0007028   0.0002639
   47  -0.0000186   0.0004647   0.0000000   0.0000490   0.0002639  -0.0002219
   48   0.0452733  -0.0434069   0.0000000  -0.0569862   0.0140091   0.0114251
   49  -0.1080741   0.1002265  -0.0000000   0.1480103  -0.0452150  -0.0364723
   50  -0.0962074   0.1233028  -0.0000000   0.0654357  -0.0492805  -0.0153951
   51   0.1229666  -0.1094686   0.0000000   0.2613281   0.0113969   0.0610425
   52  -0.0000000   0.0000000   0.2783988  -0.0000000  -0.0000000  -0.0000000
   53  -0.0034166   0.0029205   0.0000000   0.0136425  -0.0561351  -0.0555176
   54   0.0258830  -0.0227660   0.0000000  -0.0446488   0.1452568   0.1407550
   55   0.3295017   0.0169921   0.0000000   0.0085605   0.2633551  -0.0772233
   56   0.0169921   0.3218950  -0.0000000  -0.0601459   0.0683312  -0.2642499
   57   0.0000000  -0.0000000   0.2146785   0.0000000  -0.0000000   0.0000000
   58   0.0085605  -0.0601459   0.0000000   0.2679723  -0.0451439   0.0679831
   59   0.2633551   0.0683312  -0.0000000  -0.0451439   0.2660682  -0.0714739
   60  -0.0772233  -0.2642499   0.0000000   0.0679831  -0.0714739   0.2773593
 SCF time:   CPU 2.25s  wall 2.00s 
<S^2> =          0.769528834
 SCF   energy =  -382.06529396
 Total energy =  -382.06529396
 Integrated density by DFT XC:
   Number of electrons = 69
   Numerical integral  =    69.000532053156
   Relative error      =     0.0007710915 %
 
 --------------------------------------------------------------
             Orbital Energies (a.u.) and Symmetries
 --------------------------------------------------------------
 
 Alpha MOs, Unrestricted
 -- Occupied --                  
-10.254 -10.254 -10.222 -10.222 -10.220 -10.220 -10.219 -10.219
  1 Bu    1 Ag    2 Bu    2 Ag    3 Bu    3 Ag    4 Ag    4 Bu                 
-10.214 -10.214  -1.033  -0.965  -0.926  -0.906  -0.882  -0.785
  5 Ag    5 Bu    6 Ag    6 Bu    7 Ag    7 Bu    8 Bu    8 Ag                 
 -0.764  -0.723  -0.707  -0.657  -0.637  -0.603  -0.600  -0.590
  9 Ag    9 Bu   10 Ag   11 Ag   10 Bu   11 Bu   12 Bu   12 Ag                 
 -0.573  -0.558  -0.542  -0.540  -0.498  -0.497  -0.479  -0.475
 13 Bu   14 Bu    1 Au   13 Ag   15 Bu   14 Ag   15 Ag    1 Bg                 
 -0.422  -0.399  -0.377
  2 Au    2 Bg    3 Bg                                                         
 -- Virtual --                   
 -0.167  -0.114  -0.090  -0.032   0.065   0.123   0.131   0.168
  3 Au    4 Au    4 Bg    5 Au    5 Bg   16 Ag   16 Bu   17 Bu                 
  0.183   0.222   0.225   0.236   0.248   0.277   0.300   0.327
 17 Ag   18 Bu   18 Ag   19 Bu   19 Ag   20 Bu   20 Ag   21 Ag                 
  0.366   0.386   0.405   0.426   0.446   0.484   0.531   0.592
 21 Bu   22 Ag   22 Bu   23 Bu   23 Ag   24 Ag   24 Bu   25 Ag                 
  0.600
 25 Bu                                                                         
 
 Beta MOs, Unrestricted
 -- Occupied --                  
-10.251 -10.251 -10.222 -10.221 -10.220 -10.220 -10.220 -10.220
  1 Bu    1 Ag    2 Bu    2 Ag    3 Bu    3 Ag    4 Bu    4 Ag                 
-10.210 -10.210  -1.026  -0.957  -0.918  -0.905  -0.870  -0.781
  5 Ag    5 Bu    6 Ag    6 Bu    7 Ag    7 Bu    8 Bu    8 Ag                 
 -0.759  -0.719  -0.704  -0.654  -0.635  -0.601  -0.597  -0.587
  9 Ag    9 Bu   10 Ag   11 Ag   10 Bu   11 Bu   12 Bu   12 Ag                 
 -0.572  -0.556  -0.538  -0.525  -0.496  -0.495  -0.478  -0.451
 13 Bu   14 Bu   13 Ag    1 Au   15 Bu   14 Ag   15 Ag    1 Bg                 
 -0.396  -0.393
  2 Bg    2 Au                                                                 
 -- Virtual --                   
 -0.310  -0.139  -0.105  -0.069  -0.010   0.082   0.126   0.134
  3 Bg    3 Au    4 Au    4 Bg    5 Au    5 Bg   16 Ag   16 Bu                 
  0.170   0.186   0.227   0.229   0.237   0.253   0.284   0.305
 17 Bu   17 Ag   18 Bu   18 Ag   19 Bu   19 Ag   20 Bu   20 Ag                 
  0.333   0.370   0.388   0.408   0.430   0.448   0.488   0.536
 21 Ag   21 Bu   22 Ag   22 Bu   23 Bu   23 Ag   24 Ag   24 Bu                 
  0.596   0.603
 25 Ag   25 Bu                                                                 
 --------------------------------------------------------------
 

                        ALPHA MOLECULAR ORBITAL COEFFICIENTS
                         1         2         3         4         5         6
                        1Bu       1Ag       2Bu       2Ag       3Bu       3Ag  
 eigenvalues:        -10.254   -10.254   -10.222   -10.222   -10.220   -10.220
   1  C 1   s        0.70024  -0.70027   0.00866   0.00694  -0.00602  -0.00882
   2  C 1   s        0.03157  -0.03135  -0.00767  -0.00505   0.00569   0.00696
   3  C 1   px      -0.00153   0.00118   0.00203   0.00095  -0.00287  -0.00338
   4  C 1   py      -0.00033   0.00026   0.00369   0.00481   0.00382   0.00259
   5  C 1   pz      -0.00000   0.00000   0.00000  -0.00000  -0.00000   0.00000
   6  C 2   s       -0.00631   0.00698   0.10165  -0.11668  -0.69297  -0.69007
   7  C 2   s       -0.00747   0.00680   0.01143  -0.01168  -0.03012  -0.02970
   8  C 2   px      -0.00276   0.00301  -0.00437   0.00434  -0.00023  -0.00042
   9  C 2   py       0.00355  -0.00343  -0.00127   0.00117   0.00128   0.00094
  10  C 2   pz      -0.00000  -0.00000   0.00000  -0.00000  -0.00000  -0.00000
  11  C 3   s        0.00674   0.00745  -0.69281   0.69046  -0.10266  -0.11728
  12  C 3   s        0.00750   0.00684  -0.03217   0.03194   0.00226   0.00123
  13  C 3   px      -0.00116  -0.00143  -0.00156   0.00141   0.00425   0.00421
  14  C 3   py      -0.00435  -0.00434   0.00105  -0.00075   0.00087   0.00093
  15  C 3   pz       0.00000  -0.00000   0.00000   0.00000   0.00000  -0.00000
  16  C 4   s       -0.70024  -0.70027  -0.00866   0.00694   0.00602  -0.00882
  17  C 4   s       -0.03157  -0.03135   0.00767  -0.00505  -0.00569   0.00696
  18  C 4   px      -0.00153  -0.00118   0.00203  -0.00095  -0.00287   0.00338
  19  C 4   py      -0.00033  -0.00026   0.00369  -0.00481   0.00382  -0.00259
  20  C 4   pz       0.00000  -0.00000  -0.00000   0.00000  -0.00000   0.00000
  21  C 5   s        0.00631   0.00698  -0.10165  -0.11668   0.69297  -0.69007
  22  C 5   s        0.00747   0.00680  -0.01143  -0.01168   0.03012  -0.02970
  23  C 5   px      -0.00276  -0.00301  -0.00437  -0.00434  -0.00023   0.00042
  24  C 5   py       0.00355   0.00343  -0.00127  -0.00117   0.00128  -0.00094
  25  C 5   pz      -0.00000  -0.00000  -0.00000   0.00000   0.00000  -0.00000
  26  C 6   s       -0.00674   0.00745   0.69281   0.69046   0.10266  -0.11728
  27  C 6   s       -0.00750   0.00684   0.03217   0.03194  -0.00226   0.00123
  28  C 6   px      -0.00116   0.00143  -0.00156  -0.00141   0.00425  -0.00421
  29  C 6   py      -0.00435   0.00434   0.00105   0.00075   0.00087  -0.00093
  30  C 6   pz      -0.00000   0.00000  -0.00000  -0.00000  -0.00000  -0.00000
  31  H 1   s        0.00022  -0.00008  -0.00108   0.00110   0.00612   0.00621
  32  H 2   s       -0.00024  -0.00010   0.00621  -0.00627   0.00073   0.00101
  33  H 3   s       -0.00022  -0.00008   0.00108   0.00110  -0.00612   0.00621
  34  H 4   s        0.00024  -0.00010  -0.00621  -0.00627  -0.00073   0.00101
  35  C 7   s        0.00970   0.00986   0.00209  -0.00505  -0.00354   0.02972
  36  C 7   s        0.00550   0.00558  -0.00016  -0.00012   0.00003   0.00117
  37  C 7   px       0.00382   0.00387  -0.00008  -0.00004   0.00005  -0.00001
  38  C 7   py       0.00085   0.00086  -0.00002   0.00006   0.00004   0.00007
  39  C 7   pz      -0.00000   0.00000   0.00000  -0.00000  -0.00000   0.00000
  40  C 8   s        0.00011   0.00010   0.00244  -0.00220  -0.00009   0.00139
  41  C 8   s       -0.00029  -0.00029   0.00020  -0.00016  -0.00002  -0.00018
  42  C 8   px      -0.00019  -0.00020   0.00011  -0.00008  -0.00001  -0.00004
  43  C 8   py      -0.00005  -0.00005   0.00008  -0.00009   0.00001   0.00015
  44  C 8   pz      -0.00000   0.00000   0.00000  -0.00000  -0.00000  -0.00000
  45  H 5   s       -0.00016  -0.00016   0.00004  -0.00002  -0.00001  -0.00019
  46  H 6   s        0.00003   0.00002   0.00001  -0.00001   0.00000   0.00002
  47  H 7   s        0.00014   0.00013  -0.00026   0.00026  -0.00001  -0.00002
  48  C 9   s       -0.00970   0.00986  -0.00209  -0.00505   0.00354   0.02972
  49  C 9   s       -0.00550   0.00558   0.00016  -0.00012  -0.00003   0.00117
  50  C 9   px       0.00382  -0.00387  -0.00008   0.00004   0.00005   0.00001
  51  C 9   py       0.00085  -0.00086  -0.00002  -0.00006   0.00004  -0.00007
  52  C 9   pz       0.00000  -0.00000   0.00000  -0.00000  -0.00000  -0.00000
  53  C 10  s       -0.00011   0.00010  -0.00244  -0.00220   0.00009   0.00139
  54  C 10  s        0.00029  -0.00029  -0.00020  -0.00016   0.00002  -0.00018
  55  C 10  px      -0.00019   0.00020   0.00011   0.00008  -0.00001   0.00004
  56  C 10  py      -0.00005   0.00005   0.00008   0.00009   0.00001  -0.00015
  57  C 10  pz       0.00000   0.00000  -0.00000   0.00000  -0.00000  -0.00000
  58  H 8   s        0.00016  -0.00016  -0.00004  -0.00002   0.00001  -0.00019
  59  H 9   s       -0.00003   0.00002  -0.00001  -0.00001  -0.00000   0.00002
  60  H 10  s       -0.00014   0.00013   0.00026   0.00026   0.00001  -0.00002
                         7         8         9        10        11        12
                        4Ag       4Bu       5Ag       5Bu       6Ag       6Bu  
 eigenvalues:        -10.219   -10.219   -10.214   -10.214    -1.033    -0.965
   1  C 1   s       -0.01136   0.01081  -0.00048   0.00046   0.11251   0.11219
   2  C 1   s        0.00499  -0.00472  -0.00007   0.00008  -0.28627  -0.29944
   3  C 1   px       0.00377  -0.00394   0.00003  -0.00003   0.05638  -0.01759
   4  C 1   py       0.00071  -0.00066  -0.00003   0.00004   0.01374   0.00870
   5  C 1   pz       0.00000  -0.00000   0.00000  -0.00000  -0.00000  -0.00000
   6  C 2   s       -0.02835   0.00370  -0.00183   0.00056   0.09659   0.03869
   7  C 2   s       -0.00118   0.00027   0.00006   0.00003  -0.23802  -0.09953
   8  C 2   px      -0.00015   0.00004   0.00001  -0.00011   0.01120  -0.06663
   9  C 2   py      -0.00012   0.00004  -0.00004   0.00001   0.06654   0.03364
  10  C 2   pz      -0.00000   0.00000  -0.00000  -0.00000  -0.00000   0.00000
  11  C 3   s       -0.00981  -0.00138  -0.00272  -0.00248   0.09838  -0.05358
  12  C 3   s       -0.00026  -0.00024  -0.00001  -0.00004  -0.24308   0.13843
  13  C 3   px       0.00028   0.00003  -0.00014  -0.00017  -0.03408  -0.04759
  14  C 3   py      -0.00004  -0.00002   0.00000  -0.00000   0.05759  -0.05769
  15  C 3   pz      -0.00000   0.00000   0.00000   0.00000   0.00000   0.00000
  16  C 4   s       -0.01136  -0.01081  -0.00048  -0.00046   0.11251  -0.11219
  17  C 4   s        0.00499   0.00472  -0.00007  -0.00008  -0.28627   0.29944
  18  C 4   px      -0.00377  -0.00394  -0.00003  -0.00003  -0.05638  -0.01759
  19  C 4   py      -0.00071  -0.00066   0.00003   0.00004  -0.01374   0.00870
  20  C 4   pz       0.00000  -0.00000  -0.00000  -0.00000  -0.00000  -0.00000
  21  C 5   s       -0.02835  -0.00370  -0.00183  -0.00056   0.09659  -0.03869
  22  C 5   s       -0.00118  -0.00027   0.00006  -0.00003  -0.23802   0.09953
  23  C 5   px       0.00015   0.00004  -0.00001  -0.00011  -0.01120  -0.06663
  24  C 5   py       0.00012   0.00004   0.00004   0.00001  -0.06654   0.03364
  25  C 5   pz      -0.00000   0.00000  -0.00000  -0.00000   0.00000  -0.00000
  26  C 6   s       -0.00981   0.00138  -0.00272   0.00248   0.09838   0.05358
  27  C 6   s       -0.00026   0.00024  -0.00001   0.00004  -0.24308  -0.13843
  28  C 6   px      -0.00028   0.00003   0.00014  -0.00017   0.03408  -0.04759
  29  C 6   py       0.00004  -0.00002  -0.00000  -0.00000  -0.05759  -0.05769
  30  C 6   pz      -0.00000   0.00000  -0.00000  -0.00000   0.00000   0.00000
  31  H 1   s        0.00030  -0.00006   0.00003  -0.00002  -0.03576  -0.02157
  32  H 2   s        0.00024   0.00015  -0.00015  -0.00015  -0.03799   0.03278
  33  H 3   s        0.00030   0.00006   0.00003   0.00002  -0.03576   0.02157
  34  H 4   s        0.00024  -0.00015  -0.00015   0.00015  -0.03799  -0.03278
  35  C 7   s       -0.69951  -0.70015  -0.02091  -0.02088   0.04034  -0.10466
  36  C 7   s       -0.03085  -0.03089   0.00671   0.00672  -0.10224   0.26974
  37  C 7   px       0.00129   0.00128  -0.00322  -0.00322  -0.02510   0.00803
  38  C 7   py      -0.00131  -0.00131   0.00335   0.00335  -0.01537   0.04683
  39  C 7   pz      -0.00000  -0.00000  -0.00000   0.00000  -0.00000   0.00000
  40  C 8   s        0.02016   0.02004  -0.70021  -0.70021   0.02074  -0.07796
  41  C 8   s        0.00848   0.00848  -0.03099  -0.03099  -0.05241   0.20271
  42  C 8   px       0.00329   0.00329  -0.00110  -0.00110  -0.01871   0.05402
  43  C 8   py      -0.00338  -0.00338   0.00106   0.00106   0.01118  -0.03985
  44  C 8   pz       0.00000   0.00000   0.00000   0.00000   0.00000  -0.00000
  45  H 5   s        0.00629   0.00629   0.00004   0.00004  -0.01705   0.05135
  46  H 6   s       -0.00033  -0.00033   0.00629   0.00629  -0.00687   0.03352
  47  H 7   s       -0.00032  -0.00032   0.00634   0.00634  -0.01052   0.04171
  48  C 9   s       -0.69951   0.70015  -0.02091   0.02088   0.04034   0.10466
  49  C 9   s       -0.03085   0.03089   0.00671  -0.00672  -0.10224  -0.26974
  50  C 9   px      -0.00129   0.00128   0.00322  -0.00322   0.02510   0.00803
  51  C 9   py       0.00131  -0.00131  -0.00335   0.00335   0.01537   0.04683
  52  C 9   pz      -0.00000   0.00000  -0.00000  -0.00000  -0.00000  -0.00000
  53  C 10  s        0.02016  -0.02004  -0.70021   0.70021   0.02074   0.07796
  54  C 10  s        0.00848  -0.00848  -0.03099   0.03099  -0.05241  -0.20271
  55  C 10  px      -0.00329   0.00329   0.00110  -0.00110   0.01871   0.05402
  56  C 10  py       0.00338  -0.00338  -0.00106   0.00106  -0.01118  -0.03985
  57  C 10  pz       0.00000   0.00000  -0.00000   0.00000   0.00000   0.00000
  58  H 8   s        0.00629  -0.00629   0.00004  -0.00004  -0.01705  -0.05135
  59  H 9   s       -0.00033   0.00033   0.00629  -0.00629  -0.00687  -0.03352
  60  H 10  s       -0.00032   0.00032   0.00634  -0.00634  -0.01052  -0.04171
                        13        14        15        16        17        18
                        7Ag       7Bu       8Bu       8Ag       9Ag       9Bu  
 eigenvalues:         -0.926    -0.906    -0.882    -0.785    -0.764    -0.723
   1  C 1   s       -0.00517  -0.02307   0.09613  -0.06360  -0.06789  -0.00606
   2  C 1   s        0.01764   0.06348  -0.26634   0.19095   0.20519   0.01346
   3  C 1   px       0.09549  -0.03655   0.07068   0.04547   0.09130  -0.14226
   4  C 1   py       0.00574   0.14043   0.03321   0.17813  -0.17415  -0.06073
   5  C 1   pz      -0.00000  -0.00000  -0.00000  -0.00000   0.00000   0.00000
   6  C 2   s        0.04093  -0.13726   0.03205  -0.02666   0.11022  -0.04530
   7  C 2   s       -0.10529   0.36707  -0.08657   0.07717  -0.32249   0.13831
   8  C 2   px       0.03017  -0.04586  -0.09063   0.18327   0.00996  -0.00924
   9  C 2   py       0.02174  -0.02150   0.04009  -0.02302  -0.06190  -0.01365
  10  C 2   pz      -0.00000   0.00000  -0.00000   0.00000   0.00000   0.00000
  11  C 3   s        0.03233  -0.11580  -0.07715   0.09822  -0.03590   0.02438
  12  C 3   s       -0.08325   0.31077   0.20965  -0.28238   0.10567  -0.07449
  13  C 3   px      -0.04890   0.07114  -0.03481   0.00826  -0.17934   0.07576
  14  C 3   py       0.00434   0.02761  -0.06406  -0.04453  -0.11925   0.03913
  15  C 3   pz       0.00000   0.00000   0.00000   0.00000   0.00000   0.00000
  16  C 4   s       -0.00517   0.02307  -0.09613  -0.06360  -0.06789   0.00606
  17  C 4   s        0.01764  -0.06348   0.26634   0.19095   0.20519  -0.01346
  18  C 4   px      -0.09549  -0.03655   0.07068  -0.04547  -0.09130  -0.14226
  19  C 4   py      -0.00574   0.14043   0.03321  -0.17813   0.17415  -0.06073
  20  C 4   pz      -0.00000  -0.00000  -0.00000   0.00000  -0.00000  -0.00000
  21  C 5   s        0.04093   0.13726  -0.03205  -0.02666   0.11022   0.04530
  22  C 5   s       -0.10529  -0.36707   0.08657   0.07717  -0.32249  -0.13831
  23  C 5   px      -0.03017  -0.04586  -0.09063  -0.18327  -0.00996  -0.00924
  24  C 5   py      -0.02174  -0.02150   0.04009   0.02302   0.06190  -0.01365
  25  C 5   pz       0.00000   0.00000   0.00000   0.00000  -0.00000  -0.00000
  26  C 6   s        0.03233   0.11580   0.07715   0.09822  -0.03590  -0.02438
  27  C 6   s       -0.08325  -0.31077  -0.20965  -0.28238   0.10567   0.07449
  28  C 6   px       0.04890   0.07114  -0.03481  -0.00826   0.17934   0.07576
  29  C 6   py      -0.00434   0.02761  -0.06406   0.04453   0.11925   0.03913
  30  C 6   pz      -0.00000  -0.00000  -0.00000  -0.00000  -0.00000  -0.00000
  31  H 1   s       -0.01726   0.08544  -0.01978   0.04215  -0.13413   0.03540
  32  H 2   s       -0.00701   0.07542   0.04562  -0.11663   0.04698  -0.04888
  33  H 3   s       -0.01726  -0.08544   0.01978   0.04215  -0.13413  -0.03540
  34  H 4   s       -0.00701  -0.07542  -0.04562  -0.11663   0.04698   0.04888
  35  C 7   s       -0.12090   0.00022   0.06731  -0.04872  -0.01387  -0.10110
  36  C 7   s        0.31505  -0.00235  -0.17648   0.14866   0.04492   0.31397
  37  C 7   px      -0.05808  -0.02130   0.11554   0.10162   0.10563   0.05179
  38  C 7   py       0.06604   0.02272  -0.05285  -0.08223   0.01497  -0.11838
  39  C 7   pz      -0.00000  -0.00000  -0.00000   0.00000  -0.00000  -0.00000
  40  C 8   s       -0.12262  -0.01571   0.11259   0.06368   0.05770   0.08489
  41  C 8   s        0.32549   0.04159  -0.30696  -0.18648  -0.17379  -0.26754
  42  C 8   px       0.06524   0.00823  -0.03440   0.01726   0.04857   0.08105
  43  C 8   py      -0.05882   0.00046   0.04777  -0.03538   0.00857  -0.13077
  44  C 8   pz       0.00000   0.00000  -0.00000   0.00000  -0.00000   0.00000
  45  H 5   s        0.06458  -0.00804  -0.03984   0.07362  -0.00789   0.16173
  46  H 6   s        0.06262   0.00802  -0.07093  -0.06057  -0.07474  -0.11494
  47  H 7   s        0.06816   0.01426  -0.06607  -0.07925  -0.04059  -0.15416
  48  C 9   s       -0.12090  -0.00022  -0.06731  -0.04872  -0.01387   0.10110
  49  C 9   s        0.31505   0.00235   0.17648   0.14866   0.04492  -0.31397
  50  C 9   px       0.05808  -0.02130   0.11554  -0.10162  -0.10563   0.05179
  51  C 9   py      -0.06604   0.02272  -0.05285   0.08223  -0.01497  -0.11838
  52  C 9   pz      -0.00000  -0.00000   0.00000  -0.00000  -0.00000   0.00000
  53  C 10  s       -0.12262   0.01571  -0.11259   0.06368   0.05770  -0.08489
  54  C 10  s        0.32549  -0.04159   0.30696  -0.18648  -0.17379   0.26754
  55  C 10  px      -0.06524   0.00823  -0.03440  -0.01726  -0.04857   0.08105
  56  C 10  py       0.05882   0.00046   0.04777   0.03538  -0.00857  -0.13077
  57  C 10  pz      -0.00000  -0.00000  -0.00000  -0.00000   0.00000   0.00000
  58  H 8   s        0.06458   0.00804   0.03984   0.07362  -0.00789  -0.16173
  59  H 9   s        0.06262  -0.00802   0.07093  -0.06057  -0.07474   0.11494
  60  H 10  s        0.06816  -0.01426   0.06607  -0.07925  -0.04059   0.15416
                        19        20        21        22        23        24
                       10Ag      11Ag      10Bu      11Bu      12Bu      12Ag  
 eigenvalues:         -0.707    -0.657    -0.637    -0.603    -0.600    -0.590
   1  C 1   s       -0.04470   0.03455   0.00747   0.04693  -0.05342  -0.01513
   2  C 1   s        0.13201  -0.11675  -0.02840  -0.16041   0.18933   0.05136
   3  C 1   px      -0.16427  -0.11734  -0.14269   0.14547   0.06148   0.00430
   4  C 1   py       0.00287  -0.06615   0.19674   0.15911   0.16979   0.00611
   5  C 1   pz       0.00000   0.00000  -0.00000   0.00000  -0.00000  -0.00000
   6  C 2   s        0.01835   0.01656  -0.00899  -0.02560   0.04849   0.02451
   7  C 2   s       -0.06439  -0.06309   0.02951   0.09061  -0.16998  -0.08305
   8  C 2   px       0.08232  -0.14937   0.23172   0.06429   0.05427   0.05348
   9  C 2   py      -0.18916  -0.12570  -0.04572   0.08115  -0.23506   0.00152
  10  C 2   pz       0.00000   0.00000  -0.00000   0.00000  -0.00000  -0.00000
  11  C 3   s        0.05194  -0.01794   0.03042   0.01353  -0.05615  -0.02156
  12  C 3   s       -0.16878   0.04855  -0.09967  -0.05462   0.19320   0.07898
  13  C 3   px       0.04140   0.14703  -0.16352   0.08761  -0.14033  -0.11215
  14  C 3   py      -0.19790  -0.07798  -0.12205  -0.29314  -0.02139   0.02518
  15  C 3   pz       0.00000   0.00000   0.00000   0.00000  -0.00000  -0.00000
  16  C 4   s       -0.04470   0.03455  -0.00747  -0.04693   0.05342  -0.01513
  17  C 4   s        0.13201  -0.11675   0.02840   0.16041  -0.18933   0.05136
  18  C 4   px       0.16427   0.11734  -0.14269   0.14547   0.06148  -0.00430
  19  C 4   py      -0.00287   0.06615   0.19674   0.15911   0.16979  -0.00611
  20  C 4   pz       0.00000   0.00000  -0.00000   0.00000  -0.00000  -0.00000
  21  C 5   s        0.01835   0.01656   0.00899   0.02560  -0.04849   0.02451
  22  C 5   s       -0.06439  -0.06309  -0.02951  -0.09061   0.16998  -0.08305
  23  C 5   px      -0.08232   0.14937   0.23172   0.06429   0.05427  -0.05348
  24  C 5   py       0.18916   0.12570  -0.04572   0.08115  -0.23506  -0.00152
  25  C 5   pz       0.00000  -0.00000  -0.00000   0.00000  -0.00000  -0.00000
  26  C 6   s        0.05194  -0.01794  -0.03042  -0.01353   0.05615  -0.02156
  27  C 6   s       -0.16878   0.04855   0.09967   0.05462  -0.19320   0.07898
  28  C 6   px      -0.04140  -0.14703  -0.16352   0.08761  -0.14033   0.11215
  29  C 6   py       0.19790   0.07798  -0.12205  -0.29314  -0.02139  -0.02518
  30  C 6   pz       0.00000  -0.00000  -0.00000   0.00000  -0.00000  -0.00000
  31  H 1   s       -0.10632  -0.11777   0.03524   0.10813  -0.22452  -0.01687
  32  H 2   s       -0.15094  -0.09057  -0.02361  -0.24495   0.12740   0.09401
  33  H 3   s       -0.10632  -0.11777  -0.03524  -0.10813   0.22452  -0.01687
  34  H 4   s       -0.15094  -0.09057   0.02361   0.24495  -0.12740   0.09401
  35  C 7   s        0.06001  -0.05269  -0.01378   0.00676  -0.00641   0.01718
  36  C 7   s       -0.18596   0.16681   0.03934  -0.02483   0.01274  -0.04105
  37  C 7   px      -0.02915  -0.17667   0.07296  -0.10972  -0.19154   0.05444
  38  C 7   py       0.06632  -0.09980   0.19749   0.00599  -0.03663  -0.29308
  39  C 7   pz      -0.00000   0.00000  -0.00000   0.00000  -0.00000  -0.00000
  40  C 8   s       -0.05897   0.02313   0.01966  -0.00943   0.01087  -0.00083
  41  C 8   s        0.18844  -0.08577  -0.07354   0.02684  -0.04682   0.02156
  42  C 8   px      -0.07698   0.00179   0.20938  -0.10366  -0.00538  -0.34083
  43  C 8   py       0.07108  -0.22342   0.03369  -0.16378  -0.18360   0.05180
  44  C 8   pz      -0.00000   0.00000  -0.00000   0.00000  -0.00000  -0.00000
  45  H 5   s       -0.10153   0.14238  -0.11919  -0.00739   0.07160   0.17610
  46  H 6   s        0.09479  -0.00727  -0.15513   0.10116   0.01021   0.23209
  47  H 7   s        0.08398  -0.17500   0.02397  -0.14206  -0.12837   0.00388
  48  C 9   s        0.06001  -0.05269   0.01378  -0.00676   0.00641   0.01718
  49  C 9   s       -0.18596   0.16681  -0.03934   0.02483  -0.01274  -0.04105
  50  C 9   px       0.02915   0.17667   0.07296  -0.10972  -0.19154  -0.05444
  51  C 9   py      -0.06632   0.09980   0.19749   0.00599  -0.03663   0.29308
  52  C 9   pz       0.00000  -0.00000  -0.00000   0.00000  -0.00000  -0.00000
  53  C 10  s       -0.05897   0.02313  -0.01966   0.00943  -0.01087  -0.00083
  54  C 10  s        0.18844  -0.08577   0.07354  -0.02684   0.04682   0.02156
  55  C 10  px       0.07698  -0.00179   0.20938  -0.10366  -0.00538   0.34083
  56  C 10  py      -0.07108   0.22342   0.03369  -0.16378  -0.18360  -0.05180
  57  C 10  pz       0.00000  -0.00000  -0.00000   0.00000  -0.00000  -0.00000
  58  H 8   s       -0.10153   0.14238   0.11919   0.00739  -0.07160   0.17610
  59  H 9   s        0.09479  -0.00727   0.15513  -0.10116  -0.01021   0.23209
  60  H 10  s        0.08398  -0.17500  -0.02397   0.14206   0.12837   0.00388
                        25        26        27        28        29        30
                       13Bu      14Bu       1Au      13Ag      15Bu      14Ag  
 eigenvalues:         -0.573    -0.558    -0.542    -0.540    -0.498    -0.497
   1  C 1   s       -0.00117   0.00681  -0.00000  -0.02451   0.01580   0.00153
   2  C 1   s        0.00701  -0.02623   0.00000   0.08784  -0.06919   0.00056
   3  C 1   px       0.14857  -0.11900   0.00000  -0.01076  -0.25197   0.17256
   4  C 1   py      -0.06821   0.12413  -0.00000  -0.10186  -0.07461  -0.25957
   5  C 1   pz       0.00000   0.00000   0.36022   0.00000   0.00000  -0.00000
   6  C 2   s        0.02600  -0.01020   0.00000  -0.00533  -0.00729   0.00009
   7  C 2   s       -0.08040   0.03921  -0.00000   0.02913   0.02353   0.00758
   8  C 2   px       0.10169   0.23035  -0.00000   0.14946  -0.01154  -0.18958
   9  C 2   py       0.31399   0.02551  -0.00000   0.15709  -0.05537   0.23372
  10  C 2   pz       0.00000   0.00000   0.28801   0.00000   0.00000  -0.00000
  11  C 3   s        0.00605   0.01163  -0.00000   0.00273   0.01104  -0.00205
  12  C 3   s       -0.01486  -0.03632   0.00000  -0.00768  -0.03708  -0.00509
  13  C 3   px      -0.19551  -0.21956   0.00000  -0.16246  -0.03524   0.16938
  14  C 3   py       0.16358  -0.03607  -0.00000  -0.07565   0.12568  -0.22818
  15  C 3   pz       0.00000   0.00000   0.29348   0.00000   0.00000  -0.00000
  16  C 4   s        0.00117  -0.00681   0.00000  -0.02451  -0.01580   0.00153
  17  C 4   s       -0.00701   0.02623  -0.00000   0.08784   0.06919   0.00056
  18  C 4   px       0.14857  -0.11900  -0.00000   0.01076  -0.25197  -0.17256
  19  C 4   py      -0.06821   0.12413   0.00000   0.10186  -0.07461   0.25957
  20  C 4   pz       0.00000   0.00000   0.36022   0.00000   0.00000  -0.00000
  21  C 5   s       -0.02600   0.01020  -0.00000  -0.00533   0.00729   0.00009
  22  C 5   s        0.08040  -0.03921   0.00000   0.02913  -0.02353   0.00758
  23  C 5   px       0.10169   0.23035  -0.00000  -0.14946  -0.01154   0.18958
  24  C 5   py       0.31399   0.02551  -0.00000  -0.15709  -0.05537  -0.23372
  25  C 5   pz       0.00000   0.00000   0.28801   0.00000   0.00000  -0.00000
  26  C 6   s       -0.00605  -0.01163   0.00000   0.00273  -0.01104  -0.00205
  27  C 6   s        0.01486   0.03632  -0.00000  -0.00768   0.03708  -0.00509
  28  C 6   px      -0.19551  -0.21956   0.00000   0.16246  -0.03524  -0.16938
  29  C 6   py       0.16358  -0.03607   0.00000   0.07565   0.12568   0.22818
  30  C 6   pz       0.00000   0.00000   0.29348  -0.00000  -0.00000  -0.00000
  31  H 1   s        0.21786   0.08635  -0.00000   0.16768  -0.02507   0.16532
  32  H 2   s        0.18326   0.07631  -0.00000  -0.00127   0.04910  -0.28618
  33  H 3   s       -0.21786  -0.08635   0.00000   0.16768   0.02507   0.16532
  34  H 4   s       -0.18326  -0.07631  -0.00000  -0.00127  -0.04910  -0.28618
  35  C 7   s       -0.00444  -0.00107  -0.00000   0.02449   0.00450  -0.00973
  36  C 7   s        0.00570   0.02368   0.00000  -0.09881  -0.01629   0.04684
  37  C 7   px      -0.14882   0.13403   0.00000  -0.10002   0.17229   0.14050
  38  C 7   py       0.04433  -0.25112   0.00000   0.16619   0.19450  -0.03941
  39  C 7   pz       0.00000   0.00000   0.14624  -0.00000   0.00000  -0.00000
  40  C 8   s        0.00474   0.01444  -0.00000  -0.00886  -0.00231   0.00396
  41  C 8   s       -0.02740  -0.03273   0.00000   0.02111   0.00919  -0.00644
  42  C 8   px       0.05851  -0.24714   0.00000  -0.10930  -0.19920  -0.07823
  43  C 8   py      -0.15564   0.13072   0.00000  -0.29029  -0.20208   0.10626
  44  C 8   pz       0.00000   0.00000   0.08393  -0.00000   0.00000  -0.00000
  45  H 5   s       -0.01382   0.17250   0.00000  -0.15998  -0.23326   0.03728
  46  H 6   s       -0.03021   0.14871  -0.00000   0.14619   0.22500   0.04792
  47  H 7   s       -0.09462   0.05834   0.00000  -0.24731  -0.23093   0.03208
  48  C 9   s        0.00444   0.00107  -0.00000   0.02449  -0.00450  -0.00973
  49  C 9   s       -0.00570  -0.02368   0.00000  -0.09881   0.01629   0.04684
  50  C 9   px      -0.14882   0.13403  -0.00000   0.10002   0.17229  -0.14050
  51  C 9   py       0.04433  -0.25112   0.00000  -0.16619   0.19450   0.03941
  52  C 9   pz       0.00000   0.00000   0.14624   0.00000  -0.00000  -0.00000
  53  C 10  s       -0.00474  -0.01444   0.00000  -0.00886   0.00231   0.00396
  54  C 10  s        0.02740   0.03273  -0.00000   0.02111  -0.00919  -0.00644
  55  C 10  px       0.05851  -0.24714   0.00000   0.10930  -0.19920   0.07823
  56  C 10  py      -0.15564   0.13072  -0.00000   0.29029  -0.20208  -0.10626
  57  C 10  pz       0.00000   0.00000   0.08393  -0.00000  -0.00000  -0.00000
  58  H 8   s        0.01382  -0.17250   0.00000  -0.15998   0.23326   0.03728
  59  H 9   s        0.03021  -0.14871   0.00000   0.14619  -0.22500   0.04792
  60  H 10  s        0.09462  -0.05834  -0.00000  -0.24731   0.23093   0.03208
                        31        32        33        34        35        36
                       15Ag       1Bg       2Au       2Bg       3Bg       3Au  
 eigenvalues:         -0.479    -0.475    -0.422    -0.399    -0.377    -0.167
   1  C 1   s       -0.01398  -0.00000  -0.00000  -0.00000   0.00000   0.00000
   2  C 1   s        0.06904   0.00000   0.00000   0.00000  -0.00000  -0.00000
   3  C 1   px       0.23728  -0.00000   0.00000   0.00000   0.00000  -0.00000
   4  C 1   py       0.16121  -0.00000   0.00000  -0.00000  -0.00000  -0.00000
   5  C 1   pz      -0.00000  -0.38434   0.02699   0.01519  -0.37493  -0.46728
   6  C 2   s       -0.00269   0.00000   0.00000   0.00000  -0.00000  -0.00000
   7  C 2   s        0.00337  -0.00000  -0.00000  -0.00000   0.00000   0.00000
   8  C 2   px      -0.18719   0.00000  -0.00000   0.00000  -0.00000  -0.00000
   9  C 2   py      -0.11525   0.00000   0.00000   0.00000  -0.00000   0.00000
  10  C 2   pz       0.00000  -0.13522   0.15421   0.46300  -0.19104   0.24889
  11  C 3   s       -0.00222   0.00000  -0.00000  -0.00000   0.00000   0.00000
  12  C 3   s        0.00913   0.00000   0.00000   0.00000  -0.00000  -0.00000
  13  C 3   px       0.18296  -0.00000   0.00000  -0.00000   0.00000  -0.00000
  14  C 3   py       0.17931  -0.00000   0.00000   0.00000  -0.00000   0.00000
  15  C 3   pz       0.00000   0.15390   0.15064   0.45751   0.20581   0.31385
  16  C 4   s       -0.01398   0.00000   0.00000   0.00000   0.00000  -0.00000
  17  C 4   s        0.06904  -0.00000  -0.00000  -0.00000   0.00000   0.00000
  18  C 4   px      -0.23728   0.00000   0.00000   0.00000   0.00000  -0.00000
  19  C 4   py      -0.16121   0.00000   0.00000  -0.00000   0.00000  -0.00000
  20  C 4   pz       0.00000   0.38434   0.02699  -0.01519   0.37493  -0.46728
  21  C 5   s       -0.00269   0.00000  -0.00000  -0.00000  -0.00000   0.00000
  22  C 5   s        0.00337  -0.00000   0.00000   0.00000   0.00000  -0.00000
  23  C 5   px       0.18719  -0.00000   0.00000  -0.00000   0.00000  -0.00000
  24  C 5   py       0.11525   0.00000   0.00000  -0.00000  -0.00000   0.00000
  25  C 5   pz      -0.00000   0.13522   0.15421  -0.46300   0.19104   0.24889
  26  C 6   s       -0.00222  -0.00000   0.00000   0.00000   0.00000  -0.00000
  27  C 6   s        0.00913   0.00000  -0.00000  -0.00000   0.00000   0.00000
  28  C 6   px      -0.18296   0.00000  -0.00000   0.00000   0.00000   0.00000
  29  C 6   py      -0.17931  -0.00000   0.00000  -0.00000   0.00000   0.00000
  30  C 6   pz      -0.00000  -0.15390   0.15064  -0.45751  -0.20581   0.31385
  31  H 1   s       -0.18813   0.00000  -0.00000   0.00000   0.00000   0.00000
  32  H 2   s       -0.01400   0.00000  -0.00000  -0.00000   0.00000   0.00000
  33  H 3   s       -0.18813   0.00000  -0.00000   0.00000  -0.00000   0.00000
  34  H 4   s       -0.01400   0.00000   0.00000   0.00000  -0.00000  -0.00000
  35  C 7   s       -0.01376  -0.00000  -0.00000   0.00000   0.00000   0.00000
  36  C 7   s        0.05714   0.00000   0.00000  -0.00000  -0.00000  -0.00000
  37  C 7   px       0.23552  -0.00000  -0.00000  -0.00000  -0.00000  -0.00000
  38  C 7   py       0.14655  -0.00000  -0.00000  -0.00000  -0.00000  -0.00000
  39  C 7   pz       0.00000   0.33653  -0.40029  -0.00781  -0.24660  -0.25374
  40  C 8   s       -0.00040   0.00000  -0.00000  -0.00000  -0.00000   0.00000
  41  C 8   s        0.00590  -0.00000   0.00000  -0.00000   0.00000  -0.00000
  42  C 8   px      -0.14728   0.00000   0.00000   0.00000   0.00000   0.00000
  43  C 8   py      -0.08946   0.00000   0.00000   0.00000  -0.00000   0.00000
  44  C 8   pz       0.00000   0.26563  -0.44686   0.00386  -0.41500   0.40536
  45  H 5   s       -0.18935   0.00000   0.00000   0.00000   0.00000   0.00000
  46  H 6   s        0.16423  -0.00000  -0.00000  -0.00000  -0.00000   0.00000
  47  H 7   s       -0.14224   0.00000  -0.00000   0.00000   0.00000   0.00000
  48  C 9   s       -0.01376   0.00000   0.00000   0.00000  -0.00000  -0.00000
  49  C 9   s        0.05714  -0.00000  -0.00000  -0.00000   0.00000   0.00000
  50  C 9   px      -0.23552   0.00000  -0.00000   0.00000  -0.00000  -0.00000
  51  C 9   py      -0.14655  -0.00000  -0.00000  -0.00000   0.00000  -0.00000
  52  C 9   pz      -0.00000  -0.33653  -0.40029   0.00781   0.24660  -0.25374
  53  C 10  s       -0.00040  -0.00000  -0.00000  -0.00000   0.00000   0.00000
  54  C 10  s        0.00590   0.00000   0.00000   0.00000  -0.00000  -0.00000
  55  C 10  px       0.14728   0.00000   0.00000   0.00000  -0.00000  -0.00000
  56  C 10  py       0.08946   0.00000  -0.00000   0.00000   0.00000   0.00000
  57  C 10  pz       0.00000  -0.26563  -0.44686  -0.00386   0.41500   0.40536
  58  H 8   s       -0.18935  -0.00000  -0.00000   0.00000   0.00000   0.00000
  59  H 9   s        0.16423  -0.00000   0.00000  -0.00000   0.00000   0.00000
  60  H 10  s       -0.14224  -0.00000  -0.00000  -0.00000  -0.00000  -0.00000
                        37        38        39        40
                        4Au       4Bg       5Au       5Bg  
 eigenvalues:         -0.114    -0.090    -0.032     0.065
   1  C 1   s       -0.00000   0.00000   0.00000  -0.00000
   2  C 1   s        0.00000  -0.00000  -0.00000   0.00000
   3  C 1   px       0.00000  -0.00000  -0.00000   0.00000
   4  C 1   py      -0.00000  -0.00000   0.00000   0.00000
   5  C 1   pz      -0.03474  -0.02257   0.45840   0.53099
   6  C 2   s        0.00000  -0.00000   0.00000  -0.00000
   7  C 2   s        0.00000   0.00000  -0.00000   0.00000
   8  C 2   px       0.00000   0.00000  -0.00000  -0.00000
   9  C 2   py       0.00000  -0.00000  -0.00000   0.00000
  10  C 2   pz       0.58979   0.22216  -0.16891  -0.48688
  11  C 3   s       -0.00000   0.00000  -0.00000  -0.00000
  12  C 3   s        0.00000  -0.00000   0.00000   0.00000
  13  C 3   px       0.00000  -0.00000   0.00000  -0.00000
  14  C 3   py      -0.00000  -0.00000  -0.00000   0.00000
  15  C 3   pz      -0.54810  -0.21182  -0.19332   0.48516
  16  C 4   s        0.00000  -0.00000  -0.00000  -0.00000
  17  C 4   s       -0.00000  -0.00000   0.00000   0.00000
  18  C 4   px       0.00000   0.00000  -0.00000  -0.00000
  19  C 4   py      -0.00000  -0.00000   0.00000  -0.00000
  20  C 4   pz      -0.03474   0.02257   0.45840  -0.53099
  21  C 5   s       -0.00000   0.00000  -0.00000   0.00000
  22  C 5   s        0.00000  -0.00000  -0.00000   0.00000
  23  C 5   px       0.00000   0.00000  -0.00000  -0.00000
  24  C 5   py       0.00000  -0.00000  -0.00000  -0.00000
  25  C 5   pz       0.58979  -0.22216  -0.16891   0.48688
  26  C 6   s        0.00000  -0.00000  -0.00000  -0.00000
  27  C 6   s       -0.00000   0.00000   0.00000   0.00000
  28  C 6   px      -0.00000   0.00000   0.00000   0.00000
  29  C 6   py      -0.00000   0.00000  -0.00000  -0.00000
  30  C 6   pz      -0.54810   0.21182  -0.19332  -0.48516
  31  H 1   s        0.00000   0.00000   0.00000  -0.00000
  32  H 2   s       -0.00000   0.00000   0.00000  -0.00000
  33  H 3   s        0.00000  -0.00000  -0.00000  -0.00000
  34  H 4   s        0.00000  -0.00000  -0.00000  -0.00000
  35  C 7   s        0.00000  -0.00000   0.00000   0.00000
  36  C 7   s       -0.00000   0.00000  -0.00000  -0.00000
  37  C 7   px      -0.00000   0.00000  -0.00000  -0.00000
  38  C 7   py       0.00000   0.00000  -0.00000  -0.00000
  39  C 7   pz      -0.00165   0.54942  -0.54815   0.26578
  40  C 8   s        0.00000   0.00000   0.00000  -0.00000
  41  C 8   s       -0.00000  -0.00000   0.00000   0.00000
  42  C 8   px      -0.00000  -0.00000   0.00000  -0.00000
  43  C 8   py       0.00000  -0.00000   0.00000  -0.00000
  44  C 8   pz       0.01993  -0.51757   0.40033  -0.14501
  45  H 5   s        0.00000  -0.00000  -0.00000  -0.00000
  46  H 6   s       -0.00000  -0.00000   0.00000  -0.00000
  47  H 7   s        0.00000  -0.00000   0.00000   0.00000
  48  C 9   s        0.00000  -0.00000  -0.00000   0.00000
  49  C 9   s       -0.00000   0.00000   0.00000  -0.00000
  50  C 9   px       0.00000  -0.00000  -0.00000   0.00000
  51  C 9   py      -0.00000  -0.00000  -0.00000   0.00000
  52  C 9   pz      -0.00165  -0.54942  -0.54815  -0.26578
  53  C 10  s        0.00000   0.00000   0.00000  -0.00000
  54  C 10  s       -0.00000  -0.00000  -0.00000   0.00000
  55  C 10  px       0.00000  -0.00000  -0.00000   0.00000
  56  C 10  py       0.00000   0.00000   0.00000  -0.00000
  57  C 10  pz       0.01993   0.51757   0.40033   0.14501
  58  H 8   s        0.00000   0.00000   0.00000  -0.00000
  59  H 9   s       -0.00000   0.00000   0.00000  -0.00000
  60  H 10  s       -0.00000  -0.00000  -0.00000  -0.00000
 

                        BETA  MOLECULAR ORBITAL COEFFICIENTS
                         1         2         3         4         5         6
                        1Bu       1Ag       2Bu       2Ag       3Bu       3Ag  
 eigenvalues:        -10.251   -10.251   -10.222   -10.221   -10.220   -10.220
   1  C 1   s       -0.70028   0.70031  -0.00959   0.00714   0.00583  -0.00485
   2  C 1   s       -0.03126   0.03105   0.00775  -0.00479  -0.00526   0.00025
   3  C 1   px       0.00151  -0.00116  -0.00210   0.00087   0.00299   0.00502
   4  C 1   py       0.00033  -0.00026  -0.00359   0.00488  -0.00387  -0.00078
   5  C 1   pz       0.00000  -0.00000  -0.00000  -0.00000   0.00000   0.00000
   6  C 2   s        0.00701  -0.00765  -0.11826  -0.13619   0.68942   0.35557
   7  C 2   s        0.00744  -0.00675  -0.01212  -0.01250   0.02976   0.01526
   8  C 2   px       0.00272  -0.00298   0.00435   0.00431   0.00032   0.00016
   9  C 2   py      -0.00351   0.00339   0.00130   0.00119  -0.00125  -0.00061
  10  C 2   pz       0.00000   0.00000  -0.00000  -0.00000  -0.00000  -0.00000
  11  C 3   s       -0.00744  -0.00812   0.69015   0.68684   0.11926   0.06448
  12  C 3   s       -0.00746  -0.00679   0.03214   0.03189  -0.00147  -0.00053
  13  C 3   px       0.00113   0.00141   0.00166   0.00153  -0.00420  -0.00207
  14  C 3   py       0.00430   0.00429  -0.00102  -0.00072  -0.00090  -0.00056
  15  C 3   pz      -0.00000   0.00000  -0.00000   0.00000  -0.00000  -0.00000
  16  C 4   s        0.70028   0.70031   0.00959   0.00714  -0.00583  -0.00485
  17  C 4   s        0.03126   0.03105  -0.00775  -0.00479   0.00526   0.00025
  18  C 4   px       0.00151   0.00116  -0.00210  -0.00087   0.00299  -0.00502
  19  C 4   py       0.00033   0.00026  -0.00359  -0.00488  -0.00387   0.00078
  20  C 4   pz      -0.00000   0.00000  -0.00000   0.00000   0.00000   0.00000
  21  C 5   s       -0.00701  -0.00765   0.11826  -0.13619  -0.68942   0.35557
  22  C 5   s       -0.00744  -0.00675   0.01212  -0.01250  -0.02976   0.01526
  23  C 5   px       0.00272   0.00298   0.00435  -0.00431   0.00032  -0.00016
  24  C 5   py      -0.00351  -0.00339   0.00130  -0.00119  -0.00125   0.00061
  25  C 5   pz       0.00000   0.00000   0.00000   0.00000  -0.00000  -0.00000
  26  C 6   s        0.00744  -0.00812  -0.69015   0.68684  -0.11926   0.06448
  27  C 6   s        0.00746  -0.00679  -0.03214   0.03189   0.00147  -0.00053
  28  C 6   px       0.00113  -0.00141   0.00166  -0.00153  -0.00420   0.00207
  29  C 6   py       0.00430  -0.00429  -0.00102   0.00072  -0.00090   0.00056
  30  C 6   pz       0.00000  -0.00000   0.00000  -0.00000   0.00000  -0.00000
  31  H 1   s       -0.00023   0.00009   0.00123   0.00127  -0.00607  -0.00315
  32  H 2   s        0.00025   0.00011  -0.00618  -0.00623  -0.00089  -0.00043
  33  H 3   s        0.00023   0.00009  -0.00123   0.00127   0.00607  -0.00315
  34  H 4   s       -0.00025   0.00011   0.00618  -0.00623   0.00089  -0.00043
  35  C 7   s       -0.01051  -0.01070  -0.00293  -0.00751   0.03570  -0.60007
  36  C 7   s       -0.00548  -0.00556   0.00012  -0.00024   0.00140  -0.02633
  37  C 7   px      -0.00377  -0.00382   0.00008  -0.00003  -0.00010   0.00104
  38  C 7   py      -0.00084  -0.00085   0.00001   0.00005   0.00002  -0.00110
  39  C 7   pz       0.00000  -0.00000  -0.00000   0.00000   0.00000  -0.00000
  40  C 8   s       -0.00005  -0.00005  -0.00156  -0.00137  -0.00052   0.00841
  41  C 8   s        0.00030   0.00030  -0.00015  -0.00009  -0.00036   0.00684
  42  C 8   px       0.00020   0.00020  -0.00010  -0.00007  -0.00014   0.00276
  43  C 8   py       0.00005   0.00005  -0.00009  -0.00010   0.00014  -0.00289
  44  C 8   pz      -0.00000  -0.00000  -0.00000  -0.00000   0.00000   0.00000
  45  H 5   s        0.00016   0.00017  -0.00003  -0.00000  -0.00028   0.00535
  46  H 6   s       -0.00003  -0.00003  -0.00002  -0.00002   0.00001  -0.00021
  47  H 7   s       -0.00014  -0.00013   0.00025   0.00025   0.00003  -0.00018
  48  C 9   s        0.01051  -0.01070   0.00293  -0.00751  -0.03570  -0.60007
  49  C 9   s        0.00548  -0.00556  -0.00012  -0.00024  -0.00140  -0.02633
  50  C 9   px      -0.00377   0.00382   0.00008   0.00003  -0.00010  -0.00104
  51  C 9   py      -0.00084   0.00085   0.00001  -0.00005   0.00002   0.00110
  52  C 9   pz       0.00000   0.00000  -0.00000  -0.00000   0.00000   0.00000
  53  C 10  s        0.00005  -0.00005   0.00156  -0.00137   0.00052   0.00841
  54  C 10  s       -0.00030   0.00030   0.00015  -0.00009   0.00036   0.00684
  55  C 10  px       0.00020  -0.00020  -0.00010   0.00007  -0.00014  -0.00276
  56  C 10  py       0.00005  -0.00005  -0.00009   0.00010   0.00014   0.00289
  57  C 10  pz       0.00000  -0.00000   0.00000   0.00000   0.00000  -0.00000
  58  H 8   s       -0.00016   0.00017   0.00003  -0.00000   0.00028   0.00535
  59  H 9   s        0.00003  -0.00003   0.00002  -0.00002  -0.00001  -0.00021
  60  H 10  s        0.00014  -0.00013  -0.00025   0.00025  -0.00003  -0.00018
                         7         8         9        10        11        12
                        4Bu       4Ag       5Ag       5Bu       6Ag       6Bu  
 eigenvalues:        -10.220   -10.220   -10.210   -10.210    -1.026    -0.957
   1  C 1   s        0.01191  -0.01491  -0.00027  -0.00025  -0.10994   0.11032
   2  C 1   s       -0.00494   0.00864  -0.00015  -0.00016   0.27584  -0.29106
   3  C 1   px      -0.00381  -0.00076  -0.00002  -0.00002  -0.05580  -0.02121
   4  C 1   py      -0.00083   0.00243  -0.00004  -0.00004  -0.01337   0.00803
   5  C 1   pz      -0.00000   0.00000   0.00000   0.00000   0.00000   0.00000
   6  C 2   s        0.03557  -0.58791  -0.00100  -0.00030  -0.09811   0.03836
   7  C 2   s        0.00165  -0.02507   0.00009  -0.00001   0.24370  -0.09978
   8  C 2   px       0.00005  -0.00054   0.00002   0.00010  -0.01339  -0.06740
   9  C 2   py      -0.00001   0.00068  -0.00003  -0.00001  -0.06703   0.03311
  10  C 2   pz       0.00000  -0.00000  -0.00000   0.00000   0.00000  -0.00000
  11  C 3   s        0.00333  -0.12120  -0.00174   0.00161  -0.09943  -0.05344
  12  C 3   s       -0.00034   0.00006   0.00002   0.00000   0.24692   0.13908
  13  C 3   px      -0.00017   0.00362  -0.00015   0.00017   0.03638  -0.04822
  14  C 3   py      -0.00006   0.00077   0.00000   0.00000  -0.05691  -0.05715
  15  C 3   pz       0.00000  -0.00000   0.00000  -0.00000  -0.00000   0.00000
  16  C 4   s       -0.01191  -0.01491  -0.00027   0.00025  -0.10994  -0.11032
  17  C 4   s        0.00494   0.00864  -0.00015   0.00016   0.27584   0.29106
  18  C 4   px      -0.00381   0.00076   0.00002  -0.00002   0.05580  -0.02121
  19  C 4   py      -0.00083  -0.00243   0.00004  -0.00004   0.01337   0.00803
  20  C 4   pz      -0.00000   0.00000  -0.00000   0.00000   0.00000  -0.00000
  21  C 5   s       -0.03557  -0.58791  -0.00100   0.00030  -0.09811  -0.03836
  22  C 5   s       -0.00165  -0.02507   0.00009   0.00001   0.24370   0.09978
  23  C 5   px       0.00005   0.00054  -0.00002   0.00010   0.01339  -0.06740
  24  C 5   py      -0.00001  -0.00068   0.00003  -0.00001   0.06703   0.03311
  25  C 5   pz       0.00000  -0.00000  -0.00000   0.00000  -0.00000  -0.00000
  26  C 6   s       -0.00333  -0.12120  -0.00174  -0.00161  -0.09943   0.05344
  27  C 6   s        0.00034   0.00006   0.00002  -0.00000   0.24692  -0.13908
  28  C 6   px      -0.00017  -0.00362   0.00015   0.00017  -0.03638  -0.04822
  29  C 6   py      -0.00006  -0.00077  -0.00000   0.00000   0.05691  -0.05715
  30  C 6   pz       0.00000  -0.00000  -0.00000   0.00000  -0.00000   0.00000
  31  H 1   s       -0.00034   0.00531   0.00002   0.00001   0.03711  -0.02223
  32  H 2   s        0.00011   0.00113  -0.00015   0.00015   0.03930   0.03394
  33  H 3   s        0.00034   0.00531   0.00002  -0.00001   0.03711   0.02223
  34  H 4   s       -0.00011   0.00113  -0.00015  -0.00015   0.03930  -0.03394
  35  C 7   s       -0.69945  -0.36106  -0.01141   0.01141  -0.04056  -0.10758
  36  C 7   s       -0.03079  -0.01599   0.00702  -0.00702   0.10462   0.28154
  37  C 7   px       0.00123   0.00068  -0.00318   0.00318   0.02601   0.01040
  38  C 7   py      -0.00127  -0.00064   0.00330  -0.00330   0.01518   0.04650
  39  C 7   pz      -0.00000   0.00000   0.00000  -0.00000   0.00000  -0.00000
  40  C 8   s        0.01057   0.00657  -0.70051   0.70051  -0.01984  -0.07555
  41  C 8   s        0.00806   0.00428  -0.03067   0.03067   0.04903   0.19228
  42  C 8   px       0.00328   0.00178  -0.00113   0.00113   0.01853   0.05464
  43  C 8   py      -0.00337  -0.00173   0.00108  -0.00108  -0.01098  -0.04020
  44  C 8   pz       0.00000  -0.00000   0.00000  -0.00000  -0.00000   0.00000
  45  H 5   s        0.00629   0.00331  -0.00004   0.00004   0.01747   0.05423
  46  H 6   s       -0.00024  -0.00012   0.00620  -0.00620   0.00685   0.03394
  47  H 7   s       -0.00023  -0.00014   0.00625  -0.00625   0.01067   0.04255
  48  C 9   s        0.69945  -0.36106  -0.01141  -0.01141  -0.04056   0.10758
  49  C 9   s        0.03079  -0.01599   0.00702   0.00702   0.10462  -0.28154
  50  C 9   px       0.00123  -0.00068   0.00318   0.00318  -0.02601   0.01040
  51  C 9   py      -0.00127   0.00064  -0.00330  -0.00330  -0.01518   0.04650
  52  C 9   pz       0.00000  -0.00000  -0.00000   0.00000   0.00000  -0.00000
  53  C 10  s       -0.01057   0.00657  -0.70051  -0.70051  -0.01984   0.07555
  54  C 10  s       -0.00806   0.00428  -0.03067  -0.03067   0.04903  -0.19228
  55  C 10  px       0.00328  -0.00178   0.00113   0.00113  -0.01853   0.05464
  56  C 10  py      -0.00337   0.00173  -0.00108  -0.00108   0.01098  -0.04020
  57  C 10  pz       0.00000  -0.00000  -0.00000  -0.00000   0.00000  -0.00000
  58  H 8   s       -0.00629   0.00331  -0.00004  -0.00004   0.01747  -0.05423
  59  H 9   s        0.00024  -0.00012   0.00620   0.00620   0.00685  -0.03394
  60  H 10  s        0.00023  -0.00014   0.00625   0.00625   0.01067  -0.04255
                        13        14        15        16        17        18
                        7Ag       7Bu       8Bu       8Ag       9Ag       9Bu  
 eigenvalues:         -0.918    -0.905    -0.870    -0.781    -0.759    -0.719
   1  C 1   s        0.00834   0.01876  -0.09615   0.05888   0.07232   0.00566
   2  C 1   s       -0.02637  -0.05076   0.26358  -0.17436  -0.21576  -0.01191
   3  C 1   px      -0.09933   0.03318  -0.07416  -0.03584  -0.08734   0.13718
   4  C 1   py      -0.00637  -0.13893  -0.02698  -0.18574   0.16062   0.06231
   5  C 1   pz       0.00000   0.00000   0.00000   0.00000  -0.00000  -0.00000
   6  C 2   s       -0.04185   0.13617  -0.03926   0.03488  -0.10663   0.04542
   7  C 2   s        0.10820  -0.36483   0.10749  -0.10117   0.31248  -0.13905
   8  C 2   px      -0.03383   0.05108   0.09197  -0.18237  -0.02230   0.01205
   9  C 2   py      -0.02138   0.01921  -0.04136   0.02098   0.06992   0.01211
  10  C 2   pz      -0.00000  -0.00000  -0.00000  -0.00000  -0.00000  -0.00000
  11  C 3   s       -0.03295   0.11855   0.07360  -0.09865   0.03088  -0.02426
  12  C 3   s        0.08505  -0.31770  -0.20164   0.28337  -0.09137   0.07422
  13  C 3   px       0.05237  -0.07127   0.03954  -0.02137   0.17688  -0.07965
  14  C 3   py      -0.00251  -0.02617   0.06594   0.04024   0.12600  -0.03848
  15  C 3   pz      -0.00000   0.00000  -0.00000   0.00000  -0.00000   0.00000
  16  C 4   s        0.00834  -0.01876   0.09615   0.05888   0.07232  -0.00566
  17  C 4   s       -0.02637   0.05076  -0.26358  -0.17436  -0.21576   0.01191
  18  C 4   px       0.09933   0.03318  -0.07416   0.03584   0.08734   0.13718
  19  C 4   py       0.00637  -0.13893  -0.02698   0.18574  -0.16062   0.06231
  20  C 4   pz      -0.00000   0.00000   0.00000  -0.00000   0.00000   0.00000
  21  C 5   s       -0.04185  -0.13617   0.03926   0.03488  -0.10663  -0.04542
  22  C 5   s        0.10820   0.36483  -0.10749  -0.10117   0.31248   0.13905
  23  C 5   px       0.03383   0.05108   0.09197   0.18237   0.02230   0.01205
  24  C 5   py       0.02138   0.01921  -0.04136  -0.02098  -0.06992   0.01211
  25  C 5   pz       0.00000   0.00000   0.00000   0.00000   0.00000   0.00000
  26  C 6   s       -0.03295  -0.11855  -0.07360  -0.09865   0.03088   0.02426
  27  C 6   s        0.08505   0.31770   0.20164   0.28337  -0.09137  -0.07422
  28  C 6   px      -0.05237  -0.07127   0.03954   0.02137  -0.17688  -0.07965
  29  C 6   py       0.00251  -0.02617   0.06594  -0.04024  -0.12600  -0.03848
  30  C 6   pz      -0.00000  -0.00000  -0.00000  -0.00000   0.00000  -0.00000
  31  H 1   s        0.01794  -0.08554   0.02575  -0.05141   0.13397  -0.03624
  32  H 2   s        0.00729  -0.07762  -0.04502   0.12135  -0.03919   0.05171
  33  H 3   s        0.01794   0.08554  -0.02575  -0.05141   0.13397   0.03624
  34  H 4   s        0.00729   0.07762   0.04502   0.12135  -0.03919  -0.05171
  35  C 7   s        0.12460  -0.00288  -0.06917   0.04470   0.01339   0.09761
  36  C 7   s       -0.32940   0.00927   0.18398  -0.13768  -0.04447  -0.30453
  37  C 7   px       0.05377   0.01689  -0.11871  -0.09933  -0.11605  -0.05662
  38  C 7   py      -0.06449  -0.02067   0.05304   0.08681  -0.00947   0.12534
  39  C 7   pz       0.00000   0.00000   0.00000   0.00000   0.00000   0.00000
  40  C 8   s        0.11709   0.01083  -0.10984  -0.06232  -0.06239  -0.08668
  41  C 8   s       -0.30435  -0.02779   0.29411   0.17858   0.18394   0.26755
  42  C 8   px      -0.06597  -0.00671   0.03477  -0.01190  -0.04704  -0.07485
  43  C 8   py       0.05919  -0.00225  -0.04880   0.03344  -0.00898   0.12587
  44  C 8   pz      -0.00000   0.00000   0.00000   0.00000   0.00000   0.00000
  45  H 5   s       -0.06872   0.00951   0.04258  -0.07274   0.00700  -0.16181
  46  H 6   s       -0.06240  -0.00536   0.07344   0.05985   0.08184   0.11876
  47  H 7   s       -0.06814  -0.01181   0.06789   0.08124   0.04784   0.16024
  48  C 9   s        0.12460   0.00288   0.06917   0.04470   0.01339  -0.09761
  49  C 9   s       -0.32940  -0.00927  -0.18398  -0.13768  -0.04447   0.30453
  50  C 9   px      -0.05377   0.01689  -0.11871   0.09933   0.11605  -0.05662
  51  C 9   py       0.06449  -0.02067   0.05304  -0.08681   0.00947   0.12534
  52  C 9   pz       0.00000  -0.00000  -0.00000   0.00000  -0.00000  -0.00000
  53  C 10  s        0.11709  -0.01083   0.10984  -0.06232  -0.06239   0.08668
  54  C 10  s       -0.30435   0.02779  -0.29411   0.17858   0.18394  -0.26755
  55  C 10  px       0.06597  -0.00671   0.03477   0.01190   0.04704  -0.07485
  56  C 10  py      -0.05919  -0.00225  -0.04880  -0.03344   0.00898   0.12587
  57  C 10  pz       0.00000   0.00000  -0.00000  -0.00000   0.00000  -0.00000
  58  H 8   s       -0.06872  -0.00951  -0.04258  -0.07274   0.00700   0.16181
  59  H 9   s       -0.06240   0.00536  -0.07344   0.05985   0.08184  -0.11876
  60  H 10  s       -0.06814   0.01181  -0.06789   0.08124   0.04784  -0.16024
                        19        20        21        22        23        24
                       10Ag      11Ag      10Bu      11Bu      12Bu      12Ag  
 eigenvalues:         -0.704    -0.654    -0.635    -0.601    -0.597    -0.587
   1  C 1   s        0.04302  -0.03569  -0.00838  -0.05286   0.04836   0.01545
   2  C 1   s       -0.12467   0.11880   0.03146   0.17876  -0.16980  -0.05149
   3  C 1   px       0.16540   0.11217   0.14377  -0.13859  -0.06968  -0.00085
   4  C 1   py      -0.00372   0.06564  -0.19222  -0.13998  -0.18785  -0.00807
   5  C 1   pz      -0.00000  -0.00000   0.00000   0.00000  -0.00000   0.00000
   6  C 2   s       -0.01625  -0.01687   0.01080   0.02945  -0.04363  -0.02443
   7  C 2   s        0.05774   0.06404  -0.03552  -0.10370   0.15282   0.08283
   8  C 2   px      -0.07915   0.15392  -0.23227  -0.05273  -0.06366  -0.05696
   9  C 2   py       0.19228   0.12219   0.04076  -0.10204   0.23292   0.00162
  10  C 2   pz      -0.00000  -0.00000   0.00000  -0.00000  -0.00000   0.00000
  11  C 3   s       -0.05120   0.01932  -0.03091  -0.01721   0.05396   0.02137
  12  C 3   s        0.16608  -0.05302   0.10113   0.06676  -0.18431  -0.07837
  13  C 3   px      -0.04774  -0.14698   0.16159  -0.10397   0.12910   0.11443
  14  C 3   py       0.19922   0.07203   0.12117   0.29348   0.05441  -0.02481
  15  C 3   pz      -0.00000   0.00000   0.00000   0.00000   0.00000   0.00000
  16  C 4   s        0.04302  -0.03569   0.00838   0.05286  -0.04836   0.01545
  17  C 4   s       -0.12467   0.11880  -0.03146  -0.17876   0.16980  -0.05149
  18  C 4   px      -0.16540  -0.11217   0.14377  -0.13859  -0.06968   0.00085
  19  C 4   py       0.00372  -0.06564  -0.19222  -0.13998  -0.18785   0.00807
  20  C 4   pz       0.00000   0.00000   0.00000   0.00000   0.00000   0.00000
  21  C 5   s       -0.01625  -0.01687  -0.01080  -0.02945   0.04363  -0.02443
  22  C 5   s        0.05774   0.06404   0.03552   0.10370  -0.15282   0.08283
  23  C 5   px       0.07915  -0.15392  -0.23227  -0.05273  -0.06366   0.05696
  24  C 5   py      -0.19228  -0.12219   0.04076  -0.10204   0.23292  -0.00162
  25  C 5   pz       0.00000   0.00000   0.00000   0.00000   0.00000   0.00000
  26  C 6   s       -0.05120   0.01932   0.03091   0.01721  -0.05396   0.02137
  27  C 6   s        0.16608  -0.05302  -0.10113  -0.06676   0.18431  -0.07837
  28  C 6   px       0.04774   0.14698   0.16159  -0.10397   0.12910  -0.11443
  29  C 6   py      -0.19922  -0.07203   0.12117   0.29348   0.05441   0.02481
  30  C 6   pz      -0.00000  -0.00000  -0.00000   0.00000  -0.00000   0.00000
  31  H 1   s        0.10675   0.11786  -0.04142  -0.12683   0.21516   0.01816
  32  H 2   s        0.15430   0.08708   0.02512   0.25950  -0.09939  -0.09668
  33  H 3   s        0.10675   0.11786   0.04142   0.12683  -0.21516   0.01816
  34  H 4   s        0.15430   0.08708  -0.02512  -0.25950   0.09939  -0.09668
  35  C 7   s       -0.05690   0.05315   0.01472  -0.00757   0.00615  -0.01857
  36  C 7   s        0.17677  -0.16837  -0.04307   0.02646  -0.01112   0.04625
  37  C 7   px       0.03660   0.17612  -0.07734   0.08961   0.20094  -0.05583
  38  C 7   py      -0.06843   0.10606  -0.19857  -0.01064   0.03538   0.29594
  39  C 7   pz      -0.00000   0.00000   0.00000   0.00000   0.00000   0.00000
  40  C 8   s        0.06059  -0.02415  -0.02064   0.01111  -0.01026   0.00078
  41  C 8   s       -0.18941   0.08740   0.07543  -0.03297   0.04456  -0.02152
  42  C 8   px       0.07351  -0.00071  -0.20624   0.10135   0.01226   0.33396
  43  C 8   py      -0.06452   0.21828  -0.03162   0.14037   0.19373  -0.05723
  44  C 8   pz       0.00000   0.00000   0.00000   0.00000   0.00000   0.00000
  45  H 5   s        0.09871  -0.14727   0.11996   0.01512  -0.07133  -0.17661
  46  H 6   s       -0.09891   0.00886   0.15905  -0.10242  -0.01728  -0.23360
  47  H 7   s       -0.08559   0.17807  -0.02099   0.12821   0.14306  -0.00931
  48  C 9   s       -0.05690   0.05315  -0.01472   0.00757  -0.00615  -0.01857
  49  C 9   s        0.17677  -0.16837   0.04307  -0.02646   0.01112   0.04625
  50  C 9   px      -0.03660  -0.17612  -0.07734   0.08961   0.20094   0.05583
  51  C 9   py       0.06843  -0.10606  -0.19857  -0.01064   0.03538  -0.29594
  52  C 9   pz      -0.00000  -0.00000   0.00000  -0.00000  -0.00000   0.00000
  53  C 10  s        0.06059  -0.02415   0.02064  -0.01111   0.01026   0.00078
  54  C 10  s       -0.18941   0.08740  -0.07543   0.03297  -0.04456  -0.02152
  55  C 10  px      -0.07351   0.00071  -0.20624   0.10135   0.01226  -0.33396
  56  C 10  py       0.06452  -0.21828  -0.03162   0.14037   0.19373   0.05723
  57  C 10  pz      -0.00000   0.00000   0.00000  -0.00000   0.00000   0.00000
  58  H 8   s        0.09871  -0.14727  -0.11996  -0.01512   0.07133  -0.17661
  59  H 9   s       -0.09891   0.00886  -0.15905   0.10242   0.01728  -0.23360
  60  H 10  s       -0.08559   0.17807   0.02099  -0.12821  -0.14306  -0.00931
                        25        26        27        28        29        30
                       13Bu      14Bu      13Ag       1Au      15Bu      14Ag  
 eigenvalues:         -0.572    -0.556    -0.538    -0.525    -0.496    -0.495
   1  C 1   s        0.00059  -0.00705   0.02461   0.00000  -0.01523  -0.00111
   2  C 1   s       -0.00507   0.02691  -0.08689  -0.00000   0.06660  -0.00274
   3  C 1   px      -0.14178   0.12449   0.01287   0.00000   0.24930  -0.17765
   4  C 1   py       0.05503  -0.12955   0.10306  -0.00000   0.07320   0.25476
   5  C 1   pz      -0.00000   0.00000  -0.00000   0.33428  -0.00000   0.00000
   6  C 2   s       -0.02577   0.01251   0.00480  -0.00000   0.00727  -0.00119
   7  C 2   s        0.07972  -0.04662  -0.02724   0.00000  -0.02348  -0.00325
   8  C 2   px      -0.11798  -0.22315  -0.15035  -0.00000   0.00967   0.19572
   9  C 2   py      -0.31345  -0.00320  -0.15548   0.00000   0.05506  -0.23173
  10  C 2   pz      -0.00000   0.00000  -0.00000   0.30254  -0.00000   0.00000
  11  C 3   s       -0.00614  -0.01063  -0.00188  -0.00000  -0.01103   0.00297
  12  C 3   s        0.01511   0.03336   0.00451   0.00000   0.03692   0.00146
  13  C 3   px       0.21038   0.20339   0.16415   0.00000   0.03662  -0.17132
  14  C 3   py      -0.15641   0.05196   0.07868  -0.00000  -0.12598   0.22335
  15  C 3   pz      -0.00000   0.00000  -0.00000   0.30348   0.00000   0.00000
  16  C 4   s       -0.00059   0.00705   0.02461  -0.00000   0.01523  -0.00111
  17  C 4   s        0.00507  -0.02691  -0.08689   0.00000  -0.06660  -0.00274
  18  C 4   px      -0.14178   0.12449  -0.01287  -0.00000   0.24930   0.17765
  19  C 4   py       0.05503  -0.12955  -0.10306   0.00000   0.07320  -0.25476
  20  C 4   pz      -0.00000   0.00000   0.00000   0.33428   0.00000   0.00000
  21  C 5   s        0.02577  -0.01251   0.00480   0.00000  -0.00727  -0.00119
  22  C 5   s       -0.07972   0.04662  -0.02724  -0.00000   0.02348  -0.00325
  23  C 5   px      -0.11798  -0.22315   0.15035   0.00000   0.00967  -0.19572
  24  C 5   py      -0.31345  -0.00320   0.15548  -0.00000   0.05506   0.23173
  25  C 5   pz      -0.00000   0.00000   0.00000   0.30254   0.00000   0.00000
  26  C 6   s        0.00614   0.01063  -0.00188  -0.00000   0.01103   0.00297
  27  C 6   s       -0.01511  -0.03336   0.00451   0.00000  -0.03692   0.00146
  28  C 6   px       0.21038   0.20339  -0.16415  -0.00000   0.03662   0.17132
  29  C 6   py      -0.15641   0.05196  -0.07868   0.00000  -0.12598  -0.22335
  30  C 6   pz      -0.00000   0.00000  -0.00000   0.30348  -0.00000   0.00000
  31  H 1   s       -0.22190  -0.07176  -0.16744   0.00000   0.02474  -0.15993
  32  H 2   s       -0.18686  -0.06101   0.00097  -0.00000  -0.05009   0.28557
  33  H 3   s        0.22190   0.07176  -0.16744   0.00000  -0.02474  -0.15993
  34  H 4   s        0.18686   0.06101   0.00097  -0.00000   0.05009   0.28557
  35  C 7   s        0.00487  -0.00043  -0.02352  -0.00000  -0.00381   0.00952
  36  C 7   s       -0.00837  -0.01890   0.09512   0.00000   0.01278  -0.04661
  37  C 7   px       0.14478  -0.14562   0.10273   0.00000  -0.17477  -0.14932
  38  C 7   py      -0.02300   0.25721  -0.16252  -0.00000  -0.19094   0.03758
  39  C 7   pz       0.00000   0.00000   0.00000   0.15897   0.00000   0.00000
  40  C 8   s       -0.00586  -0.01449   0.00877   0.00000   0.00200  -0.00415
  41  C 8   s        0.02971   0.03117  -0.02032  -0.00000  -0.00811   0.00659
  42  C 8   px      -0.03734   0.24637   0.10995  -0.00000   0.20012   0.08375
  43  C 8   py       0.14922  -0.14289   0.28728   0.00000   0.19875  -0.10389
  44  C 8   pz       0.00000   0.00000   0.00000   0.07765   0.00000   0.00000
  45  H 5   s       -0.00216  -0.17416   0.15488   0.00000   0.22972  -0.03278
  46  H 6   s        0.01776  -0.15070  -0.15057   0.00000  -0.23142  -0.05469
  47  H 7   s        0.09648  -0.06773   0.25196   0.00000   0.23511  -0.02932
  48  C 9   s       -0.00487   0.00043  -0.02352  -0.00000   0.00381   0.00952
  49  C 9   s        0.00837   0.01890   0.09512   0.00000  -0.01278  -0.04661
  50  C 9   px       0.14478  -0.14562  -0.10273  -0.00000  -0.17477   0.14932
  51  C 9   py      -0.02300   0.25721   0.16252  -0.00000  -0.19094  -0.03758
  52  C 9   pz      -0.00000   0.00000  -0.00000   0.15897  -0.00000   0.00000
  53  C 10  s        0.00586   0.01449   0.00877   0.00000  -0.00200  -0.00415
  54  C 10  s       -0.02971  -0.03117  -0.02032   0.00000   0.00811   0.00659
  55  C 10  px      -0.03734   0.24637  -0.10995   0.00000   0.20012  -0.08375
  56  C 10  py       0.14922  -0.14289  -0.28728  -0.00000   0.19875   0.10389
  57  C 10  pz      -0.00000   0.00000   0.00000   0.07765  -0.00000   0.00000
  58  H 8   s        0.00216   0.17416   0.15488  -0.00000  -0.22972  -0.03278
  59  H 9   s       -0.01776   0.15070  -0.15057   0.00000   0.23142  -0.05469
  60  H 10  s       -0.09648   0.06773   0.25196   0.00000  -0.23511  -0.02932
                        31        32        33        34        35        36
                       15Ag       1Bg       2Bg       2Au       3Bg       3Au  
 eigenvalues:         -0.478    -0.451    -0.396    -0.393    -0.310    -0.139
   1  C 1   s        0.01375   0.00000  -0.00000   0.00000   0.00000  -0.00000
   2  C 1   s       -0.06754  -0.00000   0.00000  -0.00000   0.00000   0.00000
   3  C 1   px      -0.22979  -0.00000   0.00000   0.00000  -0.00000  -0.00000
   4  C 1   py      -0.16724  -0.00000  -0.00000  -0.00000   0.00000   0.00000
   5  C 1   pz      -0.00000   0.35798   0.01487  -0.00681   0.37811   0.47162
   6  C 2   s        0.00282   0.00000   0.00000   0.00000   0.00000  -0.00000
   7  C 2   s       -0.00388  -0.00000  -0.00000  -0.00000  -0.00000   0.00000
   8  C 2   px       0.17964   0.00000   0.00000   0.00000  -0.00000  -0.00000
   9  C 2   py       0.12008   0.00000   0.00000   0.00000   0.00000   0.00000
  10  C 2   pz      -0.00000   0.13205   0.46732   0.17831   0.21194  -0.21069
  11  C 3   s        0.00177  -0.00000  -0.00000  -0.00000   0.00000   0.00000
  12  C 3   s       -0.00794   0.00000   0.00000   0.00000  -0.00000  -0.00000
  13  C 3   px      -0.17630  -0.00000  -0.00000   0.00000  -0.00000   0.00000
  14  C 3   py      -0.18619  -0.00000  -0.00000  -0.00000  -0.00000  -0.00000
  15  C 3   pz       0.00000  -0.14390   0.45307   0.16960  -0.23830  -0.30124
  16  C 4   s        0.01375   0.00000   0.00000   0.00000   0.00000  -0.00000
  17  C 4   s       -0.06754  -0.00000  -0.00000  -0.00000   0.00000  -0.00000
  18  C 4   px       0.22979   0.00000   0.00000   0.00000  -0.00000   0.00000
  19  C 4   py       0.16724   0.00000  -0.00000  -0.00000  -0.00000   0.00000
  20  C 4   pz       0.00000  -0.35798  -0.01487  -0.00681  -0.37811   0.47162
  21  C 5   s        0.00282  -0.00000  -0.00000  -0.00000   0.00000   0.00000
  22  C 5   s       -0.00388   0.00000   0.00000   0.00000  -0.00000   0.00000
  23  C 5   px      -0.17964  -0.00000  -0.00000  -0.00000  -0.00000  -0.00000
  24  C 5   py      -0.12008   0.00000  -0.00000   0.00000  -0.00000   0.00000
  25  C 5   pz       0.00000  -0.13205  -0.46732   0.17831  -0.21194  -0.21069
  26  C 6   s        0.00177   0.00000   0.00000   0.00000   0.00000   0.00000
  27  C 6   s       -0.00794  -0.00000  -0.00000  -0.00000  -0.00000  -0.00000
  28  C 6   px       0.17630   0.00000  -0.00000   0.00000  -0.00000  -0.00000
  29  C 6   py       0.18619   0.00000  -0.00000  -0.00000   0.00000  -0.00000
  30  C 6   pz      -0.00000   0.14390  -0.45307   0.16960   0.23830  -0.30124
  31  H 1   s        0.19132   0.00000   0.00000   0.00000   0.00000  -0.00000
  32  H 2   s        0.00541   0.00000  -0.00000  -0.00000  -0.00000   0.00000
  33  H 3   s        0.19132   0.00000   0.00000   0.00000   0.00000  -0.00000
  34  H 4   s        0.00541   0.00000   0.00000   0.00000   0.00000   0.00000
  35  C 7   s        0.01359   0.00000   0.00000   0.00000   0.00000   0.00000
  36  C 7   s       -0.05714  -0.00000  -0.00000   0.00000  -0.00000  -0.00000
  37  C 7   px      -0.23424  -0.00000  -0.00000  -0.00000   0.00000   0.00000
  38  C 7   py      -0.14637  -0.00000  -0.00000  -0.00000   0.00000   0.00000
  39  C 7   pz       0.00000  -0.38146  -0.00166  -0.44738   0.26424   0.21418
  40  C 8   s        0.00041   0.00000   0.00000   0.00000  -0.00000  -0.00000
  41  C 8   s       -0.00579  -0.00000  -0.00000  -0.00000   0.00000  -0.00000
  42  C 8   px       0.14647   0.00000   0.00000   0.00000  -0.00000   0.00000
  43  C 8   py       0.09152   0.00000   0.00000   0.00000   0.00000  -0.00000
  44  C 8   pz       0.00000  -0.24707   0.00979  -0.38407   0.37269  -0.45081
  45  H 5   s        0.18972   0.00000   0.00000   0.00000   0.00000   0.00000
  46  H 6   s       -0.16831  -0.00000  -0.00000  -0.00000  -0.00000   0.00000
  47  H 7   s        0.14635   0.00000   0.00000   0.00000  -0.00000   0.00000
  48  C 9   s        0.01359   0.00000   0.00000   0.00000   0.00000  -0.00000
  49  C 9   s       -0.05714  -0.00000  -0.00000  -0.00000  -0.00000   0.00000
  50  C 9   px       0.23424   0.00000   0.00000   0.00000   0.00000   0.00000
  51  C 9   py       0.14637   0.00000  -0.00000  -0.00000  -0.00000  -0.00000
  52  C 9   pz      -0.00000   0.38146   0.00166  -0.44738  -0.26424   0.21418
  53  C 10  s        0.00041   0.00000   0.00000   0.00000   0.00000   0.00000
  54  C 10  s       -0.00579  -0.00000  -0.00000  -0.00000  -0.00000  -0.00000
  55  C 10  px      -0.14647  -0.00000   0.00000   0.00000  -0.00000   0.00000
  56  C 10  py      -0.09152   0.00000   0.00000  -0.00000  -0.00000  -0.00000
  57  C 10  pz      -0.00000   0.24707  -0.00979  -0.38407  -0.37269  -0.45081
  58  H 8   s        0.18972   0.00000   0.00000   0.00000   0.00000   0.00000
  59  H 9   s       -0.16831  -0.00000  -0.00000  -0.00000   0.00000   0.00000
  60  H 10  s        0.14635  -0.00000  -0.00000  -0.00000   0.00000   0.00000
                        37        38        39
                        4Au       4Bg       5Au  
 eigenvalues:         -0.105    -0.069    -0.010
   1  C 1   s       -0.00000  -0.00000  -0.00000
   2  C 1   s        0.00000   0.00000   0.00000
   3  C 1   px       0.00000  -0.00000  -0.00000
   4  C 1   py      -0.00000  -0.00000  -0.00000
   5  C 1   pz      -0.05101   0.03815  -0.47261
   6  C 2   s        0.00000   0.00000  -0.00000
   7  C 2   s       -0.00000  -0.00000   0.00000
   8  C 2   px       0.00000  -0.00000  -0.00000
   9  C 2   py       0.00000  -0.00000   0.00000
  10  C 2   pz       0.59250  -0.22441   0.16214
  11  C 3   s       -0.00000   0.00000   0.00000
  12  C 3   s        0.00000  -0.00000  -0.00000
  13  C 3   px      -0.00000  -0.00000  -0.00000
  14  C 3   py      -0.00000   0.00000   0.00000
  15  C 3   pz      -0.54340   0.21617   0.19550
  16  C 4   s        0.00000   0.00000   0.00000
  17  C 4   s       -0.00000   0.00000  -0.00000
  18  C 4   px       0.00000   0.00000   0.00000
  19  C 4   py      -0.00000   0.00000  -0.00000
  20  C 4   pz      -0.05101  -0.03815  -0.47261
  21  C 5   s       -0.00000   0.00000  -0.00000
  22  C 5   s        0.00000  -0.00000  -0.00000
  23  C 5   px      -0.00000   0.00000  -0.00000
  24  C 5   py       0.00000   0.00000   0.00000
  25  C 5   pz       0.59250   0.22441   0.16214
  26  C 6   s        0.00000   0.00000   0.00000
  27  C 6   s       -0.00000  -0.00000  -0.00000
  28  C 6   px      -0.00000  -0.00000  -0.00000
  29  C 6   py      -0.00000  -0.00000  -0.00000
  30  C 6   pz      -0.54340  -0.21617   0.19550
  31  H 1   s        0.00000   0.00000   0.00000
  32  H 2   s       -0.00000   0.00000   0.00000
  33  H 3   s        0.00000   0.00000   0.00000
  34  H 4   s        0.00000   0.00000   0.00000
  35  C 7   s       -0.00000   0.00000   0.00000
  36  C 7   s        0.00000  -0.00000  -0.00000
  37  C 7   px       0.00000   0.00000   0.00000
  38  C 7   py       0.00000  -0.00000   0.00000
  39  C 7   pz       0.00101  -0.50799   0.52458
  40  C 8   s        0.00000  -0.00000  -0.00000
  41  C 8   s       -0.00000   0.00000   0.00000
  42  C 8   px       0.00000  -0.00000  -0.00000
  43  C 8   py       0.00000   0.00000  -0.00000
  44  C 8   pz       0.03027   0.55420  -0.41715
  45  H 5   s        0.00000   0.00000   0.00000
  46  H 6   s       -0.00000  -0.00000  -0.00000
  47  H 7   s        0.00000  -0.00000  -0.00000
  48  C 9   s        0.00000   0.00000  -0.00000
  49  C 9   s       -0.00000   0.00000   0.00000
  50  C 9   px       0.00000  -0.00000  -0.00000
  51  C 9   py      -0.00000   0.00000  -0.00000
  52  C 9   pz       0.00101   0.50799   0.52458
  53  C 10  s        0.00000   0.00000   0.00000
  54  C 10  s       -0.00000  -0.00000  -0.00000
  55  C 10  px       0.00000  -0.00000   0.00000
  56  C 10  py       0.00000  -0.00000  -0.00000
  57  C 10  pz       0.03027  -0.55420  -0.41715
  58  H 8   s        0.00000   0.00000   0.00000
  59  H 9   s        0.00000   0.00000   0.00000
  60  H 10  s       -0.00000   0.00000   0.00000
 
          Ground-State Mulliken Net Atomic Charges

     Atom                 Charge (a.u.)    Spin (a.u.)
  --------------------------------------------------------
      1 C                     0.056218       0.213687
      2 C                    -0.042114       0.013499
      3 C                    -0.039565       0.039034
      4 C                     0.056218       0.213687
      5 C                    -0.042114       0.013499
      6 C                    -0.039565       0.039034
      7 H                     0.129132      -0.001026
      8 H                     0.123357      -0.002059
      9 H                     0.129132      -0.001026
     10 H                     0.123357      -0.002059
     11 C                    -0.036148      -0.031327
     12 C                    -0.081732       0.293424
     13 H                     0.127815       0.000919
     14 H                     0.141392      -0.013290
     15 H                     0.121644      -0.012862
     16 C                    -0.036148      -0.031327
     17 C                    -0.081732       0.293424
     18 H                     0.127815       0.000919
     19 H                     0.141392      -0.013290
     20 H                     0.121644      -0.012862
  --------------------------------------------------------
  Sum of atomic charges =     1.000000
  Sum of spin   charges =     1.000000

         Ground-State ChElPG Net Atomic Charges

     Atom                 Charge (a.u.)
  ----------------------------------------
      1 C                     0.294422
      2 C                    -0.165238
      3 C                    -0.080053
      4 C                     0.290179
      5 C                    -0.160706
      6 C                    -0.086832
      7 H                     0.133782
      8 H                     0.130394
      9 H                     0.132411
     10 H                     0.133237
     11 C                    -0.109106
     12 C                    -0.088144
     13 H                     0.131999
     14 H                     0.139684
     15 H                     0.115344
     16 C                    -0.110311
     17 C                    -0.086487
     18 H                     0.131745
     19 H                     0.139244
     20 H                     0.114436
  ----------------------------------------
  Sum of atomic charges =     1.000000

  Do orbital-by-orbital Lowdin population analysis
 
         Ground-State ChElPG Net Atomic Charges

     Atom                 Charge (a.u.)
  ----------------------------------------
      1 C                    14.656010
      2 C                     7.916486
      3 C                    -7.614870
      4 C                    10.719639
      5 C                    11.345824
      6 C                   -12.119224
      7 H                   -10.063035
      8 H                     4.175188
      9 H                   -10.936050
     10 H                     6.051107
     11 C                    21.791046
     12 C                    11.351338
     13 H                    -9.810057
     14 H                   -21.408376
     15 H                    -7.814651
     16 C                    19.888658
     17 C                    13.067243
     18 H                    -9.611408
     19 H                   -21.648556
     20 H                    -8.936311
  ----------------------------------------
  Sum of atomic charges =     1.000000


              Partial Lowdin       Populations for Occupied Alpha Orbitals

                         1         2         3         4         5         6
                        1Bu       1Ag       2Bu       2Ag       3Bu       3Ag  
   1    C 1   s     0.49921   0.49924   0.00010   0.00006   0.00005   0.00010
   2    C 1   p     0.00000   0.00000   0.00020   0.00024   0.00026   0.00017
   3    C 2   s     0.00007   0.00008   0.01065   0.01398   0.48868   0.48460
   4    C 2   p     0.00023   0.00021   0.00023   0.00020   0.00001   0.00000
   5    C 3   s     0.00008   0.00008   0.48869   0.48537   0.01064   0.01392
   6    C 3   p     0.00023   0.00021   0.00000   0.00001   0.00023   0.00019
   7    C 4   s     0.49921   0.49924   0.00010   0.00006   0.00005   0.00010
   8    C 4   p     0.00000   0.00000   0.00020   0.00024   0.00026   0.00017
   9    C 5   s     0.00007   0.00008   0.01065   0.01398   0.48868   0.48460
  10    C 5   p     0.00023   0.00021   0.00023   0.00020   0.00001   0.00000
  11    C 6   s     0.00008   0.00008   0.48869   0.48537   0.01064   0.01392
  12    C 6   p     0.00023   0.00021   0.00000   0.00001   0.00023   0.00019
  13    H 1   s     0.00000   0.00000   0.00000   0.00000   0.00012   0.00011
  14    H 2   s     0.00000   0.00000   0.00011   0.00011   0.00000   0.00000
  15    H 3   s     0.00000   0.00000   0.00000   0.00000   0.00012   0.00011
  16    H 4   s     0.00000   0.00000   0.00011   0.00011   0.00000   0.00000
  17    C 7   s     0.00011   0.00011   0.00000   0.00003   0.00001   0.00090
  18    C 7   p     0.00007   0.00007   0.00000   0.00000   0.00000   0.00000
  19    C 8   s     0.00000   0.00000   0.00001   0.00000   0.00000   0.00000
  20    C 8   p     0.00000   0.00000   0.00000   0.00000   0.00000   0.00000
  21    H 5   s     0.00000   0.00000   0.00000   0.00000   0.00000   0.00000
  22    H 6   s     0.00000   0.00000   0.00000   0.00000   0.00000   0.00000
  23    H 7   s     0.00000   0.00000   0.00000   0.00000   0.00000   0.00000
  24    C 9   s     0.00011   0.00011   0.00000   0.00003   0.00001   0.00090
  25    C 9   p     0.00007   0.00007   0.00000   0.00000   0.00000   0.00000
  26    C 10  s     0.00000   0.00000   0.00001   0.00000   0.00000   0.00000
  27    C 10  p     0.00000   0.00000   0.00000   0.00000   0.00000   0.00000
  28    H 8   s     0.00000   0.00000   0.00000   0.00000   0.00000   0.00000
  29    H 9   s     0.00000   0.00000   0.00000   0.00000   0.00000   0.00000
  30    H 10  s     0.00000   0.00000   0.00000   0.00000   0.00000   0.00000
                         7         8         9        10        11        12
                        4Ag       4Bu       5Ag       5Bu       6Ag       6Bu  
   1    C 1   s     0.00012   0.00011   0.00000   0.00000   0.15265   0.13995
   2    C 1   p     0.00006   0.00007   0.00000   0.00000   0.01260   0.00348
   3    C 2   s     0.00082   0.00001   0.00000   0.00000   0.11530   0.01663
   4    C 2   p     0.00000   0.00000   0.00000   0.00000   0.02045   0.02316
   5    C 3   s     0.00010   0.00000   0.00001   0.00001   0.11893   0.03156
   6    C 3   p     0.00000   0.00000   0.00000   0.00000   0.01999   0.02270
   7    C 4   s     0.00012   0.00011   0.00000   0.00000   0.15265   0.13995
   8    C 4   p     0.00006   0.00007   0.00000   0.00000   0.01260   0.00348
   9    C 5   s     0.00082   0.00001   0.00000   0.00000   0.11530   0.01663
  10    C 5   p     0.00000   0.00000   0.00000   0.00000   0.02045   0.02316
  11    C 6   s     0.00010   0.00000   0.00001   0.00001   0.11893   0.03156
  12    C 6   p     0.00000   0.00000   0.00000   0.00000   0.01999   0.02270
  13    H 1   s     0.00000   0.00000   0.00000   0.00000   0.00977   0.00277
  14    H 2   s     0.00000   0.00000   0.00000   0.00000   0.01073   0.00636
  15    H 3   s     0.00000   0.00000   0.00000   0.00000   0.00977   0.00277
  16    H 4   s     0.00000   0.00000   0.00000   0.00000   0.01073   0.00636
  17    C 7   s     0.49795   0.49886   0.00047   0.00047   0.02255   0.12682
  18    C 7   p     0.00000   0.00000   0.00036   0.00036   0.00535   0.00843
  19    C 8   s     0.00048   0.00047   0.49893   0.49893   0.00556   0.06837
  20    C 8   p     0.00035   0.00036   0.00000   0.00000   0.00225   0.01593
  21    H 5   s     0.00012   0.00012   0.00000   0.00000   0.00247   0.01599
  22    H 6   s     0.00000   0.00000   0.00012   0.00012   0.00040   0.00721
  23    H 7   s     0.00000   0.00000   0.00012   0.00012   0.00101   0.01065
  24    C 9   s     0.49795   0.49886   0.00047   0.00047   0.02255   0.12682
  25    C 9   p     0.00000   0.00000   0.00036   0.00036   0.00535   0.00843
  26    C 10  s     0.00048   0.00047   0.49893   0.49893   0.00556   0.06837
  27    C 10  p     0.00035   0.00036   0.00000   0.00000   0.00225   0.01593
  28    H 8   s     0.00012   0.00012   0.00000   0.00000   0.00247   0.01599
  29    H 9   s     0.00000   0.00000   0.00012   0.00012   0.00040   0.00721
  30    H 10  s     0.00000   0.00000   0.00012   0.00012   0.00101   0.01065
                        13        14        15        16        17        18
                        7Ag       7Bu       8Bu       8Ag       9Ag       9Bu  
   1    C 1   s     0.00063   0.00529   0.08541   0.03477   0.03680   0.00006
   2    C 1   p     0.03454   0.07014   0.01548   0.08353   0.08719   0.04966
   3    C 2   s     0.01606   0.19180   0.00971   0.00582   0.09859   0.01658
   4    C 2   p     0.00482   0.00759   0.03194   0.08690   0.01338   0.00035
   5    C 3   s     0.01015   0.13636   0.05779   0.07848   0.01013   0.00448
   6    C 3   p     0.00888   0.02085   0.01559   0.00786   0.10971   0.01511
   7    C 4   s     0.00063   0.00529   0.08541   0.03477   0.03680   0.00006
   8    C 4   p     0.03454   0.07014   0.01548   0.08353   0.08719   0.04966
   9    C 5   s     0.01606   0.19180   0.00971   0.00582   0.09859   0.01658
  10    C 5   p     0.00482   0.00759   0.03194   0.08690   0.01338   0.00035
  11    C 6   s     0.01015   0.13636   0.05779   0.07848   0.01013   0.00448
  12    C 6   p     0.00888   0.02085   0.01559   0.00786   0.10971   0.01511
  13    H 1   s     0.00137   0.03406   0.00160   0.00519   0.04887   0.00297
  14    H 2   s     0.00014   0.02579   0.00800   0.03896   0.00552   0.00581
  15    H 3   s     0.00137   0.03406   0.00160   0.00519   0.04887   0.00297
  16    H 4   s     0.00014   0.02579   0.00800   0.03896   0.00552   0.00581
  17    C 7   s     0.15330   0.00001   0.04213   0.02357   0.00192   0.08747
  18    C 7   p     0.02366   0.00387   0.05170   0.04736   0.02964   0.04220
  19    C 8   s     0.15785   0.00232   0.12462   0.03482   0.02986   0.06247
  20    C 8   p     0.02268   0.00019   0.00805   0.00554   0.00706   0.05843
  21    H 5   s     0.02109   0.00035   0.00667   0.01634   0.00019   0.06288
  22    H 6   s     0.02140   0.00031   0.02302   0.01160   0.01646   0.03397
  23    H 7   s     0.02344   0.00107   0.01828   0.01927   0.00468   0.05756
  24    C 9   s     0.15330   0.00001   0.04213   0.02357   0.00192   0.08747
  25    C 9   p     0.02366   0.00387   0.05170   0.04736   0.02964   0.04220
  26    C 10  s     0.15785   0.00232   0.12462   0.03482   0.02986   0.06247
  27    C 10  p     0.02268   0.00019   0.00805   0.00554   0.00706   0.05843
  28    H 8   s     0.02109   0.00035   0.00667   0.01634   0.00019   0.06288
  29    H 9   s     0.02140   0.00031   0.02302   0.01160   0.01646   0.03397
  30    H 10  s     0.02344   0.00107   0.01828   0.01927   0.00468   0.05756
                        19        20        21        22        23        24
                       10Ag      11Ag      10Bu      11Bu      12Bu      12Ag  
   1    C 1   s     0.01064   0.01026   0.00050   0.01448   0.02076   0.00176
   2    C 1   p     0.04827   0.03064   0.09149   0.06492   0.04852   0.00010
   3    C 2   s     0.00458   0.00389   0.00049   0.00526   0.01942   0.00415
   4    C 2   p     0.08783   0.06767   0.09290   0.01804   0.09524   0.00392
   5    C 3   s     0.02625   0.00112   0.00731   0.00235   0.02340   0.00445
   6    C 3   p     0.08674   0.04625   0.06858   0.14851   0.03229   0.02066
   7    C 4   s     0.01064   0.01026   0.00050   0.01448   0.02076   0.00176
   8    C 4   p     0.04827   0.03064   0.09149   0.06492   0.04852   0.00010
   9    C 5   s     0.00458   0.00389   0.00049   0.00526   0.01942   0.00415
  10    C 5   p     0.08783   0.06767   0.09290   0.01804   0.09524   0.00392
  11    C 6   s     0.02625   0.00112   0.00731   0.00235   0.02340   0.00445
  12    C 6   p     0.08674   0.04625   0.06858   0.14851   0.03229   0.02066
  13    H 1   s     0.02616   0.02681   0.00226   0.01905   0.08215   0.00044
  14    H 2   s     0.04998   0.01589   0.00107   0.09565   0.02545   0.01375
  15    H 3   s     0.02616   0.02681   0.00226   0.01905   0.08215   0.00044
  16    H 4   s     0.04998   0.01589   0.00107   0.09565   0.02545   0.01375
  17    C 7   s     0.02886   0.02077   0.00079   0.00038   0.00003   0.00059
  18    C 7   p     0.01298   0.07861   0.07837   0.01911   0.06235   0.13115
  19    C 8   s     0.03047   0.00572   0.00460   0.00045   0.00184   0.00075
  20    C 8   p     0.02591   0.09454   0.07986   0.06229   0.05429   0.18141
  21    H 5   s     0.02357   0.03916   0.02556   0.00009   0.00826   0.04867
  22    H 6   s     0.02187   0.00019   0.04550   0.01679   0.00010   0.08807
  23    H 7   s     0.01589   0.05848   0.00072   0.03263   0.02591   0.00012
  24    C 9   s     0.02886   0.02077   0.00079   0.00038   0.00003   0.00059
  25    C 9   p     0.01298   0.07861   0.07837   0.01911   0.06235   0.13115
  26    C 10  s     0.03047   0.00572   0.00460   0.00045   0.00184   0.00075
  27    C 10  p     0.02591   0.09454   0.07986   0.06229   0.05429   0.18141
  28    H 8   s     0.02357   0.03916   0.02556   0.00009   0.00826   0.04867
  29    H 9   s     0.02187   0.00019   0.04550   0.01679   0.00010   0.08807
  30    H 10  s     0.01589   0.05848   0.00072   0.03263   0.02591   0.00012
                        25        26        27        28        29        30
                       13Bu      14Bu       1Au      13Ag      15Bu      14Ag  
   1    C 1   s     0.00005   0.00047   0.00000   0.00432   0.00292   0.00001
   2    C 1   p     0.03598   0.03867   0.18940   0.01276   0.08145   0.10720
   3    C 2   s     0.00300   0.00104   0.00000   0.00096   0.00019   0.00013
   4    C 2   p     0.15768   0.07368   0.13055   0.06308   0.00367   0.10786
   5    C 3   s     0.00004   0.00060   0.00000   0.00000   0.00050   0.00016
   6    C 3   p     0.09485   0.06717   0.13422   0.04121   0.01991   0.09974
   7    C 4   s     0.00005   0.00047   0.00000   0.00432   0.00292   0.00001
   8    C 4   p     0.03598   0.03867   0.18940   0.01276   0.08145   0.10720
   9    C 5   s     0.00300   0.00104   0.00000   0.00096   0.00019   0.00013
  10    C 5   p     0.15768   0.07368   0.13055   0.06308   0.00367   0.10786
  11    C 6   s     0.00004   0.00060   0.00000   0.00000   0.00050   0.00016
  12    C 6   p     0.09485   0.06717   0.13422   0.04121   0.01991   0.09974
  13    H 1   s     0.07006   0.01068   0.00000   0.03857   0.00071   0.03341
  14    H 2   s     0.04815   0.00810   0.00000   0.00001   0.00254   0.09756
  15    H 3   s     0.07006   0.01068   0.00000   0.03857   0.00071   0.03341
  16    H 4   s     0.04815   0.00810   0.00000   0.00001   0.00254   0.09756
  17    C 7   s     0.00001   0.00076   0.00000   0.00687   0.00024   0.00149
  18    C 7   p     0.03421   0.11054   0.03508   0.05095   0.08906   0.02606
  19    C 8   s     0.00074   0.00027   0.00000   0.00010   0.00004   0.00000
  20    C 8   p     0.04036   0.10631   0.01075   0.13567   0.10654   0.02036
  21    H 5   s     0.00034   0.04319   0.00000   0.03546   0.06659   0.00191
  22    H 6   s     0.00160   0.03324   0.00000   0.02883   0.06277   0.00301
  23    H 7   s     0.01295   0.00529   0.00000   0.08121   0.06289   0.00109
  24    C 9   s     0.00001   0.00076   0.00000   0.00687   0.00024   0.00149
  25    C 9   p     0.03421   0.11054   0.03508   0.05095   0.08906   0.02606
  26    C 10  s     0.00074   0.00027   0.00000   0.00010   0.00004   0.00000
  27    C 10  p     0.04036   0.10631   0.01075   0.13567   0.10654   0.02036
  28    H 8   s     0.00034   0.04319   0.00000   0.03546   0.06659   0.00191
  29    H 9   s     0.00160   0.03324   0.00000   0.02883   0.06277   0.00301
  30    H 10  s     0.01295   0.00529   0.00000   0.08121   0.06289   0.00109
                        31        32        33        34        35
                       15Ag       1Bg       2Au       2Bg       3Bg  
   1    C 1   s     0.00307   0.00000   0.00000   0.00000   0.00000
   2    C 1   p     0.09206   0.18960   0.00070   0.00026   0.14871
   3    C 2   s     0.00000   0.00000   0.00000   0.00000   0.00000
   4    C 2   p     0.05687   0.02503   0.02944   0.25382   0.04158
   5    C 3   s     0.00010   0.00000   0.00000   0.00000   0.00000
   6    C 3   p     0.07295   0.03212   0.02793   0.24583   0.04788
   7    C 4   s     0.00307   0.00000   0.00000   0.00000   0.00000
   8    C 4   p     0.09206   0.18960   0.00070   0.00026   0.14871
   9    C 5   s     0.00000   0.00000   0.00000   0.00000   0.00000
  10    C 5   p     0.05687   0.02503   0.02944   0.25382   0.04158
  11    C 6   s     0.00010   0.00000   0.00000   0.00000   0.00000
  12    C 6   p     0.07295   0.03212   0.02793   0.24583   0.04788
  13    H 1   s     0.04158   0.00000   0.00000   0.00000   0.00000
  14    H 2   s     0.00026   0.00000   0.00000   0.00000   0.00000
  15    H 3   s     0.04158   0.00000   0.00000   0.00000   0.00000
  16    H 4   s     0.00026   0.00000   0.00000   0.00000   0.00000
  17    C 7   s     0.00180   0.00000   0.00000   0.00000   0.00000
  18    C 7   p     0.09751   0.15890   0.19982   0.00007   0.06850
  19    C 8   s     0.00005   0.00000   0.00000   0.00000   0.00000
  20    C 8   p     0.03752   0.09435   0.24211   0.00002   0.19333
  21    H 5   s     0.04132   0.00000   0.00000   0.00000   0.00000
  22    H 6   s     0.03219   0.00000   0.00000   0.00000   0.00000
  23    H 7   s     0.02274   0.00000   0.00000   0.00000   0.00000
  24    C 9   s     0.00180   0.00000   0.00000   0.00000   0.00000
  25    C 9   p     0.09751   0.15890   0.19982   0.00007   0.06850
  26    C 10  s     0.00005   0.00000   0.00000   0.00000   0.00000
  27    C 10  p     0.03752   0.09435   0.24211   0.00002   0.19333
  28    H 8   s     0.04132   0.00000   0.00000   0.00000   0.00000
  29    H 9   s     0.03219   0.00000   0.00000   0.00000   0.00000
  30    H 10  s     0.02274   0.00000   0.00000   0.00000   0.00000
 

              Partial Lowdin        Populations for Occupied Beta Orbitals

                         1         2         3         4         5         6
                        1Bu       1Ag       2Bu       2Ag       3Bu       3Ag  
   1    C 1   s     0.49917   0.49920   0.00012   0.00006   0.00005   0.00002
   2    C 1   p     0.00000   0.00000   0.00019   0.00025   0.00027   0.00015
   3    C 2   s     0.00008   0.00009   0.01439   0.01902   0.48366   0.12865
   4    C 2   p     0.00023   0.00021   0.00022   0.00019   0.00001   0.00000
   5    C 3   s     0.00009   0.00010   0.48495   0.48030   0.01437   0.00421
   6    C 3   p     0.00023   0.00021   0.00001   0.00001   0.00023   0.00005
   7    C 4   s     0.49917   0.49920   0.00012   0.00006   0.00005   0.00002
   8    C 4   p     0.00000   0.00000   0.00019   0.00025   0.00027   0.00015
   9    C 5   s     0.00008   0.00009   0.01439   0.01902   0.48366   0.12865
  10    C 5   p     0.00023   0.00021   0.00022   0.00019   0.00001   0.00000
  11    C 6   s     0.00009   0.00010   0.48495   0.48030   0.01437   0.00421
  12    C 6   p     0.00023   0.00021   0.00001   0.00001   0.00023   0.00005
  13    H 1   s     0.00000   0.00000   0.00000   0.00000   0.00012   0.00003
  14    H 2   s     0.00000   0.00000   0.00011   0.00011   0.00000   0.00000
  15    H 3   s     0.00000   0.00000   0.00000   0.00000   0.00012   0.00003
  16    H 4   s     0.00000   0.00000   0.00011   0.00011   0.00000   0.00000
  17    C 7   s     0.00013   0.00013   0.00001   0.00006   0.00129   0.36642
  18    C 7   p     0.00007   0.00007   0.00000   0.00000   0.00000   0.00000
  19    C 8   s     0.00000   0.00000   0.00000   0.00000   0.00000   0.00011
  20    C 8   p     0.00000   0.00000   0.00000   0.00000   0.00000   0.00026
  21    H 5   s     0.00000   0.00000   0.00000   0.00000   0.00000   0.00009
  22    H 6   s     0.00000   0.00000   0.00000   0.00000   0.00000   0.00000
  23    H 7   s     0.00000   0.00000   0.00000   0.00000   0.00000   0.00000
  24    C 9   s     0.00013   0.00013   0.00001   0.00006   0.00129   0.36642
  25    C 9   p     0.00007   0.00007   0.00000   0.00000   0.00000   0.00000
  26    C 10  s     0.00000   0.00000   0.00000   0.00000   0.00000   0.00011
  27    C 10  p     0.00000   0.00000   0.00000   0.00000   0.00000   0.00026
  28    H 8   s     0.00000   0.00000   0.00000   0.00000   0.00000   0.00009
  29    H 9   s     0.00000   0.00000   0.00000   0.00000   0.00000   0.00000
  30    H 10  s     0.00000   0.00000   0.00000   0.00000   0.00000   0.00000
                         7         8         9        10        11        12
                        4Bu       4Ag       5Ag       5Bu       6Ag       6Bu  
   1    C 1   s     0.00014   0.00024   0.00000   0.00000   0.14735   0.13642
   2    C 1   p     0.00007   0.00008   0.00000   0.00000   0.01268   0.00409
   3    C 2   s     0.00129   0.35171   0.00000   0.00000   0.11830   0.01635
   4    C 2   p     0.00000   0.00001   0.00000   0.00000   0.02032   0.02288
   5    C 3   s     0.00001   0.01487   0.00000   0.00000   0.12105   0.03139
   6    C 3   p     0.00000   0.00014   0.00000   0.00000   0.01983   0.02222
   7    C 4   s     0.00014   0.00024   0.00000   0.00000   0.14735   0.13642
   8    C 4   p     0.00007   0.00008   0.00000   0.00000   0.01268   0.00409
   9    C 5   s     0.00129   0.35171   0.00000   0.00000   0.11830   0.01635
  10    C 5   p     0.00000   0.00001   0.00000   0.00000   0.02032   0.02288
  11    C 6   s     0.00001   0.01487   0.00000   0.00000   0.12105   0.03139
  12    C 6   p     0.00000   0.00014   0.00000   0.00000   0.01983   0.02222
  13    H 1   s     0.00000   0.00008   0.00000   0.00000   0.01023   0.00284
  14    H 2   s     0.00000   0.00000   0.00000   0.00000   0.01111   0.00656
  15    H 3   s     0.00000   0.00008   0.00000   0.00000   0.01023   0.00284
  16    H 4   s     0.00000   0.00000   0.00000   0.00000   0.01111   0.00656
  17    C 7   s     0.49786   0.13268   0.00017   0.00017   0.02258   0.13283
  18    C 7   p     0.00000   0.00000   0.00035   0.00035   0.00526   0.00815
  19    C 8   s     0.00017   0.00006   0.49924   0.49924   0.00517   0.06501
  20    C 8   p     0.00035   0.00009   0.00000   0.00000   0.00225   0.01668
  21    H 5   s     0.00012   0.00003   0.00000   0.00000   0.00253   0.01730
  22    H 6   s     0.00000   0.00000   0.00012   0.00012   0.00037   0.00690
  23    H 7   s     0.00000   0.00000   0.00012   0.00012   0.00097   0.01038
  24    C 9   s     0.49786   0.13268   0.00017   0.00017   0.02258   0.13283
  25    C 9   p     0.00000   0.00000   0.00035   0.00035   0.00526   0.00815
  26    C 10  s     0.00017   0.00006   0.49924   0.49924   0.00517   0.06501
  27    C 10  p     0.00035   0.00009   0.00000   0.00000   0.00225   0.01668
  28    H 8   s     0.00012   0.00003   0.00000   0.00000   0.00253   0.01730
  29    H 9   s     0.00000   0.00000   0.00012   0.00012   0.00037   0.00690
  30    H 10  s     0.00000   0.00000   0.00012   0.00012   0.00097   0.01038
                        13        14        15        16        17        18
                        7Ag       7Bu       8Bu       8Ag       9Ag       9Bu  
   1    C 1   s     0.00123   0.00358   0.08578   0.02998   0.04199   0.00006
   2    C 1   p     0.03724   0.06900   0.01586   0.08820   0.07613   0.04746
   3    C 2   s     0.01660   0.18881   0.01464   0.01004   0.09205   0.01669
   4    C 2   p     0.00547   0.00902   0.03182   0.08479   0.01679   0.00040
   5    C 3   s     0.01042   0.14293   0.05226   0.07899   0.00756   0.00447
   6    C 3   p     0.00987   0.02026   0.01716   0.00792   0.11031   0.01618
   7    C 4   s     0.00123   0.00358   0.08578   0.02998   0.04199   0.00006
   8    C 4   p     0.03724   0.06900   0.01586   0.08820   0.07613   0.04746
   9    C 5   s     0.01660   0.18881   0.01464   0.01004   0.09205   0.01669
  10    C 5   p     0.00547   0.00902   0.03182   0.08479   0.01679   0.00040
  11    C 6   s     0.01042   0.14293   0.05226   0.07899   0.00756   0.00447
  12    C 6   p     0.00987   0.02026   0.01716   0.00792   0.11031   0.01618
  13    H 1   s     0.00143   0.03384   0.00261   0.00759   0.04793   0.00307
  14    H 2   s     0.00015   0.02696   0.00743   0.04140   0.00372   0.00640
  15    H 3   s     0.00143   0.03384   0.00261   0.00759   0.04793   0.00307
  16    H 4   s     0.00015   0.02696   0.00743   0.04140   0.00372   0.00640
  17    C 7   s     0.16217   0.00013   0.04429   0.01980   0.00181   0.08129
  18    C 7   p     0.02065   0.00288   0.05199   0.04679   0.03426   0.04629
  19    C 8   s     0.14570   0.00109   0.11931   0.03367   0.03516   0.06564
  20    C 8   p     0.02390   0.00016   0.00859   0.00458   0.00683   0.05408
  21    H 5   s     0.02321   0.00047   0.00730   0.01574   0.00014   0.06221
  22    H 6   s     0.01994   0.00013   0.02295   0.01093   0.01905   0.03523
  23    H 7   s     0.02204   0.00073   0.01801   0.01958   0.00627   0.06052
  24    C 9   s     0.16217   0.00013   0.04429   0.01980   0.00181   0.08129
  25    C 9   p     0.02065   0.00288   0.05199   0.04679   0.03426   0.04629
  26    C 10  s     0.14570   0.00109   0.11931   0.03367   0.03516   0.06564
  27    C 10  p     0.02390   0.00016   0.00859   0.00458   0.00683   0.05408
  28    H 8   s     0.02321   0.00047   0.00730   0.01574   0.00014   0.06221
  29    H 9   s     0.01994   0.00013   0.02295   0.01093   0.01905   0.03523
  30    H 10  s     0.02204   0.00073   0.01801   0.01958   0.00627   0.06052
                        19        20        21        22        23        24
                       10Ag      11Ag      10Bu      11Bu      12Bu      12Ag  
   1    C 1   s     0.00985   0.01088   0.00062   0.01882   0.01724   0.00182
   2    C 1   p     0.04957   0.02887   0.09040   0.05433   0.05985   0.00009
   3    C 2   s     0.00380   0.00399   0.00076   0.00694   0.01581   0.00412
   4    C 2   p     0.08823   0.06824   0.09210   0.02227   0.09426   0.00446
   5    C 3   s     0.02555   0.00140   0.00748   0.00338   0.02128   0.00441
   6    C 3   p     0.08831   0.04447   0.06685   0.15400   0.03038   0.02135
   7    C 4   s     0.00985   0.01088   0.00062   0.01882   0.01724   0.00182
   8    C 4   p     0.04957   0.02887   0.09040   0.05433   0.05985   0.00009
   9    C 5   s     0.00380   0.00399   0.00076   0.00694   0.01581   0.00412
  10    C 5   p     0.08823   0.06824   0.09210   0.02227   0.09426   0.00446
  11    C 6   s     0.02555   0.00140   0.00748   0.00338   0.02128   0.00441
  12    C 6   p     0.08831   0.04447   0.06685   0.15400   0.03038   0.02135
  13    H 1   s     0.02607   0.02663   0.00310   0.02601   0.07483   0.00051
  14    H 2   s     0.05157   0.01459   0.00120   0.10622   0.01532   0.01442
  15    H 3   s     0.02607   0.02663   0.00310   0.02601   0.07483   0.00051
  16    H 4   s     0.05157   0.01459   0.00120   0.10622   0.01532   0.01442
  17    C 7   s     0.02581   0.02122   0.00096   0.00040   0.00002   0.00081
  18    C 7   p     0.01437   0.08010   0.07956   0.01266   0.06722   0.13263
  19    C 8   s     0.03238   0.00617   0.00502   0.00075   0.00175   0.00074
  20    C 8   p     0.02317   0.09211   0.07875   0.05064   0.06182   0.17804
  21    H 5   s     0.02205   0.04162   0.02571   0.00037   0.00814   0.04857
  22    H 6   s     0.02318   0.00025   0.04697   0.01700   0.00035   0.08771
  23    H 7   s     0.01609   0.05947   0.00051   0.02620   0.03174   0.00031
  24    C 9   s     0.02581   0.02122   0.00096   0.00040   0.00002   0.00081
  25    C 9   p     0.01437   0.08010   0.07956   0.01266   0.06722   0.13263
  26    C 10  s     0.03238   0.00617   0.00502   0.00075   0.00175   0.00074
  27    C 10  p     0.02317   0.09211   0.07875   0.05064   0.06182   0.17804
  28    H 8   s     0.02205   0.04162   0.02571   0.00037   0.00814   0.04857
  29    H 9   s     0.02318   0.00025   0.04697   0.01700   0.00035   0.08771
  30    H 10  s     0.01609   0.05947   0.00051   0.02620   0.03174   0.00031
                        25        26        27        28        29        30
                       13Bu      14Bu      13Ag       1Au      15Bu      14Ag  
   1    C 1   s     0.00003   0.00049   0.00438   0.00000   0.00275   0.00002
   2    C 1   p     0.03162   0.04262   0.01328   0.17089   0.08042   0.10782
   3    C 2   s     0.00292   0.00142   0.00088   0.00000   0.00020   0.00006
   4    C 2   p     0.16207   0.06772   0.06247   0.13985   0.00357   0.10902
   5    C 3   s     0.00003   0.00051   0.00000   0.00000   0.00050   0.00010
   6    C 3   p     0.10008   0.05945   0.04244   0.14063   0.02013   0.09771
   7    C 4   s     0.00003   0.00049   0.00438   0.00000   0.00275   0.00002
   8    C 4   p     0.03162   0.04262   0.01328   0.17089   0.08042   0.10782
   9    C 5   s     0.00292   0.00142   0.00088   0.00000   0.00020   0.00006
  10    C 5   p     0.16207   0.06772   0.06247   0.13985   0.00357   0.10902
  11    C 6   s     0.00003   0.00051   0.00000   0.00000   0.00050   0.00010
  12    C 6   p     0.10008   0.05945   0.04244   0.14063   0.02013   0.09771
  13    H 1   s     0.07238   0.00734   0.03822   0.00000   0.00068   0.03106
  14    H 2   s     0.04983   0.00516   0.00001   0.00000   0.00263   0.09650
  15    H 3   s     0.07238   0.00734   0.03822   0.00000   0.00068   0.03106
  16    H 4   s     0.04983   0.00516   0.00001   0.00000   0.00263   0.09650
  17    C 7   s     0.00002   0.00057   0.00634   0.00000   0.00017   0.00146
  18    C 7   p     0.03073   0.11796   0.04960   0.03885   0.08763   0.02883
  19    C 8   s     0.00082   0.00026   0.00010   0.00000   0.00003   0.00000
  20    C 8   p     0.03564   0.11215   0.13589   0.00979   0.10706   0.02117
  21    H 5   s     0.00000   0.04377   0.03307   0.00000   0.06427   0.00150
  22    H 6   s     0.00059   0.03367   0.03016   0.00000   0.06556   0.00385
  23    H 7   s     0.01324   0.00692   0.08316   0.00000   0.06439   0.00089
  24    C 9   s     0.00002   0.00057   0.00634   0.00000   0.00017   0.00146
  25    C 9   p     0.03073   0.11796   0.04960   0.03885   0.08763   0.02883
  26    C 10  s     0.00082   0.00026   0.00010   0.00000   0.00003   0.00000
  27    C 10  p     0.03564   0.11215   0.13589   0.00979   0.10706   0.02117
  28    H 8   s     0.00000   0.04377   0.03307   0.00000   0.06427   0.00150
  29    H 9   s     0.00059   0.03367   0.03016   0.00000   0.06556   0.00385
  30    H 10  s     0.01324   0.00692   0.08316   0.00000   0.06439   0.00089
                        31        32        33        34
                       15Ag       1Bg       2Bg       2Au  
   1    C 1   s     0.00297   0.00000   0.00000   0.00000
   2    C 1   p     0.09121   0.16962   0.00026   0.00003
   3    C 2   s     0.00000   0.00000   0.00000   0.00000
   4    C 2   p     0.05499   0.02362   0.25760   0.03745
   5    C 3   s     0.00008   0.00000   0.00000   0.00000
   6    C 3   p     0.07307   0.02796   0.24202   0.03414
   7    C 4   s     0.00297   0.00000   0.00000   0.00000
   8    C 4   p     0.09121   0.16962   0.00026   0.00003
   9    C 5   s     0.00000   0.00000   0.00000   0.00000
  10    C 5   p     0.05499   0.02362   0.25760   0.03745
  11    C 6   s     0.00008   0.00000   0.00000   0.00000
  12    C 6   p     0.07307   0.02796   0.24202   0.03414
  13    H 1   s     0.04285   0.00000   0.00000   0.00000
  14    H 2   s     0.00005   0.00000   0.00000   0.00000
  15    H 3   s     0.04285   0.00000   0.00000   0.00000
  16    H 4   s     0.00005   0.00000   0.00000   0.00000
  17    C 7   s     0.00174   0.00000   0.00000   0.00000
  18    C 7   p     0.09595   0.19231   0.00000   0.23860
  19    C 8   s     0.00005   0.00000   0.00000   0.00000
  20    C 8   p     0.03838   0.08649   0.00012   0.18978
  21    H 5   s     0.04140   0.00000   0.00000   0.00000
  22    H 6   s     0.03344   0.00000   0.00000   0.00000
  23    H 7   s     0.02381   0.00000   0.00000   0.00000
  24    C 9   s     0.00174   0.00000   0.00000   0.00000
  25    C 9   p     0.09595   0.19231   0.00000   0.23860
  26    C 10  s     0.00005   0.00000   0.00000   0.00000
  27    C 10  p     0.03838   0.08649   0.00012   0.18978
  28    H 8   s     0.04140   0.00000   0.00000   0.00000
  29    H 9   s     0.03344   0.00000   0.00000   0.00000
  30    H 10  s     0.02381   0.00000   0.00000   0.00000
 
 Performing Hirshfeld population analysis.
 Hirshfeld: reading atomic densities from disk.
 Hirshfeld: performing integration.
 warning:  vdwdata pointer should have been initialzed before dftman
 Hirshfeld: integration completed in 0.95 sec.

          Hirshfeld Atomic Charges         

     Atom                 Charge (a.u.)    
  ---------------------------------------- 
      1 C                     0.078169
      2 C                     0.022316
      3 C                     0.023403
      4 C                     0.078169
      5 C                     0.022316
      6 C                     0.023403
      7 H                     0.056897
      8 H                     0.053870
      9 H                     0.056897
     10 H                     0.053870
     11 C                     0.032366
     12 C                     0.053520
     13 H                     0.055963
     14 H                     0.067341
     15 H                     0.055890
     16 C                     0.032366
     17 C                     0.053520
     18 H                     0.055963
     19 H                     0.067341
     20 H                     0.055890
  ---------------------------------------- 
  Sum of atomic charges =     0.999468


          Charge Model 5         

     Atom                 Charge (a.u.)    
  ---------------------------------------- 
      1 C                     0.067501
      2 C                    -0.028832
      3 C                    -0.027965
      4 C                     0.067501
      5 C                    -0.028832
      6 C                    -0.027965
      7 H                     0.111421
      8 H                     0.109440
      9 H                     0.111421
     10 H                     0.109440
     11 C                    -0.023348
     12 C                    -0.044857
     13 H                     0.110293
     14 H                     0.117945
     15 H                     0.108135
     16 C                    -0.023348
     17 C                    -0.044857
     18 H                     0.110293
     19 H                     0.117945
     20 H                     0.108135
  ---------------------------------------- 
  Sum of atomic charges =     0.999468

  Building new vdW surfaces
         Merz-Kollman RESP Net Atomic Charges

     Atom                 Charge (a.u.)
  ----------------------------------------
      1 C                     0.246830
      2 C                    -0.103983
      3 C                    -0.103983
      4 C                     0.246830
      5 C                    -0.103983
      6 C                    -0.103983
      7 H                     0.121994
      8 H                     0.121994
      9 H                     0.121994
     10 H                     0.121994
     11 C                    -0.057702
     12 C                    -0.130175
     13 H                     0.119648
     14 H                     0.142688
     15 H                     0.142688
     16 C                    -0.057702
     17 C                    -0.130175
     18 H                     0.119648
     19 H                     0.142688
     20 H                     0.142688
  ----------------------------------------
  Sum of atomic charges =     1.000000

  Related Dipole Moment =     0.0000 (X  0.0000 Y  0.0000 Z  0.0000)

 -----------------------------------------------------------------
                    Cartesian Multipole Moments
 -----------------------------------------------------------------
    Charge (ESU x 10^10)
                 4.8032
    Dipole Moment (Debye)
         X      -0.0000      Y      -0.0000      Z      -0.0000
       Tot       0.0000
    Quadrupole Moments (Debye-Ang)
        XX     -10.5805     XY      -0.9165     YY     -43.0516
        XZ       0.0000     YZ      -0.0000     ZZ     -56.4688
    Octopole Moments (Debye-Ang^2)
       XXX      -0.0000    XXY       0.0000    XYY      -0.0000
       YYY      -0.0000    XXZ      -0.0000    XYZ       0.0000
       YYZ       0.0000    XZZ      -0.0000    YZZ      -0.0000
       ZZZ      -0.0000
    Hexadecapole Moments (Debye-Ang^3)
      XXXX   -1169.0349   XXXY     -22.4059   XXYY    -323.1731
      XYYY       5.5948   YYYY    -297.9413   XXXZ       0.0000
      XXYZ      -0.0000   XYYZ      -0.0000   YYYZ       0.0000
      XXZZ    -340.3598   XYZZ      -0.4790   YYZZ     -70.1145
      XZZZ      -0.0000   YZZZ       0.0000   ZZZZ     -45.4750
 -----------------------------------------------------------------
 Total job time:  5.17s(wall), 4.49s(cpu) 
 Wed Jul 29 13:40:33 2026

        *************************************************************
        *                                                           *
        *  Thank you very much for using Q-Chem.  Have a nice day.  *
        *                                                           *
        *************************************************************


