
Running Job 1 of 1 dvb_raman.in
qchem dvb_raman.in_26134.0 /scratch/shannon.houck/qchem26134/ 1
/sw/qchem/release/7.0.0/exe/qcprog.exe_s dvb_raman.in_26134.0 /scratch/shannon.houck/qchem26134/
                  Welcome to Q-Chem
     A Quantum Leap Into The Future Of Chemistry


 Q-Chem 7.0, Q-Chem, Inc., Pleasanton, CA (2026)

 License issued to: Q-Chem (site)

 S. Adibnia,  B. Alam,  B. J. Albrecht,  A. Aldossary,  E. Alguire,  
 J. H. Andersen,  A. D. Andres,  J. E. Arias-Martinez,  A. Aspuru-Guzik,  
 V. Athavale,  K. Begam,  A. Behn,  A. T. Bell,  N. Bellonzi,  Y. A. Bernard,  
 E. J. Berquist,  N. A. Besley,  R. Bi,  N. Bogo,  C. Brandt,  K. Bravaya,  
 D. R. Broderick,  B. R. Brooks,  H. G. A. Burton,  S. Camps,  A. Carreras,  
 K. Carter-Fenk,  D. Casanova,  J.-D. Chai,  A. Chakraborty,  R. Chakraborty,  
 J. Chen,  M. Chen,  T. Chen,  A. D. Chien,  M. Chow,  K. D. Closser,  
 V. Cofer-Shabica,  M. P. Coons,  S. Coriani,  S. J. Cotton,  C. J. Cramer,  
 G. Cserey,  L. Cunha,  A. L. Dempwolff,  J. Deng,  A. E. DePrince III,  
 J. D. DiCenso,  J. Dickinson,  M. Diedenhofen,  H. Dinh,  
 R. A. DiStasio Jr.,  L. B. Dittmer,  H. Do,  W. Dou,  A. Dreuw,  S. Ehlert,  
 E. Epifanovsky,  P.-T. Fang,  S. Faraji,  S. Fatehi,  Q. Feng,  X. Feng,  
 A. Ferino-Pérez,  J. Fetherolf,  S. Folkestad,  A. Fonlon,  Fošević,  
 T. Friedhoff,  T. Froitzheim,  T. R. Furlani,  A. Ganeshram,  B. Ganoe,  
 T. Gao,  S. M. Garner,  A. T. B. Gilbert,  P. M. W. Gill,  M. Gimferrer,  
 G. Giudetti,  W. A. Goddard III,  M. Goldey,  J. Gomes,  R. Goudy,  M. Gray,  
 S. Grimme,  S. Gulania,  A. O. Gunina,  J. A. Gyamfi,  S. Hammes-Schiffer,  
 F. Hampe,  P. H. P. Harbach,  A. W. Hauser,  M. Head-Gordon,  
 T. Head-Gordon,  W. J. Hehre,  J. M. Herbert,  M. F. Herbst,  M. Hodecker,  
 Z. C. Holden,  S. Houck,  C. Hsu,  X. Huang,  K. Hui,  B. C. Huynh,  
 K. Ikeda,  M. Ivanov,  L. D. Jacobson,  T. Jagau,  S. Jana,  N. K. Jayadev,  
 H. Ji,  H. Jiang,  Y. Jiang,  Z. Jin,  Y. Jung,  Á. Jász,  B. Kaduk,  
 L. de Kam,  R. Kang,  K. Khistyaev,  J. Kim,  L. Kim,  G. Kis,  N. Kissing,  
 A. Klamt,  J. H. Koh,  E. Kolodzeiski,  J. Kong,  D. Kosenkov,  
 T. Kowalczyk,  C. M. Krauter,  A. I. Krylov,  K. Kue,  T. Kus,  J. Kussmann,  
 I. Ladjánszki,  D. S. Lambrecht,  A. Landau,  C. W. Lander,  A. W. Lange,  
 K. U. Lao,  H. Laqua,  K. V. Lawler,  J. Lee,  D. Lefrancois,  S. Lehtola,  
 J. Leitner,  D. S. Levine,  C. Li,  R. Li,  S. Li,  T. E. Li,  X. Li,  
 Y.-P. Li,  J. Liang,  H.-H. Lin,  Y.-S. Lin,  H. Ling,  F. Liu,  J. Liu,  
 K.-Y. Liu,  X. Liu,  A. Luenser,  C. Malbon,  A. Mandal,  A. Manjanath,  
 P. U. Manohar,  E. Mansoor,  S. F. Manzer,  S.-P. Mao,  Y. Mao,  
 N. Mardirossian,  A. V. Marenich,  T. Markovich,  F. Matz,  S. A. Maurer,  
 S. May,  L. McCaslin,  C. W. McCurdy,  A. McIsaac,  P. F. McLaughlin,  
 J.-M. Mewes,  S. A. Mewes,  R. E. Moorby,  S. Moradi,  J. Morgenstein,  
 M. Mostafanejad,  M. Mukherjee,  A. Muller,  C. J. Mundy,  K. D. Nanda,  
 M. G. Navas,  M. Neal,  J. B. Neaton,  T. Neudecker,  A. Ni,  C. Ochsenfeld,  
 A. K. Ojha,  Q. Ou,  E. Paenurk,  G. Paran,  J. A. Parkhill,  
 V. Parravicini,  R. L. Patterson,  S. K. Paul,  Z. Pei,  D. Picconi,  
 F. Plasser,  P. Pokhilko,  J. Pottecher,  S. Prager,  E. I. Proynov,  
 A. F. Pérez,  S. Quiton,  H. Ram,  E. Ramos-Cordoba,  B. Rana,  A. E. Rask,  
 V. A. Rassolov,  D. R. Rehn,  H. Ren,  A. Rettig,  R. M. Richard,  
 P. J. Robinson,  E. Rossomme,  S. Roy,  Á. Rák,  P. Salvador,  P. Samal,  
 T. Scheele,  P. E. Schneider,  T. K. Schramm,  N. Sergueev,  Y. Shao,  
 S. M. Sharada,  M. Sharma,  H. Shen,  Y. Shen,  A. Singh,  W. Skomorowski,  
 L. Slipchenko,  S. Smiga,  R. P. Steele,  C. J. Stein,  A. J. Sterling,  
 Y. Su,  Y.-C. Su,  J. E. Subotnik,  E. J. Sundstrom,  J. Talbot,  Z. Tao,  
 H.-H. Teh,  J. Thirman,  A. J. W. Thom,  C. Titeca,  N. V. Tkachenko,  
 A. Tkatchenko,  R. Tomann,  G. J. Tornai,  D. G. Truhlar,  H.-Y. Tsai,  
 T. Tsuchimochi,  N. M. Tubman,  C. Utku,  S. P. Veccham,  M. L. Vidal,  
 C. Villot,  T. V. Voorhis,  O. Vydrov,  E. Wang,  Z. Wang,  J. Wenzel,  
 T. A. Wesolowski,  K. B. Whaley,  A. F. White,  J. Witek,  J. Wong,  H. Wu,  
 A. Yamada,  C.-H. Yang,  K. Yao,  S. Yeganeh,  J. T. Yi,  S. R. Yost,  
 Q. Yu,  F. Zeller,  I. Y. Zhang,  J. Zhang,  X. Zhang,  Y. Zhang,  Z. Zhang,  
 C. Zhao,  T. Zhao,  Y. Zhu,  P. Zimmerman,  D. Zuev

 Additional authors since Version 6.4.0: 
 H. Aksu,  F. Ballesteros,  C. Chakravarty,  A. M. Clark,  Y. Kim,  
 Q. Nguyen,  X. Pan,  R. Stein,  J. A. Tan,  M. G. S. Weiss,  R. Weiss,  
 M. Wormit,  Y. Wu

 Contributors to earlier versions of Q-Chem not listed above: 
 R. D. Adamson,  B. Austin,  R. Baer,  J. Baker,  D. Barton,  G. J. O. Beran,  
 K. Brandhorst,  K. Bravaya,  S. T. Brown,  E. F. C. Byrd,  
 A. K. Chakraborty,  G. K. L. Chan,  C.-M. Chang,  Y. Chen,  C.-L. Cheng,  
 S. H. Chien,  D. M. Chipman,  D. L. Crittenden,  H. Dachsel,  S. Dasgupta,  
 R. J. Doerksen,  B. Dunietz,  A. D. Dutoi,  R. G. Edgar,  J. Fosso-Tande,  
 L. Fusti-Molnar,  Z. Gan,  J. Gayvert,  Q. Ge,  D. Ghosh,  A. Ghysels,  
 G. Gidofalvi,  A. Golubeva-Zadorozhnaya,  J. Gonthier,  
 C. E. González-Espinoza,  M. S. Gordon,  S. R. Gwaltney,  D. Hait,  
 M. Hanson-Heine,  G. Hawkins,  J. E. Herr,  A. Heyden,  S. Hirata,  
 E. G. Hohenstein,  P. Horn,  I. Kaliman,  G. Kedziora,  F. J. Keil,  
 C. Kelley,  R. Z. Khaliullin,  J. Kim,  R. A. King,  P. Klunzinger,  
 Z. Koczor-Benda,  P. P. Korambath,  S. Kotaru,  L. Koulias,  A. Kunitsa,  
 W. Kurlancheek,  J. Kussmann,  S. Kähler,  D. S. Lambrecht,  A. Laurent,  
 A. M. Lee,  M. S. Lee,  S. V. Levchenko,  X. Li,  W. Liang,  M. Liebenthal,  
 C. Y. Lin,  D. Liotard,  E. Livshits,  R. C. Lochan,  M. Loipersberger,  
 I. Lotan,  H. Ma,  L. A. Martinez-Martinez,  P. E. Maslen,  S. Mason,  
 N. J. Mayhall,  S. C. McKenzie,  M. F. S. J. Menger,  P. Morgante,  
 A. F. Morrison,  J. W. Mullinax,  N. Nair,  D. Neuhauser,  E. Neuscamman,  
 C. M. Oana,  R. Olivares-Amaya,  R. Olson,  D. P. O'Neill,  
 K. J. Oosterbaan,  K. Paice,  A. C. Paul,  T. M. Perrine,  B. Peters,  
 R. Peverati,  P. A. Pieniazek,  S. Prasad,  A. Prociuk,  Y. M. Rhee,  
 J. Ritchie,  F. Rob,  M. A. Rohrdanz,  E. Rosta,  N. J. Russ,  
 H. F. Schaefer III,  M. Scheurer,  M. W. Schmidt,  M. Schneider,  
 N. E. Schultz,  S. Sharma,  N. Shenvi,  C. D. Sherrill,  A. C. Simmonett,  
 D. W. Small,  A. Sodt,  T. Stein,  D. Stuck,  K. S. Thanthiriwatte,  
 V. Vanovschi,  M. H. Vera,  L. Vogt,  F. Wang,  T. Wang,  A. Warshel,  
 M. A. Watson,  M. de Wergifosse,  C. F. Williams,  J. Witte,  
 H. L. Woodcock III,  Q. Wu,  X. Xu,  J. Yang,  Z.-Q. You,  A. Zech,  
 W. Zhang,  Y. Zhao

   Please cite Q-Chem as follows:
  "Software for the frontiers of quantum chemistry:
   An overview of developments in the Q-Chem 5 package"
   J. Chem. Phys. 155, 084801 (2021)
   https://doi.org/10.1063/5.0055522 (open access)

 Q-Chem 7.0.0 for Intel X86 EM64T Linux

 Parts of Q-Chem use Armadillo 12.8.2 (Cortisol Injector).
 http://arma.sourceforge.net/

 Q-Chem begins on Wed Jul 29 13:37:59 2026  

 Host: coreman6
0

 Scratch files written to /scratch/shannon.houck/qchem26134//
 Executable: /sw/qchem/release/7.0.0/exe/qcprog.exe_s
 Number of threads = 1
 Jul426 |scratch|qcdevops|jenkins|workspace|build_RNUM -1
 Processing $rem in /sw/qchem/release/7.0.0/config/preferences:
 Processing $rem in /hfnas/home/shannon.houck/.qchemrc:

 Checking the input file for inconsistencies... 	...done.

--------------------------------------------------------------
User input:
--------------------------------------------------------------
$comment
 Divinylbenzene, Raman (numerical), RB3LYP/STO-3G
$end

$rem
 jobtype = freq
 method = b3lyp
 basis = sto-3g
 doraman = true
 gui = 2
$end

$molecule
 0 1
 C                  0.27867948   -1.36683162    0.00000000
 C                  1.32303041   -0.44173575    0.00000000
 C                  1.04434506    0.92484978    0.00000000
 C                 -0.27867948    1.36683162    0.00000000
 C                 -1.32303041    0.44173575    0.00000000
 C                 -1.04434506   -0.92484978    0.00000000
 H                  2.36595443   -0.79037726    0.00000000
 H                  1.86746094    1.65407997    0.00000000
 H                 -2.36595443    0.79037726    0.00000000
 H                 -1.86746094   -1.65407997    0.00000000
 C                 -0.58659169    2.87589931    0.00000000
 C                  0.36350188    3.80076420    0.00000000
 H                 -1.65647768    3.12394312    0.00000000
 H                  0.14429560    4.87693235    0.00000000
 H                  1.43338788    3.55272039    0.00000000
 C                  0.58659169   -2.87589931    0.00000000
 C                 -0.36350188   -3.80076420    0.00000000
 H                  1.65647768   -3.12394312    0.00000000
 H                 -0.14429560   -4.87693235    0.00000000
 H                 -1.43338788   -3.55272039    0.00000000
$end
--------------------------------------------------------------
 ----------------------------------------------------------------
             Standard Nuclear Orientation (Angstroms)
    I     Atom           X                Y                Z
 ----------------------------------------------------------------
    1      C       1.3668132833     0.2787694006    -0.0000000000
    2      C       0.4416487095     1.3230594681    -0.0000000000
    3      C      -0.9249184834     1.0442842137    -0.0000000000
    4      C      -1.3668132833    -0.2787694006     0.0000000000
    5      C      -0.4416487095    -1.3230594681     0.0000000000
    6      C       0.9249184834    -1.0442842137     0.0000000000
    7      H       0.7902216068     2.3660064222    -0.0000000000
    8      H      -1.6542028230     1.8673521173    -0.0000000000
    9      H      -0.7902216068    -2.3660064222     0.0000000000
   10      H       1.6542028230    -1.8673521173     0.0000000000
   11      C      -2.8758607131    -0.5867808885     0.0000000000
   12      C      -3.8007881058     0.3632518344    -0.0000000000
   13      H      -3.1238341368    -1.6566831945     0.0000000000
   14      H      -4.8769418324     0.1439747559    -0.0000000000
   15      H      -3.5528146821     1.4331541504    -0.0000000000
   16      C       2.8758607131     0.5867808885    -0.0000000000
   17      C       3.8007881058    -0.3632518344     0.0000000000
   18      H       3.1238341368     1.6566831945    -0.0000000000
   19      H       4.8769418324    -0.1439747559     0.0000000000
   20      H       3.5528146821    -1.4331541504     0.0000000000
 ----------------------------------------------------------------
 Molecular Point Group                 C2h   NOp =  4
 Largest Abelian Subgroup              C2h   NOp =  4
 Nuclear Repulsion Energy =         450.00613828 hartrees
 There are       35 alpha and       35 beta electrons
 Requested basis set is STO-3G
 There are 30 shells and 60 basis functions

 Total QAlloc Memory Limit   8000 MB
 Mega-Array Size       188 MB
 MEM_STATIC part       192 MB

 A cutoff of  1.0D-12 yielded    410 shell pairs
 There are      1790 function pairs
 Start forming overlap matrix
 Smallest overlap matrix eigenvalue = 1.71E-01
 Guess from superposition of atomic densities
 Warning:  Energy on first SCF cycle will be non-variational
 SAD guess density has 70.000000 electrons

 -----------------------------------------------------------------------
  General SCF calculation program by
  Eric Jon Sundstrom, Paul Horn, Yuezhi Mao, Dmitri Zuev, Alec White,
  David Stuck, Shaama M.S., Shane Yost, Joonho Lee, David Small,
  Daniel Levine, Susi Lehtola, Hugh Burton, Evgeny Epifanovsky,
  Bang C. Huynh
 -----------------------------------------------------------------------
 Exchange:     0.2000 Hartree-Fock + 0.0800 Slater + 0.7200 B88
 Correlation:  0.1900 VWN1RPA + 0.8100 LYP
 Using SG-1 standard quadrature grid
 A restricted SCF calculation will be
 performed using DIIS
 SCF converges when DIIS error is below 1.0e-08
 User-specified cutoff of 10e-12
 used for neglect of 2-electron integrals.
 A cutoff of 10e-12
 used for neglect of overlap integrals.
 Incremental Fock algorithm is on at the start.
 ---------------------------------------
  Cycle       Energy         DIIS error
 ---------------------------------------
    1    -381.9237679371      1.39e-01  
    2    -382.2936825361      3.10e-03  
    3    -382.2938831770      3.37e-03  
    4    -382.2996489612      1.12e-03  
    5    -382.3003025104      3.23e-04  
    6    -382.3003583469      3.18e-05  
    7    -382.3003589588      4.08e-06  
    8    -382.3003589701      8.07e-07  
    9    -382.3003589706      2.35e-07  
   10    -382.3003589706      1.01e-07  
   11    -382.3003589706      8.88e-09  Convergence criterion met
 ---------------------------------------
 SCF time:   CPU 2.36s  wall 3.00s 
 SCF   energy =  -382.30035897
 Total energy =  -382.30035897
 Integrated density by DFT XC:
   Number of electrons = 70
   Numerical integral  =    70.000417700684
   Relative error      =     0.0005967153 %
 
 --------------------------------------------------------------
             Orbital Energies (a.u.) and Symmetries
 --------------------------------------------------------------
 
 Alpha MOs, Restricted
 -- Occupied --                  
-10.018 -10.018 -10.008 -10.008 -10.007 -10.007 -10.006 -10.005
  1 Bu    1 Ag    2 Bu    2 Ag    3 Bu    3 Ag    4 Bu    4 Ag                 
 -9.992  -9.992  -0.818  -0.755  -0.721  -0.704  -0.670  -0.585
  5 Ag    5 Bu    6 Ag    6 Bu    7 Ag    7 Bu    8 Bu    8 Ag                 
 -0.561  -0.532  -0.512  -0.462  -0.439  -0.410  -0.400  -0.397
  9 Ag    9 Bu   10 Ag   11 Ag   10 Bu   11 Bu   12 Bu   12 Ag                 
 -0.376  -0.358  -0.349  -0.330  -0.305  -0.295  -0.281  -0.263
 13 Bu   14 Bu   13 Ag    1 Au   15 Bu   14 Ag   15 Ag    1 Bg                 
 -0.216  -0.198  -0.160
  2 Au    2 Bg    3 Bg                                                         
 -- Virtual --                   
  0.050   0.091   0.116   0.181   0.280   0.319   0.330   0.365
  3 Au    4 Au    4 Bg    5 Au    5 Bg   16 Ag   16 Bu   17 Bu                 
  0.370   0.413   0.416   0.422   0.446   0.469   0.496   0.539
 17 Ag   18 Bu   18 Ag   19 Bu   19 Ag   20 Bu   20 Ag   21 Ag                 
  0.571   0.587   0.610   0.627   0.646   0.693   0.743   0.806
 21 Bu   22 Ag   22 Bu   23 Bu   23 Ag   24 Ag   24 Bu   25 Ag                 
  0.816
 25 Bu                                                                         
 
 Beta MOs, Restricted
 -- Occupied --                  
-10.018 -10.018 -10.008 -10.008 -10.007 -10.007 -10.006 -10.005
  1 Bu    1 Ag    2 Bu    2 Ag    3 Bu    3 Ag    4 Bu    4 Ag                 
 -9.992  -9.992  -0.818  -0.755  -0.721  -0.704  -0.670  -0.585
  5 Ag    5 Bu    6 Ag    6 Bu    7 Ag    7 Bu    8 Bu    8 Ag                 
 -0.561  -0.532  -0.512  -0.462  -0.439  -0.410  -0.400  -0.397
  9 Ag    9 Bu   10 Ag   11 Ag   10 Bu   11 Bu   12 Bu   12 Ag                 
 -0.376  -0.358  -0.349  -0.330  -0.305  -0.295  -0.281  -0.263
 13 Bu   14 Bu   13 Ag    1 Au   15 Bu   14 Ag   15 Ag    1 Bg                 
 -0.216  -0.198  -0.160
  2 Au    2 Bg    3 Bg                                                         
 -- Virtual --                   
  0.050   0.091   0.116   0.181   0.280   0.319   0.330   0.365
  3 Au    4 Au    4 Bg    5 Au    5 Bg   16 Ag   16 Bu   17 Bu                 
  0.370   0.413   0.416   0.422   0.446   0.469   0.496   0.539
 17 Ag   18 Bu   18 Ag   19 Bu   19 Ag   20 Bu   20 Ag   21 Ag                 
  0.571   0.587   0.610   0.627   0.646   0.693   0.743   0.806
 21 Bu   22 Ag   22 Bu   23 Bu   23 Ag   24 Ag   24 Bu   25 Ag                 
  0.816
 25 Bu                                                                         
 --------------------------------------------------------------
 
          Ground-State Mulliken Net Atomic Charges

     Atom                 Charge (a.u.)
  ----------------------------------------
      1 C                    -0.004104
      2 C                    -0.079244
      3 C                    -0.077213
      4 C                    -0.004104
      5 C                    -0.079244
      6 C                    -0.077213
      7 H                     0.078761
      8 H                     0.079722
      9 H                     0.078761
     10 H                     0.079722
     11 C                    -0.075268
     12 C                    -0.156380
     13 H                     0.078811
     14 H                     0.078363
     15 H                     0.076553
     16 C                    -0.075268
     17 C                    -0.156380
     18 H                     0.078811
     19 H                     0.078363
     20 H                     0.076553
  ----------------------------------------
  Sum of atomic charges =     0.000000

 -----------------------------------------------------------------
                    Cartesian Multipole Moments
 -----------------------------------------------------------------
    Charge (ESU x 10^10)
                -0.0000
    Dipole Moment (Debye)
         X       0.0000      Y       0.0000      Z       0.0000
       Tot       0.0000
    Quadrupole Moments (Debye-Ang)
        XX     -50.9644     XY      -0.1107     YY     -50.1432
        XZ      -0.0000     YZ      -0.0000     ZZ     -58.5742
    Octopole Moments (Debye-Ang^2)
       XXX      -0.0000    XXY       0.0000    XYY       0.0000
       YYY      -0.0000    XXZ       0.0000    XYZ       0.0000
       YYZ       0.0000    XZZ       0.0000    YZZ       0.0000
       ZZZ       0.0000
    Hexadecapole Moments (Debye-Ang^3)
      XXXX   -1811.1626   XXXY       0.4958   XXYY    -358.4243
      XYYY       3.4692   YYYY    -329.5792   XXXZ      -0.0000
      XXYZ      -0.0000   XYYZ      -0.0000   YYYZ       0.0000
      XXZZ    -356.7119   XYZZ      -0.0670   YYZZ     -72.1347
      XZZZ      -0.0000   YZZZ       0.0000   ZZZZ     -47.5456
 -----------------------------------------------------------------
 Calculating MO derivatives via CPSCF
    1     0    63    0.0846435  
    2     0    63    0.0058826  
    3    10    53    0.0002551  
    4    61     2    0.0000078  
    5    63     0    0.0000001  Converged
 Polarizability Matrix (a.u.)
            1           2           3
    1-126.7909295   8.1622811  -0.0000000
    2   8.1622811 -68.1660991   0.0000000
    3  -0.0000000   0.0000000 -11.2456353
 Calculating analytic Hessian of the SCF energy
 
 Direct stationary perturbation theory relativistic correction:
 
 


 ##########################################
 # Starting finite difference calculation #
 ##########################################

 Applying Cartesian multipole field
    Component          Value
    ---------          -----
     (1,0,0)        3.77945E-03
 Guess MOs from SCF MO coefficient file

 -----------------------------------------------------------------------
  General SCF calculation program by
  Eric Jon Sundstrom, Paul Horn, Yuezhi Mao, Dmitri Zuev, Alec White,
  David Stuck, Shaama M.S., Shane Yost, Joonho Lee, David Small,
  Daniel Levine, Susi Lehtola, Hugh Burton, Evgeny Epifanovsky,
  Bang C. Huynh
 -----------------------------------------------------------------------
 Exchange:     0.2000 Hartree-Fock + 0.0800 Slater + 0.7200 B88
 Correlation:  0.1900 VWN1RPA + 0.8100 LYP
 Using SG-1 standard quadrature grid
 A restricted SCF calculation will be
 performed using DIIS
 SCF converges when DIIS error is below 1.0e-08
 User-specified cutoff of 10e-12
 used for neglect of 2-electron integrals.
 A cutoff of 10e-12
 used for neglect of overlap integrals.
 Incremental Fock algorithm is on at the start.
 ---------------------------------------
  Cycle       Energy         DIIS error
 ---------------------------------------
    1    -382.3003589706      7.52e-04  
    2    -382.3007407581      8.60e-04  
    3    -382.3012403643      2.05e-04  
    4    -382.3012635170      5.56e-05  
    5    -382.3012651362      1.99e-05  
    6    -382.3012653639      6.53e-06  
    7    -382.3012653861      2.03e-06  
    8    -382.3012653886      6.29e-07  
    9    -382.3012653888      1.04e-07  
   10    -382.3012653888      2.11e-08  
   11    -382.3012653888      4.53e-09  Convergence criterion met
 ---------------------------------------
 SCF time:   CPU 2.38s  wall 3.00s 
 SCF   energy =  -382.30126539
 Total energy =  -382.30126539
 Integrated density by DFT XC:
   Number of electrons = 70
   Numerical integral  =    70.000417776939
   Relative error      =     0.0005968242 %
 
 --------------------------------------------------------------
             Orbital Energies (a.u.) and Symmetries
 --------------------------------------------------------------
 Warning : Irrep of orbital(   1) could not be determined
 Warning : Irrep of orbital(   2) could not be determined
 Warning : Irrep of orbital(   3) could not be determined
 Warning : Irrep of orbital(   4) could not be determined
 Warning : Irrep of orbital(   5) could not be determined
 Warning : Irrep of orbital(   6) could not be determined
 Warning : Irrep of orbital(   7) could not be determined
 Warning : Irrep of orbital(   8) could not be determined
 Warning : Irrep of orbital(   9) could not be determined
 Warning : Irrep of orbital(  10) could not be determined
 Warning : Irrep of orbital(  12) could not be determined
 Warning : Irrep of orbital(  13) could not be determined
 Warning : Irrep of orbital(  15) could not be determined
 Warning : Irrep of orbital(  16) could not be determined
 Warning : Irrep of orbital(  17) could not be determined
 Warning : Irrep of orbital(  18) could not be determined
 Warning : Irrep of orbital(  19) could not be determined
 Warning : Irrep of orbital(  20) could not be determined
 Warning : Irrep of orbital(  21) could not be determined
 Warning : Irrep of orbital(  22) could not be determined
 Warning : Irrep of orbital(  23) could not be determined
 Warning : Irrep of orbital(  24) could not be determined
 Warning : Irrep of orbital(  25) could not be determined
 Warning : Irrep of orbital(  26) could not be determined
 Warning : Irrep of orbital(  27) could not be determined
 Warning : Irrep of orbital(  29) could not be determined
 Warning : Irrep of orbital(  31) could not be determined
 Warning : Irrep of orbital(  32) could not be determined
 Warning : Irrep of orbital(  33) could not be determined
 Warning : Irrep of orbital(  35) could not be determined
 Warning : Irrep of orbital(  36) could not be determined
 Warning : Irrep of orbital(  38) could not be determined
 Warning : Irrep of orbital(  39) could not be determined
 Warning : Irrep of orbital(  41) could not be determined
 Warning : Irrep of orbital(  42) could not be determined
 Warning : Irrep of orbital(  43) could not be determined
 Warning : Irrep of orbital(  44) could not be determined
 Warning : Irrep of orbital(  45) could not be determined
 Warning : Irrep of orbital(  46) could not be determined
 Warning : Irrep of orbital(  47) could not be determined
 Warning : Irrep of orbital(  48) could not be determined
 Warning : Irrep of orbital(  49) could not be determined
 Warning : Irrep of orbital(  50) could not be determined
 Warning : Irrep of orbital(  51) could not be determined
 Warning : Irrep of orbital(  52) could not be determined
 Warning : Irrep of orbital(  55) could not be determined
 Warning : Irrep of orbital(  56) could not be determined
 Warning : Irrep of orbital(  57) could not be determined
 Warning : Irrep of orbital(  58) could not be determined
 Warning : Irrep of orbital(  59) could not be determined
 
 Alpha MOs, Restricted
 -- Occupied --                  
-10.022 -10.020 -10.016 -10.008 -10.008 -10.005 -10.005 -10.004
  0 xxx   0 xxx   0 xxx   0 xxx   0 xxx   0 xxx   0 xxx   0 xxx                
 -9.993  -9.979  -0.818  -0.758  -0.720  -0.704  -0.669  -0.587
  0 xxx   0 xxx   1 Ag    0 xxx   0 xxx   1 Bu    0 xxx   0 xxx                
 -0.561  -0.534  -0.509  -0.463  -0.441  -0.411  -0.400  -0.397
  0 xxx   0 xxx   0 xxx   0 xxx   0 xxx   0 xxx   0 xxx   0 xxx                
 -0.376  -0.357  -0.348  -0.331  -0.306  -0.295  -0.278  -0.265
  0 xxx   0 xxx   0 xxx   1 Au    0 xxx   2 Ag    0 xxx   0 xxx                
 -0.216  -0.198  -0.158
  0 xxx   1 Bg    0 xxx                                                        
 -- Virtual --                   
  0.048   0.091   0.116   0.183   0.281   0.315   0.330   0.364
  0 xxx   2 Au    0 xxx   0 xxx   2 Bg    0 xxx   0 xxx   0 xxx                
  0.373   0.402   0.420   0.428   0.444   0.470   0.498   0.538
  0 xxx   0 xxx   0 xxx   0 xxx   0 xxx   0 xxx   0 xxx   0 xxx                
  0.570   0.587   0.610   0.623   0.650   0.692   0.744   0.807
  0 xxx   3 Ag    2 Bu    0 xxx   0 xxx   0 xxx   0 xxx   0 xxx                
  0.816
  3 Bu                                                                         
 
 Beta MOs, Restricted
 -- Occupied --                  
-10.022 -10.020 -10.016 -10.008 -10.008 -10.005 -10.005 -10.004
  0 xxx   0 xxx   0 xxx   0 xxx   0 xxx   0 xxx   0 xxx   0 xxx                
 -9.993  -9.979  -0.818  -0.758  -0.720  -0.704  -0.669  -0.587
  0 xxx   0 xxx   1 Ag    0 xxx   0 xxx   1 Bu    0 xxx   0 xxx                
 -0.561  -0.534  -0.509  -0.463  -0.441  -0.411  -0.400  -0.397
  0 xxx   0 xxx   0 xxx   0 xxx   0 xxx   0 xxx   0 xxx   0 xxx                
 -0.376  -0.357  -0.348  -0.331  -0.306  -0.295  -0.278  -0.265
  0 xxx   0 xxx   0 xxx   1 Au    0 xxx   2 Ag    0 xxx   0 xxx                
 -0.216  -0.198  -0.158
  0 xxx   1 Bg    0 xxx                                                        
 -- Virtual --                   
  0.048   0.091   0.116   0.183   0.281   0.315   0.330   0.364
  0 xxx   2 Au    0 xxx   0 xxx   2 Bg    0 xxx   0 xxx   0 xxx                
  0.373   0.402   0.420   0.428   0.444   0.470   0.498   0.538
  0 xxx   0 xxx   0 xxx   0 xxx   0 xxx   0 xxx   0 xxx   0 xxx                
  0.570   0.587   0.610   0.623   0.650   0.692   0.744   0.807
  0 xxx   3 Ag    2 Bu    0 xxx   0 xxx   0 xxx   0 xxx   0 xxx                
  0.816
  3 Bu                                                                         
 --------------------------------------------------------------
 
          Ground-State Mulliken Net Atomic Charges

     Atom                 Charge (a.u.)
  ----------------------------------------
      1 C                    -0.009436
      2 C                    -0.079737
      3 C                    -0.075469
      4 C                     0.001223
      5 C                    -0.078743
      6 C                    -0.078958
      7 H                     0.075542
      8 H                     0.085864
      9 H                     0.081992
     10 H                     0.073578
     11 C                    -0.076519
     12 C                    -0.148339
     13 H                     0.082925
     14 H                     0.092247
     15 H                     0.079435
     16 C                    -0.074070
     17 C                    -0.164385
     18 H                     0.074699
     19 H                     0.064474
     20 H                     0.073679
  ----------------------------------------
  Sum of atomic charges =     0.000000

 -----------------------------------------------------------------
                    Cartesian Multipole Moments
 -----------------------------------------------------------------
    Charge (ESU x 10^10)
                -0.0000
    Dipole Moment (Debye)
         X      -1.2203      Y       0.0783      Z       0.0000
       Tot       1.2228
    Quadrupole Moments (Debye-Ang)
        XX     -50.9633     XY      -0.1104     YY     -50.1445
        XZ      -0.0000     YZ      -0.0000     ZZ     -58.5741
    Octopole Moments (Debye-Ang^2)
       XXX     -20.7953    XXY       1.1859    XYY      -1.1296
       YYY      -0.0560    XXZ       0.0000    XYZ       0.0000
       YYZ       0.0000    XZZ      -0.4047    YZZ       0.0444
       ZZZ       0.0000
    Hexadecapole Moments (Debye-Ang^3)
      XXXX   -1811.1726   XXXY       0.5106   XXYY    -358.4249
      XYYY       3.4706   YYYY    -329.5829   XXXZ      -0.0000
      XXYZ       0.0000   XYYZ      -0.0000   YYYZ       0.0000
      XXZZ    -356.7083   XYZZ      -0.0671   YYZZ     -72.1357
      XZZZ      -0.0000   YZZZ       0.0000   ZZZZ     -47.5453
 -----------------------------------------------------------------
 Calculating analytic gradient of the SCF energy
 Gradient of SCF Energy
            1           2           3           4           5           6
    1  -0.0501098   0.0057353  -0.0020647   0.0517141  -0.0071132   0.0009670
    2  -0.0087338  -0.0190923  -0.0202235   0.0086185   0.0193474   0.0194610
    3  -0.0000000  -0.0000000   0.0000000   0.0000000  -0.0000000  -0.0000000
            7           8           9          10          11          12
    1  -0.0001533  -0.0031630   0.0004438   0.0035162  -0.0388913   0.0224816
    2   0.0011619   0.0014583  -0.0012685  -0.0013780   0.0057266  -0.0134293
    3  -0.0000000   0.0000000  -0.0000000   0.0000000  -0.0000000   0.0000000
           13          14          15          16          17          18
    1   0.0028502  -0.0011071   0.0003463   0.0405187  -0.0244248  -0.0031479
    2   0.0001294   0.0021509   0.0024073  -0.0036097   0.0131474  -0.0005396
    3  -0.0000000   0.0000000  -0.0000000   0.0000000   0.0000000  -0.0000000
           19          20
    1   0.0017597  -0.0001576
    2  -0.0018787  -0.0034552
    3  -0.0000000  -0.0000000
 Max gradient component =       5.171E-02
 RMS gradient           =       1.396E-02
 Gradient time:  CPU 0.98 s  wall 1.02 s
 Guess MOs from SCF MO coefficient file

 -----------------------------------------------------------------------
  General SCF calculation program by
  Eric Jon Sundstrom, Paul Horn, Yuezhi Mao, Dmitri Zuev, Alec White,
  David Stuck, Shaama M.S., Shane Yost, Joonho Lee, David Small,
  Daniel Levine, Susi Lehtola, Hugh Burton, Evgeny Epifanovsky,
  Bang C. Huynh
 -----------------------------------------------------------------------
 Exchange:     0.2000 Hartree-Fock + 0.0800 Slater + 0.7200 B88
 Correlation:  0.1900 VWN1RPA + 0.8100 LYP
 Using SG-1 standard quadrature grid
 A restricted SCF calculation will be
 performed using DIIS
 SCF converges when DIIS error is below 1.0e-08
 User-specified cutoff of 10e-12
 used for neglect of 2-electron integrals.
 A cutoff of 10e-12
 used for neglect of overlap integrals.
 Incremental Fock algorithm is on at the start.
 ---------------------------------------
  Cycle       Energy         DIIS error
 ---------------------------------------
    1    -382.2994508243      7.53e-04  
    2    -382.2998369381      8.59e-04  
    3    -382.3003337126      2.06e-04  
    4    -382.3003570743      5.60e-05  
    5    -382.3003587040      2.04e-05  
    6    -382.3003589457      6.54e-06  
    7    -382.3003589679      2.05e-06  
    8    -382.3003589704      6.24e-07  
    9    -382.3003589706      1.03e-07  
   10    -382.3003589706      2.10e-08  
   11    -382.3003589706      4.46e-09  Convergence criterion met
 ---------------------------------------
 SCF time:   CPU 2.38s  wall 2.00s 
 SCF   energy =  -382.30035897
 Total energy =  -382.30035897
 Integrated density by DFT XC:
   Number of electrons = 70
   Numerical integral  =    70.000417700687
   Relative error      =     0.0005967153 %
 
 --------------------------------------------------------------
             Orbital Energies (a.u.) and Symmetries
 --------------------------------------------------------------
 
 Alpha MOs, Restricted
 -- Occupied --                  
-10.018 -10.018 -10.008 -10.008 -10.007 -10.007 -10.006 -10.005
  1 Bu    1 Ag    2 Bu    2 Ag    3 Bu    3 Ag    4 Bu    4 Ag                 
 -9.992  -9.992  -0.818  -0.755  -0.721  -0.704  -0.670  -0.585
  5 Ag    5 Bu    6 Ag    6 Bu    7 Ag    7 Bu    8 Bu    8 Ag                 
 -0.561  -0.532  -0.512  -0.462  -0.439  -0.410  -0.400  -0.397
  9 Ag    9 Bu   10 Ag   11 Ag   10 Bu   11 Bu   12 Bu   12 Ag                 
 -0.376  -0.358  -0.349  -0.330  -0.305  -0.295  -0.281  -0.263
 13 Bu   14 Bu   13 Ag    1 Au   15 Bu   14 Ag   15 Ag    1 Bg                 
 -0.216  -0.198  -0.160
  2 Au    2 Bg    3 Bg                                                         
 -- Virtual --                   
  0.050   0.091   0.116   0.181   0.280   0.319   0.330   0.365
  3 Au    4 Au    4 Bg    5 Au    5 Bg   16 Ag   16 Bu   17 Bu                 
  0.370   0.413   0.416   0.422   0.446   0.469   0.496   0.539
 17 Ag   18 Bu   18 Ag   19 Bu   19 Ag   20 Bu   20 Ag   21 Ag                 
  0.571   0.587   0.610   0.627   0.646   0.693   0.743   0.806
 21 Bu   22 Ag   22 Bu   23 Bu   23 Ag   24 Ag   24 Bu   25 Ag                 
  0.816
 25 Bu                                                                         
 
 Beta MOs, Restricted
 -- Occupied --                  
-10.018 -10.018 -10.008 -10.008 -10.007 -10.007 -10.006 -10.005
  1 Bu    1 Ag    2 Bu    2 Ag    3 Bu    3 Ag    4 Bu    4 Ag                 
 -9.992  -9.992  -0.818  -0.755  -0.721  -0.704  -0.670  -0.585
  5 Ag    5 Bu    6 Ag    6 Bu    7 Ag    7 Bu    8 Bu    8 Ag                 
 -0.561  -0.532  -0.512  -0.462  -0.439  -0.410  -0.400  -0.397
  9 Ag    9 Bu   10 Ag   11 Ag   10 Bu   11 Bu   12 Bu   12 Ag                 
 -0.376  -0.358  -0.349  -0.330  -0.305  -0.295  -0.281  -0.263
 13 Bu   14 Bu   13 Ag    1 Au   15 Bu   14 Ag   15 Ag    1 Bg                 
 -0.216  -0.198  -0.160
  2 Au    2 Bg    3 Bg                                                         
 -- Virtual --                   
  0.050   0.091   0.116   0.181   0.280   0.319   0.330   0.365
  3 Au    4 Au    4 Bg    5 Au    5 Bg   16 Ag   16 Bu   17 Bu                 
  0.370   0.413   0.416   0.422   0.446   0.469   0.496   0.539
 17 Ag   18 Bu   18 Ag   19 Bu   19 Ag   20 Bu   20 Ag   21 Ag                 
  0.571   0.587   0.610   0.627   0.646   0.693   0.743   0.806
 21 Bu   22 Ag   22 Bu   23 Bu   23 Ag   24 Ag   24 Bu   25 Ag                 
  0.816
 25 Bu                                                                         
 --------------------------------------------------------------
 
          Ground-State Mulliken Net Atomic Charges

     Atom                 Charge (a.u.)
  ----------------------------------------
      1 C                    -0.004104
      2 C                    -0.079244
      3 C                    -0.077213
      4 C                    -0.004104
      5 C                    -0.079244
      6 C                    -0.077213
      7 H                     0.078761
      8 H                     0.079722
      9 H                     0.078761
     10 H                     0.079722
     11 C                    -0.075268
     12 C                    -0.156380
     13 H                     0.078811
     14 H                     0.078363
     15 H                     0.076553
     16 C                    -0.075268
     17 C                    -0.156380
     18 H                     0.078811
     19 H                     0.078363
     20 H                     0.076553
  ----------------------------------------
  Sum of atomic charges =     0.000000

 -----------------------------------------------------------------
                    Cartesian Multipole Moments
 -----------------------------------------------------------------
    Charge (ESU x 10^10)
                -0.0000
    Dipole Moment (Debye)
         X      -0.0000      Y       0.0000      Z      -0.0000
       Tot       0.0000
    Quadrupole Moments (Debye-Ang)
        XX     -50.9644     XY      -0.1107     YY     -50.1432
        XZ      -0.0000     YZ      -0.0000     ZZ     -58.5742
    Octopole Moments (Debye-Ang^2)
       XXX      -0.0000    XXY       0.0000    XYY       0.0000
       YYY       0.0000    XXZ      -0.0000    XYZ      -0.0000
       YYZ      -0.0000    XZZ      -0.0000    YZZ       0.0000
       ZZZ      -0.0000
    Hexadecapole Moments (Debye-Ang^3)
      XXXX   -1811.1626   XXXY       0.4958   XXYY    -358.4243
      XYYY       3.4692   YYYY    -329.5792   XXXZ      -0.0000
      XXYZ       0.0000   XYYZ      -0.0000   YYYZ       0.0000
      XXZZ    -356.7119   XYZZ      -0.0670   YYZZ     -72.1347
      XZZZ      -0.0000   YZZZ       0.0000   ZZZZ     -47.5456
 -----------------------------------------------------------------
 Calculating analytic gradient of the SCF energy
 Gradient of SCF Energy
            1           2           3           4           5           6
    1  -0.0505530   0.0062279  -0.0013689   0.0505530  -0.0062279   0.0013689
    2  -0.0086123  -0.0191347  -0.0196977   0.0086123   0.0191347   0.0196977
    3   0.0000000   0.0000000  -0.0000000   0.0000000  -0.0000000  -0.0000000
            7           8           9          10          11          12
    1  -0.0002891  -0.0033626   0.0002891   0.0033626  -0.0393764   0.0233333
    2   0.0012182   0.0014272  -0.0012182  -0.0014271   0.0045812  -0.0131542
    3  -0.0000000  -0.0000000  -0.0000000   0.0000000  -0.0000000   0.0000000
           13          14          15          16          17          18
    1   0.0029906  -0.0015190   0.0002414   0.0393764  -0.0233333  -0.0029906
    2   0.0003259   0.0020087   0.0029373  -0.0045812   0.0131542  -0.0003259
    3  -0.0000000   0.0000000   0.0000000   0.0000000   0.0000000  -0.0000000
           19          20
    1   0.0015190  -0.0002414
    2  -0.0020087  -0.0029373
    3  -0.0000000  -0.0000000
 Max gradient component =       5.055E-02
 RMS gradient           =       1.385E-02
 Gradient time:  CPU 0.97 s  wall 1.01 s
 Applying Cartesian multipole field
    Component          Value
    ---------          -----
     (1,0,0)        1.88973E-03
     (0,1,0)        1.88973E-03
 Guess MOs from SCF MO coefficient file

 -----------------------------------------------------------------------
  General SCF calculation program by
  Eric Jon Sundstrom, Paul Horn, Yuezhi Mao, Dmitri Zuev, Alec White,
  David Stuck, Shaama M.S., Shane Yost, Joonho Lee, David Small,
  Daniel Levine, Susi Lehtola, Hugh Burton, Evgeny Epifanovsky,
  Bang C. Huynh
 -----------------------------------------------------------------------
 Exchange:     0.2000 Hartree-Fock + 0.0800 Slater + 0.7200 B88
 Correlation:  0.1900 VWN1RPA + 0.8100 LYP
 Using SG-1 standard quadrature grid
 A restricted SCF calculation will be
 performed using DIIS
 SCF converges when DIIS error is below 1.0e-08
 User-specified cutoff of 10e-12
 used for neglect of 2-electron integrals.
 A cutoff of 10e-12
 used for neglect of overlap integrals.
 Incremental Fock algorithm is on at the start.
 ---------------------------------------
  Cycle       Energy         DIIS error
 ---------------------------------------
    1    -382.3003589706      4.99e-04  
    2    -382.3004945459      4.98e-04  
    3    -382.3006561188      1.88e-04  
    4    -382.3006765728      4.93e-05  
    5    -382.3006778206      1.70e-05  
    6    -382.3006779778      2.32e-06  
    7    -382.3006779812      5.16e-07  
    8    -382.3006779813      3.18e-07  
    9    -382.3006779813      3.83e-08  
   10    -382.3006779813      2.88e-08  
   11    -382.3006779813      3.64e-09  Convergence criterion met
 ---------------------------------------
 SCF time:   CPU 2.36s  wall 3.00s 
 SCF   energy =  -382.30067798
 Total energy =  -382.30067798
 Integrated density by DFT XC:
   Number of electrons = 70
   Numerical integral  =    70.000417720264
   Relative error      =     0.0005967432 %
 
 --------------------------------------------------------------
             Orbital Energies (a.u.) and Symmetries
 --------------------------------------------------------------
 Warning : Irrep of orbital(   1) could not be determined
 Warning : Irrep of orbital(   2) could not be determined
 Warning : Irrep of orbital(   3) could not be determined
 Warning : Irrep of orbital(   4) could not be determined
 Warning : Irrep of orbital(   5) could not be determined
 Warning : Irrep of orbital(   6) could not be determined
 Warning : Irrep of orbital(   7) could not be determined
 Warning : Irrep of orbital(   8) could not be determined
 Warning : Irrep of orbital(   9) could not be determined
 Warning : Irrep of orbital(  10) could not be determined
 Warning : Irrep of orbital(  12) could not be determined
 Warning : Irrep of orbital(  13) could not be determined
 Warning : Irrep of orbital(  18) could not be determined
 Warning : Irrep of orbital(  19) could not be determined
 Warning : Irrep of orbital(  20) could not be determined
 Warning : Irrep of orbital(  21) could not be determined
 Warning : Irrep of orbital(  22) could not be determined
 Warning : Irrep of orbital(  24) could not be determined
 Warning : Irrep of orbital(  26) could not be determined
 Warning : Irrep of orbital(  27) could not be determined
 Warning : Irrep of orbital(  29) could not be determined
 Warning : Irrep of orbital(  31) could not be determined
 Warning : Irrep of orbital(  32) could not be determined
 Warning : Irrep of orbital(  33) could not be determined
 Warning : Irrep of orbital(  38) could not be determined
 Warning : Irrep of orbital(  41) could not be determined
 Warning : Irrep of orbital(  42) could not be determined
 Warning : Irrep of orbital(  43) could not be determined
 Warning : Irrep of orbital(  44) could not be determined
 Warning : Irrep of orbital(  45) could not be determined
 Warning : Irrep of orbital(  46) could not be determined
 Warning : Irrep of orbital(  47) could not be determined
 Warning : Irrep of orbital(  48) could not be determined
 Warning : Irrep of orbital(  49) could not be determined
 Warning : Irrep of orbital(  50) could not be determined
 Warning : Irrep of orbital(  55) could not be determined
 Warning : Irrep of orbital(  56) could not be determined
 Warning : Irrep of orbital(  57) could not be determined
 Warning : Irrep of orbital(  58) could not be determined
 
 Alpha MOs, Restricted
 -- Occupied --                  
-10.019 -10.017 -10.015 -10.008 -10.006 -10.005 -10.005 -10.000
  0 xxx   0 xxx   0 xxx   0 xxx   0 xxx   0 xxx   0 xxx   0 xxx                
 -9.999  -9.985  -0.818  -0.756  -0.720  -0.704  -0.670  -0.585
  0 xxx   0 xxx   1 Ag    0 xxx   0 xxx   1 Bu    2 Bu    2 Ag                 
 -0.561  -0.533  -0.511  -0.462  -0.439  -0.411  -0.400  -0.397
  3 Ag    0 xxx   0 xxx   0 xxx   0 xxx   0 xxx   3 Bu    0 xxx                
 -0.375  -0.358  -0.348  -0.330  -0.306  -0.295  -0.280  -0.264
  4 Bu    0 xxx   0 xxx   1 Au    0 xxx   4 Ag    0 xxx   0 xxx                
 -0.216  -0.198  -0.160
  0 xxx   1 Bg    2 Bg                                                         
 -- Virtual --                   
  0.049   0.091   0.116   0.182   0.280   0.317   0.331   0.365
  2 Au    3 Au    0 xxx   4 Au    3 Bg    0 xxx   0 xxx   0 xxx                
  0.371   0.408   0.418   0.425   0.445   0.469   0.496   0.539
  0 xxx   0 xxx   0 xxx   0 xxx   0 xxx   0 xxx   0 xxx   5 Ag                 
  0.571   0.587   0.610   0.625   0.647   0.693   0.743   0.806
  5 Bu    6 Ag    6 Bu    0 xxx   0 xxx   0 xxx   0 xxx   7 Ag                 
  0.816
  7 Bu                                                                         
 
 Beta MOs, Restricted
 -- Occupied --                  
-10.019 -10.017 -10.015 -10.008 -10.006 -10.005 -10.005 -10.000
  0 xxx   0 xxx   0 xxx   0 xxx   0 xxx   0 xxx   0 xxx   0 xxx                
 -9.999  -9.985  -0.818  -0.756  -0.720  -0.704  -0.670  -0.585
  0 xxx   0 xxx   1 Ag    0 xxx   0 xxx   1 Bu    2 Bu    2 Ag                 
 -0.561  -0.533  -0.511  -0.462  -0.439  -0.411  -0.400  -0.397
  3 Ag    0 xxx   0 xxx   0 xxx   0 xxx   0 xxx   3 Bu    0 xxx                
 -0.375  -0.358  -0.348  -0.330  -0.306  -0.295  -0.280  -0.264
  4 Bu    0 xxx   0 xxx   1 Au    0 xxx   4 Ag    0 xxx   0 xxx                
 -0.216  -0.198  -0.160
  0 xxx   1 Bg    2 Bg                                                         
 -- Virtual --                   
  0.049   0.091   0.116   0.182   0.280   0.317   0.331   0.365
  2 Au    3 Au    0 xxx   4 Au    3 Bg    0 xxx   0 xxx   0 xxx                
  0.371   0.408   0.418   0.425   0.445   0.469   0.496   0.539
  0 xxx   0 xxx   0 xxx   0 xxx   0 xxx   0 xxx   0 xxx   5 Ag                 
  0.571   0.587   0.610   0.625   0.647   0.693   0.743   0.806
  5 Bu    6 Ag    6 Bu    0 xxx   0 xxx   0 xxx   0 xxx   7 Ag                 
  0.816
  7 Bu                                                                         
 --------------------------------------------------------------
 
          Ground-State Mulliken Net Atomic Charges

     Atom                 Charge (a.u.)
  ----------------------------------------
      1 C                    -0.007130
      2 C                    -0.081539
      3 C                    -0.077858
      4 C                    -0.001078
      5 C                    -0.076942
      6 C                    -0.076572
      7 H                     0.071897
      8 H                     0.078965
      9 H                     0.085626
     10 H                     0.080481
     11 C                    -0.074620
     12 C                    -0.153586
     13 H                     0.085327
     14 H                     0.085375
     15 H                     0.073781
     16 C                    -0.075928
     17 C                    -0.159168
     18 H                     0.072294
     19 H                     0.071350
     20 H                     0.079324
  ----------------------------------------
  Sum of atomic charges =     0.000000

 -----------------------------------------------------------------
                    Cartesian Multipole Moments
 -----------------------------------------------------------------
    Charge (ESU x 10^10)
                -0.0000
    Dipole Moment (Debye)
         X      -0.5701      Y      -0.2882      Z       0.0000
       Tot       0.6388
    Quadrupole Moments (Debye-Ang)
        XX     -50.9645     XY      -0.1107     YY     -50.1438
        XZ       0.0000     YZ      -0.0000     ZZ     -58.5742
    Octopole Moments (Debye-Ang^2)
       XXX      -9.3353    XXY      -1.0658    XYY      -0.6350
       YYY      -1.3603    XXZ      -0.0000    XYZ      -0.0000
       YYZ       0.0000    XZZ      -0.1826    YZZ      -0.0696
       ZZZ       0.0000
    Hexadecapole Moments (Debye-Ang^3)
      XXXX   -1811.1721   XXXY       0.5005   XXYY    -358.4263
      XYYY       3.4683   YYYY    -329.5824   XXXZ      -0.0000
      XXYZ       0.0000   XYYZ      -0.0000   YYYZ       0.0000
      XXZZ    -356.7115   XYZZ      -0.0670   YYZZ     -72.1350
      XZZZ      -0.0000   YZZZ       0.0000   ZZZZ     -47.5455
 -----------------------------------------------------------------
 Calculating analytic gradient of the SCF energy
 Gradient of SCF Energy
            1           2           3           4           5           6
    1  -0.0502368   0.0060562  -0.0018518   0.0510456  -0.0064943   0.0009582
    2  -0.0089814  -0.0190109  -0.0200143   0.0082742   0.0193044   0.0194544
    3  -0.0000000   0.0000000  -0.0000000   0.0000000   0.0000000   0.0000000
            7           8           9          10          11          12
    1  -0.0002557  -0.0032440   0.0003453   0.0034793  -0.0389826   0.0229577
    2   0.0012899   0.0015739  -0.0011078  -0.0012778   0.0051214  -0.0133773
    3   0.0000000  -0.0000000  -0.0000000   0.0000000  -0.0000000  -0.0000000
           13          14          15          16          17          18
    1   0.0029527  -0.0014212   0.0002426   0.0399189  -0.0237605  -0.0030548
    2   0.0003127   0.0021615   0.0027427  -0.0040673   0.0129795  -0.0003768
    3  -0.0000000  -0.0000000   0.0000000   0.0000000  -0.0000000  -0.0000000
           19          20
    1   0.0015756  -0.0002305
    2  -0.0018783  -0.0031226
    3  -0.0000000  -0.0000000
 Max gradient component =       5.105E-02
 RMS gradient           =       1.387E-02
 Gradient time:  CPU 0.96 s  wall 0.99 s
 Applying Cartesian multipole field
    Component          Value
    ---------          -----
     (1,0,0)        1.88973E-03
     (0,1,0)       -1.88973E-03
 Guess MOs from SCF MO coefficient file

 -----------------------------------------------------------------------
  General SCF calculation program by
  Eric Jon Sundstrom, Paul Horn, Yuezhi Mao, Dmitri Zuev, Alec White,
  David Stuck, Shaama M.S., Shane Yost, Joonho Lee, David Small,
  Daniel Levine, Susi Lehtola, Hugh Burton, Evgeny Epifanovsky,
  Bang C. Huynh
 -----------------------------------------------------------------------
 Exchange:     0.2000 Hartree-Fock + 0.0800 Slater + 0.7200 B88
 Correlation:  0.1900 VWN1RPA + 0.8100 LYP
 Using SG-1 standard quadrature grid
 A restricted SCF calculation will be
 performed using DIIS
 SCF converges when DIIS error is below 1.0e-08
 User-specified cutoff of 10e-12
 used for neglect of 2-electron integrals.
 A cutoff of 10e-12
 used for neglect of overlap integrals.
 Incremental Fock algorithm is on at the start.
 ---------------------------------------
  Cycle       Energy         DIIS error
 ---------------------------------------
    1    -382.3002494283      7.18e-04  
    2    -382.3001536831      9.22e-04  
    3    -382.3007051721      2.32e-04  
    4    -382.3007346936      5.15e-05  
    5    -382.3007362388      6.19e-06  
    6    -382.3007362602      1.92e-06  
    7    -382.3007362623      7.22e-07  
    8    -382.3007362626      1.14e-07  
    9    -382.3007362626      2.14e-08  
   10    -382.3007362626      8.14e-09  Convergence criterion met
 ---------------------------------------
 SCF time:   CPU 2.19s  wall 2.00s 
 SCF   energy =  -382.30073626
 Total energy =  -382.30073626
 Integrated density by DFT XC:
   Number of electrons = 70
   Numerical integral  =    70.000417717960
   Relative error      =     0.0005967399 %
 
 --------------------------------------------------------------
             Orbital Energies (a.u.) and Symmetries
 --------------------------------------------------------------
 Warning : Irrep of orbital(   1) could not be determined
 Warning : Irrep of orbital(   2) could not be determined
 Warning : Irrep of orbital(   3) could not be determined
 Warning : Irrep of orbital(   4) could not be determined
 Warning : Irrep of orbital(   5) could not be determined
 Warning : Irrep of orbital(   6) could not be determined
 Warning : Irrep of orbital(   7) could not be determined
 Warning : Irrep of orbital(   8) could not be determined
 Warning : Irrep of orbital(   9) could not be determined
 Warning : Irrep of orbital(  10) could not be determined
 Warning : Irrep of orbital(  12) could not be determined
 Warning : Irrep of orbital(  13) could not be determined
 Warning : Irrep of orbital(  18) could not be determined
 Warning : Irrep of orbital(  19) could not be determined
 Warning : Irrep of orbital(  20) could not be determined
 Warning : Irrep of orbital(  21) could not be determined
 Warning : Irrep of orbital(  23) could not be determined
 Warning : Irrep of orbital(  24) could not be determined
 Warning : Irrep of orbital(  26) could not be determined
 Warning : Irrep of orbital(  27) could not be determined
 Warning : Irrep of orbital(  29) could not be determined
 Warning : Irrep of orbital(  31) could not be determined
 Warning : Irrep of orbital(  32) could not be determined
 Warning : Irrep of orbital(  33) could not be determined
 Warning : Irrep of orbital(  41) could not be determined
 Warning : Irrep of orbital(  42) could not be determined
 Warning : Irrep of orbital(  43) could not be determined
 Warning : Irrep of orbital(  44) could not be determined
 Warning : Irrep of orbital(  45) could not be determined
 Warning : Irrep of orbital(  46) could not be determined
 Warning : Irrep of orbital(  47) could not be determined
 Warning : Irrep of orbital(  48) could not be determined
 Warning : Irrep of orbital(  49) could not be determined
 Warning : Irrep of orbital(  50) could not be determined
 Warning : Irrep of orbital(  55) could not be determined
 Warning : Irrep of orbital(  56) could not be determined
 
 Alpha MOs, Restricted
 -- Occupied --                  
-10.019 -10.017 -10.014 -10.008 -10.007 -10.006 -10.004 -10.001
  0 xxx   0 xxx   0 xxx   0 xxx   0 xxx   0 xxx   0 xxx   0 xxx                
 -9.998  -9.986  -0.818  -0.756  -0.720  -0.704  -0.670  -0.585
  0 xxx   0 xxx   1 Ag    0 xxx   0 xxx   1 Bu    2 Bu    2 Ag                 
 -0.561  -0.532  -0.511  -0.462  -0.439  -0.410  -0.400  -0.397
  3 Ag    0 xxx   0 xxx   0 xxx   0 xxx   3 Bu    0 xxx   0 xxx                
 -0.376  -0.357  -0.349  -0.330  -0.305  -0.295  -0.280  -0.264
  4 Bu    0 xxx   0 xxx   1 Au    0 xxx   4 Ag    0 xxx   0 xxx                
 -0.216  -0.197  -0.160
  0 xxx   1 Bg    2 Bg                                                         
 -- Virtual --                   
  0.049   0.091   0.116   0.182   0.280   0.318   0.329   0.365
  2 Au    3 Au    3 Bg    4 Au    4 Bg    0 xxx   0 xxx   0 xxx                
  0.372   0.408   0.420   0.422   0.445   0.469   0.497   0.539
  0 xxx   0 xxx   0 xxx   0 xxx   0 xxx   0 xxx   0 xxx   5 Ag                 
  0.570   0.587   0.610   0.625   0.647   0.693   0.743   0.806
  5 Bu    6 Ag    6 Bu    0 xxx   0 xxx   7 Ag    7 Bu    8 Ag                 
  0.816
  8 Bu                                                                         
 
 Beta MOs, Restricted
 -- Occupied --                  
-10.019 -10.017 -10.014 -10.008 -10.007 -10.006 -10.004 -10.001
  0 xxx   0 xxx   0 xxx   0 xxx   0 xxx   0 xxx   0 xxx   0 xxx                
 -9.998  -9.986  -0.818  -0.756  -0.720  -0.704  -0.670  -0.585
  0 xxx   0 xxx   1 Ag    0 xxx   0 xxx   1 Bu    2 Bu    2 Ag                 
 -0.561  -0.532  -0.511  -0.462  -0.439  -0.410  -0.400  -0.397
  3 Ag    0 xxx   0 xxx   0 xxx   0 xxx   3 Bu    0 xxx   0 xxx                
 -0.376  -0.357  -0.349  -0.330  -0.305  -0.295  -0.280  -0.264
  4 Bu    0 xxx   0 xxx   1 Au    0 xxx   4 Ag    0 xxx   0 xxx                
 -0.216  -0.197  -0.160
  0 xxx   1 Bg    2 Bg                                                         
 -- Virtual --                   
  0.049   0.091   0.116   0.182   0.280   0.318   0.329   0.365
  2 Au    3 Au    3 Bg    4 Au    4 Bg    0 xxx   0 xxx   0 xxx                
  0.372   0.408   0.420   0.422   0.445   0.469   0.497   0.539
  0 xxx   0 xxx   0 xxx   0 xxx   0 xxx   0 xxx   0 xxx   5 Ag                 
  0.570   0.587   0.610   0.625   0.647   0.693   0.743   0.806
  5 Bu    6 Ag    6 Bu    0 xxx   0 xxx   7 Ag    7 Bu    8 Ag                 
  0.816
  8 Bu                                                                         
 --------------------------------------------------------------
 
          Ground-State Mulliken Net Atomic Charges

     Atom                 Charge (a.u.)
  ----------------------------------------
      1 C                    -0.006414
      2 C                    -0.077440
      3 C                    -0.074824
      4 C                    -0.001802
      5 C                    -0.081046
      6 C                    -0.079599
      7 H                     0.082401
      8 H                     0.086624
      9 H                     0.075124
     10 H                     0.072817
     11 C                    -0.077167
     12 C                    -0.151157
     13 H                     0.076401
     14 H                     0.085230
     15 H                     0.082195
     16 C                    -0.073383
     17 C                    -0.161594
     18 H                     0.081221
     19 H                     0.071497
     20 H                     0.070914
  ----------------------------------------
  Sum of atomic charges =     0.000000

 -----------------------------------------------------------------
                    Cartesian Multipole Moments
 -----------------------------------------------------------------
    Charge (ESU x 10^10)
                -0.0000
    Dipole Moment (Debye)
         X      -0.6485      Y       0.3666      Z      -0.0000
       Tot       0.7449
    Quadrupole Moments (Debye-Ang)
        XX     -50.9638     XY      -0.1106     YY     -50.1436
        XZ      -0.0000     YZ      -0.0000     ZZ     -58.5741
    Octopole Moments (Debye-Ang^2)
       XXX     -11.4340    XXY       2.2512    XYY      -0.4932
       YYY       1.3046    XXZ      -0.0000    XYZ      -0.0000
       YYZ       0.0000    XZZ      -0.2213    YZZ       0.1140
       ZZZ      -0.0000
    Hexadecapole Moments (Debye-Ang^3)
      XXXX   -1811.1527   XXXY       0.4992   XXYY    -358.4250
      XYYY       3.4701   YYYY    -329.5808   XXXZ      -0.0000
      XXYZ      -0.0000   XYYZ      -0.0000   YYYZ       0.0000
      XXZZ    -356.7105   XYZZ      -0.0671   YYZZ     -72.1349
      XZZZ      -0.0000   YZZZ       0.0000   ZZZZ     -47.5455
 -----------------------------------------------------------------
 Calculating analytic gradient of the SCF energy
 Gradient of SCF Energy
            1           2           3           4           5           6
    1  -0.0502437   0.0057997  -0.0014982   0.0510430  -0.0067414   0.0012921
    2  -0.0083295  -0.0191769  -0.0198316   0.0089239   0.0191372   0.0196296
    3  -0.0000000   0.0000000  -0.0000000   0.0000000  -0.0000000  -0.0000000
            7           8           9          10          11          12
    1  -0.0001853  -0.0032898   0.0003859   0.0034078  -0.0391212   0.0228006
    2   0.0010660   0.0013012  -0.0013551  -0.0015166   0.0051390  -0.0131365
    3  -0.0000000   0.0000000   0.0000000   0.0000000   0.0000000  -0.0000000
           13          14          15          16          17          18
    1   0.0028869  -0.0012482   0.0003407   0.0398142  -0.0239408  -0.0030838
    2   0.0001565   0.0019939   0.0025880  -0.0040774   0.0132524  -0.0005039
    3   0.0000000   0.0000000   0.0000000   0.0000000  -0.0000000  -0.0000000
           19          20
    1   0.0017450  -0.0001634
    2  -0.0020053  -0.0032548
    3  -0.0000000  -0.0000000
 Max gradient component =       5.104E-02
 RMS gradient           =       1.388E-02
 Gradient time:  CPU 0.97 s  wall 1.00 s
 Applying Cartesian multipole field
    Component          Value
    ---------          -----
     (1,0,0)        1.88973E-03
     (0,0,1)        1.88973E-03
 Guess MOs from SCF MO coefficient file

 -----------------------------------------------------------------------
  General SCF calculation program by
  Eric Jon Sundstrom, Paul Horn, Yuezhi Mao, Dmitri Zuev, Alec White,
  David Stuck, Shaama M.S., Shane Yost, Joonho Lee, David Small,
  Daniel Levine, Susi Lehtola, Hugh Burton, Evgeny Epifanovsky,
  Bang C. Huynh
 -----------------------------------------------------------------------
 Exchange:     0.2000 Hartree-Fock + 0.0800 Slater + 0.7200 B88
 Correlation:  0.1900 VWN1RPA + 0.8100 LYP
 Using SG-1 standard quadrature grid
 A restricted SCF calculation will be
 performed using DIIS
 SCF converges when DIIS error is below 1.0e-08
 User-specified cutoff of 10e-12
 used for neglect of 2-electron integrals.
 A cutoff of 10e-12
 used for neglect of overlap integrals.
 Incremental Fock algorithm is on at the start.
 ---------------------------------------
  Cycle       Energy         DIIS error
 ---------------------------------------
    1    -382.3004637054      3.83e-04  
    2    -382.3004588773      4.62e-04  
    3    -382.3005945723      1.37e-04  
    4    -382.3006050800      2.64e-05  
    5    -382.3006054851      3.78e-06  
    6    -382.3006054937      1.01e-06  
    7    -382.3006054942      5.07e-07  
    8    -382.3006054943      6.06e-08  
    9    -382.3006054943      1.48e-08  
   10    -382.3006054943      4.59e-09  Convergence criterion met
 ---------------------------------------
 SCF time:   CPU 2.16s  wall 2.00s 
 SCF   energy =  -382.30060549
 Total energy =  -382.30060549
 Integrated density by DFT XC:
   Number of electrons = 70
   Numerical integral  =    70.000417719834
   Relative error      =     0.0005967426 %
 
 --------------------------------------------------------------
             Orbital Energies (a.u.) and Symmetries
 --------------------------------------------------------------
 Warning : Irrep of orbital(   1) could not be determined
 Warning : Irrep of orbital(   2) could not be determined
 Warning : Irrep of orbital(   3) could not be determined
 Warning : Irrep of orbital(   4) could not be determined
 Warning : Irrep of orbital(   5) could not be determined
 Warning : Irrep of orbital(   6) could not be determined
 Warning : Irrep of orbital(   7) could not be determined
 Warning : Irrep of orbital(   8) could not be determined
 Warning : Irrep of orbital(   9) could not be determined
 Warning : Irrep of orbital(  10) could not be determined
 Warning : Irrep of orbital(  12) could not be determined
 Warning : Irrep of orbital(  13) could not be determined
 Warning : Irrep of orbital(  18) could not be determined
 Warning : Irrep of orbital(  19) could not be determined
 Warning : Irrep of orbital(  20) could not be determined
 Warning : Irrep of orbital(  21) could not be determined
 Warning : Irrep of orbital(  24) could not be determined
 Warning : Irrep of orbital(  26) could not be determined
 Warning : Irrep of orbital(  27) could not be determined
 Warning : Irrep of orbital(  29) could not be determined
 Warning : Irrep of orbital(  31) could not be determined
 Warning : Irrep of orbital(  32) could not be determined
 Warning : Irrep of orbital(  33) could not be determined
 Warning : Irrep of orbital(  38) could not be determined
 Warning : Irrep of orbital(  41) could not be determined
 Warning : Irrep of orbital(  42) could not be determined
 Warning : Irrep of orbital(  43) could not be determined
 Warning : Irrep of orbital(  44) could not be determined
 Warning : Irrep of orbital(  45) could not be determined
 Warning : Irrep of orbital(  46) could not be determined
 Warning : Irrep of orbital(  47) could not be determined
 Warning : Irrep of orbital(  48) could not be determined
 Warning : Irrep of orbital(  49) could not be determined
 Warning : Irrep of orbital(  50) could not be determined
 Warning : Irrep of orbital(  55) could not be determined
 Warning : Irrep of orbital(  56) could not be determined
 Warning : Irrep of orbital(  58) could not be determined
 
 Alpha MOs, Restricted
 -- Occupied --                  
-10.019 -10.017 -10.015 -10.007 -10.007 -10.006 -10.005 -10.000
  0 xxx   0 xxx   0 xxx   0 xxx   0 xxx   0 xxx   0 xxx   0 xxx                
 -9.999  -9.985  -0.818  -0.756  -0.720  -0.704  -0.670  -0.585
  0 xxx   0 xxx   1 Ag    0 xxx   0 xxx   1 Bu    2 Bu    2 Ag                 
 -0.561  -0.533  -0.511  -0.462  -0.439  -0.410  -0.400  -0.397
  3 Ag    0 xxx   0 xxx   0 xxx   0 xxx   3 Bu    4 Bu    0 xxx                
 -0.376  -0.358  -0.349  -0.330  -0.305  -0.295  -0.280  -0.264
  5 Bu    0 xxx   0 xxx   1 Au    0 xxx   4 Ag    0 xxx   0 xxx                
 -0.216  -0.198  -0.160
  0 xxx   1 Bg    2 Bg                                                         
 -- Virtual --                   
  0.049   0.091   0.116   0.182   0.280   0.318   0.330   0.365
  2 Au    3 Au    0 xxx   4 Au    3 Bg    0 xxx   0 xxx   0 xxx                
  0.371   0.408   0.419   0.423   0.445   0.469   0.496   0.539
  0 xxx   0 xxx   0 xxx   0 xxx   0 xxx   0 xxx   0 xxx   5 Ag                 
  0.571   0.587   0.610   0.625   0.647   0.693   0.743   0.806
  6 Bu    6 Ag    7 Bu    0 xxx   0 xxx   7 Ag    0 xxx   8 Ag                 
  0.816
  8 Bu                                                                         
 
 Beta MOs, Restricted
 -- Occupied --                  
-10.019 -10.017 -10.015 -10.007 -10.007 -10.006 -10.005 -10.000
  0 xxx   0 xxx   0 xxx   0 xxx   0 xxx   0 xxx   0 xxx   0 xxx                
 -9.999  -9.985  -0.818  -0.756  -0.720  -0.704  -0.670  -0.585
  0 xxx   0 xxx   1 Ag    0 xxx   0 xxx   1 Bu    2 Bu    2 Ag                 
 -0.561  -0.533  -0.511  -0.462  -0.439  -0.410  -0.400  -0.397
  3 Ag    0 xxx   0 xxx   0 xxx   0 xxx   3 Bu    4 Bu    0 xxx                
 -0.376  -0.358  -0.349  -0.330  -0.305  -0.295  -0.280  -0.264
  5 Bu    0 xxx   0 xxx   1 Au    0 xxx   4 Ag    0 xxx   0 xxx                
 -0.216  -0.198  -0.160
  0 xxx   1 Bg    2 Bg                                                         
 -- Virtual --                   
  0.049   0.091   0.116   0.182   0.280   0.318   0.330   0.365
  2 Au    3 Au    0 xxx   4 Au    3 Bg    0 xxx   0 xxx   0 xxx                
  0.371   0.408   0.419   0.423   0.445   0.469   0.496   0.539
  0 xxx   0 xxx   0 xxx   0 xxx   0 xxx   0 xxx   0 xxx   5 Ag                 
  0.571   0.587   0.610   0.625   0.647   0.693   0.743   0.806
  6 Bu    6 Ag    7 Bu    0 xxx   0 xxx   7 Ag    0 xxx   8 Ag                 
  0.816
  8 Bu                                                                         
 --------------------------------------------------------------
 
          Ground-State Mulliken Net Atomic Charges

     Atom                 Charge (a.u.)
  ----------------------------------------
      1 C                    -0.006772
      2 C                    -0.079491
      3 C                    -0.076341
      4 C                    -0.001439
      5 C                    -0.078996
      6 C                    -0.078086
      7 H                     0.077150
      8 H                     0.082795
      9 H                     0.080376
     10 H                     0.076650
     11 C                    -0.075894
     12 C                    -0.152371
     13 H                     0.080865
     14 H                     0.085302
     15 H                     0.077989
     16 C                    -0.074656
     17 C                    -0.160381
     18 H                     0.076759
     19 H                     0.071423
     20 H                     0.075119
  ----------------------------------------
  Sum of atomic charges =     0.000000

 -----------------------------------------------------------------
                    Cartesian Multipole Moments
 -----------------------------------------------------------------
    Charge (ESU x 10^10)
                -0.0000
    Dipole Moment (Debye)
         X      -0.6093      Y       0.0392      Z      -0.0540
       Tot       0.6129
    Quadrupole Moments (Debye-Ang)
        XX     -50.9641     XY      -0.1106     YY     -50.1435
        XZ       0.0005     YZ      -0.0001     ZZ     -58.5742
    Octopole Moments (Debye-Ang^2)
       XXX     -10.3849    XXY       0.5927    XYY      -0.5641
       YYY      -0.0279    XXZ      -0.3341    XYZ       0.0033
       YYZ      -0.0596    XZZ      -0.2020    YZZ       0.0222
       ZZZ      -0.0304
    Hexadecapole Moments (Debye-Ang^3)
      XXXX   -1811.1627   XXXY       0.4990   XXYY    -358.4241
      XYYY       3.4696   YYYY    -329.5798   XXXZ       0.0082
      XXYZ      -0.0010   XYYZ       0.0003   YYYZ      -0.0001
      XXZZ    -356.7111   XYZZ      -0.0671   YYZZ     -72.1350
      XZZZ       0.0004   YZZZ      -0.0001   ZZZZ     -47.5456
 -----------------------------------------------------------------
 Calculating analytic gradient of the SCF energy
 Gradient of SCF Energy
            1           2           3           4           5           6
    1  -0.0502405   0.0059315  -0.0016799   0.0510445  -0.0066214   0.0011302
    2  -0.0086562  -0.0190931  -0.0199248   0.0085998   0.0192201   0.0195437
    3   0.0000349  -0.0001742  -0.0001560   0.0000664  -0.0001764  -0.0001580
            7           8           9          10          11          12
    1  -0.0002189  -0.0032685   0.0003641   0.0034451  -0.0390512   0.0228781
    2   0.0011904   0.0014449  -0.0012439  -0.0014045   0.0051328  -0.0132590
    3   0.0001468   0.0001527   0.0001510   0.0001461  -0.0001656  -0.0003589
           13          14          15          16          17          18
    1   0.0029181  -0.0013345   0.0002911   0.0398658  -0.0238496  -0.0030677
    2   0.0002254   0.0020785   0.0026739  -0.0040749   0.0131180  -0.0004312
    3   0.0001622   0.0001813   0.0001812  -0.0001366  -0.0004058   0.0001538
           19          20
    1   0.0016602  -0.0001965
    2  -0.0019426  -0.0031973
    3   0.0001706   0.0001846
 Max gradient component =       5.104E-02
 RMS gradient           =       1.387E-02
 Gradient time:  CPU 0.97 s  wall 1.00 s
 Applying Cartesian multipole field
    Component          Value
    ---------          -----
     (1,0,0)        1.88973E-03
     (0,0,1)       -1.88973E-03
 Guess MOs from SCF MO coefficient file

 -----------------------------------------------------------------------
  General SCF calculation program by
  Eric Jon Sundstrom, Paul Horn, Yuezhi Mao, Dmitri Zuev, Alec White,
  David Stuck, Shaama M.S., Shane Yost, Joonho Lee, David Small,
  Daniel Levine, Susi Lehtola, Hugh Burton, Evgeny Epifanovsky,
  Bang C. Huynh
 -----------------------------------------------------------------------
 Exchange:     0.2000 Hartree-Fock + 0.0800 Slater + 0.7200 B88
 Correlation:  0.1900 VWN1RPA + 0.8100 LYP
 Using SG-1 standard quadrature grid
 A restricted SCF calculation will be
 performed using DIIS
 SCF converges when DIIS error is below 1.0e-08
 User-specified cutoff of 10e-12
 used for neglect of 2-electron integrals.
 A cutoff of 10e-12
 used for neglect of overlap integrals.
 Incremental Fock algorithm is on at the start.
 ---------------------------------------
  Cycle       Energy         DIIS error
 ---------------------------------------
    1    -382.3005251714      2.69e-04  
    2    -382.3006015671      6.39e-05  
    3    -382.3006054915      1.50e-06  
    4    -382.3006054943      2.44e-07  
    5    -382.3006054943      2.58e-07  
    6    -382.3006054943      6.04e-08  
    7    -382.3006054943      8.16e-09  Convergence criterion met
 ---------------------------------------
 SCF time:   CPU 1.54s  wall 2.00s 
 SCF   energy =  -382.30060549
 Total energy =  -382.30060549
 Integrated density by DFT XC:
   Number of electrons = 70
   Numerical integral  =    70.000417719832
   Relative error      =     0.0005967426 %
 
 --------------------------------------------------------------
             Orbital Energies (a.u.) and Symmetries
 --------------------------------------------------------------
 Warning : Irrep of orbital(   1) could not be determined
 Warning : Irrep of orbital(   2) could not be determined
 Warning : Irrep of orbital(   3) could not be determined
 Warning : Irrep of orbital(   4) could not be determined
 Warning : Irrep of orbital(   5) could not be determined
 Warning : Irrep of orbital(   6) could not be determined
 Warning : Irrep of orbital(   7) could not be determined
 Warning : Irrep of orbital(   8) could not be determined
 Warning : Irrep of orbital(   9) could not be determined
 Warning : Irrep of orbital(  10) could not be determined
 Warning : Irrep of orbital(  12) could not be determined
 Warning : Irrep of orbital(  13) could not be determined
 Warning : Irrep of orbital(  18) could not be determined
 Warning : Irrep of orbital(  19) could not be determined
 Warning : Irrep of orbital(  20) could not be determined
 Warning : Irrep of orbital(  21) could not be determined
 Warning : Irrep of orbital(  24) could not be determined
 Warning : Irrep of orbital(  26) could not be determined
 Warning : Irrep of orbital(  27) could not be determined
 Warning : Irrep of orbital(  29) could not be determined
 Warning : Irrep of orbital(  31) could not be determined
 Warning : Irrep of orbital(  32) could not be determined
 Warning : Irrep of orbital(  33) could not be determined
 Warning : Irrep of orbital(  38) could not be determined
 Warning : Irrep of orbital(  41) could not be determined
 Warning : Irrep of orbital(  42) could not be determined
 Warning : Irrep of orbital(  43) could not be determined
 Warning : Irrep of orbital(  44) could not be determined
 Warning : Irrep of orbital(  45) could not be determined
 Warning : Irrep of orbital(  46) could not be determined
 Warning : Irrep of orbital(  47) could not be determined
 Warning : Irrep of orbital(  48) could not be determined
 Warning : Irrep of orbital(  49) could not be determined
 Warning : Irrep of orbital(  50) could not be determined
 Warning : Irrep of orbital(  55) could not be determined
 Warning : Irrep of orbital(  56) could not be determined
 Warning : Irrep of orbital(  58) could not be determined
 
 Alpha MOs, Restricted
 -- Occupied --                  
-10.019 -10.017 -10.015 -10.007 -10.007 -10.006 -10.005 -10.000
  0 xxx   0 xxx   0 xxx   0 xxx   0 xxx   0 xxx   0 xxx   0 xxx                
 -9.999  -9.985  -0.818  -0.756  -0.720  -0.704  -0.670  -0.585
  0 xxx   0 xxx   1 Ag    0 xxx   0 xxx   1 Bu    2 Bu    2 Ag                 
 -0.561  -0.533  -0.511  -0.462  -0.439  -0.410  -0.400  -0.397
  3 Ag    0 xxx   0 xxx   0 xxx   0 xxx   3 Bu    4 Bu    0 xxx                
 -0.376  -0.358  -0.349  -0.330  -0.305  -0.295  -0.280  -0.264
  5 Bu    0 xxx   0 xxx   1 Au    0 xxx   4 Ag    0 xxx   0 xxx                
 -0.216  -0.198  -0.160
  0 xxx   1 Bg    2 Bg                                                         
 -- Virtual --                   
  0.049   0.091   0.116   0.182   0.280   0.318   0.330   0.365
  2 Au    3 Au    0 xxx   4 Au    3 Bg    0 xxx   0 xxx   0 xxx                
  0.371   0.408   0.419   0.423   0.445   0.469   0.496   0.539
  0 xxx   0 xxx   0 xxx   0 xxx   0 xxx   0 xxx   0 xxx   5 Ag                 
  0.571   0.587   0.610   0.625   0.647   0.693   0.743   0.806
  6 Bu    6 Ag    7 Bu    0 xxx   0 xxx   7 Ag    0 xxx   8 Ag                 
  0.816
  8 Bu                                                                         
 
 Beta MOs, Restricted
 -- Occupied --                  
-10.019 -10.017 -10.015 -10.007 -10.007 -10.006 -10.005 -10.000
  0 xxx   0 xxx   0 xxx   0 xxx   0 xxx   0 xxx   0 xxx   0 xxx                
 -9.999  -9.985  -0.818  -0.756  -0.720  -0.704  -0.670  -0.585
  0 xxx   0 xxx   1 Ag    0 xxx   0 xxx   1 Bu    2 Bu    2 Ag                 
 -0.561  -0.533  -0.511  -0.462  -0.439  -0.410  -0.400  -0.397
  3 Ag    0 xxx   0 xxx   0 xxx   0 xxx   3 Bu    4 Bu    0 xxx                
 -0.376  -0.358  -0.349  -0.330  -0.305  -0.295  -0.280  -0.264
  5 Bu    0 xxx   0 xxx   1 Au    0 xxx   4 Ag    0 xxx   0 xxx                
 -0.216  -0.198  -0.160
  0 xxx   1 Bg    2 Bg                                                         
 -- Virtual --                   
  0.049   0.091   0.116   0.182   0.280   0.318   0.330   0.365
  2 Au    3 Au    0 xxx   4 Au    3 Bg    0 xxx   0 xxx   0 xxx                
  0.371   0.408   0.419   0.423   0.445   0.469   0.496   0.539
  0 xxx   0 xxx   0 xxx   0 xxx   0 xxx   0 xxx   0 xxx   5 Ag                 
  0.571   0.587   0.610   0.625   0.647   0.693   0.743   0.806
  6 Bu    6 Ag    7 Bu    0 xxx   0 xxx   7 Ag    0 xxx   8 Ag                 
  0.816
  8 Bu                                                                         
 --------------------------------------------------------------
 
          Ground-State Mulliken Net Atomic Charges

     Atom                 Charge (a.u.)
  ----------------------------------------
      1 C                    -0.006772
      2 C                    -0.079491
      3 C                    -0.076341
      4 C                    -0.001439
      5 C                    -0.078996
      6 C                    -0.078086
      7 H                     0.077150
      8 H                     0.082795
      9 H                     0.080376
     10 H                     0.076650
     11 C                    -0.075894
     12 C                    -0.152371
     13 H                     0.080865
     14 H                     0.085302
     15 H                     0.077989
     16 C                    -0.074656
     17 C                    -0.160381
     18 H                     0.076759
     19 H                     0.071423
     20 H                     0.075119
  ----------------------------------------
  Sum of atomic charges =     0.000000

 -----------------------------------------------------------------
                    Cartesian Multipole Moments
 -----------------------------------------------------------------
    Charge (ESU x 10^10)
                -0.0000
    Dipole Moment (Debye)
         X      -0.6093      Y       0.0392      Z       0.0540
       Tot       0.6129
    Quadrupole Moments (Debye-Ang)
        XX     -50.9641     XY      -0.1106     YY     -50.1435
        XZ      -0.0005     YZ       0.0001     ZZ     -58.5742
    Octopole Moments (Debye-Ang^2)
       XXX     -10.3849    XXY       0.5927    XYY      -0.5641
       YYY      -0.0279    XXZ       0.3341    XYZ      -0.0033
       YYZ       0.0596    XZZ      -0.2020    YZZ       0.0222
       ZZZ       0.0304
    Hexadecapole Moments (Debye-Ang^3)
      XXXX   -1811.1628   XXXY       0.4990   XXYY    -358.4241
      XYYY       3.4696   YYYY    -329.5798   XXXZ      -0.0082
      XXYZ       0.0010   XYYZ      -0.0003   YYYZ       0.0001
      XXZZ    -356.7111   XYZZ      -0.0671   YYZZ     -72.1350
      XZZZ      -0.0004   YZZZ       0.0001   ZZZZ     -47.5456
 -----------------------------------------------------------------
 Calculating analytic gradient of the SCF energy
 Gradient of SCF Energy
            1           2           3           4           5           6
    1  -0.0502405   0.0059315  -0.0016799   0.0510445  -0.0066214   0.0011302
    2  -0.0086562  -0.0190931  -0.0199248   0.0085998   0.0192201   0.0195437
    3  -0.0000349   0.0001742   0.0001560  -0.0000664   0.0001764   0.0001580
            7           8           9          10          11          12
    1  -0.0002189  -0.0032685   0.0003641   0.0034451  -0.0390512   0.0228781
    2   0.0011904   0.0014449  -0.0012439  -0.0014045   0.0051328  -0.0132590
    3  -0.0001468  -0.0001527  -0.0001510  -0.0001461   0.0001656   0.0003589
           13          14          15          16          17          18
    1   0.0029181  -0.0013345   0.0002911   0.0398658  -0.0238496  -0.0030677
    2   0.0002254   0.0020785   0.0026739  -0.0040749   0.0131180  -0.0004312
    3  -0.0001622  -0.0001813  -0.0001812   0.0001366   0.0004058  -0.0001538
           19          20
    1   0.0016602  -0.0001965
    2  -0.0019426  -0.0031973
    3  -0.0001706  -0.0001846
 Max gradient component =       5.104E-02
 RMS gradient           =       1.387E-02
 Gradient time:  CPU 0.98 s  wall 1.01 s
 Applying Cartesian multipole field
    Component          Value
    ---------          -----
     (1,0,0)       -3.77945E-03
 Guess MOs from SCF MO coefficient file

 -----------------------------------------------------------------------
  General SCF calculation program by
  Eric Jon Sundstrom, Paul Horn, Yuezhi Mao, Dmitri Zuev, Alec White,
  David Stuck, Shaama M.S., Shane Yost, Joonho Lee, David Small,
  Daniel Levine, Susi Lehtola, Hugh Burton, Evgeny Epifanovsky,
  Bang C. Huynh
 -----------------------------------------------------------------------
 Exchange:     0.2000 Hartree-Fock + 0.0800 Slater + 0.7200 B88
 Correlation:  0.1900 VWN1RPA + 0.8100 LYP
 Using SG-1 standard quadrature grid
 A restricted SCF calculation will be
 performed using DIIS
 SCF converges when DIIS error is below 1.0e-08
 User-specified cutoff of 10e-12
 used for neglect of 2-electron integrals.
 A cutoff of 10e-12
 used for neglect of overlap integrals.
 Incremental Fock algorithm is on at the start.
 ---------------------------------------
  Cycle       Energy         DIIS error
 ---------------------------------------
    1    -382.2992063459      1.14e-03  
    2    -382.3000808299      1.29e-03  
    3    -382.3012065048      3.14e-04  
    4    -382.3012611914      8.32e-05  
    5    -382.3012648206      2.98e-05  
    6    -382.3012653304      9.97e-06  
    7    -382.3012653828      3.04e-06  
    8    -382.3012653883      9.49e-07  
    9    -382.3012653888      1.57e-07  
   10    -382.3012653888      3.25e-08  
   11    -382.3012653888      6.87e-09  Convergence criterion met
 ---------------------------------------
 SCF time:   CPU 2.38s  wall 2.00s 
 SCF   energy =  -382.30126539
 Total energy =  -382.30126539
 Integrated density by DFT XC:
   Number of electrons = 70
   Numerical integral  =    70.000417776939
   Relative error      =     0.0005968242 %
 
 --------------------------------------------------------------
             Orbital Energies (a.u.) and Symmetries
 --------------------------------------------------------------
 Warning : Irrep of orbital(   1) could not be determined
 Warning : Irrep of orbital(   2) could not be determined
 Warning : Irrep of orbital(   3) could not be determined
 Warning : Irrep of orbital(   4) could not be determined
 Warning : Irrep of orbital(   5) could not be determined
 Warning : Irrep of orbital(   6) could not be determined
 Warning : Irrep of orbital(   7) could not be determined
 Warning : Irrep of orbital(   8) could not be determined
 Warning : Irrep of orbital(   9) could not be determined
 Warning : Irrep of orbital(  10) could not be determined
 Warning : Irrep of orbital(  12) could not be determined
 Warning : Irrep of orbital(  13) could not be determined
 Warning : Irrep of orbital(  15) could not be determined
 Warning : Irrep of orbital(  16) could not be determined
 Warning : Irrep of orbital(  17) could not be determined
 Warning : Irrep of orbital(  18) could not be determined
 Warning : Irrep of orbital(  19) could not be determined
 Warning : Irrep of orbital(  20) could not be determined
 Warning : Irrep of orbital(  21) could not be determined
 Warning : Irrep of orbital(  22) could not be determined
 Warning : Irrep of orbital(  23) could not be determined
 Warning : Irrep of orbital(  24) could not be determined
 Warning : Irrep of orbital(  25) could not be determined
 Warning : Irrep of orbital(  26) could not be determined
 Warning : Irrep of orbital(  27) could not be determined
 Warning : Irrep of orbital(  29) could not be determined
 Warning : Irrep of orbital(  31) could not be determined
 Warning : Irrep of orbital(  32) could not be determined
 Warning : Irrep of orbital(  33) could not be determined
 Warning : Irrep of orbital(  35) could not be determined
 Warning : Irrep of orbital(  36) could not be determined
 Warning : Irrep of orbital(  38) could not be determined
 Warning : Irrep of orbital(  39) could not be determined
 Warning : Irrep of orbital(  41) could not be determined
 Warning : Irrep of orbital(  42) could not be determined
 Warning : Irrep of orbital(  43) could not be determined
 Warning : Irrep of orbital(  44) could not be determined
 Warning : Irrep of orbital(  45) could not be determined
 Warning : Irrep of orbital(  46) could not be determined
 Warning : Irrep of orbital(  47) could not be determined
 Warning : Irrep of orbital(  48) could not be determined
 Warning : Irrep of orbital(  49) could not be determined
 Warning : Irrep of orbital(  50) could not be determined
 Warning : Irrep of orbital(  51) could not be determined
 Warning : Irrep of orbital(  52) could not be determined
 Warning : Irrep of orbital(  55) could not be determined
 Warning : Irrep of orbital(  56) could not be determined
 Warning : Irrep of orbital(  57) could not be determined
 Warning : Irrep of orbital(  58) could not be determined
 Warning : Irrep of orbital(  59) could not be determined
 
 Alpha MOs, Restricted
 -- Occupied --                  
-10.022 -10.020 -10.016 -10.008 -10.008 -10.005 -10.005 -10.004
  0 xxx   0 xxx   0 xxx   0 xxx   0 xxx   0 xxx   0 xxx   0 xxx                
 -9.993  -9.979  -0.818  -0.758  -0.720  -0.704  -0.669  -0.587
  0 xxx   0 xxx   1 Ag    0 xxx   0 xxx   1 Bu    0 xxx   0 xxx                
 -0.561  -0.534  -0.509  -0.463  -0.441  -0.411  -0.400  -0.397
  0 xxx   0 xxx   0 xxx   0 xxx   0 xxx   0 xxx   0 xxx   0 xxx                
 -0.376  -0.357  -0.348  -0.331  -0.306  -0.295  -0.278  -0.265
  0 xxx   0 xxx   0 xxx   1 Au    0 xxx   2 Ag    0 xxx   0 xxx                
 -0.216  -0.198  -0.158
  0 xxx   1 Bg    0 xxx                                                        
 -- Virtual --                   
  0.048   0.091   0.116   0.183   0.281   0.315   0.330   0.364
  0 xxx   2 Au    0 xxx   0 xxx   2 Bg    0 xxx   0 xxx   0 xxx                
  0.373   0.402   0.420   0.428   0.444   0.470   0.498   0.538
  0 xxx   0 xxx   0 xxx   0 xxx   0 xxx   0 xxx   0 xxx   0 xxx                
  0.570   0.587   0.610   0.623   0.650   0.692   0.744   0.807
  0 xxx   3 Ag    2 Bu    0 xxx   0 xxx   0 xxx   0 xxx   0 xxx                
  0.816
  3 Bu                                                                         
 
 Beta MOs, Restricted
 -- Occupied --                  
-10.022 -10.020 -10.016 -10.008 -10.008 -10.005 -10.005 -10.004
  0 xxx   0 xxx   0 xxx   0 xxx   0 xxx   0 xxx   0 xxx   0 xxx                
 -9.993  -9.979  -0.818  -0.758  -0.720  -0.704  -0.669  -0.587
  0 xxx   0 xxx   1 Ag    0 xxx   0 xxx   1 Bu    0 xxx   0 xxx                
 -0.561  -0.534  -0.509  -0.463  -0.441  -0.411  -0.400  -0.397
  0 xxx   0 xxx   0 xxx   0 xxx   0 xxx   0 xxx   0 xxx   0 xxx                
 -0.376  -0.357  -0.348  -0.331  -0.306  -0.295  -0.278  -0.265
  0 xxx   0 xxx   0 xxx   1 Au    0 xxx   2 Ag    0 xxx   0 xxx                
 -0.216  -0.198  -0.158
  0 xxx   1 Bg    0 xxx                                                        
 -- Virtual --                   
  0.048   0.091   0.116   0.183   0.281   0.315   0.330   0.364
  0 xxx   2 Au    0 xxx   0 xxx   2 Bg    0 xxx   0 xxx   0 xxx                
  0.373   0.402   0.420   0.428   0.444   0.470   0.498   0.538
  0 xxx   0 xxx   0 xxx   0 xxx   0 xxx   0 xxx   0 xxx   0 xxx                
  0.570   0.587   0.610   0.623   0.650   0.692   0.744   0.807
  0 xxx   3 Ag    2 Bu    0 xxx   0 xxx   0 xxx   0 xxx   0 xxx                
  0.816
  3 Bu                                                                         
 --------------------------------------------------------------
 
          Ground-State Mulliken Net Atomic Charges

     Atom                 Charge (a.u.)
  ----------------------------------------
      1 C                     0.001223
      2 C                    -0.078743
      3 C                    -0.078958
      4 C                    -0.009436
      5 C                    -0.079737
      6 C                    -0.075469
      7 H                     0.081992
      8 H                     0.073578
      9 H                     0.075542
     10 H                     0.085864
     11 C                    -0.074070
     12 C                    -0.164385
     13 H                     0.074699
     14 H                     0.064474
     15 H                     0.073679
     16 C                    -0.076519
     17 C                    -0.148339
     18 H                     0.082925
     19 H                     0.092247
     20 H                     0.079435
  ----------------------------------------
  Sum of atomic charges =     0.000000

 -----------------------------------------------------------------
                    Cartesian Multipole Moments
 -----------------------------------------------------------------
    Charge (ESU x 10^10)
                -0.0000
    Dipole Moment (Debye)
         X       1.2203      Y      -0.0783      Z      -0.0000
       Tot       1.2228
    Quadrupole Moments (Debye-Ang)
        XX     -50.9633     XY      -0.1104     YY     -50.1445
        XZ      -0.0000     YZ       0.0000     ZZ     -58.5741
    Octopole Moments (Debye-Ang^2)
       XXX      20.7953    XXY      -1.1859    XYY       1.1296
       YYY       0.0560    XXZ      -0.0000    XYZ      -0.0000
       YYZ      -0.0000    XZZ       0.4047    YZZ      -0.0444
       ZZZ      -0.0000
    Hexadecapole Moments (Debye-Ang^3)
      XXXX   -1811.1725   XXXY       0.5106   XXYY    -358.4249
      XYYY       3.4706   YYYY    -329.5829   XXXZ      -0.0000
      XXYZ       0.0000   XYYZ      -0.0000   YYYZ      -0.0000
      XXZZ    -356.7083   XYZZ      -0.0671   YYZZ     -72.1357
      XZZZ      -0.0000   YZZZ      -0.0000   ZZZZ     -47.5453
 -----------------------------------------------------------------
 Calculating analytic gradient of the SCF energy
 Gradient of SCF Energy
            1           2           3           4           5           6
    1  -0.0517141   0.0071132  -0.0009670   0.0501098  -0.0057353   0.0020647
    2  -0.0086185  -0.0193474  -0.0194610   0.0087338   0.0190923   0.0202235
    3   0.0000000  -0.0000000  -0.0000000   0.0000000   0.0000000  -0.0000000
            7           8           9          10          11          12
    1  -0.0004438  -0.0035162   0.0001533   0.0031630  -0.0405187   0.0244248
    2   0.0012685   0.0013780  -0.0011619  -0.0014583   0.0036097  -0.0131474
    3  -0.0000000  -0.0000000  -0.0000000  -0.0000000  -0.0000000   0.0000000
           13          14          15          16          17          18
    1   0.0031479  -0.0017597   0.0001576   0.0388913  -0.0224816  -0.0028502
    2   0.0005396   0.0018787   0.0034552  -0.0057266   0.0134293  -0.0001294
    3   0.0000000  -0.0000000  -0.0000000  -0.0000000   0.0000000   0.0000000
           19          20
    1   0.0011071  -0.0003463
    2  -0.0021509  -0.0024073
    3  -0.0000000  -0.0000000
 Max gradient component =       5.171E-02
 RMS gradient           =       1.396E-02
 Gradient time:  CPU 0.97 s  wall 0.97 s
 Applying Cartesian multipole field
    Component          Value
    ---------          -----
     (1,0,0)       -1.88973E-03
     (0,1,0)        1.88973E-03
 Guess MOs from SCF MO coefficient file

 -----------------------------------------------------------------------
  General SCF calculation program by
  Eric Jon Sundstrom, Paul Horn, Yuezhi Mao, Dmitri Zuev, Alec White,
  David Stuck, Shaama M.S., Shane Yost, Joonho Lee, David Small,
  Daniel Levine, Susi Lehtola, Hugh Burton, Evgeny Epifanovsky,
  Bang C. Huynh
 -----------------------------------------------------------------------
 Exchange:     0.2000 Hartree-Fock + 0.0800 Slater + 0.7200 B88
 Correlation:  0.1900 VWN1RPA + 0.8100 LYP
 Using SG-1 standard quadrature grid
 A restricted SCF calculation will be
 performed using DIIS
 SCF converges when DIIS error is below 1.0e-08
 User-specified cutoff of 10e-12
 used for neglect of 2-electron integrals.
 A cutoff of 10e-12
 used for neglect of overlap integrals.
 Incremental Fock algorithm is on at the start.
 ---------------------------------------
  Cycle       Energy         DIIS error
 ---------------------------------------
    1    -382.3004163440      4.99e-04  
    2    -382.3005524907      4.99e-04  
    3    -382.3007143939      1.88e-04  
    4    -382.3007348500      4.94e-05  
    5    -382.3007361001      1.71e-05  
    6    -382.3007362590      2.33e-06  
    7    -382.3007362624      5.11e-07  
    8    -382.3007362625      3.17e-07  
    9    -382.3007362626      3.78e-08  
   10    -382.3007362626      2.82e-08  
   11    -382.3007362626      3.62e-09  Convergence criterion met
 ---------------------------------------
 SCF time:   CPU 2.36s  wall 3.00s 
 SCF   energy =  -382.30073626
 Total energy =  -382.30073626
 Integrated density by DFT XC:
   Number of electrons = 70
   Numerical integral  =    70.000417717960
   Relative error      =     0.0005967399 %
 
 --------------------------------------------------------------
             Orbital Energies (a.u.) and Symmetries
 --------------------------------------------------------------
 Warning : Irrep of orbital(   1) could not be determined
 Warning : Irrep of orbital(   2) could not be determined
 Warning : Irrep of orbital(   3) could not be determined
 Warning : Irrep of orbital(   4) could not be determined
 Warning : Irrep of orbital(   5) could not be determined
 Warning : Irrep of orbital(   6) could not be determined
 Warning : Irrep of orbital(   7) could not be determined
 Warning : Irrep of orbital(   8) could not be determined
 Warning : Irrep of orbital(   9) could not be determined
 Warning : Irrep of orbital(  10) could not be determined
 Warning : Irrep of orbital(  12) could not be determined
 Warning : Irrep of orbital(  13) could not be determined
 Warning : Irrep of orbital(  18) could not be determined
 Warning : Irrep of orbital(  19) could not be determined
 Warning : Irrep of orbital(  20) could not be determined
 Warning : Irrep of orbital(  21) could not be determined
 Warning : Irrep of orbital(  23) could not be determined
 Warning : Irrep of orbital(  24) could not be determined
 Warning : Irrep of orbital(  26) could not be determined
 Warning : Irrep of orbital(  27) could not be determined
 Warning : Irrep of orbital(  29) could not be determined
 Warning : Irrep of orbital(  31) could not be determined
 Warning : Irrep of orbital(  32) could not be determined
 Warning : Irrep of orbital(  33) could not be determined
 Warning : Irrep of orbital(  41) could not be determined
 Warning : Irrep of orbital(  42) could not be determined
 Warning : Irrep of orbital(  43) could not be determined
 Warning : Irrep of orbital(  44) could not be determined
 Warning : Irrep of orbital(  45) could not be determined
 Warning : Irrep of orbital(  46) could not be determined
 Warning : Irrep of orbital(  47) could not be determined
 Warning : Irrep of orbital(  48) could not be determined
 Warning : Irrep of orbital(  49) could not be determined
 Warning : Irrep of orbital(  50) could not be determined
 Warning : Irrep of orbital(  55) could not be determined
 Warning : Irrep of orbital(  56) could not be determined
 
 Alpha MOs, Restricted
 -- Occupied --                  
-10.019 -10.017 -10.014 -10.008 -10.007 -10.006 -10.004 -10.001
  0 xxx   0 xxx   0 xxx   0 xxx   0 xxx   0 xxx   0 xxx   0 xxx                
 -9.998  -9.986  -0.818  -0.756  -0.720  -0.704  -0.670  -0.585
  0 xxx   0 xxx   1 Ag    0 xxx   0 xxx   1 Bu    2 Bu    2 Ag                 
 -0.561  -0.532  -0.511  -0.462  -0.439  -0.410  -0.400  -0.397
  3 Ag    0 xxx   0 xxx   0 xxx   0 xxx   3 Bu    0 xxx   0 xxx                
 -0.376  -0.357  -0.349  -0.330  -0.305  -0.295  -0.280  -0.264
  4 Bu    0 xxx   0 xxx   1 Au    0 xxx   4 Ag    0 xxx   0 xxx                
 -0.216  -0.197  -0.160
  0 xxx   1 Bg    2 Bg                                                         
 -- Virtual --                   
  0.049   0.091   0.116   0.182   0.280   0.318   0.329   0.365
  2 Au    3 Au    3 Bg    4 Au    4 Bg    0 xxx   0 xxx   0 xxx                
  0.372   0.408   0.420   0.422   0.445   0.469   0.497   0.539
  0 xxx   0 xxx   0 xxx   0 xxx   0 xxx   0 xxx   0 xxx   5 Ag                 
  0.570   0.587   0.610   0.625   0.647   0.693   0.743   0.806
  5 Bu    6 Ag    6 Bu    0 xxx   0 xxx   7 Ag    7 Bu    8 Ag                 
  0.816
  8 Bu                                                                         
 
 Beta MOs, Restricted
 -- Occupied --                  
-10.019 -10.017 -10.014 -10.008 -10.007 -10.006 -10.004 -10.001
  0 xxx   0 xxx   0 xxx   0 xxx   0 xxx   0 xxx   0 xxx   0 xxx                
 -9.998  -9.986  -0.818  -0.756  -0.720  -0.704  -0.670  -0.585
  0 xxx   0 xxx   1 Ag    0 xxx   0 xxx   1 Bu    2 Bu    2 Ag                 
 -0.561  -0.532  -0.511  -0.462  -0.439  -0.410  -0.400  -0.397
  3 Ag    0 xxx   0 xxx   0 xxx   0 xxx   3 Bu    0 xxx   0 xxx                
 -0.376  -0.357  -0.349  -0.330  -0.305  -0.295  -0.280  -0.264
  4 Bu    0 xxx   0 xxx   1 Au    0 xxx   4 Ag    0 xxx   0 xxx                
 -0.216  -0.197  -0.160
  0 xxx   1 Bg    2 Bg                                                         
 -- Virtual --                   
  0.049   0.091   0.116   0.182   0.280   0.318   0.329   0.365
  2 Au    3 Au    3 Bg    4 Au    4 Bg    0 xxx   0 xxx   0 xxx                
  0.372   0.408   0.420   0.422   0.445   0.469   0.497   0.539
  0 xxx   0 xxx   0 xxx   0 xxx   0 xxx   0 xxx   0 xxx   5 Ag                 
  0.570   0.587   0.610   0.625   0.647   0.693   0.743   0.806
  5 Bu    6 Ag    6 Bu    0 xxx   0 xxx   7 Ag    7 Bu    8 Ag                 
  0.816
  8 Bu                                                                         
 --------------------------------------------------------------
 
          Ground-State Mulliken Net Atomic Charges

     Atom                 Charge (a.u.)
  ----------------------------------------
      1 C                    -0.001802
      2 C                    -0.081046
      3 C                    -0.079599
      4 C                    -0.006414
      5 C                    -0.077440
      6 C                    -0.074824
      7 H                     0.075124
      8 H                     0.072817
      9 H                     0.082401
     10 H                     0.086624
     11 C                    -0.073383
     12 C                    -0.161594
     13 H                     0.081221
     14 H                     0.071497
     15 H                     0.070914
     16 C                    -0.077167
     17 C                    -0.151157
     18 H                     0.076401
     19 H                     0.085230
     20 H                     0.082195
  ----------------------------------------
  Sum of atomic charges =     0.000000

 -----------------------------------------------------------------
                    Cartesian Multipole Moments
 -----------------------------------------------------------------
    Charge (ESU x 10^10)
                -0.0000
    Dipole Moment (Debye)
         X       0.6485      Y      -0.3666      Z       0.0000
       Tot       0.7449
    Quadrupole Moments (Debye-Ang)
        XX     -50.9638     XY      -0.1106     YY     -50.1436
        XZ      -0.0000     YZ      -0.0000     ZZ     -58.5741
    Octopole Moments (Debye-Ang^2)
       XXX      11.4340    XXY      -2.2512    XYY       0.4932
       YYY      -1.3046    XXZ       0.0000    XYZ       0.0000
       YYZ       0.0000    XZZ       0.2213    YZZ      -0.1140
       ZZZ       0.0000
    Hexadecapole Moments (Debye-Ang^3)
      XXXX   -1811.1526   XXXY       0.4992   XXYY    -358.4250
      XYYY       3.4701   YYYY    -329.5808   XXXZ      -0.0000
      XXYZ      -0.0000   XYYZ      -0.0000   YYYZ       0.0000
      XXZZ    -356.7105   XYZZ      -0.0671   YYZZ     -72.1349
      XZZZ      -0.0000   YZZZ       0.0000   ZZZZ     -47.5455
 -----------------------------------------------------------------
 Calculating analytic gradient of the SCF energy
 Gradient of SCF Energy
            1           2           3           4           5           6
    1  -0.0510430   0.0067414  -0.0012921   0.0502437  -0.0057997   0.0014981
    2  -0.0089239  -0.0191372  -0.0196296   0.0083295   0.0191769   0.0198316
    3   0.0000000   0.0000000   0.0000000  -0.0000000  -0.0000000  -0.0000000
            7           8           9          10          11          12
    1  -0.0003859  -0.0034078   0.0001853   0.0032898  -0.0398142   0.0239408
    2   0.0013551   0.0015166  -0.0010660  -0.0013012   0.0040774  -0.0132524
    3  -0.0000000  -0.0000000  -0.0000000   0.0000000   0.0000000  -0.0000000
           13          14          15          16          17          18
    1   0.0030838  -0.0017450   0.0001634   0.0391212  -0.0228006  -0.0028869
    2   0.0005039   0.0020053   0.0032548  -0.0051390   0.0131365  -0.0001565
    3  -0.0000000   0.0000000  -0.0000000   0.0000000   0.0000000  -0.0000000
           19          20
    1   0.0012482  -0.0003407
    2  -0.0019939  -0.0025880
    3  -0.0000000  -0.0000000
 Max gradient component =       5.104E-02
 RMS gradient           =       1.388E-02
 Gradient time:  CPU 0.98 s  wall 1.03 s
 Applying Cartesian multipole field
    Component          Value
    ---------          -----
     (1,0,0)       -1.88973E-03
     (0,1,0)       -1.88973E-03
 Guess MOs from SCF MO coefficient file

 -----------------------------------------------------------------------
  General SCF calculation program by
  Eric Jon Sundstrom, Paul Horn, Yuezhi Mao, Dmitri Zuev, Alec White,
  David Stuck, Shaama M.S., Shane Yost, Joonho Lee, David Small,
  Daniel Levine, Susi Lehtola, Hugh Burton, Evgeny Epifanovsky,
  Bang C. Huynh
 -----------------------------------------------------------------------
 Exchange:     0.2000 Hartree-Fock + 0.0800 Slater + 0.7200 B88
 Correlation:  0.1900 VWN1RPA + 0.8100 LYP
 Using SG-1 standard quadrature grid
 A restricted SCF calculation will be
 performed using DIIS
 SCF converges when DIIS error is below 1.0e-08
 User-specified cutoff of 10e-12
 used for neglect of 2-electron integrals.
 A cutoff of 10e-12
 used for neglect of overlap integrals.
 Incremental Fock algorithm is on at the start.
 ---------------------------------------
  Cycle       Energy         DIIS error
 ---------------------------------------
    1    -382.3001911482      7.18e-04  
    2    -382.3000952569      9.22e-04  
    3    -382.3006468796      2.32e-04  
    4    -382.3006764080      5.15e-05  
    5    -382.3006779575      6.19e-06  
    6    -382.3006779789      1.93e-06  
    7    -382.3006779810      7.23e-07  
    8    -382.3006779813      1.14e-07  
    9    -382.3006779813      2.17e-08  
   10    -382.3006779813      1.06e-08  
   11    -382.3006779813      1.82e-09  Convergence criterion met
 ---------------------------------------
 SCF time:   CPU 2.69s  wall 2.00s 
 SCF   energy =  -382.30067798
 Total energy =  -382.30067798
 Integrated density by DFT XC:
   Number of electrons = 70
   Numerical integral  =    70.000417720264
   Relative error      =     0.0005967432 %
 
 --------------------------------------------------------------
             Orbital Energies (a.u.) and Symmetries
 --------------------------------------------------------------
 Warning : Irrep of orbital(   1) could not be determined
 Warning : Irrep of orbital(   2) could not be determined
 Warning : Irrep of orbital(   3) could not be determined
 Warning : Irrep of orbital(   4) could not be determined
 Warning : Irrep of orbital(   5) could not be determined
 Warning : Irrep of orbital(   6) could not be determined
 Warning : Irrep of orbital(   7) could not be determined
 Warning : Irrep of orbital(   8) could not be determined
 Warning : Irrep of orbital(   9) could not be determined
 Warning : Irrep of orbital(  10) could not be determined
 Warning : Irrep of orbital(  12) could not be determined
 Warning : Irrep of orbital(  13) could not be determined
 Warning : Irrep of orbital(  18) could not be determined
 Warning : Irrep of orbital(  19) could not be determined
 Warning : Irrep of orbital(  20) could not be determined
 Warning : Irrep of orbital(  21) could not be determined
 Warning : Irrep of orbital(  22) could not be determined
 Warning : Irrep of orbital(  24) could not be determined
 Warning : Irrep of orbital(  26) could not be determined
 Warning : Irrep of orbital(  27) could not be determined
 Warning : Irrep of orbital(  29) could not be determined
 Warning : Irrep of orbital(  31) could not be determined
 Warning : Irrep of orbital(  32) could not be determined
 Warning : Irrep of orbital(  33) could not be determined
 Warning : Irrep of orbital(  38) could not be determined
 Warning : Irrep of orbital(  41) could not be determined
 Warning : Irrep of orbital(  42) could not be determined
 Warning : Irrep of orbital(  43) could not be determined
 Warning : Irrep of orbital(  44) could not be determined
 Warning : Irrep of orbital(  45) could not be determined
 Warning : Irrep of orbital(  46) could not be determined
 Warning : Irrep of orbital(  47) could not be determined
 Warning : Irrep of orbital(  48) could not be determined
 Warning : Irrep of orbital(  49) could not be determined
 Warning : Irrep of orbital(  50) could not be determined
 Warning : Irrep of orbital(  55) could not be determined
 Warning : Irrep of orbital(  56) could not be determined
 Warning : Irrep of orbital(  57) could not be determined
 Warning : Irrep of orbital(  58) could not be determined
 
 Alpha MOs, Restricted
 -- Occupied --                  
-10.019 -10.017 -10.015 -10.008 -10.006 -10.005 -10.005 -10.000
  0 xxx   0 xxx   0 xxx   0 xxx   0 xxx   0 xxx   0 xxx   0 xxx                
 -9.999  -9.985  -0.818  -0.756  -0.720  -0.704  -0.670  -0.585
  0 xxx   0 xxx   1 Ag    0 xxx   0 xxx   1 Bu    2 Bu    2 Ag                 
 -0.561  -0.533  -0.511  -0.462  -0.439  -0.411  -0.400  -0.397
  3 Ag    0 xxx   0 xxx   0 xxx   0 xxx   0 xxx   3 Bu    0 xxx                
 -0.375  -0.358  -0.348  -0.330  -0.306  -0.295  -0.280  -0.264
  4 Bu    0 xxx   0 xxx   1 Au    0 xxx   4 Ag    0 xxx   0 xxx                
 -0.216  -0.198  -0.160
  0 xxx   1 Bg    2 Bg                                                         
 -- Virtual --                   
  0.049   0.091   0.116   0.182   0.280   0.317   0.331   0.365
  2 Au    3 Au    0 xxx   4 Au    3 Bg    0 xxx   0 xxx   0 xxx                
  0.371   0.408   0.418   0.425   0.445   0.469   0.496   0.539
  0 xxx   0 xxx   0 xxx   0 xxx   0 xxx   0 xxx   0 xxx   5 Ag                 
  0.571   0.587   0.610   0.625   0.647   0.693   0.743   0.806
  5 Bu    6 Ag    6 Bu    0 xxx   0 xxx   0 xxx   0 xxx   7 Ag                 
  0.816
  7 Bu                                                                         
 
 Beta MOs, Restricted
 -- Occupied --                  
-10.019 -10.017 -10.015 -10.008 -10.006 -10.005 -10.005 -10.000
  0 xxx   0 xxx   0 xxx   0 xxx   0 xxx   0 xxx   0 xxx   0 xxx                
 -9.999  -9.985  -0.818  -0.756  -0.720  -0.704  -0.670  -0.585
  0 xxx   0 xxx   1 Ag    0 xxx   0 xxx   1 Bu    2 Bu    2 Ag                 
 -0.561  -0.533  -0.511  -0.462  -0.439  -0.411  -0.400  -0.397
  3 Ag    0 xxx   0 xxx   0 xxx   0 xxx   0 xxx   3 Bu    0 xxx                
 -0.375  -0.358  -0.348  -0.330  -0.306  -0.295  -0.280  -0.264
  4 Bu    0 xxx   0 xxx   1 Au    0 xxx   4 Ag    0 xxx   0 xxx                
 -0.216  -0.198  -0.160
  0 xxx   1 Bg    2 Bg                                                         
 -- Virtual --                   
  0.049   0.091   0.116   0.182   0.280   0.317   0.331   0.365
  2 Au    3 Au    0 xxx   4 Au    3 Bg    0 xxx   0 xxx   0 xxx                
  0.371   0.408   0.418   0.425   0.445   0.469   0.496   0.539
  0 xxx   0 xxx   0 xxx   0 xxx   0 xxx   0 xxx   0 xxx   5 Ag                 
  0.571   0.587   0.610   0.625   0.647   0.693   0.743   0.806
  5 Bu    6 Ag    6 Bu    0 xxx   0 xxx   0 xxx   0 xxx   7 Ag                 
  0.816
  7 Bu                                                                         
 --------------------------------------------------------------
 
          Ground-State Mulliken Net Atomic Charges

     Atom                 Charge (a.u.)
  ----------------------------------------
      1 C                    -0.001078
      2 C                    -0.076942
      3 C                    -0.076573
      4 C                    -0.007130
      5 C                    -0.081539
      6 C                    -0.077858
      7 H                     0.085626
      8 H                     0.080481
      9 H                     0.071897
     10 H                     0.078965
     11 C                    -0.075928
     12 C                    -0.159168
     13 H                     0.072294
     14 H                     0.071350
     15 H                     0.079324
     16 C                    -0.074620
     17 C                    -0.153586
     18 H                     0.085327
     19 H                     0.085375
     20 H                     0.073781
  ----------------------------------------
  Sum of atomic charges =     0.000000

 -----------------------------------------------------------------
                    Cartesian Multipole Moments
 -----------------------------------------------------------------
    Charge (ESU x 10^10)
                -0.0000
    Dipole Moment (Debye)
         X       0.5701      Y       0.2882      Z       0.0000
       Tot       0.6388
    Quadrupole Moments (Debye-Ang)
        XX     -50.9645     XY      -0.1107     YY     -50.1438
        XZ      -0.0000     YZ      -0.0000     ZZ     -58.5742
    Octopole Moments (Debye-Ang^2)
       XXX       9.3353    XXY       1.0658    XYY       0.6350
       YYY       1.3603    XXZ       0.0000    XYZ      -0.0000
       YYZ       0.0000    XZZ       0.1826    YZZ       0.0696
       ZZZ       0.0000
    Hexadecapole Moments (Debye-Ang^3)
      XXXX   -1811.1720   XXXY       0.5004   XXYY    -358.4263
      XYYY       3.4683   YYYY    -329.5824   XXXZ      -0.0000
      XXYZ       0.0000   XYYZ      -0.0000   YYYZ       0.0000
      XXZZ    -356.7115   XYZZ      -0.0670   YYZZ     -72.1350
      XZZZ      -0.0000   YZZZ       0.0000   ZZZZ     -47.5455
 -----------------------------------------------------------------
 Calculating analytic gradient of the SCF energy
 Gradient of SCF Energy
            1           2           3           4           5           6
    1  -0.0510456   0.0064943  -0.0009582   0.0502368  -0.0060562   0.0018518
    2  -0.0082742  -0.0193044  -0.0194544   0.0089814   0.0190109   0.0200143
    3  -0.0000000   0.0000000  -0.0000000  -0.0000000   0.0000000   0.0000000
            7           8           9          10          11          12
    1  -0.0003453  -0.0034793   0.0002557   0.0032440  -0.0399189   0.0237605
    2   0.0011078   0.0012778  -0.0012899  -0.0015739   0.0040673  -0.0129795
    3  -0.0000000  -0.0000000  -0.0000000   0.0000000  -0.0000000  -0.0000000
           13          14          15          16          17          18
    1   0.0030548  -0.0015756   0.0002305   0.0389826  -0.0229577  -0.0029527
    2   0.0003768   0.0018783   0.0031226  -0.0051214   0.0133773  -0.0003127
    3  -0.0000000   0.0000000   0.0000000   0.0000000   0.0000000  -0.0000000
           19          20
    1   0.0014212  -0.0002426
    2  -0.0021615  -0.0027427
    3  -0.0000000  -0.0000000
 Max gradient component =       5.105E-02
 RMS gradient           =       1.387E-02
 Gradient time:  CPU 1.04 s  wall 1.07 s
 Applying Cartesian multipole field
    Component          Value
    ---------          -----
     (1,0,0)       -1.88973E-03
     (0,0,1)        1.88973E-03
 Guess MOs from SCF MO coefficient file

 -----------------------------------------------------------------------
  General SCF calculation program by
  Eric Jon Sundstrom, Paul Horn, Yuezhi Mao, Dmitri Zuev, Alec White,
  David Stuck, Shaama M.S., Shane Yost, Joonho Lee, David Small,
  Daniel Levine, Susi Lehtola, Hugh Burton, Evgeny Epifanovsky,
  Bang C. Huynh
 -----------------------------------------------------------------------
 Exchange:     0.2000 Hartree-Fock + 0.0800 Slater + 0.7200 B88
 Correlation:  0.1900 VWN1RPA + 0.8100 LYP
 Using SG-1 standard quadrature grid
 A restricted SCF calculation will be
 performed using DIIS
 SCF converges when DIIS error is below 1.0e-08
 User-specified cutoff of 10e-12
 used for neglect of 2-electron integrals.
 A cutoff of 10e-12
 used for neglect of overlap integrals.
 Incremental Fock algorithm is on at the start.
 ---------------------------------------
  Cycle       Energy         DIIS error
 ---------------------------------------
    1    -382.3004637048      3.83e-04  
    2    -382.3004588844      4.62e-04  
    3    -382.3005945729      1.37e-04  
    4    -382.3006050803      2.63e-05  
    5    -382.3006054851      3.78e-06  
    6    -382.3006054937      1.01e-06  
    7    -382.3006054942      5.07e-07  
    8    -382.3006054943      6.06e-08  
    9    -382.3006054943      1.48e-08  
   10    -382.3006054943      4.57e-09  Convergence criterion met
 ---------------------------------------
 SCF time:   CPU 2.48s  wall 3.00s 
 SCF   energy =  -382.30060549
 Total energy =  -382.30060549
 Integrated density by DFT XC:
   Number of electrons = 70
   Numerical integral  =    70.000417719833
   Relative error      =     0.0005967426 %
 
 --------------------------------------------------------------
             Orbital Energies (a.u.) and Symmetries
 --------------------------------------------------------------
 Warning : Irrep of orbital(   1) could not be determined
 Warning : Irrep of orbital(   2) could not be determined
 Warning : Irrep of orbital(   3) could not be determined
 Warning : Irrep of orbital(   4) could not be determined
 Warning : Irrep of orbital(   5) could not be determined
 Warning : Irrep of orbital(   6) could not be determined
 Warning : Irrep of orbital(   7) could not be determined
 Warning : Irrep of orbital(   8) could not be determined
 Warning : Irrep of orbital(   9) could not be determined
 Warning : Irrep of orbital(  10) could not be determined
 Warning : Irrep of orbital(  12) could not be determined
 Warning : Irrep of orbital(  13) could not be determined
 Warning : Irrep of orbital(  18) could not be determined
 Warning : Irrep of orbital(  19) could not be determined
 Warning : Irrep of orbital(  20) could not be determined
 Warning : Irrep of orbital(  21) could not be determined
 Warning : Irrep of orbital(  24) could not be determined
 Warning : Irrep of orbital(  26) could not be determined
 Warning : Irrep of orbital(  27) could not be determined
 Warning : Irrep of orbital(  29) could not be determined
 Warning : Irrep of orbital(  31) could not be determined
 Warning : Irrep of orbital(  32) could not be determined
 Warning : Irrep of orbital(  33) could not be determined
 Warning : Irrep of orbital(  38) could not be determined
 Warning : Irrep of orbital(  41) could not be determined
 Warning : Irrep of orbital(  42) could not be determined
 Warning : Irrep of orbital(  43) could not be determined
 Warning : Irrep of orbital(  44) could not be determined
 Warning : Irrep of orbital(  45) could not be determined
 Warning : Irrep of orbital(  46) could not be determined
 Warning : Irrep of orbital(  47) could not be determined
 Warning : Irrep of orbital(  48) could not be determined
 Warning : Irrep of orbital(  49) could not be determined
 Warning : Irrep of orbital(  50) could not be determined
 Warning : Irrep of orbital(  55) could not be determined
 Warning : Irrep of orbital(  56) could not be determined
 Warning : Irrep of orbital(  58) could not be determined
 
 Alpha MOs, Restricted
 -- Occupied --                  
-10.019 -10.017 -10.015 -10.007 -10.007 -10.006 -10.005 -10.000
  0 xxx   0 xxx   0 xxx   0 xxx   0 xxx   0 xxx   0 xxx   0 xxx                
 -9.999  -9.985  -0.818  -0.756  -0.720  -0.704  -0.670  -0.585
  0 xxx   0 xxx   1 Ag    0 xxx   0 xxx   1 Bu    2 Bu    2 Ag                 
 -0.561  -0.533  -0.511  -0.462  -0.439  -0.410  -0.400  -0.397
  3 Ag    0 xxx   0 xxx   0 xxx   0 xxx   3 Bu    4 Bu    0 xxx                
 -0.376  -0.358  -0.349  -0.330  -0.305  -0.295  -0.280  -0.264
  5 Bu    0 xxx   0 xxx   1 Au    0 xxx   4 Ag    0 xxx   0 xxx                
 -0.216  -0.198  -0.160
  0 xxx   1 Bg    2 Bg                                                         
 -- Virtual --                   
  0.049   0.091   0.116   0.182   0.280   0.318   0.330   0.365
  2 Au    3 Au    0 xxx   4 Au    3 Bg    0 xxx   0 xxx   0 xxx                
  0.371   0.408   0.419   0.423   0.445   0.469   0.496   0.539
  0 xxx   0 xxx   0 xxx   0 xxx   0 xxx   0 xxx   0 xxx   5 Ag                 
  0.571   0.587   0.610   0.625   0.647   0.693   0.743   0.806
  6 Bu    6 Ag    7 Bu    0 xxx   0 xxx   7 Ag    0 xxx   8 Ag                 
  0.816
  8 Bu                                                                         
 
 Beta MOs, Restricted
 -- Occupied --                  
-10.019 -10.017 -10.015 -10.007 -10.007 -10.006 -10.005 -10.000
  0 xxx   0 xxx   0 xxx   0 xxx   0 xxx   0 xxx   0 xxx   0 xxx                
 -9.999  -9.985  -0.818  -0.756  -0.720  -0.704  -0.670  -0.585
  0 xxx   0 xxx   1 Ag    0 xxx   0 xxx   1 Bu    2 Bu    2 Ag                 
 -0.561  -0.533  -0.511  -0.462  -0.439  -0.410  -0.400  -0.397
  3 Ag    0 xxx   0 xxx   0 xxx   0 xxx   3 Bu    4 Bu    0 xxx                
 -0.376  -0.358  -0.349  -0.330  -0.305  -0.295  -0.280  -0.264
  5 Bu    0 xxx   0 xxx   1 Au    0 xxx   4 Ag    0 xxx   0 xxx                
 -0.216  -0.198  -0.160
  0 xxx   1 Bg    2 Bg                                                         
 -- Virtual --                   
  0.049   0.091   0.116   0.182   0.280   0.318   0.330   0.365
  2 Au    3 Au    0 xxx   4 Au    3 Bg    0 xxx   0 xxx   0 xxx                
  0.371   0.408   0.419   0.423   0.445   0.469   0.496   0.539
  0 xxx   0 xxx   0 xxx   0 xxx   0 xxx   0 xxx   0 xxx   5 Ag                 
  0.571   0.587   0.610   0.625   0.647   0.693   0.743   0.806
  6 Bu    6 Ag    7 Bu    0 xxx   0 xxx   7 Ag    0 xxx   8 Ag                 
  0.816
  8 Bu                                                                         
 --------------------------------------------------------------
 
          Ground-State Mulliken Net Atomic Charges

     Atom                 Charge (a.u.)
  ----------------------------------------
      1 C                    -0.001439
      2 C                    -0.078996
      3 C                    -0.078086
      4 C                    -0.006772
      5 C                    -0.079491
      6 C                    -0.076341
      7 H                     0.080376
      8 H                     0.076650
      9 H                     0.077150
     10 H                     0.082795
     11 C                    -0.074656
     12 C                    -0.160381
     13 H                     0.076759
     14 H                     0.071423
     15 H                     0.075119
     16 C                    -0.075894
     17 C                    -0.152371
     18 H                     0.080865
     19 H                     0.085302
     20 H                     0.077989
  ----------------------------------------
  Sum of atomic charges =     0.000000

 -----------------------------------------------------------------
                    Cartesian Multipole Moments
 -----------------------------------------------------------------
    Charge (ESU x 10^10)
                -0.0000
    Dipole Moment (Debye)
         X       0.6093      Y      -0.0392      Z      -0.0540
       Tot       0.6129
    Quadrupole Moments (Debye-Ang)
        XX     -50.9641     XY      -0.1106     YY     -50.1435
        XZ      -0.0005     YZ       0.0001     ZZ     -58.5742
    Octopole Moments (Debye-Ang^2)
       XXX      10.3849    XXY      -0.5927    XYY       0.5641
       YYY       0.0279    XXZ      -0.3341    XYZ       0.0033
       YYZ      -0.0596    XZZ       0.2020    YZZ      -0.0222
       ZZZ      -0.0304
    Hexadecapole Moments (Debye-Ang^3)
      XXXX   -1811.1628   XXXY       0.4990   XXYY    -358.4241
      XYYY       3.4696   YYYY    -329.5798   XXXZ      -0.0082
      XXYZ       0.0010   XYYZ      -0.0003   YYYZ       0.0001
      XXZZ    -356.7111   XYZZ      -0.0671   YYZZ     -72.1350
      XZZZ      -0.0004   YZZZ       0.0001   ZZZZ     -47.5456
 -----------------------------------------------------------------
 Calculating analytic gradient of the SCF energy
 Gradient of SCF Energy
            1           2           3           4           5           6
    1  -0.0510445   0.0066214  -0.0011302   0.0502405  -0.0059315   0.0016799
    2  -0.0085998  -0.0192200  -0.0195437   0.0086562   0.0190931   0.0199248
    3   0.0000664  -0.0001764  -0.0001580   0.0000349  -0.0001742  -0.0001560
            7           8           9          10          11          12
    1  -0.0003641  -0.0034451   0.0002189   0.0032685  -0.0398658   0.0238496
    2   0.0012439   0.0014045  -0.0011904  -0.0014449   0.0040749  -0.0131180
    3   0.0001510   0.0001461   0.0001468   0.0001527  -0.0001366  -0.0004058
           13          14          15          16          17          18
    1   0.0030677  -0.0016602   0.0001965   0.0390512  -0.0228781  -0.0029181
    2   0.0004312   0.0019426   0.0031972  -0.0051328   0.0132590  -0.0002254
    3   0.0001538   0.0001706   0.0001846  -0.0001656  -0.0003589   0.0001622
           19          20
    1   0.0013345  -0.0002911
    2  -0.0020785  -0.0026739
    3   0.0001813   0.0001812
 Max gradient component =       5.104E-02
 RMS gradient           =       1.387E-02
 Gradient time:  CPU 1.03 s  wall 1.06 s
 Applying Cartesian multipole field
    Component          Value
    ---------          -----
     (1,0,0)       -1.88973E-03
     (0,0,1)       -1.88973E-03
 Guess MOs from SCF MO coefficient file

 -----------------------------------------------------------------------
  General SCF calculation program by
  Eric Jon Sundstrom, Paul Horn, Yuezhi Mao, Dmitri Zuev, Alec White,
  David Stuck, Shaama M.S., Shane Yost, Joonho Lee, David Small,
  Daniel Levine, Susi Lehtola, Hugh Burton, Evgeny Epifanovsky,
  Bang C. Huynh
 -----------------------------------------------------------------------
 Exchange:     0.2000 Hartree-Fock + 0.0800 Slater + 0.7200 B88
 Correlation:  0.1900 VWN1RPA + 0.8100 LYP
 Using SG-1 standard quadrature grid
 A restricted SCF calculation will be
 performed using DIIS
 SCF converges when DIIS error is below 1.0e-08
 User-specified cutoff of 10e-12
 used for neglect of 2-electron integrals.
 A cutoff of 10e-12
 used for neglect of overlap integrals.
 Incremental Fock algorithm is on at the start.
 ---------------------------------------
  Cycle       Energy         DIIS error
 ---------------------------------------
    1    -382.3005251714      2.69e-04  
    2    -382.3006015671      6.39e-05  
    3    -382.3006054915      1.50e-06  
    4    -382.3006054943      2.37e-07  
    5    -382.3006054943      2.39e-07  
    6    -382.3006054943      6.38e-08  
    7    -382.3006054943      8.12e-09  Convergence criterion met
 ---------------------------------------
 SCF time:   CPU 1.52s  wall 2.00s 
 SCF   energy =  -382.30060549
 Total energy =  -382.30060549
 Integrated density by DFT XC:
   Number of electrons = 70
   Numerical integral  =    70.000417719832
   Relative error      =     0.0005967426 %
 
 --------------------------------------------------------------
             Orbital Energies (a.u.) and Symmetries
 --------------------------------------------------------------
 Warning : Irrep of orbital(   1) could not be determined
 Warning : Irrep of orbital(   2) could not be determined
 Warning : Irrep of orbital(   3) could not be determined
 Warning : Irrep of orbital(   4) could not be determined
 Warning : Irrep of orbital(   5) could not be determined
 Warning : Irrep of orbital(   6) could not be determined
 Warning : Irrep of orbital(   7) could not be determined
 Warning : Irrep of orbital(   8) could not be determined
 Warning : Irrep of orbital(   9) could not be determined
 Warning : Irrep of orbital(  10) could not be determined
 Warning : Irrep of orbital(  12) could not be determined
 Warning : Irrep of orbital(  13) could not be determined
 Warning : Irrep of orbital(  18) could not be determined
 Warning : Irrep of orbital(  19) could not be determined
 Warning : Irrep of orbital(  20) could not be determined
 Warning : Irrep of orbital(  21) could not be determined
 Warning : Irrep of orbital(  24) could not be determined
 Warning : Irrep of orbital(  26) could not be determined
 Warning : Irrep of orbital(  27) could not be determined
 Warning : Irrep of orbital(  29) could not be determined
 Warning : Irrep of orbital(  31) could not be determined
 Warning : Irrep of orbital(  32) could not be determined
 Warning : Irrep of orbital(  33) could not be determined
 Warning : Irrep of orbital(  38) could not be determined
 Warning : Irrep of orbital(  41) could not be determined
 Warning : Irrep of orbital(  42) could not be determined
 Warning : Irrep of orbital(  43) could not be determined
 Warning : Irrep of orbital(  44) could not be determined
 Warning : Irrep of orbital(  45) could not be determined
 Warning : Irrep of orbital(  46) could not be determined
 Warning : Irrep of orbital(  47) could not be determined
 Warning : Irrep of orbital(  48) could not be determined
 Warning : Irrep of orbital(  49) could not be determined
 Warning : Irrep of orbital(  50) could not be determined
 Warning : Irrep of orbital(  55) could not be determined
 Warning : Irrep of orbital(  56) could not be determined
 Warning : Irrep of orbital(  58) could not be determined
 
 Alpha MOs, Restricted
 -- Occupied --                  
-10.019 -10.017 -10.015 -10.007 -10.007 -10.006 -10.005 -10.000
  0 xxx   0 xxx   0 xxx   0 xxx   0 xxx   0 xxx   0 xxx   0 xxx                
 -9.999  -9.985  -0.818  -0.756  -0.720  -0.704  -0.670  -0.585
  0 xxx   0 xxx   1 Ag    0 xxx   0 xxx   1 Bu    2 Bu    2 Ag                 
 -0.561  -0.533  -0.511  -0.462  -0.439  -0.410  -0.400  -0.397
  3 Ag    0 xxx   0 xxx   0 xxx   0 xxx   3 Bu    4 Bu    0 xxx                
 -0.376  -0.358  -0.349  -0.330  -0.305  -0.295  -0.280  -0.264
  5 Bu    0 xxx   0 xxx   1 Au    0 xxx   4 Ag    0 xxx   0 xxx                
 -0.216  -0.198  -0.160
  0 xxx   1 Bg    2 Bg                                                         
 -- Virtual --                   
  0.049   0.091   0.116   0.182   0.280   0.318   0.330   0.365
  2 Au    3 Au    0 xxx   4 Au    3 Bg    0 xxx   0 xxx   0 xxx                
  0.371   0.408   0.419   0.423   0.445   0.469   0.496   0.539
  0 xxx   0 xxx   0 xxx   0 xxx   0 xxx   0 xxx   0 xxx   5 Ag                 
  0.571   0.587   0.610   0.625   0.647   0.693   0.743   0.806
  6 Bu    6 Ag    7 Bu    0 xxx   0 xxx   7 Ag    0 xxx   8 Ag                 
  0.816
  8 Bu                                                                         
 
 Beta MOs, Restricted
 -- Occupied --                  
-10.019 -10.017 -10.015 -10.007 -10.007 -10.006 -10.005 -10.000
  0 xxx   0 xxx   0 xxx   0 xxx   0 xxx   0 xxx   0 xxx   0 xxx                
 -9.999  -9.985  -0.818  -0.756  -0.720  -0.704  -0.670  -0.585
  0 xxx   0 xxx   1 Ag    0 xxx   0 xxx   1 Bu    2 Bu    2 Ag                 
 -0.561  -0.533  -0.511  -0.462  -0.439  -0.410  -0.400  -0.397
  3 Ag    0 xxx   0 xxx   0 xxx   0 xxx   3 Bu    4 Bu    0 xxx                
 -0.376  -0.358  -0.349  -0.330  -0.305  -0.295  -0.280  -0.264
  5 Bu    0 xxx   0 xxx   1 Au    0 xxx   4 Ag    0 xxx   0 xxx                
 -0.216  -0.198  -0.160
  0 xxx   1 Bg    2 Bg                                                         
 -- Virtual --                   
  0.049   0.091   0.116   0.182   0.280   0.318   0.330   0.365
  2 Au    3 Au    0 xxx   4 Au    3 Bg    0 xxx   0 xxx   0 xxx                
  0.371   0.408   0.419   0.423   0.445   0.469   0.496   0.539
  0 xxx   0 xxx   0 xxx   0 xxx   0 xxx   0 xxx   0 xxx   5 Ag                 
  0.571   0.587   0.610   0.625   0.647   0.693   0.743   0.806
  6 Bu    6 Ag    7 Bu    0 xxx   0 xxx   7 Ag    0 xxx   8 Ag                 
  0.816
  8 Bu                                                                         
 --------------------------------------------------------------
 
          Ground-State Mulliken Net Atomic Charges

     Atom                 Charge (a.u.)
  ----------------------------------------
      1 C                    -0.001439
      2 C                    -0.078996
      3 C                    -0.078086
      4 C                    -0.006772
      5 C                    -0.079491
      6 C                    -0.076341
      7 H                     0.080376
      8 H                     0.076650
      9 H                     0.077150
     10 H                     0.082795
     11 C                    -0.074656
     12 C                    -0.160381
     13 H                     0.076759
     14 H                     0.071423
     15 H                     0.075119
     16 C                    -0.075894
     17 C                    -0.152371
     18 H                     0.080865
     19 H                     0.085302
     20 H                     0.077989
  ----------------------------------------
  Sum of atomic charges =     0.000000

 -----------------------------------------------------------------
                    Cartesian Multipole Moments
 -----------------------------------------------------------------
    Charge (ESU x 10^10)
                -0.0000
    Dipole Moment (Debye)
         X       0.6093      Y      -0.0392      Z       0.0540
       Tot       0.6129
    Quadrupole Moments (Debye-Ang)
        XX     -50.9641     XY      -0.1106     YY     -50.1435
        XZ       0.0005     YZ      -0.0001     ZZ     -58.5742
    Octopole Moments (Debye-Ang^2)
       XXX      10.3849    XXY      -0.5927    XYY       0.5641
       YYY       0.0279    XXZ       0.3341    XYZ      -0.0033
       YYZ       0.0596    XZZ       0.2020    YZZ      -0.0222
       ZZZ       0.0304
    Hexadecapole Moments (Debye-Ang^3)
      XXXX   -1811.1628   XXXY       0.4990   XXYY    -358.4241
      XYYY       3.4696   YYYY    -329.5798   XXXZ       0.0082
      XXYZ      -0.0010   XYYZ       0.0003   YYYZ      -0.0001
      XXZZ    -356.7111   XYZZ      -0.0671   YYZZ     -72.1350
      XZZZ       0.0004   YZZZ      -0.0001   ZZZZ     -47.5456
 -----------------------------------------------------------------
 Calculating analytic gradient of the SCF energy
 Gradient of SCF Energy
            1           2           3           4           5           6
    1  -0.0510445   0.0066214  -0.0011302   0.0502405  -0.0059315   0.0016799
    2  -0.0085998  -0.0192201  -0.0195437   0.0086562   0.0190931   0.0199248
    3  -0.0000664   0.0001764   0.0001580  -0.0000349   0.0001742   0.0001560
            7           8           9          10          11          12
    1  -0.0003641  -0.0034451   0.0002189   0.0032685  -0.0398658   0.0238496
    2   0.0012439   0.0014045  -0.0011904  -0.0014449   0.0040749  -0.0131180
    3  -0.0001510  -0.0001461  -0.0001468  -0.0001527   0.0001366   0.0004058
           13          14          15          16          17          18
    1   0.0030677  -0.0016602   0.0001965   0.0390512  -0.0228781  -0.0029181
    2   0.0004312   0.0019426   0.0031973  -0.0051328   0.0132590  -0.0002254
    3  -0.0001538  -0.0001706  -0.0001846   0.0001656   0.0003589  -0.0001622
           19          20
    1   0.0013345  -0.0002911
    2  -0.0020785  -0.0026739
    3  -0.0001813  -0.0001812
 Max gradient component =       5.104E-02
 RMS gradient           =       1.387E-02
 Gradient time:  CPU 0.99 s  wall 1.02 s
 Applying Cartesian multipole field
    Component          Value
    ---------          -----
     (0,1,0)        3.77945E-03
 Guess MOs from SCF MO coefficient file

 -----------------------------------------------------------------------
  General SCF calculation program by
  Eric Jon Sundstrom, Paul Horn, Yuezhi Mao, Dmitri Zuev, Alec White,
  David Stuck, Shaama M.S., Shane Yost, Joonho Lee, David Small,
  Daniel Levine, Susi Lehtola, Hugh Burton, Evgeny Epifanovsky,
  Bang C. Huynh
 -----------------------------------------------------------------------
 Exchange:     0.2000 Hartree-Fock + 0.0800 Slater + 0.7200 B88
 Correlation:  0.1900 VWN1RPA + 0.8100 LYP
 Using SG-1 standard quadrature grid
 A restricted SCF calculation will be
 performed using DIIS
 SCF converges when DIIS error is below 1.0e-08
 User-specified cutoff of 10e-12
 used for neglect of 2-electron integrals.
 A cutoff of 10e-12
 used for neglect of overlap integrals.
 Incremental Fock algorithm is on at the start.
 ---------------------------------------
  Cycle       Energy         DIIS error
 ---------------------------------------
    1    -382.3001706188      7.95e-04  
    2    -382.3003167529      8.59e-04  
    3    -382.3007877782      3.11e-04  
    4    -382.3008431187      6.81e-05  
    5    -382.3008456033      1.94e-05  
    6    -382.3008458178      2.67e-06  
    7    -382.3008458221      9.18e-07  
    8    -382.3008458226      4.81e-07  
    9    -382.3008458228      4.92e-08  
   10    -382.3008458228      3.02e-08  
   11    -382.3008458228      4.33e-09  Convergence criterion met
 ---------------------------------------
 SCF time:   CPU 2.38s  wall 2.00s 
 SCF   energy =  -382.30084582
 Total energy =  -382.30084582
 Integrated density by DFT XC:
   Number of electrons = 70
   Numerical integral  =    70.000417698321
   Relative error      =     0.0005967119 %
 
 --------------------------------------------------------------
             Orbital Energies (a.u.) and Symmetries
 --------------------------------------------------------------
 Warning : Irrep of orbital(   1) could not be determined
 Warning : Irrep of orbital(   2) could not be determined
 Warning : Irrep of orbital(   3) could not be determined
 Warning : Irrep of orbital(   4) could not be determined
 Warning : Irrep of orbital(   5) could not be determined
 Warning : Irrep of orbital(   6) could not be determined
 Warning : Irrep of orbital(   7) could not be determined
 Warning : Irrep of orbital(   8) could not be determined
 Warning : Irrep of orbital(   9) could not be determined
 Warning : Irrep of orbital(  10) could not be determined
 Warning : Irrep of orbital(  26) could not be determined
 Warning : Irrep of orbital(  27) could not be determined
 Warning : Irrep of orbital(  41) could not be determined
 Warning : Irrep of orbital(  42) could not be determined
 Warning : Irrep of orbital(  43) could not be determined
 Warning : Irrep of orbital(  44) could not be determined
 Warning : Irrep of orbital(  45) could not be determined
 Warning : Irrep of orbital(  46) could not be determined
 Warning : Irrep of orbital(  47) could not be determined
 
 Alpha MOs, Restricted
 -- Occupied --                  
-10.018 -10.018 -10.008 -10.008 -10.007 -10.007 -10.005 -10.004
  0 xxx   0 xxx   0 xxx   0 xxx   0 xxx   0 xxx   0 xxx   0 xxx                
 -9.993  -9.991  -0.818  -0.755  -0.721  -0.704  -0.670  -0.585
  0 xxx   0 xxx   1 Ag    1 Bu    2 Ag    2 Bu    3 Bu    3 Ag                 
 -0.561  -0.532  -0.512  -0.462  -0.439  -0.411  -0.400  -0.397
  4 Ag    4 Bu    5 Ag    6 Ag    5 Bu    6 Bu    7 Bu    7 Ag                 
 -0.376  -0.358  -0.349  -0.330  -0.305  -0.295  -0.281  -0.263
  8 Bu    0 xxx   0 xxx   1 Au    9 Bu    8 Ag    9 Ag    1 Bg                 
 -0.216  -0.197  -0.160
  2 Au    2 Bg    3 Bg                                                         
 -- Virtual --                   
  0.050   0.091   0.117   0.181   0.280   0.319   0.330   0.365
  3 Au    4 Au    4 Bg    5 Au    5 Bg    0 xxx   0 xxx   0 xxx                
  0.370   0.412   0.415   0.423   0.446   0.469   0.496   0.539
  0 xxx   0 xxx   0 xxx   0 xxx  10 Ag   10 Bu   11 Ag   12 Ag                 
  0.571   0.587   0.610   0.627   0.646   0.693   0.743   0.806
 11 Bu   13 Ag   12 Bu   13 Bu   14 Ag   15 Ag   14 Bu   16 Ag                 
  0.816
 15 Bu                                                                         
 
 Beta MOs, Restricted
 -- Occupied --                  
-10.018 -10.018 -10.008 -10.008 -10.007 -10.007 -10.005 -10.004
  0 xxx   0 xxx   0 xxx   0 xxx   0 xxx   0 xxx   0 xxx   0 xxx                
 -9.993  -9.991  -0.818  -0.755  -0.721  -0.704  -0.670  -0.585
  0 xxx   0 xxx   1 Ag    1 Bu    2 Ag    2 Bu    3 Bu    3 Ag                 
 -0.561  -0.532  -0.512  -0.462  -0.439  -0.411  -0.400  -0.397
  4 Ag    4 Bu    5 Ag    6 Ag    5 Bu    6 Bu    7 Bu    7 Ag                 
 -0.376  -0.358  -0.349  -0.330  -0.305  -0.295  -0.281  -0.263
  8 Bu    0 xxx   0 xxx   1 Au    9 Bu    8 Ag    9 Ag    1 Bg                 
 -0.216  -0.197  -0.160
  2 Au    2 Bg    3 Bg                                                         
 -- Virtual --                   
  0.050   0.091   0.117   0.181   0.280   0.319   0.330   0.365
  3 Au    4 Au    4 Bg    5 Au    5 Bg    0 xxx   0 xxx   0 xxx                
  0.370   0.412   0.415   0.423   0.446   0.469   0.496   0.539
  0 xxx   0 xxx   0 xxx   0 xxx  10 Ag   10 Bu   11 Ag   12 Ag                 
  0.571   0.587   0.610   0.627   0.646   0.693   0.743   0.806
 11 Bu   13 Ag   12 Bu   13 Bu   14 Ag   15 Ag   14 Bu   16 Ag                 
  0.816
 15 Bu                                                                         
 --------------------------------------------------------------
 
          Ground-State Mulliken Net Atomic Charges

     Atom                 Charge (a.u.)
  ----------------------------------------
      1 C                    -0.004828
      2 C                    -0.083340
      3 C                    -0.080243
      4 C                    -0.003389
      5 C                    -0.075137
      6 C                    -0.074182
      7 H                     0.068256
      8 H                     0.072060
      9 H                     0.089262
     10 H                     0.087384
     11 C                    -0.072720
     12 C                    -0.158810
     13 H                     0.087735
     14 H                     0.078511
     15 H                     0.068140
     16 C                    -0.077813
     17 C                    -0.153953
     18 H                     0.069883
     19 H                     0.078220
     20 H                     0.084964
  ----------------------------------------
  Sum of atomic charges =     0.000000

 -----------------------------------------------------------------
                    Cartesian Multipole Moments
 -----------------------------------------------------------------
    Charge (ESU x 10^10)
                -0.0000
    Dipole Moment (Debye)
         X       0.0784      Y      -0.6548      Z      -0.0000
       Tot       0.6595
    Quadrupole Moments (Debye-Ang)
        XX     -50.9645     XY      -0.1107     YY     -50.1439
        XZ       0.0000     YZ       0.0000     ZZ     -58.5741
    Octopole Moments (Debye-Ang^2)
       XXX       2.0997    XXY      -3.3172    XYY      -0.1417
       YYY      -2.6649    XXZ      -0.0000    XYZ      -0.0000
       YYZ      -0.0000    XZZ       0.0387    YZZ      -0.1836
       ZZZ      -0.0000
    Hexadecapole Moments (Debye-Ang^3)
      XXXX   -1811.1514   XXXY       0.4972   XXYY    -358.4291
      XYYY       3.4677   YYYY    -329.5853   XXXZ       0.0000
      XXYZ      -0.0000   XYYZ       0.0000   YYYZ       0.0000
      XXZZ    -356.7118   XYZZ      -0.0670   YYZZ     -72.1346
      XZZZ       0.0000   YZZZ       0.0000   ZZZZ     -47.5454
 -----------------------------------------------------------------
 Calculating analytic gradient of the SCF energy
 Gradient of SCF Energy
            1           2           3           4           5           6
    1  -0.0505471   0.0064640  -0.0016907   0.0505568  -0.0059603   0.0010030
    2  -0.0092590  -0.0189739  -0.0198714   0.0079576   0.0193071   0.0195136
    3   0.0000000   0.0000000   0.0000000   0.0000000   0.0000000   0.0000000
            7           8           9          10          11          12
    1  -0.0003510  -0.0032974   0.0002401   0.0034146  -0.0392586   0.0235090
    2   0.0014027   0.0016528  -0.0009317  -0.0011413   0.0045711  -0.0134065
    3  -0.0000000  -0.0000000  -0.0000000  -0.0000000  -0.0000000   0.0000000
           13          14          15          16          17          18
    1   0.0030455  -0.0016899   0.0001599   0.0395016  -0.0231715  -0.0029506
    2   0.0005053   0.0021541   0.0030458  -0.0045787   0.0128927  -0.0002220
    3  -0.0000000  -0.0000000  -0.0000000  -0.0000000   0.0000000  -0.0000000
           19          20
    1   0.0013475  -0.0003250
    2  -0.0018594  -0.0027589
    3  -0.0000000  -0.0000000
 Max gradient component =       5.056E-02
 RMS gradient           =       1.385E-02
 Gradient time:  CPU 0.97 s  wall 0.98 s
 Applying Cartesian multipole field
    Component          Value
    ---------          -----
     (0,1,0)        1.88973E-03
     (0,0,1)        1.88973E-03
 Guess MOs from SCF MO coefficient file

 -----------------------------------------------------------------------
  General SCF calculation program by
  Eric Jon Sundstrom, Paul Horn, Yuezhi Mao, Dmitri Zuev, Alec White,
  David Stuck, Shaama M.S., Shane Yost, Joonho Lee, David Small,
  Daniel Levine, Susi Lehtola, Hugh Burton, Evgeny Epifanovsky,
  Bang C. Huynh
 -----------------------------------------------------------------------
 Exchange:     0.2000 Hartree-Fock + 0.0800 Slater + 0.7200 B88
 Correlation:  0.1900 VWN1RPA + 0.8100 LYP
 Using SG-1 standard quadrature grid
 A restricted SCF calculation will be
 performed using DIIS
 SCF converges when DIIS error is below 1.0e-08
 User-specified cutoff of 10e-12
 used for neglect of 2-electron integrals.
 A cutoff of 10e-12
 used for neglect of overlap integrals.
 Incremental Fock algorithm is on at the start.
 ---------------------------------------
  Cycle       Energy         DIIS error
 ---------------------------------------
    1    -382.3003589696      3.83e-04  
    2    -382.3003540819      4.62e-04  
    3    -382.3004898410      1.37e-04  
    4    -382.3005003490      2.64e-05  
    5    -382.3005007541      3.78e-06  
    6    -382.3005007627      1.01e-06  
    7    -382.3005007632      5.07e-07  
    8    -382.3005007633      6.03e-08  
    9    -382.3005007633      1.45e-08  
   10    -382.3005007633      3.14e-09  Convergence criterion met
 ---------------------------------------
 SCF time:   CPU 2.12s  wall 2.00s 
 SCF   energy =  -382.30050076
 Total energy =  -382.30050076
 Integrated density by DFT XC:
   Number of electrons = 70
   Numerical integral  =    70.000417700222
   Relative error      =     0.0005967146 %
 
 --------------------------------------------------------------
             Orbital Energies (a.u.) and Symmetries
 --------------------------------------------------------------
 Warning : Irrep of orbital(   1) could not be determined
 Warning : Irrep of orbital(   2) could not be determined
 Warning : Irrep of orbital(   3) could not be determined
 Warning : Irrep of orbital(   4) could not be determined
 Warning : Irrep of orbital(   5) could not be determined
 Warning : Irrep of orbital(   6) could not be determined
 Warning : Irrep of orbital(   7) could not be determined
 Warning : Irrep of orbital(   8) could not be determined
 Warning : Irrep of orbital(   9) could not be determined
 Warning : Irrep of orbital(  10) could not be determined
 Warning : Irrep of orbital(  41) could not be determined
 Warning : Irrep of orbital(  42) could not be determined
 Warning : Irrep of orbital(  45) could not be determined
 Warning : Irrep of orbital(  46) could not be determined
 Warning : Irrep of orbital(  47) could not be determined
 
 Alpha MOs, Restricted
 -- Occupied --                  
-10.018 -10.018 -10.008 -10.008 -10.007 -10.006 -10.006 -10.005
  0 xxx   0 xxx   0 xxx   0 xxx   0 xxx   0 xxx   0 xxx   0 xxx                
 -9.992  -9.992  -0.818  -0.755  -0.721  -0.704  -0.670  -0.585
  0 xxx   0 xxx   1 Ag    1 Bu    2 Ag    2 Bu    3 Bu    3 Ag                 
 -0.561  -0.532  -0.512  -0.462  -0.439  -0.410  -0.400  -0.397
  4 Ag    4 Bu    5 Ag    6 Ag    5 Bu    6 Bu    7 Bu    7 Ag                 
 -0.376  -0.358  -0.349  -0.330  -0.305  -0.295  -0.281  -0.263
  8 Bu    9 Bu    8 Ag    1 Au   10 Bu    9 Ag   10 Ag    1 Bg                 
 -0.216  -0.197  -0.160
  2 Au    2 Bg    3 Bg                                                         
 -- Virtual --                   
  0.050   0.091   0.116   0.181   0.280   0.319   0.330   0.365
  3 Au    4 Au    4 Bg    5 Au    5 Bg    0 xxx   0 xxx  11 Bu                 
  0.370   0.413   0.416   0.422   0.446   0.469   0.496   0.539
 11 Ag    0 xxx   0 xxx   0 xxx  12 Ag   12 Bu   13 Ag   14 Ag                 
  0.571   0.587   0.610   0.627   0.646   0.693   0.743   0.806
 13 Bu   15 Ag   14 Bu   15 Bu   16 Ag   17 Ag   16 Bu   18 Ag                 
  0.816
 17 Bu                                                                         
 
 Beta MOs, Restricted
 -- Occupied --                  
-10.018 -10.018 -10.008 -10.008 -10.007 -10.006 -10.006 -10.005
  0 xxx   0 xxx   0 xxx   0 xxx   0 xxx   0 xxx   0 xxx   0 xxx                
 -9.992  -9.992  -0.818  -0.755  -0.721  -0.704  -0.670  -0.585
  0 xxx   0 xxx   1 Ag    1 Bu    2 Ag    2 Bu    3 Bu    3 Ag                 
 -0.561  -0.532  -0.512  -0.462  -0.439  -0.410  -0.400  -0.397
  4 Ag    4 Bu    5 Ag    6 Ag    5 Bu    6 Bu    7 Bu    7 Ag                 
 -0.376  -0.358  -0.349  -0.330  -0.305  -0.295  -0.281  -0.263
  8 Bu    9 Bu    8 Ag    1 Au   10 Bu    9 Ag   10 Ag    1 Bg                 
 -0.216  -0.197  -0.160
  2 Au    2 Bg    3 Bg                                                         
 -- Virtual --                   
  0.050   0.091   0.116   0.181   0.280   0.319   0.330   0.365
  3 Au    4 Au    4 Bg    5 Au    5 Bg    0 xxx   0 xxx  11 Bu                 
  0.370   0.413   0.416   0.422   0.446   0.469   0.496   0.539
 11 Ag    0 xxx   0 xxx   0 xxx  12 Ag   12 Bu   13 Ag   14 Ag                 
  0.571   0.587   0.610   0.627   0.646   0.693   0.743   0.806
 13 Bu   15 Ag   14 Bu   15 Bu   16 Ag   17 Ag   16 Bu   18 Ag                 
  0.816
 17 Bu                                                                         
 --------------------------------------------------------------
 
          Ground-State Mulliken Net Atomic Charges

     Atom                 Charge (a.u.)
  ----------------------------------------
      1 C                    -0.004466
      2 C                    -0.081294
      3 C                    -0.078729
      4 C                    -0.003746
      5 C                    -0.077192
      6 C                    -0.075698
      7 H                     0.073510
      8 H                     0.075891
      9 H                     0.084013
     10 H                     0.083554
     11 C                    -0.073995
     12 C                    -0.157595
     13 H                     0.083274
     14 H                     0.078437
     15 H                     0.072347
     16 C                    -0.076541
     17 C                    -0.155167
     18 H                     0.074348
     19 H                     0.078291
     20 H                     0.080759
  ----------------------------------------
  Sum of atomic charges =     0.000000

 -----------------------------------------------------------------
                    Cartesian Multipole Moments
 -----------------------------------------------------------------
    Charge (ESU x 10^10)
                -0.0000
    Dipole Moment (Debye)
         X       0.0392      Y      -0.3274      Z      -0.0540
       Tot       0.3342
    Quadrupole Moments (Debye-Ang)
        XX     -50.9643     XY      -0.1107     YY     -50.1433
        XZ      -0.0001     YZ       0.0002     ZZ     -58.5742
    Octopole Moments (Debye-Ang^2)
       XXX       1.0499    XXY      -1.6586    XYY      -0.0709
       YYY      -1.3325    XXZ      -0.3340    XYZ       0.0033
       YYZ      -0.0596    XZZ       0.0194    YZZ      -0.0918
       ZZZ      -0.0304
    Hexadecapole Moments (Debye-Ang^3)
      XXXX   -1811.1574   XXXY       0.4957   XXYY    -358.4252
      XYYY       3.4688   YYYY    -329.5805   XXXZ      -0.0019
      XXYZ       0.0010   XYYZ       0.0000   YYYZ       0.0006
      XXZZ    -356.7120   XYZZ      -0.0670   YYZZ     -72.1347
      XZZZ      -0.0001   YZZZ       0.0002   ZZZZ     -47.5456
 -----------------------------------------------------------------
 Calculating analytic gradient of the SCF energy
 Gradient of SCF Energy
            1           2           3           4           5           6
    1  -0.0505503   0.0063495  -0.0015348   0.0505551  -0.0060976   0.0011910
    2  -0.0089364  -0.0190535  -0.0197863   0.0082857   0.0192200   0.0196074
    3   0.0000512  -0.0001831  -0.0001619   0.0000501  -0.0001675  -0.0001522
            7           8           9          10          11          12
    1  -0.0003185  -0.0033316   0.0002630   0.0033902  -0.0393168   0.0234202
    2   0.0013230   0.0015473  -0.0010874  -0.0012915   0.0045787  -0.0132824
    3   0.0001438   0.0001457   0.0001539   0.0001531  -0.0001432  -0.0003910
           13          14          15          16          17          18
    1   0.0030164  -0.0016043   0.0002001   0.0394383  -0.0232514  -0.0029689
    2   0.0004064   0.0020822   0.0030001  -0.0045826   0.0130255  -0.0002647
    3   0.0001621   0.0001772   0.0001794  -0.0001590  -0.0003735   0.0001539
           19          20
    1   0.0014330  -0.0002827
    2  -0.0019348  -0.0028566
    3   0.0001746   0.0001864
 Max gradient component =       5.056E-02
 RMS gradient           =       1.385E-02
 Gradient time:  CPU 0.96 s  wall 0.99 s
 Applying Cartesian multipole field
    Component          Value
    ---------          -----
     (0,1,0)        1.88973E-03
     (0,0,1)       -1.88973E-03
 Guess MOs from SCF MO coefficient file

 -----------------------------------------------------------------------
  General SCF calculation program by
  Eric Jon Sundstrom, Paul Horn, Yuezhi Mao, Dmitri Zuev, Alec White,
  David Stuck, Shaama M.S., Shane Yost, Joonho Lee, David Small,
  Daniel Levine, Susi Lehtola, Hugh Burton, Evgeny Epifanovsky,
  Bang C. Huynh
 -----------------------------------------------------------------------
 Exchange:     0.2000 Hartree-Fock + 0.0800 Slater + 0.7200 B88
 Correlation:  0.1900 VWN1RPA + 0.8100 LYP
 Using SG-1 standard quadrature grid
 A restricted SCF calculation will be
 performed using DIIS
 SCF converges when DIIS error is below 1.0e-08
 User-specified cutoff of 10e-12
 used for neglect of 2-electron integrals.
 A cutoff of 10e-12
 used for neglect of overlap integrals.
 Incremental Fock algorithm is on at the start.
 ---------------------------------------
  Cycle       Energy         DIIS error
 ---------------------------------------
    1    -382.3004204439      2.69e-04  
    2    -382.3004968371      6.39e-05  
    3    -382.3005007605      1.50e-06  
    4    -382.3005007633      2.39e-07  
    5    -382.3005007633      2.44e-07  
    6    -382.3005007633      6.28e-08  
    7    -382.3005007633      8.06e-09  Convergence criterion met
 ---------------------------------------
 SCF time:   CPU 1.52s  wall 2.00s 
 SCF   energy =  -382.30050076
 Total energy =  -382.30050076
 Integrated density by DFT XC:
   Number of electrons = 70
   Numerical integral  =    70.000417700221
   Relative error      =     0.0005967146 %
 
 --------------------------------------------------------------
             Orbital Energies (a.u.) and Symmetries
 --------------------------------------------------------------
 Warning : Irrep of orbital(   1) could not be determined
 Warning : Irrep of orbital(   2) could not be determined
 Warning : Irrep of orbital(   3) could not be determined
 Warning : Irrep of orbital(   4) could not be determined
 Warning : Irrep of orbital(   5) could not be determined
 Warning : Irrep of orbital(   6) could not be determined
 Warning : Irrep of orbital(   7) could not be determined
 Warning : Irrep of orbital(   8) could not be determined
 Warning : Irrep of orbital(   9) could not be determined
 Warning : Irrep of orbital(  10) could not be determined
 Warning : Irrep of orbital(  41) could not be determined
 Warning : Irrep of orbital(  42) could not be determined
 Warning : Irrep of orbital(  45) could not be determined
 Warning : Irrep of orbital(  46) could not be determined
 Warning : Irrep of orbital(  47) could not be determined
 
 Alpha MOs, Restricted
 -- Occupied --                  
-10.018 -10.018 -10.008 -10.008 -10.007 -10.006 -10.006 -10.005
  0 xxx   0 xxx   0 xxx   0 xxx   0 xxx   0 xxx   0 xxx   0 xxx                
 -9.992  -9.992  -0.818  -0.755  -0.721  -0.704  -0.670  -0.585
  0 xxx   0 xxx   1 Ag    1 Bu    2 Ag    2 Bu    3 Bu    3 Ag                 
 -0.561  -0.532  -0.512  -0.462  -0.439  -0.410  -0.400  -0.397
  4 Ag    4 Bu    5 Ag    6 Ag    5 Bu    6 Bu    7 Bu    7 Ag                 
 -0.376  -0.358  -0.349  -0.330  -0.305  -0.295  -0.281  -0.263
  8 Bu    9 Bu    8 Ag    1 Au   10 Bu    9 Ag   10 Ag    1 Bg                 
 -0.216  -0.197  -0.160
  2 Au    2 Bg    3 Bg                                                         
 -- Virtual --                   
  0.050   0.091   0.116   0.181   0.280   0.319   0.330   0.365
  3 Au    4 Au    4 Bg    5 Au    5 Bg    0 xxx   0 xxx  11 Bu                 
  0.370   0.413   0.416   0.422   0.446   0.469   0.496   0.539
 11 Ag    0 xxx   0 xxx   0 xxx  12 Ag   12 Bu   13 Ag   14 Ag                 
  0.571   0.587   0.610   0.627   0.646   0.693   0.743   0.806
 13 Bu   15 Ag   14 Bu   15 Bu   16 Ag   17 Ag   16 Bu   18 Ag                 
  0.816
 17 Bu                                                                         
 
 Beta MOs, Restricted
 -- Occupied --                  
-10.018 -10.018 -10.008 -10.008 -10.007 -10.006 -10.006 -10.005
  0 xxx   0 xxx   0 xxx   0 xxx   0 xxx   0 xxx   0 xxx   0 xxx                
 -9.992  -9.992  -0.818  -0.755  -0.721  -0.704  -0.670  -0.585
  0 xxx   0 xxx   1 Ag    1 Bu    2 Ag    2 Bu    3 Bu    3 Ag                 
 -0.561  -0.532  -0.512  -0.462  -0.439  -0.410  -0.400  -0.397
  4 Ag    4 Bu    5 Ag    6 Ag    5 Bu    6 Bu    7 Bu    7 Ag                 
 -0.376  -0.358  -0.349  -0.330  -0.305  -0.295  -0.281  -0.263
  8 Bu    9 Bu    8 Ag    1 Au   10 Bu    9 Ag   10 Ag    1 Bg                 
 -0.216  -0.197  -0.160
  2 Au    2 Bg    3 Bg                                                         
 -- Virtual --                   
  0.050   0.091   0.116   0.181   0.280   0.319   0.330   0.365
  3 Au    4 Au    4 Bg    5 Au    5 Bg    0 xxx   0 xxx  11 Bu                 
  0.370   0.413   0.416   0.422   0.446   0.469   0.496   0.539
 11 Ag    0 xxx   0 xxx   0 xxx  12 Ag   12 Bu   13 Ag   14 Ag                 
  0.571   0.587   0.610   0.627   0.646   0.693   0.743   0.806
 13 Bu   15 Ag   14 Bu   15 Bu   16 Ag   17 Ag   16 Bu   18 Ag                 
  0.816
 17 Bu                                                                         
 --------------------------------------------------------------
 
          Ground-State Mulliken Net Atomic Charges

     Atom                 Charge (a.u.)
  ----------------------------------------
      1 C                    -0.004466
      2 C                    -0.081294
      3 C                    -0.078728
      4 C                    -0.003746
      5 C                    -0.077192
      6 C                    -0.075698
      7 H                     0.073510
      8 H                     0.075891
      9 H                     0.084013
     10 H                     0.083554
     11 C                    -0.073995
     12 C                    -0.157595
     13 H                     0.083274
     14 H                     0.078437
     15 H                     0.072347
     16 C                    -0.076541
     17 C                    -0.155167
     18 H                     0.074348
     19 H                     0.078291
     20 H                     0.080759
  ----------------------------------------
  Sum of atomic charges =     0.000000

 -----------------------------------------------------------------
                    Cartesian Multipole Moments
 -----------------------------------------------------------------
    Charge (ESU x 10^10)
                -0.0000
    Dipole Moment (Debye)
         X       0.0392      Y      -0.3274      Z       0.0540
       Tot       0.3342
    Quadrupole Moments (Debye-Ang)
        XX     -50.9643     XY      -0.1107     YY     -50.1433
        XZ       0.0001     YZ      -0.0002     ZZ     -58.5742
    Octopole Moments (Debye-Ang^2)
       XXX       1.0499    XXY      -1.6586    XYY      -0.0709
       YYY      -1.3325    XXZ       0.3340    XYZ      -0.0033
       YYZ       0.0596    XZZ       0.0194    YZZ      -0.0918
       ZZZ       0.0304
    Hexadecapole Moments (Debye-Ang^3)
      XXXX   -1811.1574   XXXY       0.4957   XXYY    -358.4252
      XYYY       3.4688   YYYY    -329.5805   XXXZ       0.0019
      XXYZ      -0.0010   XYYZ      -0.0000   YYYZ      -0.0006
      XXZZ    -356.7120   XYZZ      -0.0670   YYZZ     -72.1347
      XZZZ       0.0001   YZZZ      -0.0002   ZZZZ     -47.5456
 -----------------------------------------------------------------
 Calculating analytic gradient of the SCF energy
 Gradient of SCF Energy
            1           2           3           4           5           6
    1  -0.0505503   0.0063495  -0.0015348   0.0505551  -0.0060976   0.0011910
    2  -0.0089364  -0.0190535  -0.0197864   0.0082857   0.0192200   0.0196075
    3  -0.0000512   0.0001831   0.0001619  -0.0000501   0.0001675   0.0001522
            7           8           9          10          11          12
    1  -0.0003185  -0.0033316   0.0002630   0.0033902  -0.0393168   0.0234202
    2   0.0013230   0.0015473  -0.0010874  -0.0012915   0.0045787  -0.0132824
    3  -0.0001438  -0.0001457  -0.0001539  -0.0001531   0.0001432   0.0003910
           13          14          15          16          17          18
    1   0.0030164  -0.0016043   0.0002001   0.0394383  -0.0232514  -0.0029689
    2   0.0004064   0.0020822   0.0030001  -0.0045826   0.0130255  -0.0002647
    3  -0.0001621  -0.0001772  -0.0001794   0.0001590   0.0003735  -0.0001539
           19          20
    1   0.0014330  -0.0002827
    2  -0.0019348  -0.0028566
    3  -0.0001746  -0.0001864
 Max gradient component =       5.056E-02
 RMS gradient           =       1.385E-02
 Gradient time:  CPU 0.96 s  wall 1.00 s
 Applying Cartesian multipole field
    Component          Value
    ---------          -----
     (0,1,0)       -3.77945E-03
 Guess MOs from SCF MO coefficient file

 -----------------------------------------------------------------------
  General SCF calculation program by
  Eric Jon Sundstrom, Paul Horn, Yuezhi Mao, Dmitri Zuev, Alec White,
  David Stuck, Shaama M.S., Shane Yost, Joonho Lee, David Small,
  Daniel Levine, Susi Lehtola, Hugh Burton, Evgeny Epifanovsky,
  Bang C. Huynh
 -----------------------------------------------------------------------
 Exchange:     0.2000 Hartree-Fock + 0.0800 Slater + 0.7200 B88
 Correlation:  0.1900 VWN1RPA + 0.8100 LYP
 Using SG-1 standard quadrature grid
 A restricted SCF calculation will be
 performed using DIIS
 SCF converges when DIIS error is below 1.0e-08
 User-specified cutoff of 10e-12
 used for neglect of 2-electron integrals.
 A cutoff of 10e-12
 used for neglect of overlap integrals.
 Incremental Fock algorithm is on at the start.
 ---------------------------------------
  Cycle       Energy         DIIS error
 ---------------------------------------
    1    -382.2997303234      1.09e-03  
    2    -382.2995326702      1.38e-03  
    3    -382.3007729009      3.55e-04  
    4    -382.3008422727      7.74e-05  
    5    -382.3008457654      9.56e-06  
    6    -382.3008458173      2.90e-06  
    7    -382.3008458219      1.15e-06  
    8    -382.3008458227      1.73e-07  
    9    -382.3008458228      3.49e-08  
   10    -382.3008458228      1.14e-08  
   11    -382.3008458228      3.10e-09  Convergence criterion met
 ---------------------------------------
 SCF time:   CPU 2.38s  wall 2.00s 
 SCF   energy =  -382.30084582
 Total energy =  -382.30084582
 Integrated density by DFT XC:
   Number of electrons = 70
   Numerical integral  =    70.000417698321
   Relative error      =     0.0005967119 %
 
 --------------------------------------------------------------
             Orbital Energies (a.u.) and Symmetries
 --------------------------------------------------------------
 Warning : Irrep of orbital(   1) could not be determined
 Warning : Irrep of orbital(   2) could not be determined
 Warning : Irrep of orbital(   3) could not be determined
 Warning : Irrep of orbital(   4) could not be determined
 Warning : Irrep of orbital(   5) could not be determined
 Warning : Irrep of orbital(   6) could not be determined
 Warning : Irrep of orbital(   7) could not be determined
 Warning : Irrep of orbital(   8) could not be determined
 Warning : Irrep of orbital(   9) could not be determined
 Warning : Irrep of orbital(  10) could not be determined
 Warning : Irrep of orbital(  26) could not be determined
 Warning : Irrep of orbital(  27) could not be determined
 Warning : Irrep of orbital(  41) could not be determined
 Warning : Irrep of orbital(  42) could not be determined
 Warning : Irrep of orbital(  43) could not be determined
 Warning : Irrep of orbital(  44) could not be determined
 Warning : Irrep of orbital(  45) could not be determined
 Warning : Irrep of orbital(  46) could not be determined
 Warning : Irrep of orbital(  47) could not be determined
 
 Alpha MOs, Restricted
 -- Occupied --                  
-10.018 -10.018 -10.008 -10.008 -10.007 -10.007 -10.005 -10.004
  0 xxx   0 xxx   0 xxx   0 xxx   0 xxx   0 xxx   0 xxx   0 xxx                
 -9.993  -9.991  -0.818  -0.755  -0.721  -0.704  -0.670  -0.585
  0 xxx   0 xxx   1 Ag    1 Bu    2 Ag    2 Bu    3 Bu    3 Ag                 
 -0.561  -0.532  -0.512  -0.462  -0.439  -0.411  -0.400  -0.397
  4 Ag    4 Bu    5 Ag    6 Ag    5 Bu    6 Bu    7 Bu    7 Ag                 
 -0.376  -0.358  -0.349  -0.330  -0.305  -0.295  -0.281  -0.263
  8 Bu    0 xxx   0 xxx   1 Au    9 Bu    8 Ag    9 Ag    1 Bg                 
 -0.216  -0.197  -0.160
  2 Au    2 Bg    3 Bg                                                         
 -- Virtual --                   
  0.050   0.091   0.117   0.181   0.280   0.319   0.330   0.365
  3 Au    4 Au    4 Bg    5 Au    5 Bg    0 xxx   0 xxx   0 xxx                
  0.370   0.412   0.415   0.423   0.446   0.469   0.496   0.539
  0 xxx   0 xxx   0 xxx   0 xxx  10 Ag   10 Bu   11 Ag   12 Ag                 
  0.571   0.587   0.610   0.627   0.646   0.693   0.743   0.806
 11 Bu   13 Ag   12 Bu   13 Bu   14 Ag   15 Ag   14 Bu   16 Ag                 
  0.816
 15 Bu                                                                         
 
 Beta MOs, Restricted
 -- Occupied --                  
-10.018 -10.018 -10.008 -10.008 -10.007 -10.007 -10.005 -10.004
  0 xxx   0 xxx   0 xxx   0 xxx   0 xxx   0 xxx   0 xxx   0 xxx                
 -9.993  -9.991  -0.818  -0.755  -0.721  -0.704  -0.670  -0.585
  0 xxx   0 xxx   1 Ag    1 Bu    2 Ag    2 Bu    3 Bu    3 Ag                 
 -0.561  -0.532  -0.512  -0.462  -0.439  -0.411  -0.400  -0.397
  4 Ag    4 Bu    5 Ag    6 Ag    5 Bu    6 Bu    7 Bu    7 Ag                 
 -0.376  -0.358  -0.349  -0.330  -0.305  -0.295  -0.281  -0.263
  8 Bu    0 xxx   0 xxx   1 Au    9 Bu    8 Ag    9 Ag    1 Bg                 
 -0.216  -0.197  -0.160
  2 Au    2 Bg    3 Bg                                                         
 -- Virtual --                   
  0.050   0.091   0.117   0.181   0.280   0.319   0.330   0.365
  3 Au    4 Au    4 Bg    5 Au    5 Bg    0 xxx   0 xxx   0 xxx                
  0.370   0.412   0.415   0.423   0.446   0.469   0.496   0.539
  0 xxx   0 xxx   0 xxx   0 xxx  10 Ag   10 Bu   11 Ag   12 Ag                 
  0.571   0.587   0.610   0.627   0.646   0.693   0.743   0.806
 11 Bu   13 Ag   12 Bu   13 Bu   14 Ag   15 Ag   14 Bu   16 Ag                 
  0.816
 15 Bu                                                                         
 --------------------------------------------------------------
 
          Ground-State Mulliken Net Atomic Charges

     Atom                 Charge (a.u.)
  ----------------------------------------
      1 C                    -0.003389
      2 C                    -0.075137
      3 C                    -0.074182
      4 C                    -0.004828
      5 C                    -0.083340
      6 C                    -0.080243
      7 H                     0.089262
      8 H                     0.087384
      9 H                     0.068256
     10 H                     0.072060
     11 C                    -0.077813
     12 C                    -0.153953
     13 H                     0.069883
     14 H                     0.078220
     15 H                     0.084964
     16 C                    -0.072720
     17 C                    -0.158810
     18 H                     0.087735
     19 H                     0.078511
     20 H                     0.068140
  ----------------------------------------
  Sum of atomic charges =     0.000000

 -----------------------------------------------------------------
                    Cartesian Multipole Moments
 -----------------------------------------------------------------
    Charge (ESU x 10^10)
                -0.0000
    Dipole Moment (Debye)
         X      -0.0784      Y       0.6548      Z       0.0000
       Tot       0.6595
    Quadrupole Moments (Debye-Ang)
        XX     -50.9645     XY      -0.1107     YY     -50.1439
        XZ      -0.0000     YZ       0.0000     ZZ     -58.5741
    Octopole Moments (Debye-Ang^2)
       XXX      -2.0997    XXY       3.3172    XYY       0.1417
       YYY       2.6649    XXZ      -0.0000    XYZ      -0.0000
       YYZ      -0.0000    XZZ      -0.0387    YZZ       0.1836
       ZZZ       0.0000
    Hexadecapole Moments (Debye-Ang^3)
      XXXX   -1811.1514   XXXY       0.4971   XXYY    -358.4291
      XYYY       3.4677   YYYY    -329.5853   XXXZ      -0.0000
      XXYZ       0.0000   XYYZ      -0.0000   YYYZ       0.0000
      XXZZ    -356.7118   XYZZ      -0.0670   YYZZ     -72.1346
      XZZZ      -0.0000   YZZZ       0.0000   ZZZZ     -47.5454
 -----------------------------------------------------------------
 Calculating analytic gradient of the SCF energy
 Gradient of SCF Energy
            1           2           3           4           5           6
    1  -0.0505568   0.0059603  -0.0010031   0.0505471  -0.0064640   0.0016907
    2  -0.0079576  -0.0193071  -0.0195136   0.0092590   0.0189739   0.0198714
    3  -0.0000000   0.0000000   0.0000000  -0.0000000   0.0000000   0.0000000
            7           8           9          10          11          12
    1  -0.0002401  -0.0034146   0.0003510   0.0032974  -0.0395016   0.0231715
    2   0.0009317   0.0011413  -0.0014027  -0.0016528   0.0045787  -0.0128927
    3  -0.0000000  -0.0000000  -0.0000000  -0.0000000  -0.0000000   0.0000000
           13          14          15          16          17          18
    1   0.0029506  -0.0013475   0.0003250   0.0392586  -0.0235090  -0.0030455
    2   0.0002220   0.0018594   0.0027589  -0.0045711   0.0134065  -0.0005053
    3  -0.0000000   0.0000000  -0.0000000  -0.0000000   0.0000000  -0.0000000
           19          20
    1   0.0016899  -0.0001599
    2  -0.0021541  -0.0030458
    3   0.0000000  -0.0000000
 Max gradient component =       5.056E-02
 RMS gradient           =       1.385E-02
 Gradient time:  CPU 0.96 s  wall 1.03 s
 Applying Cartesian multipole field
    Component          Value
    ---------          -----
     (0,1,0)       -1.88973E-03
     (0,0,1)        1.88973E-03
 Guess MOs from SCF MO coefficient file

 -----------------------------------------------------------------------
  General SCF calculation program by
  Eric Jon Sundstrom, Paul Horn, Yuezhi Mao, Dmitri Zuev, Alec White,
  David Stuck, Shaama M.S., Shane Yost, Joonho Lee, David Small,
  Daniel Levine, Susi Lehtola, Hugh Burton, Evgeny Epifanovsky,
  Bang C. Huynh
 -----------------------------------------------------------------------
 Exchange:     0.2000 Hartree-Fock + 0.0800 Slater + 0.7200 B88
 Correlation:  0.1900 VWN1RPA + 0.8100 LYP
 Using SG-1 standard quadrature grid
 A restricted SCF calculation will be
 performed using DIIS
 SCF converges when DIIS error is below 1.0e-08
 User-specified cutoff of 10e-12
 used for neglect of 2-electron integrals.
 A cutoff of 10e-12
 used for neglect of overlap integrals.
 Incremental Fock algorithm is on at the start.
 ---------------------------------------
  Cycle       Energy         DIIS error
 ---------------------------------------
    1    -382.3003589696      3.83e-04  
    2    -382.3003540819      4.62e-04  
    3    -382.3004898410      1.37e-04  
    4    -382.3005003490      2.64e-05  
    5    -382.3005007541      3.78e-06  
    6    -382.3005007627      1.01e-06  
    7    -382.3005007632      5.07e-07  
    8    -382.3005007633      6.03e-08  
    9    -382.3005007633      1.45e-08  
   10    -382.3005007633      3.14e-09  Convergence criterion met
 ---------------------------------------
 SCF time:   CPU 2.36s  wall 3.00s 
 SCF   energy =  -382.30050076
 Total energy =  -382.30050076
 Integrated density by DFT XC:
   Number of electrons = 70
   Numerical integral  =    70.000417700222
   Relative error      =     0.0005967146 %
 
 --------------------------------------------------------------
             Orbital Energies (a.u.) and Symmetries
 --------------------------------------------------------------
 Warning : Irrep of orbital(   1) could not be determined
 Warning : Irrep of orbital(   2) could not be determined
 Warning : Irrep of orbital(   3) could not be determined
 Warning : Irrep of orbital(   4) could not be determined
 Warning : Irrep of orbital(   5) could not be determined
 Warning : Irrep of orbital(   6) could not be determined
 Warning : Irrep of orbital(   7) could not be determined
 Warning : Irrep of orbital(   8) could not be determined
 Warning : Irrep of orbital(   9) could not be determined
 Warning : Irrep of orbital(  10) could not be determined
 Warning : Irrep of orbital(  41) could not be determined
 Warning : Irrep of orbital(  42) could not be determined
 Warning : Irrep of orbital(  45) could not be determined
 Warning : Irrep of orbital(  46) could not be determined
 Warning : Irrep of orbital(  47) could not be determined
 
 Alpha MOs, Restricted
 -- Occupied --                  
-10.018 -10.018 -10.008 -10.008 -10.007 -10.006 -10.006 -10.005
  0 xxx   0 xxx   0 xxx   0 xxx   0 xxx   0 xxx   0 xxx   0 xxx                
 -9.992  -9.992  -0.818  -0.755  -0.721  -0.704  -0.670  -0.585
  0 xxx   0 xxx   1 Ag    1 Bu    2 Ag    2 Bu    3 Bu    3 Ag                 
 -0.561  -0.532  -0.512  -0.462  -0.439  -0.410  -0.400  -0.397
  4 Ag    4 Bu    5 Ag    6 Ag    5 Bu    6 Bu    7 Bu    7 Ag                 
 -0.376  -0.358  -0.349  -0.330  -0.305  -0.295  -0.281  -0.263
  8 Bu    9 Bu    8 Ag    1 Au   10 Bu    9 Ag   10 Ag    1 Bg                 
 -0.216  -0.197  -0.160
  2 Au    2 Bg    3 Bg                                                         
 -- Virtual --                   
  0.050   0.091   0.116   0.181   0.280   0.319   0.330   0.365
  3 Au    4 Au    4 Bg    5 Au    5 Bg    0 xxx   0 xxx  11 Bu                 
  0.370   0.413   0.416   0.422   0.446   0.469   0.496   0.539
 11 Ag    0 xxx   0 xxx   0 xxx  12 Ag   12 Bu   13 Ag   14 Ag                 
  0.571   0.587   0.610   0.627   0.646   0.693   0.743   0.806
 13 Bu   15 Ag   14 Bu   15 Bu   16 Ag   17 Ag   16 Bu   18 Ag                 
  0.816
 17 Bu                                                                         
 
 Beta MOs, Restricted
 -- Occupied --                  
-10.018 -10.018 -10.008 -10.008 -10.007 -10.006 -10.006 -10.005
  0 xxx   0 xxx   0 xxx   0 xxx   0 xxx   0 xxx   0 xxx   0 xxx                
 -9.992  -9.992  -0.818  -0.755  -0.721  -0.704  -0.670  -0.585
  0 xxx   0 xxx   1 Ag    1 Bu    2 Ag    2 Bu    3 Bu    3 Ag                 
 -0.561  -0.532  -0.512  -0.462  -0.439  -0.410  -0.400  -0.397
  4 Ag    4 Bu    5 Ag    6 Ag    5 Bu    6 Bu    7 Bu    7 Ag                 
 -0.376  -0.358  -0.349  -0.330  -0.305  -0.295  -0.281  -0.263
  8 Bu    9 Bu    8 Ag    1 Au   10 Bu    9 Ag   10 Ag    1 Bg                 
 -0.216  -0.197  -0.160
  2 Au    2 Bg    3 Bg                                                         
 -- Virtual --                   
  0.050   0.091   0.116   0.181   0.280   0.319   0.330   0.365
  3 Au    4 Au    4 Bg    5 Au    5 Bg    0 xxx   0 xxx  11 Bu                 
  0.370   0.413   0.416   0.422   0.446   0.469   0.496   0.539
 11 Ag    0 xxx   0 xxx   0 xxx  12 Ag   12 Bu   13 Ag   14 Ag                 
  0.571   0.587   0.610   0.627   0.646   0.693   0.743   0.806
 13 Bu   15 Ag   14 Bu   15 Bu   16 Ag   17 Ag   16 Bu   18 Ag                 
  0.816
 17 Bu                                                                         
 --------------------------------------------------------------
 
          Ground-State Mulliken Net Atomic Charges

     Atom                 Charge (a.u.)
  ----------------------------------------
      1 C                    -0.003746
      2 C                    -0.077192
      3 C                    -0.075698
      4 C                    -0.004466
      5 C                    -0.081294
      6 C                    -0.078729
      7 H                     0.084013
      8 H                     0.083554
      9 H                     0.073510
     10 H                     0.075891
     11 C                    -0.076541
     12 C                    -0.155167
     13 H                     0.074348
     14 H                     0.078291
     15 H                     0.080759
     16 C                    -0.073995
     17 C                    -0.157595
     18 H                     0.083274
     19 H                     0.078437
     20 H                     0.072347
  ----------------------------------------
  Sum of atomic charges =     0.000000

 -----------------------------------------------------------------
                    Cartesian Multipole Moments
 -----------------------------------------------------------------
    Charge (ESU x 10^10)
                -0.0000
    Dipole Moment (Debye)
         X      -0.0392      Y       0.3274      Z      -0.0540
       Tot       0.3342
    Quadrupole Moments (Debye-Ang)
        XX     -50.9643     XY      -0.1107     YY     -50.1433
        XZ       0.0001     YZ      -0.0002     ZZ     -58.5742
    Octopole Moments (Debye-Ang^2)
       XXX      -1.0499    XXY       1.6586    XYY       0.0709
       YYY       1.3325    XXZ      -0.3340    XYZ       0.0033
       YYZ      -0.0596    XZZ      -0.0194    YZZ       0.0918
       ZZZ      -0.0304
    Hexadecapole Moments (Debye-Ang^3)
      XXXX   -1811.1574   XXXY       0.4957   XXYY    -358.4252
      XYYY       3.4688   YYYY    -329.5805   XXXZ       0.0019
      XXYZ      -0.0010   XYYZ      -0.0000   YYYZ      -0.0006
      XXZZ    -356.7120   XYZZ      -0.0670   YYZZ     -72.1347
      XZZZ       0.0001   YZZZ      -0.0002   ZZZZ     -47.5456
 -----------------------------------------------------------------
 Calculating analytic gradient of the SCF energy
 Gradient of SCF Energy
            1           2           3           4           5           6
    1  -0.0505551   0.0060976  -0.0011910   0.0505503  -0.0063495   0.0015348
    2  -0.0082857  -0.0192200  -0.0196074   0.0089364   0.0190535   0.0197863
    3   0.0000501  -0.0001675  -0.0001522   0.0000512  -0.0001831  -0.0001619
            7           8           9          10          11          12
    1  -0.0002630  -0.0033902   0.0003185   0.0033316  -0.0394383   0.0232514
    2   0.0010874   0.0012915  -0.0013230  -0.0015473   0.0045826  -0.0130255
    3   0.0001539   0.0001531   0.0001438   0.0001457  -0.0001590  -0.0003735
           13          14          15          16          17          18
    1   0.0029689  -0.0014330   0.0002827   0.0393168  -0.0234202  -0.0030164
    2   0.0002647   0.0019348   0.0028566  -0.0045787   0.0132824  -0.0004064
    3   0.0001539   0.0001746   0.0001864  -0.0001432  -0.0003910   0.0001621
           19          20
    1   0.0016043  -0.0002001
    2  -0.0020822  -0.0030001
    3   0.0001772   0.0001794
 Max gradient component =       5.056E-02
 RMS gradient           =       1.385E-02
 Gradient time:  CPU 0.97 s  wall 1.00 s
 Applying Cartesian multipole field
    Component          Value
    ---------          -----
     (0,1,0)       -1.88973E-03
     (0,0,1)       -1.88973E-03
 Guess MOs from SCF MO coefficient file

 -----------------------------------------------------------------------
  General SCF calculation program by
  Eric Jon Sundstrom, Paul Horn, Yuezhi Mao, Dmitri Zuev, Alec White,
  David Stuck, Shaama M.S., Shane Yost, Joonho Lee, David Small,
  Daniel Levine, Susi Lehtola, Hugh Burton, Evgeny Epifanovsky,
  Bang C. Huynh
 -----------------------------------------------------------------------
 Exchange:     0.2000 Hartree-Fock + 0.0800 Slater + 0.7200 B88
 Correlation:  0.1900 VWN1RPA + 0.8100 LYP
 Using SG-1 standard quadrature grid
 A restricted SCF calculation will be
 performed using DIIS
 SCF converges when DIIS error is below 1.0e-08
 User-specified cutoff of 10e-12
 used for neglect of 2-electron integrals.
 A cutoff of 10e-12
 used for neglect of overlap integrals.
 Incremental Fock algorithm is on at the start.
 ---------------------------------------
  Cycle       Energy         DIIS error
 ---------------------------------------
    1    -382.3004204439      2.69e-04  
    2    -382.3004968371      6.39e-05  
    3    -382.3005007605      1.50e-06  
    4    -382.3005007633      2.39e-07  
    5    -382.3005007633      2.44e-07  
    6    -382.3005007633      6.28e-08  
    7    -382.3005007633      8.06e-09  Convergence criterion met
 ---------------------------------------
 SCF time:   CPU 1.53s  wall 1.00s 
 SCF   energy =  -382.30050076
 Total energy =  -382.30050076
 Integrated density by DFT XC:
   Number of electrons = 70
   Numerical integral  =    70.000417700221
   Relative error      =     0.0005967146 %
 
 --------------------------------------------------------------
             Orbital Energies (a.u.) and Symmetries
 --------------------------------------------------------------
 Warning : Irrep of orbital(   1) could not be determined
 Warning : Irrep of orbital(   2) could not be determined
 Warning : Irrep of orbital(   3) could not be determined
 Warning : Irrep of orbital(   4) could not be determined
 Warning : Irrep of orbital(   5) could not be determined
 Warning : Irrep of orbital(   6) could not be determined
 Warning : Irrep of orbital(   7) could not be determined
 Warning : Irrep of orbital(   8) could not be determined
 Warning : Irrep of orbital(   9) could not be determined
 Warning : Irrep of orbital(  10) could not be determined
 Warning : Irrep of orbital(  41) could not be determined
 Warning : Irrep of orbital(  42) could not be determined
 Warning : Irrep of orbital(  45) could not be determined
 Warning : Irrep of orbital(  46) could not be determined
 Warning : Irrep of orbital(  47) could not be determined
 
 Alpha MOs, Restricted
 -- Occupied --                  
-10.018 -10.018 -10.008 -10.008 -10.007 -10.006 -10.006 -10.005
  0 xxx   0 xxx   0 xxx   0 xxx   0 xxx   0 xxx   0 xxx   0 xxx                
 -9.992  -9.992  -0.818  -0.755  -0.721  -0.704  -0.670  -0.585
  0 xxx   0 xxx   1 Ag    1 Bu    2 Ag    2 Bu    3 Bu    3 Ag                 
 -0.561  -0.532  -0.512  -0.462  -0.439  -0.410  -0.400  -0.397
  4 Ag    4 Bu    5 Ag    6 Ag    5 Bu    6 Bu    7 Bu    7 Ag                 
 -0.376  -0.358  -0.349  -0.330  -0.305  -0.295  -0.281  -0.263
  8 Bu    9 Bu    8 Ag    1 Au   10 Bu    9 Ag   10 Ag    1 Bg                 
 -0.216  -0.197  -0.160
  2 Au    2 Bg    3 Bg                                                         
 -- Virtual --                   
  0.050   0.091   0.116   0.181   0.280   0.319   0.330   0.365
  3 Au    4 Au    4 Bg    5 Au    5 Bg    0 xxx   0 xxx  11 Bu                 
  0.370   0.413   0.416   0.422   0.446   0.469   0.496   0.539
 11 Ag    0 xxx   0 xxx   0 xxx  12 Ag   12 Bu   13 Ag   14 Ag                 
  0.571   0.587   0.610   0.627   0.646   0.693   0.743   0.806
 13 Bu   15 Ag   14 Bu   15 Bu   16 Ag   17 Ag   16 Bu   18 Ag                 
  0.816
 17 Bu                                                                         
 
 Beta MOs, Restricted
 -- Occupied --                  
-10.018 -10.018 -10.008 -10.008 -10.007 -10.006 -10.006 -10.005
  0 xxx   0 xxx   0 xxx   0 xxx   0 xxx   0 xxx   0 xxx   0 xxx                
 -9.992  -9.992  -0.818  -0.755  -0.721  -0.704  -0.670  -0.585
  0 xxx   0 xxx   1 Ag    1 Bu    2 Ag    2 Bu    3 Bu    3 Ag                 
 -0.561  -0.532  -0.512  -0.462  -0.439  -0.410  -0.400  -0.397
  4 Ag    4 Bu    5 Ag    6 Ag    5 Bu    6 Bu    7 Bu    7 Ag                 
 -0.376  -0.358  -0.349  -0.330  -0.305  -0.295  -0.281  -0.263
  8 Bu    9 Bu    8 Ag    1 Au   10 Bu    9 Ag   10 Ag    1 Bg                 
 -0.216  -0.197  -0.160
  2 Au    2 Bg    3 Bg                                                         
 -- Virtual --                   
  0.050   0.091   0.116   0.181   0.280   0.319   0.330   0.365
  3 Au    4 Au    4 Bg    5 Au    5 Bg    0 xxx   0 xxx  11 Bu                 
  0.370   0.413   0.416   0.422   0.446   0.469   0.496   0.539
 11 Ag    0 xxx   0 xxx   0 xxx  12 Ag   12 Bu   13 Ag   14 Ag                 
  0.571   0.587   0.610   0.627   0.646   0.693   0.743   0.806
 13 Bu   15 Ag   14 Bu   15 Bu   16 Ag   17 Ag   16 Bu   18 Ag                 
  0.816
 17 Bu                                                                         
 --------------------------------------------------------------
 
          Ground-State Mulliken Net Atomic Charges

     Atom                 Charge (a.u.)
  ----------------------------------------
      1 C                    -0.003746
      2 C                    -0.077192
      3 C                    -0.075698
      4 C                    -0.004466
      5 C                    -0.081294
      6 C                    -0.078728
      7 H                     0.084013
      8 H                     0.083554
      9 H                     0.073510
     10 H                     0.075891
     11 C                    -0.076541
     12 C                    -0.155167
     13 H                     0.074348
     14 H                     0.078291
     15 H                     0.080759
     16 C                    -0.073995
     17 C                    -0.157595
     18 H                     0.083274
     19 H                     0.078437
     20 H                     0.072347
  ----------------------------------------
  Sum of atomic charges =     0.000000

 -----------------------------------------------------------------
                    Cartesian Multipole Moments
 -----------------------------------------------------------------
    Charge (ESU x 10^10)
                -0.0000
    Dipole Moment (Debye)
         X      -0.0392      Y       0.3274      Z       0.0540
       Tot       0.3342
    Quadrupole Moments (Debye-Ang)
        XX     -50.9643     XY      -0.1107     YY     -50.1433
        XZ      -0.0001     YZ       0.0002     ZZ     -58.5742
    Octopole Moments (Debye-Ang^2)
       XXX      -1.0499    XXY       1.6586    XYY       0.0709
       YYY       1.3325    XXZ       0.3340    XYZ      -0.0033
       YYZ       0.0596    XZZ      -0.0194    YZZ       0.0918
       ZZZ       0.0304
    Hexadecapole Moments (Debye-Ang^3)
      XXXX   -1811.1574   XXXY       0.4957   XXYY    -358.4252
      XYYY       3.4688   YYYY    -329.5805   XXXZ      -0.0019
      XXYZ       0.0010   XYYZ       0.0000   YYYZ       0.0006
      XXZZ    -356.7120   XYZZ      -0.0670   YYZZ     -72.1347
      XZZZ      -0.0001   YZZZ       0.0002   ZZZZ     -47.5456
 -----------------------------------------------------------------
 Calculating analytic gradient of the SCF energy
 Gradient of SCF Energy
            1           2           3           4           5           6
    1  -0.0505551   0.0060976  -0.0011910   0.0505503  -0.0063495   0.0015348
    2  -0.0082857  -0.0192200  -0.0196075   0.0089364   0.0190535   0.0197864
    3  -0.0000501   0.0001675   0.0001522  -0.0000512   0.0001831   0.0001619
            7           8           9          10          11          12
    1  -0.0002630  -0.0033902   0.0003185   0.0033316  -0.0394383   0.0232514
    2   0.0010874   0.0012915  -0.0013230  -0.0015473   0.0045826  -0.0130255
    3  -0.0001539  -0.0001531  -0.0001438  -0.0001457   0.0001590   0.0003735
           13          14          15          16          17          18
    1   0.0029689  -0.0014330   0.0002827   0.0393168  -0.0234202  -0.0030164
    2   0.0002647   0.0019348   0.0028566  -0.0045787   0.0132824  -0.0004064
    3  -0.0001539  -0.0001746  -0.0001864   0.0001432   0.0003910  -0.0001621
           19          20
    1   0.0016043  -0.0002001
    2  -0.0020822  -0.0030001
    3  -0.0001772  -0.0001794
 Max gradient component =       5.056E-02
 RMS gradient           =       1.385E-02
 Gradient time:  CPU 0.97 s  wall 1.00 s
 Applying Cartesian multipole field
    Component          Value
    ---------          -----
     (0,0,1)        3.77945E-03
 Guess MOs from SCF MO coefficient file

 -----------------------------------------------------------------------
  General SCF calculation program by
  Eric Jon Sundstrom, Paul Horn, Yuezhi Mao, Dmitri Zuev, Alec White,
  David Stuck, Shaama M.S., Shane Yost, Joonho Lee, David Small,
  Daniel Levine, Susi Lehtola, Hugh Burton, Evgeny Epifanovsky,
  Bang C. Huynh
 -----------------------------------------------------------------------
 Exchange:     0.2000 Hartree-Fock + 0.0800 Slater + 0.7200 B88
 Correlation:  0.1900 VWN1RPA + 0.8100 LYP
 Using SG-1 standard quadrature grid
 A restricted SCF calculation will be
 performed using DIIS
 SCF converges when DIIS error is below 1.0e-08
 User-specified cutoff of 10e-12
 used for neglect of 2-electron integrals.
 A cutoff of 10e-12
 used for neglect of overlap integrals.
 Incremental Fock algorithm is on at the start.
 ---------------------------------------
  Cycle       Energy         DIIS error
 ---------------------------------------
    1    -382.3001368574      5.41e-04  
    2    -382.3002847425      4.71e-04  
    3    -382.3003985845      2.60e-04  
    4    -382.3004387985      2.84e-05  
    5    -382.3004392357      9.07e-06  
    6    -382.3004392870      1.25e-06  
    7    -382.3004392877      7.94e-07  
    8    -382.3004392881      6.94e-08  
    9    -382.3004392881      2.33e-08  
   10    -382.3004392881      3.34e-09  Convergence criterion met
 ---------------------------------------
 SCF time:   CPU 2.16s  wall 3.00s 
 SCF   energy =  -382.30043929
 Total energy =  -382.30043929
 Integrated density by DFT XC:
   Number of electrons = 70
   Numerical integral  =    70.000417701195
   Relative error      =     0.0005967160 %
 
 --------------------------------------------------------------
             Orbital Energies (a.u.) and Symmetries
 --------------------------------------------------------------
 
 Alpha MOs, Restricted
 -- Occupied --                  
-10.018 -10.018 -10.008 -10.008 -10.007 -10.007 -10.006 -10.005
  1 Bu    1 Ag    2 Bu    2 Ag    3 Bu    3 Ag    4 Bu    4 Ag                 
 -9.992  -9.992  -0.818  -0.755  -0.721  -0.704  -0.670  -0.585
  5 Ag    5 Bu    6 Ag    6 Bu    7 Ag    7 Bu    8 Bu    8 Ag                 
 -0.561  -0.532  -0.512  -0.462  -0.439  -0.410  -0.400  -0.397
  9 Ag    9 Bu   10 Ag   11 Ag   10 Bu   11 Bu   12 Bu   12 Ag                 
 -0.376  -0.358  -0.349  -0.330  -0.305  -0.295  -0.281  -0.263
 13 Bu   14 Bu   13 Ag    1 Au   15 Bu   14 Ag   15 Ag    1 Bg                 
 -0.216  -0.198  -0.160
  2 Au    2 Bg    3 Bg                                                         
 -- Virtual --                   
  0.050   0.091   0.116   0.181   0.280   0.319   0.330   0.365
  3 Au    4 Au    4 Bg    5 Au    5 Bg   16 Ag   16 Bu   17 Bu                 
  0.370   0.413   0.416   0.422   0.446   0.469   0.496   0.539
 17 Ag   18 Bu   18 Ag   19 Bu   19 Ag   20 Bu   20 Ag   21 Ag                 
  0.571   0.587   0.610   0.627   0.646   0.693   0.743   0.806
 21 Bu   22 Ag   22 Bu   23 Bu   23 Ag   24 Ag   24 Bu   25 Ag                 
  0.816
 25 Bu                                                                         
 
 Beta MOs, Restricted
 -- Occupied --                  
-10.018 -10.018 -10.008 -10.008 -10.007 -10.007 -10.006 -10.005
  1 Bu    1 Ag    2 Bu    2 Ag    3 Bu    3 Ag    4 Bu    4 Ag                 
 -9.992  -9.992  -0.818  -0.755  -0.721  -0.704  -0.670  -0.585
  5 Ag    5 Bu    6 Ag    6 Bu    7 Ag    7 Bu    8 Bu    8 Ag                 
 -0.561  -0.532  -0.512  -0.462  -0.439  -0.410  -0.400  -0.397
  9 Ag    9 Bu   10 Ag   11 Ag   10 Bu   11 Bu   12 Bu   12 Ag                 
 -0.376  -0.358  -0.349  -0.330  -0.305  -0.295  -0.281  -0.263
 13 Bu   14 Bu   13 Ag    1 Au   15 Bu   14 Ag   15 Ag    1 Bg                 
 -0.216  -0.198  -0.160
  2 Au    2 Bg    3 Bg                                                         
 -- Virtual --                   
  0.050   0.091   0.116   0.181   0.280   0.319   0.330   0.365
  3 Au    4 Au    4 Bg    5 Au    5 Bg   16 Ag   16 Bu   17 Bu                 
  0.370   0.413   0.416   0.422   0.446   0.469   0.496   0.539
 17 Ag   18 Bu   18 Ag   19 Bu   19 Ag   20 Bu   20 Ag   21 Ag                 
  0.571   0.587   0.610   0.627   0.646   0.693   0.743   0.806
 21 Bu   22 Ag   22 Bu   23 Bu   23 Ag   24 Ag   24 Bu   25 Ag                 
  0.816
 25 Bu                                                                         
 --------------------------------------------------------------
 
          Ground-State Mulliken Net Atomic Charges

     Atom                 Charge (a.u.)
  ----------------------------------------
      1 C                    -0.004105
      2 C                    -0.079245
      3 C                    -0.077214
      4 C                    -0.004106
      5 C                    -0.079245
      6 C                    -0.077214
      7 H                     0.078762
      8 H                     0.079723
      9 H                     0.078762
     10 H                     0.079723
     11 C                    -0.075269
     12 C                    -0.156381
     13 H                     0.078812
     14 H                     0.078364
     15 H                     0.076553
     16 C                    -0.075269
     17 C                    -0.156381
     18 H                     0.078812
     19 H                     0.078364
     20 H                     0.076553
  ----------------------------------------
  Sum of atomic charges =     0.000000

 -----------------------------------------------------------------
                    Cartesian Multipole Moments
 -----------------------------------------------------------------
    Charge (ESU x 10^10)
                -0.0000
    Dipole Moment (Debye)
         X       0.0000      Y      -0.0000      Z      -0.1080
       Tot       0.1080
    Quadrupole Moments (Debye-Ang)
        XX     -50.9641     XY      -0.1108     YY     -50.1430
        XZ      -0.0000     YZ       0.0000     ZZ     -58.5743
    Octopole Moments (Debye-Ang^2)
       XXX       0.0000    XXY      -0.0000    XYY      -0.0000
       YYY      -0.0000    XXZ      -0.6680    XYZ       0.0065
       YYZ      -0.1191    XZZ       0.0000    YZZ      -0.0000
       ZZZ      -0.0609
    Hexadecapole Moments (Debye-Ang^3)
      XXXX   -1811.1531   XXXY       0.4939   XXYY    -358.4231
      XYYY       3.4692   YYYY    -329.5781   XXXZ      -0.0000
      XXYZ       0.0000   XYYZ       0.0000   YYYZ       0.0000
      XXZZ    -356.7122   XYZZ      -0.0671   YYZZ     -72.1348
      XZZZ      -0.0000   YZZZ       0.0000   ZZZZ     -47.5457
 -----------------------------------------------------------------
 Calculating analytic gradient of the SCF energy
 Gradient of SCF Energy
            1           2           3           4           5           6
    1  -0.0505529   0.0062264  -0.0013668   0.0505529  -0.0062264   0.0013668
    2  -0.0086113  -0.0191372  -0.0196996   0.0086113   0.0191372   0.0196996
    3   0.0001013  -0.0003506  -0.0003141   0.0001013  -0.0003506  -0.0003141
            7           8           9          10          11          12
    1  -0.0002893  -0.0033623   0.0002893   0.0033623  -0.0393773   0.0233363
    2   0.0012171   0.0014264  -0.0012171  -0.0014264   0.0045853  -0.0131579
    3   0.0002978   0.0002988   0.0002978   0.0002988  -0.0003022  -0.0007645
           13          14          15          16          17          18
    1   0.0029914  -0.0015180   0.0002405   0.0393773  -0.0233363  -0.0029914
    2   0.0003268   0.0020098   0.0029365  -0.0045853   0.0131579  -0.0003268
    3   0.0003160   0.0003519   0.0003658  -0.0003022  -0.0007645   0.0003160
           19          20
    1   0.0015180  -0.0002406
    2  -0.0020098  -0.0029365
    3   0.0003519   0.0003658
 Max gradient component =       5.055E-02
 RMS gradient           =       1.385E-02
 Gradient time:  CPU 0.98 s  wall 1.01 s
 Applying Cartesian multipole field
    Component          Value
    ---------          -----
     (0,0,1)       -3.77945E-03
 Guess MOs from SCF MO coefficient file

 -----------------------------------------------------------------------
  General SCF calculation program by
  Eric Jon Sundstrom, Paul Horn, Yuezhi Mao, Dmitri Zuev, Alec White,
  David Stuck, Shaama M.S., Shane Yost, Joonho Lee, David Small,
  Daniel Levine, Susi Lehtola, Hugh Burton, Evgeny Epifanovsky,
  Bang C. Huynh
 -----------------------------------------------------------------------
 Exchange:     0.2000 Hartree-Fock + 0.0800 Slater + 0.7200 B88
 Correlation:  0.1900 VWN1RPA + 0.8100 LYP
 Using SG-1 standard quadrature grid
 A restricted SCF calculation will be
 performed using DIIS
 SCF converges when DIIS error is below 1.0e-08
 User-specified cutoff of 10e-12
 used for neglect of 2-electron integrals.
 A cutoff of 10e-12
 used for neglect of overlap integrals.
 Incremental Fock algorithm is on at the start.
 ---------------------------------------
  Cycle       Energy         DIIS error
 ---------------------------------------
    1    -382.3001180194      5.39e-04  
    2    -382.3004235846      1.28e-04  
    3    -382.3004392768      3.02e-06  
    4    -382.3004392877      7.03e-07  
    5    -382.3004392876      9.29e-07  
    6    -382.3004392881      8.43e-08  
    7    -382.3004392881      2.88e-08  
    8    -382.3004392881      5.97e-09  Convergence criterion met
 ---------------------------------------
 SCF time:   CPU 1.77s  wall 2.00s 
 SCF   energy =  -382.30043929
 Total energy =  -382.30043929
 Integrated density by DFT XC:
   Number of electrons = 70
   Numerical integral  =    70.000417701199
   Relative error      =     0.0005967160 %
 
 --------------------------------------------------------------
             Orbital Energies (a.u.) and Symmetries
 --------------------------------------------------------------
 
 Alpha MOs, Restricted
 -- Occupied --                  
-10.018 -10.018 -10.008 -10.008 -10.007 -10.007 -10.006 -10.005
  1 Bu    1 Ag    2 Bu    2 Ag    3 Bu    3 Ag    4 Bu    4 Ag                 
 -9.992  -9.992  -0.818  -0.755  -0.721  -0.704  -0.670  -0.585
  5 Ag    5 Bu    6 Ag    6 Bu    7 Ag    7 Bu    8 Bu    8 Ag                 
 -0.561  -0.532  -0.512  -0.462  -0.439  -0.410  -0.400  -0.397
  9 Ag    9 Bu   10 Ag   11 Ag   10 Bu   11 Bu   12 Bu   12 Ag                 
 -0.376  -0.358  -0.349  -0.330  -0.305  -0.295  -0.281  -0.263
 13 Bu   14 Bu   13 Ag    1 Au   15 Bu   14 Ag   15 Ag    1 Bg                 
 -0.216  -0.198  -0.160
  2 Au    2 Bg    3 Bg                                                         
 -- Virtual --                   
  0.050   0.091   0.116   0.181   0.280   0.319   0.330   0.365
  3 Au    4 Au    4 Bg    5 Au    5 Bg   16 Ag   16 Bu   17 Bu                 
  0.370   0.413   0.416   0.422   0.446   0.469   0.496   0.539
 17 Ag   18 Bu   18 Ag   19 Bu   19 Ag   20 Bu   20 Ag   21 Ag                 
  0.571   0.587   0.610   0.627   0.646   0.693   0.743   0.806
 21 Bu   22 Ag   22 Bu   23 Bu   23 Ag   24 Ag   24 Bu   25 Ag                 
  0.816
 25 Bu                                                                         
 
 Beta MOs, Restricted
 -- Occupied --                  
-10.018 -10.018 -10.008 -10.008 -10.007 -10.007 -10.006 -10.005
  1 Bu    1 Ag    2 Bu    2 Ag    3 Bu    3 Ag    4 Bu    4 Ag                 
 -9.992  -9.992  -0.818  -0.755  -0.721  -0.704  -0.670  -0.585
  5 Ag    5 Bu    6 Ag    6 Bu    7 Ag    7 Bu    8 Bu    8 Ag                 
 -0.561  -0.532  -0.512  -0.462  -0.439  -0.410  -0.400  -0.397
  9 Ag    9 Bu   10 Ag   11 Ag   10 Bu   11 Bu   12 Bu   12 Ag                 
 -0.376  -0.358  -0.349  -0.330  -0.305  -0.295  -0.281  -0.263
 13 Bu   14 Bu   13 Ag    1 Au   15 Bu   14 Ag   15 Ag    1 Bg                 
 -0.216  -0.198  -0.160
  2 Au    2 Bg    3 Bg                                                         
 -- Virtual --                   
  0.050   0.091   0.116   0.181   0.280   0.319   0.330   0.365
  3 Au    4 Au    4 Bg    5 Au    5 Bg   16 Ag   16 Bu   17 Bu                 
  0.370   0.413   0.416   0.422   0.446   0.469   0.496   0.539
 17 Ag   18 Bu   18 Ag   19 Bu   19 Ag   20 Bu   20 Ag   21 Ag                 
  0.571   0.587   0.610   0.627   0.646   0.693   0.743   0.806
 21 Bu   22 Ag   22 Bu   23 Bu   23 Ag   24 Ag   24 Bu   25 Ag                 
  0.816
 25 Bu                                                                         
 --------------------------------------------------------------
 
          Ground-State Mulliken Net Atomic Charges

     Atom                 Charge (a.u.)
  ----------------------------------------
      1 C                    -0.004105
      2 C                    -0.079245
      3 C                    -0.077214
      4 C                    -0.004105
      5 C                    -0.079245
      6 C                    -0.077214
      7 H                     0.078762
      8 H                     0.079723
      9 H                     0.078762
     10 H                     0.079723
     11 C                    -0.075269
     12 C                    -0.156381
     13 H                     0.078812
     14 H                     0.078364
     15 H                     0.076553
     16 C                    -0.075269
     17 C                    -0.156381
     18 H                     0.078812
     19 H                     0.078364
     20 H                     0.076553
  ----------------------------------------
  Sum of atomic charges =     0.000000

 -----------------------------------------------------------------
                    Cartesian Multipole Moments
 -----------------------------------------------------------------
    Charge (ESU x 10^10)
                -0.0000
    Dipole Moment (Debye)
         X      -0.0000      Y      -0.0000      Z       0.1080
       Tot       0.1080
    Quadrupole Moments (Debye-Ang)
        XX     -50.9641     XY      -0.1108     YY     -50.1430
        XZ      -0.0000     YZ      -0.0000     ZZ     -58.5743
    Octopole Moments (Debye-Ang^2)
       XXX       0.0000    XXY      -0.0000    XYY       0.0000
       YYY       0.0000    XXZ       0.6680    XYZ      -0.0065
       YYZ       0.1191    XZZ      -0.0000    YZZ      -0.0000
       ZZZ       0.0609
    Hexadecapole Moments (Debye-Ang^3)
      XXXX   -1811.1531   XXXY       0.4939   XXYY    -358.4231
      XYYY       3.4692   YYYY    -329.5781   XXXZ      -0.0000
      XXYZ      -0.0000   XYYZ       0.0000   YYYZ       0.0000
      XXZZ    -356.7122   XYZZ      -0.0671   YYZZ     -72.1348
      XZZZ      -0.0000   YZZZ      -0.0000   ZZZZ     -47.5457
 -----------------------------------------------------------------
 Calculating analytic gradient of the SCF energy
 Gradient of SCF Energy
            1           2           3           4           5           6
    1  -0.0505529   0.0062264  -0.0013668   0.0505529  -0.0062264   0.0013668
    2  -0.0086113  -0.0191372  -0.0196996   0.0086113   0.0191372   0.0196996
    3  -0.0001013   0.0003506   0.0003141  -0.0001013   0.0003506   0.0003141
            7           8           9          10          11          12
    1  -0.0002893  -0.0033623   0.0002893   0.0033623  -0.0393773   0.0233363
    2   0.0012171   0.0014264  -0.0012171  -0.0014264   0.0045853  -0.0131579
    3  -0.0002978  -0.0002988  -0.0002978  -0.0002988   0.0003022   0.0007645
           13          14          15          16          17          18
    1   0.0029914  -0.0015180   0.0002406   0.0393773  -0.0233363  -0.0029914
    2   0.0003268   0.0020098   0.0029365  -0.0045853   0.0131579  -0.0003268
    3  -0.0003160  -0.0003519  -0.0003658   0.0003022   0.0007645  -0.0003160
           19          20
    1   0.0015180  -0.0002406
    2  -0.0020098  -0.0029365
    3  -0.0003519  -0.0003658
 Max gradient component =       5.055E-02
 RMS gradient           =       1.385E-02
 Gradient time:  CPU 0.97 s  wall 1.00 s
 FINAL TENSOR RESULT:
Order 3, Size 3
    Atom      X          Y          Z
     1 Order 2, Size 3
    Atom      X          Y          Z
     1 Order 1, Size 60
    Atom      X          Y          Z
     1    1.814360360065245e-02   1.401468950688028e-01   4.770664276946831e-05
     2   -2.053208403905826e-01  -3.569942715481297e-01  -3.232119796226701e-05
     3    3.031329495200478e-01  -2.591380147684988e-01   9.438376781215747e-06
     4   -1.848573626503218e-02  -1.400204332234506e-01   5.329245425838152e-06
     5    2.050719505905596e-01   3.578409571590834e-01   5.285409308914650e-06
     6   -3.031670223720835e-01   2.589875627432415e-01  -3.157727960148849e-05
     7   -3.122601636311124e-02  -1.503956293123552e-01   2.068080165888907e-06
     8    5.261948878074738e-02  -1.117338558301527e-01  -3.653710140441359e-06
     9    3.107554121656172e-02   1.497435257277544e-01  -4.619424323641759e-06
    10   -5.233202111417212e-02   1.114597198432380e-01   2.184957533105510e-06
    11   -1.236404597250747e-01   5.724053350692642e-01   3.381994451068182e-05
    12    4.193495702493497e-01  -5.167513141790959e-01  -9.032555663773092e-05
    13    1.229535355356377e-01   1.232993253071957e-01  -5.758022545144463e-06
    14    1.355667262404648e-01   1.502636596937705e-01   2.295940816830981e-05
    15   -1.131535176448983e-01  -1.164609194238569e-01   3.938028081529698e-05
    16    1.236020815832143e-01  -5.713453497313921e-01   3.314333069104480e-05
    17   -4.192295379124473e-01   5.167371780346914e-01  -8.115479288473811e-05
    18   -1.229951159684516e-01  -1.235671120649567e-01  -6.557557161760307e-06
    19   -1.349653647465983e-01  -1.501794594765827e-01   2.029536309324795e-05
    20    1.130002227334525e-01   1.157022432655301e-01   3.435651843515229e-05

Order 1, Size 60
    Atom      X          Y          Z
     1    2.985987108593333e-01  -1.572486977132178e-01  -2.627434264254444e-11
     2    6.543257585080302e-01  -8.654278164699887e-02   2.116181628379404e-11
     3   -1.379683509924144e+00  -5.251890759132128e-01  -1.801416794744906e-11
     4   -2.985948994787248e-01   1.566333172636847e-01   1.921330733201828e-11
     5   -6.546641211028279e-01   8.663392837776329e-02   4.021995219626445e-11
     6    1.379808914690536e+00   5.256537310747983e-01   5.803656023024479e-11
     7   -2.091561029492444e+00  -1.638818739386472e+00  -1.049472355117508e-11
     8   -1.797129803139093e+00   2.371963781243827e+00  -7.720600208953339e-12
     9    2.091589625662965e+00   1.638943615829612e+00  -1.235759279567110e-11
    10    1.797223105650428e+00  -2.372044461998318e+00   2.593095221957338e-14
    11    2.377736325632161e+00  -1.941992092699849e+00  -7.012715023090973e-11
    12   -1.626453522503579e+00   2.247664048086387e+00  -1.357492871734961e-11
    13    2.578726065074334e+00   2.035532873457503e+00  -8.646975576787256e-12
    14   -2.516282628311360e-01   2.840851459774764e+00  -2.489725797698407e-11
    15   -2.171890171354624e+00   1.569565853837861e+00   4.483094758288925e-11
    16   -2.377770953338862e+00   1.941771051453078e+00   3.964971948627471e-11
    17    1.626604827263292e+00  -2.247547843294160e+00  -2.131479285997468e-12
    18   -2.578656446887342e+00  -2.035304758006629e+00  -2.867659176052406e-12
    19    2.515893916588216e-01  -2.840852847576445e+00  -2.649789231439939e-11
    20    2.171829980112955e+00  -1.569672316864163e+00   4.665363610501998e-13

Order 1, Size 60
    Atom      X          Y          Z
     1    5.695787004828466e-05  -1.353709229384909e-04  -4.413103421333047e+00
     2    7.443590609194494e-04  -3.209989439841101e-04   3.007743145627384e-01
     3    2.945151269837436e-04   1.558696679796470e-04   2.780235422985025e-01
     4   -6.139151274957684e-04  -4.593854510249849e-04   4.413101379251632e+00
     5    4.170885726904851e-04  -1.609444017840536e-04  -3.007761197701653e-01
     6    1.365269594948306e-04   4.865115048218423e-04  -2.780208082242927e-01
     7   -1.376005735289384e-04  -1.112237827978465e-04  -5.778527410567008e-01
     8   -3.040402463517528e-04   2.531467696161528e-04   9.175093529222317e-01
     9   -8.362303498403342e-06   1.540058806151633e-04   5.778536938463823e-01
    10   -2.499105814890444e-04   1.958147943689999e-04  -9.175090155617627e-01
    11    5.344780840078561e-04  -7.164795761326501e-04  -4.061357336454839e+00
    12    3.316312369481993e-04  -3.984018709395331e-04   6.561549076223223e+00
    13    4.778481688707418e-05   4.447069586444939e-04   1.168588071214805e+00
    14   -6.733767861820604e-04  -5.924214704146168e-05   1.488288834695253e+00
    15    1.221704688890554e-04   7.759885980794450e-04  -4.814474708665653e-01
    16   -5.311938967446333e-04  -9.141764389256361e-05   4.061332191495839e+00
    17   -2.639610823383674e-04   2.217430533083535e-04  -6.561519808186582e+00
    18    1.212776116057468e-05  -2.769909897153625e-04  -1.168583992778149e+00
    19    3.846890642451813e-05  -2.049395520731464e-05  -1.488292951658938e+00
    20    4.621011441175426e-05   6.314805791911045e-05   4.814432093804860e-01



Order 2, Size 3
    Atom      X          Y          Z
     1 Order 1, Size 60
    Atom      X          Y          Z
     1    2.985987108593327e-01  -1.572486977132178e-01  -2.627434264254443e-11
     2    6.543257585080265e-01  -8.654278164699887e-02   2.116181628379404e-11
     3   -1.379683509924140e+00  -5.251890759132146e-01  -1.801416794744905e-11
     4   -2.985948994787210e-01   1.566333172636888e-01   1.921330733201828e-11
     5   -6.546641211028279e-01   8.663392837776329e-02   4.021995219626445e-11
     6    1.379808914690533e+00   5.256537310747983e-01   5.803656023024479e-11
     7   -2.091561029492444e+00  -1.638818739386473e+00  -1.049472355117508e-11
     8   -1.797129803139093e+00   2.371963781243826e+00  -7.720600208953339e-12
     9    2.091589625662964e+00   1.638943615829613e+00  -1.235759279567110e-11
    10    1.797223105650428e+00  -2.372044461998316e+00   2.593095221957380e-14
    11    2.377736325632159e+00  -1.941992092699837e+00  -7.012715023090973e-11
    12   -1.626453522503586e+00   2.247664048086389e+00  -1.357492871734961e-11
    13    2.578726065074334e+00   2.035532873457503e+00  -8.646975576787258e-12
    14   -2.516282628311360e-01   2.840851459774766e+00  -2.489725797698407e-11
    15   -2.171890171354624e+00   1.569565853837856e+00   4.483094758288926e-11
    16   -2.377770953338856e+00   1.941771051453075e+00   3.964971948627471e-11
    17    1.626604827263292e+00  -2.247547843294160e+00  -2.131479285997472e-12
    18   -2.578656446887343e+00  -2.035304758006629e+00  -2.867659176052407e-12
    19    2.515893916588216e-01  -2.840852847576445e+00  -2.649789231439939e-11
    20    2.171829980112955e+00  -1.569672316864159e+00   4.665363610502000e-13

Order 1, Size 60
    Atom      X          Y          Z
     1    1.469353913544698e-01   5.638570826052002e-01  -2.638192071853151e-06
     2   -2.205927289785893e+00  -8.123552317246923e-01   3.195687869099327e-06
     3    3.091151160723124e+00   7.344871811500078e-01   3.095309262834230e-06
     4   -1.458687694974825e-01  -5.631130337506631e-01  -3.132199705962352e-06
     5    2.205767112212935e+00   8.121095980508246e-01   3.718621463578187e-06
     6   -3.091977357323060e+00  -7.342238224813585e-01   3.358997439067216e-06
     7   -9.046538851724161e-01  -7.144665042706703e+00  -1.790557353596554e-06
     8    9.287921989505531e-01  -4.216528240787746e+00  -1.793366733196458e-06
     9    9.046994771049781e-01   7.144653462688018e+00  -1.894145092185427e-06
    10   -9.282115445045466e-01   4.215912319024814e+00  -1.927218905155609e-06
    11   -5.177025953230300e-01  -8.843108370222664e-01  -2.504204869993958e-06
    12    9.748707514104268e-01   6.408162331872367e-01   9.395700858687779e-06
    13    1.048410271317329e+00   5.283220945218901e+00  -1.262282888047747e-06
    14    3.518395801673178e-02  -2.785603698350622e-01  -2.168006413224239e-06
    15    1.501771896658811e-01  -4.892028216699524e+00  -3.344952582191689e-06
    16    5.172786162470083e-01   8.845066113770840e-01  -3.699702088696893e-06
    17   -9.754028808487597e-01  -6.405158074142785e-01   1.054666755839201e-05
    18   -1.048471479230833e+00  -5.283656384880723e+00  -1.309155870065620e-06
    19   -3.489024561056989e-02   2.785586408052346e-01  -2.541434307474494e-06
    20   -1.501600728397311e-01   4.891834923207819e+00  -3.305565570017260e-06

Order 1, Size 60
    Atom      X          Y          Z
     1    1.153031949349777e-04   6.621002847941783e-04   1.481619099758278e-01
     2   -2.983526392138723e-04  -2.951325898915320e-04  -2.189985892465895e+00
     3   -1.710720358823741e-04  -2.069125939432911e-04  -1.366929122447102e+00
     4    1.153104941457788e-04   6.620859618053277e-04  -1.481618993182782e-01
     5   -2.983545463549347e-04  -2.951274509090307e-04   2.189985890062851e+00
     6   -1.710940131813933e-04  -2.069188608884890e-04   1.366929120168024e+00
     7    8.927292435120651e-05   1.018769106822338e-04  -1.417503143329167e+00
     8    1.962132751234908e-04  -2.126128054085147e-04  -1.047061336485811e+00
     9    8.927877984747939e-05   1.018993960988158e-04   1.417503142593509e+00
    10    1.962068260137747e-04  -2.126058666405736e-04   1.047061335400881e+00
    11    2.888625639272154e-04  -3.376147973062377e-04   2.219311938913641e+00
    12    7.633165871453753e-05  -1.200309359358604e-04  -2.445776357321778e+00
    13   -2.375279391350145e-05   1.103969851696443e-04   1.157222040750213e+00
    14   -3.319837374352095e-04  -4.556875006186245e-05   3.587024179260415e-01
    15    5.922210894446015e-05   3.435307449959305e-04  -9.848672123716302e-01
    16    2.888315736136079e-04  -3.375695748431526e-04  -2.219311941002015e+00
    17    7.634500384425452e-05  -1.200438487284542e-04   2.445776360603271e+00
    18   -2.375435907104178e-05   1.103725760957502e-04  -1.157222038613448e+00
    19   -3.319543404539211e-04  -4.556407644898363e-05  -3.587024231980225e-01
    20    5.921691895589373e-05   3.435011342749408e-04   9.848672101593408e-01



Order 2, Size 3
    Atom      X          Y          Z
     1 Order 1, Size 60
    Atom      X          Y          Z
     1    5.695787005039952e-05  -1.353709229385088e-04  -4.413103421333048e+00
     2    7.443590609160641e-04  -3.209989439848659e-04   3.007743145627332e-01
     3    2.945151269855270e-04   1.558696679795748e-04   2.780235422985015e-01
     4   -6.139151274980552e-04  -4.593854510251615e-04   4.413101379251635e+00
     5    4.170885726873572e-04  -1.609444017830161e-04  -3.007761197701633e-01
     6    1.365269595004633e-04   4.865115048222318e-04  -2.780208082242937e-01
     7   -1.376005735288946e-04  -1.112237827979483e-04  -5.778527410566999e-01
     8   -3.040402463514745e-04   2.531467696161402e-04   9.175093529222316e-01
     9   -8.362303498402185e-06   1.540058806150578e-04   5.778536938463867e-01
    10   -2.499105814888675e-04   1.958147943687514e-04  -9.175090155617622e-01
    11    5.344780840087289e-04  -7.164795761350912e-04  -4.061357336454837e+00
    12    3.316312369507500e-04  -3.984018709398540e-04   6.561549076223214e+00
    13    4.778481688696815e-05   4.447069586447482e-04   1.168588071214805e+00
    14   -6.733767861804144e-04  -5.924214704158391e-05   1.488288834695251e+00
    15    1.221704688891821e-04   7.759885980786510e-04  -4.814474708665667e-01
    16   -5.311938967436979e-04  -9.141764389113584e-05   4.061332191495840e+00
    17   -2.639610823371388e-04   2.217430533075560e-04  -6.561519808186588e+00
    18    1.212776116083083e-05  -2.769909897159698e-04  -1.168583992778150e+00
    19    3.846890642376462e-05  -2.049395520731064e-05  -1.488292951658940e+00
    20    4.621011441123193e-05   6.314805791976790e-05   4.814432093804851e-01

Order 1, Size 60
    Atom      X          Y          Z
     1    1.153031949350210e-04   6.621002847913375e-04   1.481619099758280e-01
     2   -2.983526392125226e-04  -2.951325898914152e-04  -2.189985892465895e+00
     3   -1.710720358839235e-04  -2.069125939425254e-04  -1.366929122447104e+00
     4    1.153104941458028e-04   6.620859618080530e-04  -1.481618993182781e-01
     5   -2.983545463556689e-04  -2.951274509086514e-04   2.189985890062853e+00
     6   -1.710940131798440e-04  -2.069188608884597e-04   1.366929120168022e+00
     7    8.927292435138555e-05   1.018769106829654e-04  -1.417503143329169e+00
     8    1.962132751234144e-04  -2.126128054096545e-04  -1.047061336485810e+00
     9    8.927877984756643e-05   1.018993960988696e-04   1.417503142593505e+00
    10    1.962068260138377e-04  -2.126058666373810e-04   1.047061335400881e+00
    11    2.888625639268518e-04  -3.376147973062431e-04   2.219311938913640e+00
    12    7.633165871541735e-05  -1.200309359333888e-04  -2.445776357321784e+00
    13   -2.375279391367114e-05   1.103969851710486e-04   1.157222040750211e+00
    14   -3.319837374349219e-04  -4.556875006260512e-05   3.587024179260438e-01
    15    5.922210894453624e-05   3.435307449953660e-04  -9.848672123716296e-01
    16    2.888315736144806e-04  -3.375695748431781e-04  -2.219311941002018e+00
    17    7.634500384298819e-05  -1.200438487254133e-04   2.445776360603269e+00
    18   -2.375435907123577e-05   1.103725760957715e-04  -1.157222038613446e+00
    19   -3.319543404537207e-04  -4.556407644967680e-05  -3.587024231980254e-01
    20    5.921691895626476e-05   3.435011342744385e-04   9.848672101593364e-01

Order 1, Size 60
    Atom      X          Y          Z
     1    1.814360360065245e-02   1.401468950688028e-01   4.770664276946831e-05
     2   -2.053208403905826e-01  -3.569942715481297e-01  -3.232119796226701e-05
     3    3.031329495200478e-01  -2.591380147684988e-01   9.438376781215747e-06
     4   -1.848573626503218e-02  -1.400204332234506e-01   5.329245425838152e-06
     5    2.050719505905596e-01   3.578409571590834e-01   5.285409308914650e-06
     6   -3.031670223720835e-01   2.589875627432415e-01  -3.157727960148849e-05
     7   -3.122601636311124e-02  -1.503956293123552e-01   2.068080165888907e-06
     8    5.261948878074738e-02  -1.117338558301527e-01  -3.653710140441359e-06
     9    3.107554121656172e-02   1.497435257277544e-01  -4.619424323641759e-06
    10   -5.233202111417212e-02   1.114597198432380e-01   2.184957533105510e-06
    11   -1.236404597250747e-01   5.724053350692642e-01   3.381994451068182e-05
    12    4.193495702493497e-01  -5.167513141790959e-01  -9.032555663773092e-05
    13    1.229535355356377e-01   1.232993253071957e-01  -5.758022545144463e-06
    14    1.355667262404648e-01   1.502636596937705e-01   2.295940816830981e-05
    15   -1.131535176448983e-01  -1.164609194238569e-01   3.938028081529698e-05
    16    1.236020815832143e-01  -5.713453497313921e-01   3.314333069104480e-05
    17   -4.192295379124473e-01   5.167371780346914e-01  -8.115479288473811e-05
    18   -1.229951159684516e-01  -1.235671120649567e-01  -6.557557161760307e-06
    19   -1.349653647465983e-01  -1.501794594765827e-01   2.029536309324795e-05
    20    1.130002227334525e-01   1.157022432655301e-01   3.435651843515229e-05







 ###########################################
 # Finishing finite difference calculation #
 ###########################################

 Total FD time:  61.37s(wall), 59.34s(cpu) 
 Wed Jul 29 13:39:31 2026
 **********************************************************************
 **                                                                  **
 **                       VIBRATIONAL ANALYSIS                       **
 **                       --------------------                       **
 **                                                                  **
 **        VIBRATIONAL FREQUENCIES (CM**-1) AND NORMAL MODES         **
 **     FORCE CONSTANTS (mDYN/ANGSTROM) AND REDUCED MASSES (AMU)     **
 **                  INFRARED INTENSITIES (KM/MOL)                   **
 ** RAMAN SCATTERING ACTIVITIES (A**4/AMU) AND DEPOLARIZATION RATIOS **
 **                                                                  **
 **********************************************************************
 

 Mode:                 1                      2                      3
 Frequency:      -106.88                -102.92                 161.78
 Force Cnst:      0.0185                 0.0178                 0.0380
 Red. Mass:       2.7503                 2.8543                 2.4660
 IR Active:          NO                     YES                    YES
 IR Intens:        0.000                  0.000                  0.419
 Raman Active:       YES                    NO                     NO 
 Raman Intens:     2.048                  0.000                  0.000
 Depolar:          0.750                  0.000                  0.000
               X      Y      Z        X      Y      Z        X      Y      Z
 C         -0.000  0.000 -0.100    0.000  0.000 -0.070   -0.000 -0.000 -0.027
 C         -0.000  0.000  0.045   -0.000  0.000 -0.074    0.000 -0.000 -0.109
 C         -0.000  0.000  0.148   -0.000 -0.000 -0.074    0.000 -0.000 -0.121
 C          0.000  0.000  0.100   -0.000 -0.000 -0.070   -0.000 -0.000 -0.027
 C          0.000  0.000 -0.045    0.000  0.000 -0.074   -0.000 -0.000 -0.109
 C          0.000  0.000 -0.148    0.000  0.000 -0.074   -0.000 -0.000 -0.121
 H         -0.000  0.000  0.086   -0.000  0.000 -0.082    0.000 -0.000 -0.102
 H         -0.000 -0.000  0.269   -0.000 -0.000 -0.091    0.000 -0.000 -0.118
 H          0.000  0.000 -0.086    0.000 -0.000 -0.082   -0.000 -0.000 -0.102
 H          0.000  0.000 -0.269    0.000  0.000 -0.091   -0.000 -0.000 -0.118
 C          0.000 -0.000  0.141   -0.000  0.000 -0.062   -0.000  0.000  0.193
 C          0.000 -0.000 -0.160    0.000  0.000  0.254    0.000  0.000  0.043
 H          0.000 -0.000  0.378   -0.000  0.000 -0.289   -0.000  0.000  0.519
 H          0.000 -0.000 -0.140   -0.000  0.000  0.261    0.000  0.000  0.241
 H         -0.000 -0.000 -0.422    0.000  0.000  0.499   -0.000  0.000 -0.285
 C         -0.000  0.000 -0.141   -0.000  0.000 -0.062   -0.000  0.000  0.193
 C          0.000  0.000  0.160    0.000  0.000  0.254    0.000  0.000  0.043
 H         -0.000  0.000 -0.378    0.000  0.000 -0.289   -0.000  0.000  0.519
 H          0.000  0.000  0.140    0.000  0.000  0.261    0.000  0.000  0.241
 H          0.000  0.000  0.422    0.000  0.000  0.499   -0.000  0.000 -0.285
 TransDip  -0.000 -0.000 -0.000   -0.000  0.000 -0.000    0.000  0.000  0.021

 Mode:                 4                      5                      6
 Frequency:       199.03                 301.39                 301.70
 Force Cnst:      0.0821                 0.1796                 0.1167
 Red. Mass:       3.5193                 3.3552                 2.1768
 IR Active:          YES                    NO                     NO 
 IR Intens:        0.313                  0.000                  0.000
 Raman Active:       NO                     YES                    YES
 Raman Intens:     0.000                  5.186                  1.917
 Depolar:          0.000                  0.402                  0.750
               X      Y      Z        X      Y      Z        X      Y      Z
 C         -0.019 -0.108  0.000    0.038 -0.131  0.000   -0.000  0.000  0.170
 C         -0.021 -0.118  0.000    0.107 -0.062  0.000   -0.000  0.000  0.113
 C         -0.005 -0.117  0.000    0.064  0.099 -0.000   -0.000 -0.000 -0.089
 C         -0.019 -0.108 -0.000   -0.038  0.131 -0.000    0.000 -0.000 -0.170
 C         -0.021 -0.118  0.000   -0.107  0.062 -0.000    0.000 -0.000 -0.113
 C         -0.005 -0.117  0.000   -0.064 -0.099  0.000    0.000  0.000  0.089
 H         -0.019 -0.120  0.000    0.218 -0.098  0.000   -0.000  0.000  0.173
 H          0.015 -0.105  0.000    0.120  0.156 -0.000   -0.000 -0.000 -0.109
 H         -0.019 -0.120  0.000   -0.218  0.098 -0.000    0.000 -0.000 -0.173
 H          0.015 -0.105  0.000   -0.120 -0.156  0.000    0.000  0.000  0.109
 C         -0.064  0.067 -0.000   -0.029  0.047  0.000    0.000 -0.000  0.057
 C          0.102  0.235 -0.000   -0.202 -0.123  0.000    0.000  0.000  0.021
 H         -0.242  0.109  0.000    0.120  0.011  0.000   -0.000 -0.000  0.423
 H          0.063  0.420  0.000   -0.160 -0.329  0.000    0.000  0.000  0.334
 H          0.267  0.193 -0.000   -0.378 -0.077 -0.000    0.000  0.000 -0.338
 C         -0.064  0.067 -0.000    0.029 -0.047 -0.000   -0.000  0.000 -0.057
 C          0.102  0.235 -0.000    0.202  0.123 -0.000   -0.000 -0.000 -0.021
 H         -0.242  0.109 -0.000   -0.120 -0.011 -0.000    0.000  0.000 -0.423
 H          0.063  0.420 -0.000    0.160  0.329 -0.000   -0.000 -0.000 -0.334
 H          0.267  0.193  0.000    0.378  0.077  0.000   -0.000 -0.000  0.338
 TransDip  -0.017  0.007  0.000   -0.000  0.000  0.000   -0.000 -0.000 -0.000

 Mode:                 7                      8                      9
 Frequency:       402.16                 402.39                 447.23
 Force Cnst:      0.4663                 0.2979                 0.2611
 Red. Mass:       4.8934                 3.1222                 2.2153
 IR Active:          NO                     YES                    YES
 IR Intens:        0.000                  0.067                  5.143
 Raman Active:       YES                    NO                     NO 
 Raman Intens:     0.995                  0.000                  0.000
 Depolar:          0.167                  0.000                  0.000
               X      Y      Z        X      Y      Z        X      Y      Z
 C         -0.131 -0.126  0.000   -0.000 -0.000 -0.017    0.000  0.000  0.199
 C          0.051  0.009  0.000    0.000  0.000 -0.217   -0.000 -0.000 -0.089
 C          0.058  0.144 -0.000    0.000  0.000  0.221   -0.000 -0.000 -0.059
 C          0.131  0.126  0.000    0.000  0.000 -0.017   -0.000  0.000  0.199
 C         -0.051 -0.009  0.000   -0.000 -0.000 -0.217    0.000 -0.000 -0.089
 C         -0.058 -0.144 -0.000   -0.000 -0.000  0.221    0.000  0.000 -0.059
 H          0.244 -0.058  0.000    0.000 -0.000 -0.418   -0.000 -0.000 -0.302
 H          0.057  0.140 -0.000    0.000  0.000  0.472    0.000 -0.000 -0.252
 H         -0.244  0.058  0.000   -0.000  0.000 -0.418    0.000 -0.000 -0.302
 H         -0.057 -0.140 -0.000   -0.000 -0.000  0.472    0.000  0.000 -0.252
 C          0.258 -0.004  0.000    0.000 -0.000  0.001   -0.000 -0.000  0.054
 C          0.212 -0.074 -0.000    0.000 -0.000  0.005   -0.000  0.000 -0.028
 H          0.371 -0.026 -0.000    0.000 -0.000  0.024    0.000 -0.000 -0.258
 H          0.227 -0.131 -0.000    0.000 -0.000  0.056   -0.000  0.000 -0.383
 H          0.163 -0.064  0.000    0.000 -0.000 -0.047    0.000 -0.000  0.278
 C         -0.258  0.004 -0.000   -0.000  0.000  0.001    0.000 -0.000  0.054
 C         -0.212  0.074 -0.000   -0.000  0.000  0.005    0.000 -0.000 -0.028
 H         -0.371  0.026 -0.000   -0.000  0.000  0.024    0.000 -0.000 -0.258
 H         -0.227  0.131 -0.000   -0.000  0.000  0.056    0.000 -0.000 -0.383
 H         -0.163  0.064  0.000   -0.000  0.000 -0.047    0.000 -0.000  0.278
 TransDip  -0.000  0.000 -0.000   -0.000 -0.000  0.008    0.000  0.000 -0.073

 Mode:                10                     11                     12
 Frequency:       508.15                 580.34                 649.18
 Force Cnst:      0.5009                 0.5618                 0.5398
 Red. Mass:       3.2927                 2.8312                 2.1742
 IR Active:          YES                    NO                     NO 
 IR Intens:        1.289                  0.000                  0.000
 Raman Active:       NO                     YES                    YES
 Raman Intens:     0.000                  7.655                 12.041
 Depolar:          0.000                  0.354                  0.750
               X      Y      Z        X      Y      Z        X      Y      Z
 C         -0.068  0.041 -0.000    0.114 -0.059 -0.000    0.000 -0.000  0.043
 C         -0.092  0.068 -0.000    0.076 -0.119  0.000   -0.000 -0.000 -0.127
 C         -0.105  0.070  0.000    0.034  0.023 -0.000   -0.000  0.000  0.122
 C         -0.068  0.041 -0.000   -0.114  0.059 -0.000   -0.000  0.000 -0.043
 C         -0.092  0.068 -0.000   -0.076  0.119 -0.000   -0.000  0.000  0.127
 C         -0.105  0.070 -0.000   -0.034 -0.023  0.000   -0.000 -0.000 -0.122
 H         -0.110  0.076  0.000    0.100 -0.128  0.000   -0.000 -0.000 -0.168
 H         -0.082  0.087  0.000    0.183  0.157 -0.000   -0.000  0.000  0.208
 H         -0.110  0.076  0.000   -0.100  0.128 -0.000   -0.000  0.000  0.168
 H         -0.082  0.087 -0.000   -0.183 -0.157  0.000   -0.000 -0.000 -0.208
 C          0.025 -0.167 -0.000   -0.097 -0.173  0.000    0.000  0.000 -0.140
 C          0.199 -0.025 -0.000    0.071 -0.026 -0.000    0.000 -0.000  0.024
 H          0.050 -0.170  0.000   -0.050 -0.183  0.000   -0.000  0.000  0.208
 H          0.141  0.271  0.000   -0.000  0.326  0.000    0.000 -0.000  0.485
 H          0.479 -0.097 -0.000    0.422 -0.110  0.000   -0.000  0.000 -0.311
 C          0.025 -0.167  0.000    0.097  0.173 -0.000    0.000  0.000  0.140
 C          0.199 -0.025 -0.000   -0.071  0.026  0.000   -0.000  0.000 -0.024
 H          0.050 -0.170  0.000    0.050  0.183 -0.000    0.000  0.000 -0.208
 H          0.141  0.271  0.000    0.000 -0.326 -0.000    0.000 -0.000 -0.485
 H          0.479 -0.097  0.000   -0.422  0.110 -0.000   -0.000  0.000  0.311
 TransDip  -0.036  0.003  0.000   -0.000 -0.000 -0.000    0.000 -0.000  0.000

 Mode:                13                     14                     15
 Frequency:       680.27                 716.19                 716.46
 Force Cnst:      1.9041                 1.0083                 0.4803
 Red. Mass:       6.9837                 3.3363                 1.5882
 IR Active:          NO                     YES                    YES
 IR Intens:        0.000                  3.480                  0.220
 Raman Active:       YES                    NO                     NO 
 Raman Intens:     5.927                  0.000                  0.000
 Depolar:          0.744                  0.000                  0.000
               X      Y      Z        X      Y      Z        X      Y      Z
 C         -0.004  0.108 -0.000    0.000 -0.005  0.000   -0.000 -0.000 -0.100
 C          0.245  0.258 -0.000   -0.132 -0.074  0.000   -0.000 -0.000 -0.016
 C          0.324 -0.160  0.000   -0.127 -0.026  0.000   -0.000 -0.000 -0.013
 C          0.004 -0.108  0.000    0.000 -0.005  0.000    0.000 -0.000 -0.100
 C         -0.245 -0.258  0.000   -0.132 -0.074  0.000   -0.000 -0.000 -0.016
 C         -0.324  0.160 -0.000   -0.127 -0.026  0.000   -0.000 -0.000 -0.013
 H          0.127  0.299 -0.000   -0.211 -0.048 -0.000   -0.000 -0.000  0.301
 H          0.235 -0.237  0.000   -0.179 -0.078 -0.000   -0.000 -0.000  0.296
 H         -0.127 -0.299  0.000   -0.211 -0.048 -0.000   -0.000 -0.000  0.301
 H         -0.235  0.237 -0.000   -0.179 -0.078 -0.000   -0.000 -0.000  0.296
 C         -0.011 -0.038 -0.000    0.203  0.136 -0.000    0.000  0.000  0.125
 C          0.005 -0.039 -0.000    0.081 -0.005  0.000    0.000 -0.000 -0.016
 H          0.008 -0.043  0.000    0.205  0.142  0.000    0.000  0.000 -0.207
 H         -0.005  0.013  0.000    0.161 -0.377  0.000    0.000 -0.000 -0.424
 H          0.080 -0.054 -0.000   -0.271  0.075 -0.000   -0.000  0.000  0.269
 C          0.011  0.038  0.000    0.203  0.136 -0.000    0.000  0.000  0.125
 C         -0.005  0.039  0.000    0.081 -0.005  0.000    0.000 -0.000 -0.016
 H         -0.008  0.043 -0.000    0.205  0.142  0.000    0.000  0.000 -0.207
 H          0.005 -0.013 -0.000    0.161 -0.377  0.000    0.000 -0.000 -0.424
 H         -0.080  0.054  0.000   -0.271  0.075 -0.000   -0.000  0.000  0.269
 TransDip  -0.000 -0.000 -0.000    0.060 -0.001 -0.000    0.000 -0.000  0.015

 Mode:                16                     17                     18
 Frequency:       809.81                 869.09                 911.03
 Force Cnst:      1.3034                 1.9561                 0.7683
 Red. Mass:       3.3734                 4.3954                 1.5711
 IR Active:          NO                     NO                     YES
 IR Intens:        0.000                  0.000                 26.212
 Raman Active:       YES                    YES                    NO 
 Raman Intens:    10.972                  8.018                  0.000
 Depolar:          0.750                  0.673                  0.000
               X      Y      Z        X      Y      Z        X      Y      Z
 C          0.000  0.000  0.263    0.130  0.026  0.000   -0.000  0.000  0.109
 C         -0.000 -0.000 -0.101    0.011 -0.230 -0.000    0.000  0.000 -0.071
 C         -0.000  0.000  0.103    0.075 -0.225 -0.000   -0.000  0.000 -0.072
 C          0.000 -0.000 -0.263   -0.130 -0.026  0.000    0.000  0.000  0.109
 C         -0.000  0.000  0.101   -0.011  0.230 -0.000    0.000 -0.000 -0.071
 C         -0.000  0.000 -0.103   -0.075  0.225 -0.000    0.000 -0.000 -0.072
 H         -0.000 -0.000 -0.265   -0.206 -0.171  0.000    0.000  0.000  0.481
 H          0.000  0.000  0.253    0.213 -0.119  0.000   -0.000  0.000  0.463
 H         -0.000  0.000  0.265    0.206  0.171  0.000    0.000 -0.000  0.481
 H         -0.000  0.000 -0.253   -0.213  0.119  0.000   -0.000 -0.000  0.463
 C          0.000  0.000  0.132    0.125  0.081 -0.000   -0.000 -0.000 -0.058
 C          0.000  0.000 -0.017    0.068 -0.004  0.000   -0.000 -0.000  0.004
 H          0.000 -0.000 -0.195    0.123  0.089 -0.000   -0.000 -0.000  0.032
 H          0.000 -0.000 -0.411    0.142 -0.349 -0.000   -0.000  0.000  0.147
 H          0.000  0.000  0.227   -0.213  0.062 -0.000    0.000 -0.000 -0.077
 C          0.000 -0.000 -0.132   -0.125 -0.081  0.000    0.000  0.000 -0.058
 C          0.000 -0.000  0.017   -0.068  0.004 -0.000    0.000 -0.000  0.004
 H         -0.000  0.000  0.195   -0.123 -0.089  0.000   -0.000  0.000  0.032
 H          0.000  0.000  0.411   -0.142  0.349  0.000    0.000 -0.000  0.147
 H         -0.000 -0.000 -0.227    0.213 -0.062  0.000   -0.000  0.000 -0.077
 TransDip   0.000  0.000  0.000    0.000 -0.000  0.000   -0.000  0.000  0.164

 Mode:                19                     20                     21
 Frequency:       920.92                1013.65                1013.72
 Force Cnst:      0.6265                 0.8161                 0.8106
 Red. Mass:       1.2537                 1.3481                 1.3388
 IR Active:          NO                     NO                     YES
 IR Intens:        0.000                  0.000                 35.579
 Raman Active:       YES                    YES                    NO 
 Raman Intens:     5.068                  1.104                  0.000
 Depolar:          0.750                  0.750                  0.000
               X      Y      Z        X      Y      Z        X      Y      Z
 C          0.000 -0.000 -0.001    0.000  0.000 -0.004    0.000  0.000 -0.003
 C          0.000 -0.000 -0.074    0.000  0.000  0.005   -0.000 -0.000 -0.003
 C          0.000 -0.000 -0.076   -0.000  0.000 -0.000   -0.000 -0.000  0.004
 C         -0.000 -0.000  0.001   -0.000 -0.000  0.004    0.000  0.000 -0.003
 C         -0.000  0.000  0.074   -0.000 -0.000 -0.005   -0.000 -0.000 -0.003
 C         -0.000  0.000  0.076    0.000 -0.000  0.000   -0.000 -0.000  0.004
 H          0.000 -0.000  0.502    0.000  0.000 -0.020   -0.000 -0.000  0.021
 H         -0.000 -0.000  0.486   -0.000  0.000  0.005   -0.000  0.000 -0.022
 H         -0.000  0.000 -0.502   -0.000 -0.000  0.020   -0.000 -0.000  0.021
 H          0.000  0.000 -0.486    0.000 -0.000 -0.005   -0.000 -0.000 -0.022
 C          0.000  0.000  0.002   -0.000 -0.000 -0.039    0.000  0.000  0.038
 C          0.000 -0.000  0.002    0.000  0.000  0.118   -0.000 -0.000 -0.116
 H         -0.000  0.000 -0.011   -0.000 -0.000  0.032    0.000  0.000 -0.033
 H          0.000 -0.000 -0.024    0.000 -0.000 -0.510   -0.000  0.000  0.511
 H         -0.000 -0.000  0.004   -0.000  0.000 -0.472    0.000 -0.000  0.471
 C          0.000  0.000 -0.002    0.000  0.000  0.039    0.000  0.000  0.038
 C         -0.000 -0.000 -0.002   -0.000 -0.000 -0.118   -0.000 -0.000 -0.116
 H          0.000 -0.000  0.011    0.000  0.000 -0.032    0.000  0.000 -0.033
 H         -0.000  0.000  0.024   -0.000  0.000  0.510   -0.000  0.000  0.511
 H          0.000 -0.000 -0.004    0.000 -0.000  0.472    0.000 -0.000  0.471
 TransDip   0.000 -0.000  0.000   -0.000 -0.000  0.000    0.000  0.000  0.191

 Mode:                22                     23                     24
 Frequency:      1038.84                1057.77                1089.98
 Force Cnst:      0.7870                 0.8697                 1.4039
 Red. Mass:       1.2378                 1.3193                 2.0056
 IR Active:          NO                     YES                    YES
 IR Intens:        0.000                  0.016                  9.385
 Raman Active:       YES                    NO                     NO 
 Raman Intens:     4.018                  0.000                  0.000
 Depolar:          0.750                  0.000                  0.000
               X      Y      Z        X      Y      Z        X      Y      Z
 C          0.000  0.000  0.017    0.000  0.000  0.001   -0.072 -0.039 -0.000
 C          0.000  0.000 -0.070   -0.000  0.000  0.083    0.020  0.146 -0.000
 C         -0.000  0.000  0.073    0.000 -0.000 -0.085    0.042 -0.081  0.000
 C          0.000 -0.000 -0.017    0.000  0.000  0.001   -0.072 -0.039 -0.000
 C          0.000 -0.000  0.070   -0.000  0.000  0.083    0.020  0.146 -0.000
 C         -0.000  0.000 -0.073    0.000 -0.000 -0.085    0.042 -0.081  0.000
 H          0.000  0.000  0.487   -0.000  0.000 -0.487   -0.029  0.171  0.000
 H          0.000  0.000 -0.497   -0.000 -0.000  0.497   -0.077 -0.187  0.000
 H          0.000 -0.000 -0.487   -0.000  0.000 -0.487   -0.029  0.171  0.000
 H         -0.000 -0.000  0.497   -0.000 -0.000  0.497   -0.077 -0.187 -0.000
 C         -0.000 -0.000  0.007    0.000  0.000  0.004   -0.020 -0.037 -0.000
 C          0.000  0.000  0.002   -0.000 -0.000 -0.005    0.077  0.033 -0.000
 H         -0.000  0.000  0.044    0.000  0.000 -0.028   -0.309  0.030  0.000
 H          0.000 -0.000 -0.053   -0.000  0.000  0.027    0.165 -0.390  0.000
 H         -0.000  0.000  0.024    0.000 -0.000  0.012   -0.306  0.119  0.000
 C         -0.000  0.000 -0.007    0.000  0.000  0.004   -0.020 -0.037  0.000
 C          0.000  0.000 -0.002   -0.000 -0.000 -0.005    0.077  0.033 -0.000
 H         -0.000  0.000 -0.044    0.000 -0.000 -0.028   -0.309  0.030  0.000
 H          0.000 -0.000  0.053   -0.000  0.000  0.027    0.165 -0.390  0.000
 H         -0.000  0.000 -0.024    0.000 -0.000  0.012   -0.306  0.119  0.000
 TransDip  -0.000  0.000  0.000    0.000  0.000  0.004   -0.098 -0.003  0.000

 Mode:                25                     26                     27
 Frequency:      1102.04                1102.23                1106.66
 Force Cnst:      0.7732                 0.7742                 1.3035
 Red. Mass:       1.0806                 1.0816                 1.8065
 IR Active:          YES                    NO                     YES
 IR Intens:       15.177                  0.000                  1.996
 Raman Active:       NO                     YES                    NO 
 Raman Intens:     0.000                  1.166                  0.000
 Depolar:          0.000                  0.750                  0.000
               X      Y      Z        X      Y      Z        X      Y      Z
 C          0.000 -0.000 -0.002    0.000  0.000  0.003    0.022 -0.024 -0.000
 C         -0.000 -0.000  0.000    0.000 -0.000  0.003    0.027 -0.085  0.000
 C         -0.000  0.000 -0.000   -0.000  0.000 -0.001   -0.053  0.136 -0.000
 C          0.000 -0.000 -0.002    0.000  0.000 -0.003    0.022 -0.024  0.000
 C          0.000 -0.000  0.000   -0.000 -0.000 -0.003    0.027 -0.085  0.000
 C         -0.000  0.000 -0.000   -0.000  0.000  0.001   -0.053  0.136 -0.000
 H          0.000 -0.000 -0.013    0.000 -0.000 -0.035    0.324 -0.185 -0.000
 H          0.000  0.000  0.028    0.000  0.000  0.042    0.042  0.234  0.000
 H          0.000 -0.000 -0.013   -0.000 -0.000  0.035    0.324 -0.185 -0.000
 H          0.000  0.000  0.028   -0.000 -0.000 -0.042    0.042  0.234  0.000
 C         -0.000  0.000 -0.057    0.000  0.000 -0.058   -0.033 -0.045  0.000
 C         -0.000 -0.000  0.001    0.000 -0.000  0.002    0.047  0.027 -0.000
 H         -0.000  0.000  0.560   -0.000  0.000  0.560   -0.345  0.025 -0.000
 H         -0.000 -0.000 -0.236    0.000 -0.000 -0.234    0.107 -0.269  0.000
 H          0.000 -0.000  0.356   -0.000  0.000  0.354   -0.237  0.091 -0.000
 C         -0.000 -0.000 -0.057    0.000  0.000  0.058   -0.033 -0.045  0.000
 C          0.000  0.000  0.001   -0.000 -0.000 -0.002    0.047  0.027 -0.000
 H         -0.000  0.000  0.560    0.000 -0.000 -0.560   -0.345  0.025 -0.000
 H          0.000 -0.000 -0.236   -0.000  0.000  0.234    0.107 -0.269  0.000
 H         -0.000  0.000  0.356    0.000 -0.000 -0.354   -0.237  0.091 -0.000
 TransDip   0.000  0.000  0.125    0.000  0.000  0.000   -0.043 -0.015 -0.000

 Mode:                28                     29                     30
 Frequency:      1107.77                1235.94                1271.17
 Force Cnst:      1.0226                 1.1602                 2.2249
 Red. Mass:       1.4144                 1.2891                 2.3370
 IR Active:          NO                     YES                    NO 
 IR Intens:        0.000                  1.153                  0.000
 Raman Active:       YES                    NO                     YES
 Raman Intens:    12.492                  0.000                208.991
 Depolar:          0.461                  0.000                  0.239
               X      Y      Z        X      Y      Z        X      Y      Z
 C         -0.047 -0.016 -0.000    0.015 -0.027 -0.000   -0.192 -0.025  0.000
 C         -0.033 -0.027  0.000    0.055  0.044 -0.000   -0.023 -0.095  0.000
 C          0.020 -0.048  0.000   -0.079 -0.004  0.000    0.063 -0.065  0.000
 C          0.047  0.016  0.000    0.015 -0.027  0.000    0.192  0.025  0.000
 C          0.033  0.027 -0.000    0.055  0.044 -0.000    0.023  0.095 -0.000
 C         -0.020  0.048 -0.000   -0.079 -0.004  0.000   -0.063  0.065 -0.000
 H         -0.087 -0.014 -0.000    0.442 -0.075 -0.000    0.405 -0.258 -0.000
 H         -0.006 -0.081 -0.000   -0.416 -0.296 -0.000   -0.164 -0.288 -0.000
 H          0.087  0.014 -0.000    0.442 -0.075 -0.000   -0.405  0.258  0.000
 H          0.006  0.081 -0.000   -0.416 -0.296 -0.000    0.164  0.288  0.000
 C          0.031  0.051 -0.000    0.015  0.012 -0.000   -0.052 -0.048  0.000
 C         -0.082 -0.034  0.000   -0.014 -0.003  0.000   -0.006  0.011 -0.000
 H          0.386 -0.031 -0.000    0.082 -0.003  0.000   -0.300 -0.000 -0.000
 H         -0.175  0.411 -0.000   -0.041  0.123 -0.000   -0.007 -0.003  0.000
 H          0.320 -0.124 -0.000    0.038 -0.015 -0.000   -0.093  0.034 -0.000
 C         -0.031 -0.051  0.000    0.015  0.012 -0.000    0.052  0.048 -0.000
 C          0.082  0.034 -0.000   -0.014 -0.003  0.000    0.006 -0.011  0.000
 H         -0.386  0.031 -0.000    0.082 -0.003  0.000    0.300  0.000  0.000
 H          0.175 -0.411  0.000   -0.041  0.123 -0.000    0.007  0.003 -0.000
 H         -0.320  0.124  0.000    0.038 -0.015 -0.000    0.093 -0.034 -0.000
 TransDip   0.000  0.000 -0.000    0.024 -0.024 -0.000   -0.000 -0.000  0.000

 Mode:                31                     32                     33
 Frequency:      1272.21                1301.21                1391.34
 Force Cnst:      1.8412                 1.4159                 1.6417
 Red. Mass:       1.9308                 1.4194                 1.4394
 IR Active:          YES                    NO                     YES
 IR Intens:        0.131                  0.000                 17.769
 Raman Active:       NO                     YES                    NO 
 Raman Intens:     0.000                 17.024                  0.000
 Depolar:          0.000                  0.544                  0.000
               X      Y      Z        X      Y      Z        X      Y      Z
 C          0.191  0.018 -0.000    0.082  0.019  0.000    0.018  0.044 -0.000
 C         -0.020 -0.003 -0.000    0.061  0.021  0.000    0.021 -0.028 -0.000
 C         -0.029  0.022  0.000   -0.079 -0.021  0.000   -0.014 -0.014  0.000
 C          0.191  0.018  0.000   -0.082 -0.019 -0.000    0.018  0.044 -0.000
 C         -0.020 -0.003 -0.000   -0.061 -0.021 -0.000    0.021 -0.028  0.000
 C         -0.029  0.022  0.000    0.079  0.021 -0.000   -0.014 -0.014  0.000
 H         -0.437  0.143  0.000    0.473 -0.105 -0.000   -0.049 -0.008  0.000
 H         -0.308 -0.231 -0.000   -0.370 -0.271 -0.000   -0.035 -0.035  0.000
 H         -0.437  0.143  0.000   -0.473  0.105  0.000   -0.049 -0.008 -0.000
 H         -0.308 -0.231 -0.000    0.370  0.271  0.000   -0.035 -0.035 -0.000
 C         -0.038 -0.041  0.000    0.019  0.018 -0.000   -0.058 -0.071 -0.000
 C         -0.009  0.004 -0.000    0.008 -0.001  0.000    0.014  0.084 -0.000
 H         -0.300  0.011 -0.000    0.184 -0.017  0.000    0.554 -0.223  0.000
 H         -0.022  0.050  0.000    0.002  0.039 -0.000    0.042 -0.090  0.000
 H         -0.068  0.019 -0.000    0.016 -0.004  0.000   -0.286  0.165  0.000
 C         -0.038 -0.041  0.000   -0.019 -0.018  0.000   -0.058 -0.071 -0.000
 C         -0.009  0.004 -0.000   -0.008  0.001 -0.000    0.014  0.084 -0.000
 H         -0.300  0.011 -0.000   -0.184  0.017 -0.000    0.554 -0.223  0.000
 H         -0.022  0.050 -0.000   -0.002 -0.039  0.000    0.042 -0.090  0.000
 H         -0.068  0.019 -0.000   -0.016  0.004 -0.000   -0.286  0.165  0.000
 TransDip  -0.001 -0.012 -0.000   -0.000  0.000  0.000   -0.134 -0.016  0.000

 Mode:                34                     35                     36
 Frequency:      1391.92                1437.48                1458.95
 Force Cnst:      1.5715                 1.5205                 7.8183
 Red. Mass:       1.3767                 1.2489                 6.2342
 IR Active:          NO                     NO                     YES
 IR Intens:        0.000                  0.000                  0.076
 Raman Active:       YES                    YES                    NO 
 Raman Intens:    24.350                  5.259                  0.000
 Depolar:          0.737                  0.139                  0.000
               X      Y      Z        X      Y      Z        X      Y      Z
 C         -0.020 -0.036  0.000   -0.016  0.083 -0.000   -0.055  0.291 -0.000
 C         -0.002 -0.003 -0.000   -0.040  0.012  0.000    0.256 -0.096  0.000
 C          0.021  0.002 -0.000   -0.020 -0.022 -0.000   -0.197 -0.182  0.000
 C          0.020  0.036 -0.000    0.016 -0.083  0.000   -0.055  0.291 -0.000
 C          0.002  0.003  0.000    0.040 -0.012 -0.000    0.256 -0.096  0.000
 C         -0.021 -0.002 -0.000    0.020  0.022  0.000   -0.197 -0.182  0.000
 H         -0.162  0.051 -0.000    0.393 -0.134 -0.000   -0.176  0.045 -0.000
 H         -0.099 -0.108  0.000    0.384  0.340  0.000    0.120  0.096  0.000
 H          0.162 -0.051 -0.000   -0.393  0.134  0.000   -0.176  0.045 -0.000
 H          0.099  0.108 -0.000   -0.384 -0.340 -0.000    0.120  0.096 -0.000
 C         -0.056 -0.069 -0.000   -0.001 -0.011 -0.000   -0.023  0.023  0.000
 C          0.014  0.080 -0.000   -0.015  0.028  0.000    0.031 -0.036 -0.000
 H          0.526 -0.214  0.000    0.209 -0.064  0.000   -0.350  0.108 -0.000
 H          0.039 -0.077  0.000   -0.010 -0.018 -0.000    0.068 -0.164  0.000
 H         -0.278  0.159  0.000   -0.059  0.044  0.000    0.182 -0.083  0.000
 C          0.056  0.069  0.000    0.001  0.011  0.000   -0.023  0.023  0.000
 C         -0.014 -0.080  0.000    0.015 -0.028  0.000    0.031 -0.036  0.000
 H         -0.526  0.214 -0.000   -0.209  0.064 -0.000   -0.350  0.108 -0.000
 H         -0.039  0.077 -0.000    0.010  0.018 -0.000    0.068 -0.164  0.000
 H          0.278 -0.159 -0.000    0.059 -0.044 -0.000    0.182 -0.083 -0.000
 TransDip  -0.000 -0.000 -0.000    0.000  0.000 -0.000   -0.001 -0.009 -0.000

 Mode:                37                     38                     39
 Frequency:      1544.34                1575.35                1591.42
 Force Cnst:      3.2696                 1.8016                 2.0678
 Red. Mass:       2.3268                 1.2321                 1.3858
 IR Active:          YES                    NO                     YES
 IR Intens:       21.620                  0.000                  1.133
 Raman Active:       NO                     YES                    NO 
 Raman Intens:     0.000                205.465                  0.000
 Depolar:          0.000                  0.331                  0.000
               X      Y      Z        X      Y      Z        X      Y      Z
 C         -0.005  0.143 -0.000    0.017  0.018  0.000   -0.038  0.072 -0.000
 C         -0.112 -0.064  0.000    0.014 -0.008 -0.000   -0.027 -0.028  0.000
 C          0.127 -0.007  0.000    0.005  0.014 -0.000    0.044 -0.015  0.000
 C         -0.005  0.143 -0.000   -0.017 -0.018 -0.000   -0.038  0.072 -0.000
 C         -0.112 -0.064  0.000   -0.014  0.008  0.000   -0.027 -0.028  0.000
 C          0.127 -0.007  0.000   -0.005 -0.014  0.000    0.044 -0.015  0.000
 H          0.260 -0.212 -0.000   -0.022  0.002 -0.000    0.079 -0.073  0.000
 H         -0.215 -0.341 -0.000    0.002  0.015  0.000   -0.016 -0.080  0.000
 H          0.260 -0.212  0.000    0.022 -0.002  0.000    0.079 -0.073  0.000
 H         -0.215 -0.341 -0.000   -0.002 -0.015 -0.000   -0.016 -0.080  0.000
 C         -0.071  0.020  0.000    0.083 -0.047  0.000    0.067 -0.045  0.000
 C          0.033 -0.016  0.000   -0.007 -0.007 -0.000    0.010 -0.019 -0.000
 H         -0.039  0.021 -0.000   -0.133 -0.005  0.000   -0.184  0.007 -0.000
 H          0.103 -0.295  0.000   -0.123  0.486 -0.000   -0.100  0.457 -0.000
 H          0.243 -0.078 -0.000   -0.454  0.115  0.000   -0.448  0.104  0.000
 C         -0.071  0.020  0.000   -0.083  0.047 -0.000    0.067 -0.045  0.000
 C          0.033 -0.016  0.000    0.007  0.007  0.000    0.010 -0.019 -0.000
 H         -0.039  0.021 -0.000    0.133  0.005 -0.000   -0.184  0.007  0.000
 H          0.103 -0.295  0.000    0.123 -0.486  0.000   -0.100  0.457 -0.000
 H          0.243 -0.078 -0.000    0.454 -0.115 -0.000   -0.448  0.104  0.000
 TransDip  -0.007 -0.149 -0.000   -0.000  0.000  0.000   -0.031  0.013  0.000

 Mode:                40                     41                     42
 Frequency:      1673.99                1785.84                1793.60
 Force Cnst:      4.1103                10.4517                11.9902
 Red. Mass:       2.4895                 5.5623                 6.3260
 IR Active:          YES                    NO                     NO 
 IR Intens:       19.662                  0.000                  0.000
 Raman Active:       NO                     YES                    YES
 Raman Intens:     0.000                587.498                 17.495
 Depolar:          0.000                  0.408                  0.410
               X      Y      Z        X      Y      Z        X      Y      Z
 C          0.146  0.037 -0.000    0.145  0.128 -0.000    0.125 -0.310  0.000
 C         -0.120  0.089 -0.000   -0.230 -0.026  0.000   -0.250  0.178 -0.000
 C         -0.068 -0.131  0.000    0.260  0.196 -0.000    0.046 -0.152  0.000
 C          0.146  0.037 -0.000   -0.145 -0.128  0.000   -0.125  0.310 -0.000
 C         -0.120  0.089 -0.000    0.230  0.026 -0.000    0.250 -0.178  0.000
 C         -0.068 -0.131  0.000   -0.260 -0.196  0.000   -0.046  0.152 -0.000
 H          0.438 -0.081 -0.000    0.184 -0.188  0.000    0.355  0.001 -0.000
 H          0.401  0.265  0.000   -0.291 -0.303 -0.000    0.210 -0.049 -0.000
 H          0.438 -0.081 -0.000   -0.184  0.188 -0.000   -0.355 -0.001  0.000
 H          0.401  0.265  0.000    0.291  0.303 -0.000   -0.210  0.049 -0.000
 C         -0.012 -0.018  0.000    0.060 -0.029 -0.000   -0.045  0.019  0.000
 C         -0.010  0.008 -0.000   -0.053  0.049  0.000    0.069 -0.059 -0.000
 H         -0.047 -0.014 -0.000    0.001 -0.026  0.000   -0.095  0.044  0.000
 H         -0.013  0.000  0.000   -0.026 -0.128 -0.000    0.036  0.160 -0.000
 H         -0.032  0.018 -0.000    0.171  0.004 -0.000   -0.219  0.003  0.000
 C         -0.012 -0.018  0.000   -0.060  0.029  0.000    0.045 -0.019 -0.000
 C         -0.010  0.008 -0.000    0.053 -0.049 -0.000   -0.069  0.059 -0.000
 H         -0.047 -0.014 -0.000   -0.001  0.026  0.000    0.095 -0.044 -0.000
 H         -0.013  0.000 -0.000    0.026  0.128 -0.000   -0.036 -0.160  0.000
 H         -0.032  0.018  0.000   -0.171 -0.004  0.000    0.219 -0.003 -0.000
 TransDip   0.141  0.018  0.000    0.000 -0.000  0.000    0.000 -0.000 -0.000

 Mode:                43                     44                     45
 Frequency:      1871.80                1876.22                3388.61
 Force Cnst:      8.6148                 9.3112                 7.2172
 Red. Mass:       4.1733                 4.4894                 1.0668
 IR Active:          YES                    NO                     YES
 IR Intens:        2.602                  0.000                 64.291
 Raman Active:       NO                     YES                    NO 
 Raman Intens:     0.000                254.299                  0.000
 Depolar:          0.000                  0.262                  0.000
               X      Y      Z        X      Y      Z        X      Y      Z
 C         -0.027  0.037 -0.000   -0.014  0.104 -0.000    0.000  0.000 -0.000
 C         -0.013 -0.010  0.000   -0.020 -0.039 -0.000   -0.000  0.001  0.000
 C          0.014 -0.004  0.000    0.048  0.071 -0.000    0.001 -0.001 -0.000
 C         -0.027  0.037  0.000    0.014 -0.104  0.000    0.000  0.000 -0.000
 C         -0.013 -0.010 -0.000    0.020  0.039 -0.000   -0.000  0.001 -0.000
 C          0.014 -0.004  0.000   -0.048 -0.071  0.000    0.001 -0.001  0.000
 H          0.021 -0.026 -0.000   -0.013 -0.052  0.000   -0.002 -0.008 -0.000
 H         -0.035 -0.060 -0.000   -0.052 -0.006  0.000   -0.009  0.013  0.000
 H          0.021 -0.026  0.000    0.013  0.052  0.000   -0.002 -0.008  0.000
 H         -0.035 -0.060  0.000    0.052  0.006  0.000   -0.009  0.013 -0.000
 C          0.210 -0.169  0.000   -0.206  0.172 -0.000    0.007  0.005  0.000
 C         -0.186  0.185  0.000    0.181 -0.182 -0.000   -0.036  0.036 -0.000
 H         -0.222 -0.121 -0.000    0.244  0.119  0.000   -0.026 -0.118 -0.000
 H         -0.128 -0.334  0.000    0.126  0.322 -0.000    0.479  0.105 -0.000
 H          0.387  0.094 -0.000   -0.365 -0.098  0.000   -0.120 -0.477  0.000
 C          0.210 -0.169  0.000    0.206 -0.172  0.000    0.007  0.005  0.000
 C         -0.186  0.185 -0.000   -0.181  0.182 -0.000   -0.036  0.036  0.000
 H         -0.222 -0.121 -0.000   -0.244 -0.119 -0.000   -0.026 -0.118  0.000
 H         -0.128 -0.334  0.000   -0.126 -0.322  0.000    0.479  0.105 -0.000
 H          0.387  0.094 -0.000    0.365  0.098 -0.000   -0.120 -0.477  0.000
 TransDip   0.020 -0.048 -0.000    0.000 -0.000  0.000    0.244 -0.080  0.000

 Mode:                46                     47                     48
 Frequency:      3389.07                3444.31                3448.27
 Force Cnst:      7.2190                 7.6275                 7.6440
 Red. Mass:       1.0668                 1.0913                 1.0911
 IR Active:          NO                     YES                    NO 
 IR Intens:        0.000                  0.758                  0.000
 Raman Active:       YES                    NO                     YES
 Raman Intens:    82.638                  0.000                 57.105
 Depolar:          0.180                  0.000                  0.730
               X      Y      Z        X      Y      Z        X      Y      Z
 C         -0.000 -0.000 -0.000   -0.002 -0.000 -0.000   -0.001  0.004 -0.000
 C          0.000 -0.000 -0.000   -0.012 -0.044  0.000   -0.012 -0.044  0.000
 C          0.001 -0.001 -0.000   -0.026  0.033 -0.000   -0.026  0.032 -0.000
 C          0.000  0.000  0.000   -0.002 -0.000  0.000    0.001 -0.004  0.000
 C         -0.000  0.000 -0.000   -0.012 -0.044  0.000    0.012  0.044 -0.000
 C         -0.001  0.001  0.000   -0.026  0.033 -0.000    0.026 -0.032  0.000
 H         -0.000 -0.000  0.000    0.162  0.488 -0.000    0.163  0.490 -0.000
 H         -0.006  0.010 -0.000    0.320 -0.359  0.000    0.319 -0.357  0.000
 H          0.000  0.000 -0.000    0.162  0.488 -0.000   -0.163 -0.490  0.000
 H          0.006 -0.010 -0.000    0.320 -0.359  0.000   -0.319  0.357 -0.000
 C          0.007  0.005 -0.000   -0.000 -0.001  0.000    0.000  0.002 -0.000
 C         -0.036  0.036  0.000   -0.001  0.001 -0.000   -0.001 -0.001  0.000
 H         -0.026 -0.116  0.000    0.004  0.011 -0.000   -0.005 -0.020  0.000
 H          0.479  0.105  0.000    0.015  0.003  0.000    0.008  0.002 -0.000
 H         -0.120 -0.477  0.000   -0.004 -0.012  0.000   -0.001  0.001 -0.000
 C         -0.007 -0.005  0.000   -0.000 -0.001  0.000   -0.000 -0.002  0.000
 C          0.036 -0.036 -0.000   -0.001  0.001 -0.000    0.001  0.001  0.000
 H          0.026  0.116 -0.000    0.004  0.011 -0.000    0.005  0.020 -0.000
 H         -0.479 -0.105  0.000    0.015  0.003 -0.000   -0.008 -0.002  0.000
 H          0.120  0.477 -0.000   -0.004 -0.012  0.000    0.001 -0.001 -0.000
 TransDip   0.000 -0.000 -0.000    0.025  0.012 -0.000    0.000 -0.000 -0.000

 Mode:                49                     50                     51
 Frequency:      3461.37                3463.96                3467.18
 Force Cnst:      7.7673                 7.7830                 7.8008
 Red. Mass:       1.1003                 1.1009                 1.1014
 IR Active:          YES                    NO                     YES
 IR Intens:        7.412                  0.000                  7.301
 Raman Active:       NO                     YES                    NO 
 Raman Intens:     0.000                142.511                  0.000
 Depolar:          0.000                  0.185                  0.000
               X      Y      Z        X      Y      Z        X      Y      Z
 C         -0.001  0.005 -0.000   -0.003 -0.000 -0.000    0.001  0.000  0.000
 C         -0.016 -0.041  0.000   -0.016 -0.041  0.000    0.001  0.003 -0.000
 C          0.033 -0.034  0.000    0.032 -0.034  0.000   -0.001  0.001  0.000
 C         -0.001  0.005 -0.000    0.003  0.000  0.000    0.001  0.000 -0.000
 C         -0.016 -0.041  0.000    0.016  0.041 -0.000    0.001  0.003  0.000
 C          0.033 -0.034  0.000   -0.032  0.034 -0.000   -0.001  0.001  0.000
 H          0.153  0.454 -0.000    0.148  0.443 -0.000   -0.012 -0.033  0.000
 H         -0.344  0.383 -0.000   -0.341  0.381 -0.000    0.011 -0.012 -0.000
 H          0.153  0.454 -0.000   -0.148 -0.443  0.000   -0.012 -0.033 -0.000
 H         -0.344  0.383 -0.000    0.341 -0.381  0.000    0.011 -0.012 -0.000
 C         -0.000 -0.003 -0.000    0.002  0.011 -0.000   -0.009 -0.062 -0.000
 C          0.000  0.001  0.000    0.002 -0.003  0.000   -0.004  0.016  0.000
 H          0.008  0.034 -0.000   -0.030 -0.119  0.000    0.156  0.671 -0.000
 H         -0.005 -0.001 -0.000   -0.014 -0.003 -0.000    0.022  0.005  0.000
 H          0.000 -0.004 -0.000    0.008  0.026 -0.000   -0.035 -0.132  0.000
 C         -0.000 -0.003  0.000   -0.002 -0.011  0.000   -0.009 -0.062  0.000
 C          0.000  0.001 -0.000   -0.002  0.003 -0.000   -0.004  0.016 -0.000
 H          0.008  0.034 -0.000    0.030  0.119 -0.000    0.156  0.671 -0.000
 H         -0.005 -0.001  0.000    0.014  0.003 -0.000    0.022  0.005 -0.000
 H          0.000 -0.004 -0.000   -0.008 -0.026  0.000   -0.035 -0.132  0.000
 TransDip  -0.030  0.082 -0.000   -0.000  0.000  0.000   -0.079  0.035 -0.000

 Mode:                52                     53                     54
 Frequency:      3467.34                3524.85                3524.88
 Force Cnst:      7.8036                 8.1665                 8.1673
 Red. Mass:       1.1017                 1.1156                 1.1157
 IR Active:          NO                     YES                    NO 
 IR Intens:        0.000                  0.272                  0.000
 Raman Active:       YES                    NO                     YES
 Raman Intens:    59.129                  0.000                123.739
 Depolar:          0.388                  0.000                  0.548
               X      Y      Z        X      Y      Z        X      Y      Z
 C          0.002  0.000 -0.000    0.000 -0.000 -0.000   -0.000  0.000  0.000
 C          0.003  0.009 -0.000    0.000  0.000  0.000   -0.000 -0.000  0.000
 C         -0.006  0.005 -0.000    0.000 -0.000 -0.000    0.000 -0.000  0.000
 C         -0.002 -0.000  0.000    0.000 -0.000 -0.000    0.000 -0.000  0.000
 C         -0.003 -0.009  0.000    0.000  0.000  0.000    0.000  0.000 -0.000
 C          0.006 -0.005  0.000    0.000 -0.000  0.000   -0.000  0.000 -0.000
 H         -0.033 -0.095  0.000   -0.000 -0.001 -0.000    0.000  0.001  0.000
 H          0.052 -0.059  0.000   -0.004  0.003 -0.000   -0.005  0.005 -0.000
 H          0.033  0.095 -0.000   -0.000 -0.001  0.000   -0.000 -0.001  0.000
 H         -0.052  0.059 -0.000   -0.004  0.003 -0.000    0.005 -0.005  0.000
 C          0.009  0.061 -0.000   -0.001 -0.008  0.000   -0.001 -0.008 -0.000
 C          0.004 -0.016  0.000   -0.051 -0.047  0.000   -0.051 -0.047  0.000
 H         -0.153 -0.662  0.000    0.016  0.079  0.000    0.016  0.079  0.000
 H         -0.019 -0.005 -0.000    0.494  0.100 -0.000    0.494  0.100  0.000
 H          0.034  0.129  0.000    0.112  0.471 -0.000    0.112  0.471 -0.000
 C         -0.009 -0.061  0.000   -0.001 -0.008  0.000    0.001  0.008 -0.000
 C         -0.004  0.016 -0.000   -0.051 -0.047  0.000    0.051  0.047 -0.000
 H          0.153  0.662 -0.000    0.016  0.079  0.000   -0.016 -0.079 -0.000
 H          0.019  0.005 -0.000    0.494  0.100 -0.000   -0.494 -0.100  0.000
 H         -0.034 -0.129  0.000    0.112  0.471 -0.000   -0.112 -0.471  0.000
 TransDip  -0.000  0.000 -0.000   -0.017  0.002 -0.000   -0.000  0.000 -0.000

 STANDARD THERMODYNAMIC QUANTITIES AT   298.15 K  AND     1.00 ATM

   This Molecule has  2 Imaginary Frequencies
   Zero point vibrational energy:      111.882 kcal/mol

   Atom    1 Element C  Has Mass   12.00000
   Atom    2 Element C  Has Mass   12.00000
   Atom    3 Element C  Has Mass   12.00000
   Atom    4 Element C  Has Mass   12.00000
   Atom    5 Element C  Has Mass   12.00000
   Atom    6 Element C  Has Mass   12.00000
   Atom    7 Element H  Has Mass    1.00783
   Atom    8 Element H  Has Mass    1.00783
   Atom    9 Element H  Has Mass    1.00783
   Atom   10 Element H  Has Mass    1.00783
   Atom   11 Element C  Has Mass   12.00000
   Atom   12 Element C  Has Mass   12.00000
   Atom   13 Element H  Has Mass    1.00783
   Atom   14 Element H  Has Mass    1.00783
   Atom   15 Element H  Has Mass    1.00783
   Atom   16 Element C  Has Mass   12.00000
   Atom   17 Element C  Has Mass   12.00000
   Atom   18 Element H  Has Mass    1.00783
   Atom   19 Element H  Has Mass    1.00783
   Atom   20 Element H  Has Mass    1.00783
   Molecular Mass:   130.078300 amu
   Principal axes and moments of inertia in amu*Bohr^2:
                             1           2           3
    Eigenvalues --      390.97475  2553.65603  2944.63078
          X               0.99998    -0.00602    -0.00000
          Y               0.00602     0.99998     0.00000
          Z               0.00000    -0.00000     1.00000
   Rotational Symmetry Number is   2
   The Molecule is an Asymmetric Top
   Translational Enthalpy:        0.889 kcal/mol
   Rotational Enthalpy:           0.889 kcal/mol
   Vibrational Enthalpy:        114.611 kcal/mol
   gas constant (RT):             0.592 kcal/mol
   Translational Entropy:        40.502  cal/mol.K
   Rotational Entropy:           28.088  cal/mol.K
   Vibrational Entropy:          14.095  cal/mol.K

   Total Enthalpy:              116.981 kcal/mol
   Total Entropy:                82.684  cal/mol.K

   Quasi-RRHO corrections using alpha = 4, and omega = 100 cm^-1
   QRRHO-Vib. Enthalpy:         114.530 kcal/mol
   QRRHO-Vib. Entropy:           14.094  cal/mol.K
   QRRHO-Total Enthalpy:        116.900 kcal/mol
   QRRHO-Total Entropy:          82.684  cal/mol.K
 Total job time:  91.72s(wall), 89.42s(cpu) 
 Wed Jul 29 13:39:31 2026

        *************************************************************
        *                                                           *
        *  Thank you very much for using Q-Chem.  Have a nice day.  *
        *                                                           *
        *************************************************************


