{
   "total energy":         -26.42593936,
   "HOMO-LUMO gap/eV":           3.33186258,
   "electronic energy":         -26.90452826,
   "dipole": [    -0.00000000,    -0.00000000,    -0.00000000],
   "partial charges": [
        0.00929514,
       -0.03204420,
       -0.03213494,
        0.00929514,
       -0.03204420,
       -0.03213494,
        0.02823851,
        0.03373963,
        0.02823851,
        0.03373963,
       -0.03284572,
       -0.08009711,
        0.03341323,
        0.03322063,
        0.03921482,
       -0.03284572,
       -0.08009711,
        0.03341323,
        0.03322063,
        0.03921482],
   "atomic dipole moments": [
   [     0.00619036,    -0.02447174,     0.00000000],
   [    -0.00397714,    -0.00512193,    -0.00000000],
   [    -0.00978729,     0.01134097,    -0.00000000],
   [    -0.00619036,     0.02447174,    -0.00000000],
   [     0.00397714,     0.00512193,    -0.00000000],
   [     0.00978729,    -0.01134097,    -0.00000000],
   [     0.14737167,    -0.04729241,     0.00000000],
   [     0.11539591,     0.10172489,    -0.00000000],
   [    -0.14737167,     0.04729241,    -0.00000000],
   [    -0.11539591,    -0.10172489,     0.00000000],
   [    -0.04241269,    -0.08030847,    -0.00000000],
   [     0.05212229,     0.04365017,     0.00000000],
   [    -0.15354483,     0.03741595,     0.00000000],
   [    -0.03086546,     0.15072858,     0.00000000],
   [     0.14930583,    -0.03339593,    -0.00000000],
   [     0.04241269,     0.08030847,    -0.00000000],
   [    -0.05212229,    -0.04365017,     0.00000000],
   [     0.15354483,    -0.03741595,    -0.00000000],
   [     0.03086546,    -0.15072858,     0.00000000],
   [    -0.14930583,     0.03339593,    -0.00000000]],
   "atomic quadrupole moments": [
   [    -0.29078494,    -0.02984169,    -0.14443188,    -0.00000000,     0.00000000,     0.43521682],
   [    -0.26218756,    -0.00220782,    -0.26174048,    -0.00000000,     0.00000000,     0.52392804],
   [    -0.28036940,     0.00162125,    -0.23911615,     0.00000000,     0.00000000,     0.51948555],
   [    -0.29078494,    -0.02984169,    -0.14443188,    -0.00000000,    -0.00000000,     0.43521682],
   [    -0.26218756,    -0.00220782,    -0.26174048,     0.00000000,     0.00000000,     0.52392804],
   [    -0.28036940,     0.00162125,    -0.23911615,     0.00000000,     0.00000000,     0.51948555],
   [     0.02556837,     0.00459975,     0.03734653,    -0.00000000,    -0.00000000,    -0.06291490],
   [     0.03233745,    -0.01476841,     0.03227935,    -0.00000000,    -0.00000000,    -0.06461681],
   [     0.02556837,     0.00459975,     0.03734653,    -0.00000000,     0.00000000,    -0.06291490],
   [     0.03233745,    -0.01476841,     0.03227935,     0.00000000,     0.00000000,    -0.06461681],
   [    -0.36128399,    -0.10159387,    -0.20973168,    -0.00000000,     0.00000000,     0.57101566],
   [    -0.34255559,    -0.07717653,    -0.30768739,     0.00000000,     0.00000000,     0.65024298],
   [     0.01966821,     0.00521040,     0.04075686,     0.00000000,    -0.00000000,    -0.06042507],
   [     0.02295409,    -0.00874929,     0.03882362,     0.00000000,    -0.00000000,    -0.06177770],
   [     0.03367010,    -0.00761467,     0.02753735,     0.00000000,    -0.00000000,    -0.06120745],
   [    -0.36128399,    -0.10159387,    -0.20973168,    -0.00000000,    -0.00000000,     0.57101566],
   [    -0.34255559,    -0.07717653,    -0.30768739,     0.00000000,    -0.00000000,     0.65024298],
   [     0.01966821,     0.00521040,     0.04075686,     0.00000000,    -0.00000000,    -0.06042507],
   [     0.02295409,    -0.00874929,     0.03882362,    -0.00000000,     0.00000000,    -0.06177770],
   [     0.03367010,    -0.00761467,     0.02753735,    -0.00000000,     0.00000000,    -0.06120745]],
   "number of molecular orbitals": 50,
   "number of electrons": 50,
   "number of unpaired electrons": 0,
   "orbital energies/eV": [
      -17.43657245,
      -16.94860573,
      -16.68179045,
      -16.59694498,
      -16.28233802,
      -15.68086679,
      -15.42412322,
      -14.88593752,
      -14.71966742,
      -14.14958056,
      -13.87258473,
      -13.32711539,
      -13.27312497,
      -13.14109780,
      -13.03726332,
      -12.85244317,
      -12.53304202,
      -12.29734221,
      -11.99309651,
      -11.67527211,
      -11.40196104,
      -11.26648360,
      -11.20572355,
      -10.90661952,
      -10.26731796,
       -6.93545539,
       -6.07662203,
       -5.68227434,
       -4.23399544,
       -2.05835139,
        1.18748319,
        1.29213418,
        2.18008189,
        2.86059899,
        3.12011580,
        3.80623914,
        4.01849560,
        4.69657557,
        5.36607758,
        5.98747194,
        8.57515711,
        9.40560940,
       10.47152841,
       11.35018648,
       11.53997936,
       11.64128971,
       14.86891626,
       16.76554771,
       17.38391254,
       18.26915899],
   "fractional occupation": [
        2.00000000,
        2.00000000,
        2.00000000,
        2.00000000,
        2.00000000,
        2.00000000,
        2.00000000,
        2.00000000,
        2.00000000,
        2.00000000,
        2.00000000,
        2.00000000,
        2.00000000,
        2.00000000,
        2.00000000,
        2.00000000,
        2.00000000,
        2.00000000,
        2.00000000,
        2.00000000,
        2.00000000,
        2.00000000,
        2.00000000,
        2.00000000,
        2.00000000,
        0.00000000,
        0.00000000,
        0.00000000,
        0.00000000,
        0.00000000,
        0.00000000,
        0.00000000,
        0.00000000,
        0.00000000,
        0.00000000,
        0.00000000,
        0.00000000,
        0.00000000,
        0.00000000,
        0.00000000,
        0.00000000,
        0.00000000,
        0.00000000,
        0.00000000,
        0.00000000,
        0.00000000,
        0.00000000,
        0.00000000,
        0.00000000,
        0.00000000],
   "program call": "xtb --input dvb_sp.inp --sp dvb_sp.xyz",
   "method": "GFN2-xTB",
   "xtb version": "6.6.0 (unknown)"
}
